990000848440205171
990000850000205171
990000853730205171
990000853900205171
990000889320205171
990000895670205171
990000909460205171
990000924080205171
990000950990205171
990000951080205171
990000951170205171
990000997310205171
990001003810205171
990001003870205171
990001003950205171
990001003970205171
990001004110205171
990001004150205171
990001004190205171
990001004250205171
990001004360205171
990001059630205171
990001226850205171
990001261350205171
990001261620205171
990001261690205171
990001261840205171
990001261970205171
990001262000205171
990001262070205171
990001262230205171
990001262380205171
990001262420205171
990001262430205171
990001262450205171
990001262660205171
990001262780205171
990001262870205171
990001262950205171
990001263000205171
990001263100205171
990001263140205171
990001263210205171
990001324980205171
990001325130205171
990001325210205171
990001325250205171
990001325310205171
990001325510205171
990001325540205171
990001325570205171
990001340440205171
990001340500205171
990001340720205171
990001340790205171
990001340820205171
990001340910205171
990001340940205171
990001341190205171
990001341230205171
990001342270205171
990001342340205171
990001342710205171
990001347780205171
990001360680205171
990001398850205171
990001398860205171
990001398920205171
990001399010205171
990001399040205171
990001403300205171
990001403600205171
990001403630205171
990001403660205171
990001403670205171
990001403690205171
990001403700205171
990001403710205171
990001403720205171
990001403730205171
990001403740205171
990001403750205171
990001403840205171
990001405910205171
990001405950205171
990001405960205171
990001405980205171
990001410120205171
990001410180205171
990001410190205171
990001410210205171
990001410220205171
990001410230205171
990001410410205171
990001417680205171
990001418700205171
990001419230205171
990001419260205171
990001419300205171
990001419320205171
990001419350205171
990001419400205171
990001419930205171
990001420030205171
990001420160205171
990001420190205171
990001420320205171
990001420570205171
990001420680205171
990001420700205171
990001420750205171
990001420780205171
990001421070205171
990001421100205171
990001421300205171
990001421400205171
990001421410205171
990001421690205171
990001429100205171
990001429320205171
990001429750205171
990001429800205171
990001430340205171
990001430350205171
990001430360205171
990001430370205171
990001430380205171
990001430390205171
990001430620205171
990001430680205171
990001431440205171
990001435010205171
990001435120205171
990001435380205171
990001435860205171
990001436240205171
990001436280205171
990001436290205171
990001436300205171
990001436310205171
990001436320205171
990001436330205171
990001436340205171
990001436790205171
990001436810205171
990001437420205171
990001437560205171
990001441210205171
990001441360205171
990001441560205171
990001443310205171
990001443330205171
990001454780205171
990001460300205171
990001463830205171
990001504910205171
990001504920205171
990001504950205171
990001505010205171
990001505070205171
990001505130205171
990001505150205171
990001505180205171
990001505380205171
990001505400205171
990001505410205171
990001505560205171
990001505670205171
990001505690205171
990001505700205171
990001505770205171
990001505820205171
990001505830205171
990001505900205171
990001506050205171
990001506240205171
990001506270205171
990001506350205171
990001506770205171
990001506780205171
990001506810205171
990001506850205171
990001506900205171
990001506920205171
990001506960205171
990001507000205171
990001507420205171
990001507540205171
990001510610205171
990001517900205171
990001518030205171
990001523650205171
990001523800205171
990001530550205171
990001530630205171
990001530650205171
990001530660205171
990001530670205171
990001530680205171
990001530940205171
990001530950205171
990001531130205171
990001531790205171
990001533350205171
990001534300205171
990001535190205171
990001539640205171
990001539860205171
990001539900205171
990001539940205171
990001539960205171
990001540060205171
990001540120205171
990001540130205171
990001540220205171
990001540340205171
990001540360205171
990001540370205171
990001540440205171
990001540620205171
990001541530205171
990001541540205171
990001544050205171
990001545060205171
990001545080205171
990001545890205171
990001546180205171
990001547030205171
990001547120205171
990001548470205171
990001561480205171
990001562890205171
990001565730205171
990001565810205171
990001567390205171
990001568170205171
990001568580205171
990001568590205171
990001568610205171
990001573240205171
990001576070205171
990001577860205171
990001582970205171
990001583940205171
990001583960205171
990001584070205171
990001584250205171
990001587060205171
990001590790205171
990001590830205171
990001591310205171
990001591550205171
990001591560205171
990001592170205171
990001592340205171
990001592370205171
990001592380205171
990001592390205171
990001592400205171
990001592410205171
990001592420205171
990001592430205171
990001592440205171
990001592450205171
990001592460205171
990001592490205171
990001592500205171
990001592520205171
990001592530205171
990001592550205171
990001592640205171
990001592650205171
990001592670205171
990001592690205171
990001592700205171
990001592710205171
990001592780205171
990001592850205171
990001592870205171
990001592900205171
990001592930205171
990001592940205171
990001592950205171
990001592960205171
990001592970205171
990001592980205171
990001593000205171
990001593010205171
990001594160205171
990001596990205171
990001600620205171
990001600630205171
990001600650205171
990001600660205171
990001600690205171
990001600700205171
990001600830205171
990001600950205171
990001601230205171
990001601360205171
990001601820205171
990001601850205171
990001601870205171
990001602230205171
990001602420205171
990001602550205171
990001602570205171
990001603980205171
990001604050205171
990001604210205171
990001604230205171
990001604310205171
990001604360205171
990001604370205171
990001604430205171
990001604540205171
990001605630205171
990001606550205171
990001606580205171
990001607570205171
990001607760205171
990001607970205171
990001614440205171
990001615190205171
990001619790205171
990001621170205171
990001621450205171
990001621510205171
990001621730205171
990001622330205171
990001622980205171
990001623150205171
990001624110205171
990001624580205171
990001624640205171
990001624650205171
990001624660205171
990001624670205171
990001624680205171
990001624690205171
990001624700205171
990001624930205171
990001624940205171
990001624950205171
990001624960205171
990001624970205171
990001624980205171
990001624990205171
990001625000205171
990001625120205171
990001628570205171
990001635020205171
990001637180205171
990001637980205171
990001660270205171
990001662950205171
990001664240205171
990001664840205171
990001664970205171
990001665480205171
990001669300205171
990001669870205171
990001669900205171
990001696110205171
990001696180205171
990001696250205171
990001696320205171
990001696410205171
990001696650205171
990001696800205171
990001696970205171
990001697010205171
990001697070205171
990001697100205171
990001697130205171
990001697170205171
990001697400205171
990001697420205171
990001697800205171
990001707660205171
990001734700205171
990001734750205171
990001734760205171
990001734780205171
990001734790205171
990001734800205171
990001734820205171
990001746910205171
990001746940205171
990001746950205171
990001746960205171
990001746970205171
990001746980205171
990001747000205171
990001747010205171
990001747030205171
990001748610205171
990001756390205171
990001756460205171
990001768280205171
990001798140205171
990001830090205171
990001832780205171
990001833100205171
990001833110205171
990001833170205171
990001842270205171
990001842450205171
990001842540205171
990001842640205171
990001842720205171
990001842780205171
990001842840205171
990001842870205171
990001842900205171
990001843230205171
990001843260205171
990001843290205171
990001843500205171
990001843510205171
990001843590205171
990001843880205171
990001843930205171
990001847130205171
990001933390205171
990001933420205171
990001937000205171
990001937540205171
990001954770205171
990001959600205171
990001959630205171
990001959680205171
990001959900205171
990001960810205171
990001961430205171
990001961460205171
990001961500205171
990001961600205171
990001961770205171
990001961800205171
990001961880205171
990001961920205171
990001961980205171
990001962400205171
990001962560205171
990001962670205171
990001963110205171
990001963150205171
990001963260205171
990001963280205171
990001977970205171
990001983090205171
990001991390205171
990002009520205171
990002011040205171
990002011830205171
990002012150205171
990002012570205171
990002012600205171
990002012720205171
990002012740205171
990002012760205171
990002012990205171
990002013140205171
990002013590205171
990002013620205171
990002013720205171
990002013730205171
990002013870205171
990002013890205171
990002014070205171
990002014100205171
990002014240205171
990002014290205171
990002014300205171
990002014380205171
990002014400205171
990002014420205171
990002014450205171
990002014470205171
990002014670205171
990002014700205171
990002015530205171
990002016060205171
990002016080205171
990002016100205171
990002016170205171
990002016180205171
990002016230205171
990002016410205171
990002016600205171
990002016920205171
990002016940205171
990002017710205171
990002017730205171
990002017790205171
990002018280205171
990002018510205171
990002018620205171
990002019000205171
990002019360205171
990002019590205171
990002019680205171
990002019730205171
990002019830205171
990002019980205171
990002020020205171
990002020050205171
990002020130205171
990002020530205171
990002021000205171
990002024820205171
990002024850205171
990002024960205171
990002025140205171
990002025380205171
990002025430205171
990002025660205171
990002025880205171
990002026060205171
990002026100205171
990002026140205171
990002026280205171
990002026300205171
990002026320205171
990002027170205171
990002027330205171
990002027420205171
990002027450205171
990002027650205171
990002027710205171
990002027780205171
990002027900205171
990002028330205171
990002028430205171
990002028470205171
990002028610205171
990002028650205171
990002028670205171
990002028690205171
990002028760205171
990002029610205171
990002029630205171
990002029800205171
990002030200205171
990002030240205171
990002030270205171
990002030460205171
990002031340205171
990002031360205171
990002031500205171
990002031540205171
990002031760205171
990002032070205171
990002032090205171
990002033020205171
990002033050205171
990002033080205171
990002033140205171
990002033190205171
990002033210205171
990002033300205171
990002033320205171
990002033370205171
990002033860205171
990002033970205171
990002034050205171
990002034360205171
990002034400205171
990002034430205171
990002034480205171
990002034530205171
990002034610205171
990002034720205171
990002034990205171
990002035030205171
990002035120205171
990002035140205171
990002035530205171
990002035670205171
990002035680205171
990002035690205171
990002035700205171
990002035710205171
990002035720205171
990002035730205171
990002035740205171
990002035760205171
990002035770205171
990002035780205171
990002035790205171
990002035820205171
990002035830205171
990002035850205171
990002035860205171
990002035870205171
990002035880205171
990002035910205171
990002035920205171
990002035940205171
990002035960205171
990002035970205171
990002035980205171
990002035990205171
990002036000205171
990002036010205171
990002036020205171
990002036030205171
990002036040205171
990002036050205171
990002036060205171
990002036080205171
990002036130205171
990002036190205171
990002036200205171
990002036210205171
990002036220205171
990002036230205171
990002036240205171
990002036250205171
990002036260205171
990002036270205171
990002036280205171
990002036290205171
990002036300205171
990002036330205171
990002036350205171
990002036360205171
990002036370205171
990002036390205171
990002036410205171
990002036420205171
990002036430205171
990002036440205171
990002036450205171
990002036460205171
990002036480205171
990002036490205171
990002036500205171
990002036510205171
990002036520205171
990002036530205171
990002036540205171
990002036590205171
990002036610205171
990002036620205171
990002036660205171
990002036670205171
990002036680205171
990002036690205171
990002036700205171
990002036710205171
990002036730205171
990002036740205171
990002036750205171
990002036760205171
990002036770205171
990002036780205171
990002036790205171
990002036810205171
990002036820205171
990002036830205171
990002036840205171
990002036850205171
990002036860205171
990002036870205171
990002036880205171
990002036900205171
990002036910205171
990002036920205171
990002036930205171
990002036960205171
990002036970205171
990002036980205171
990002036990205171
990002037000205171
990002037010205171
990002037030205171
990002037040205171
990002037050205171
990002037060205171
990002037070205171
990002037080205171
990002037090205171
990002037230205171
990002037240205171
990002037250205171
990002037260205171
990002037270205171
990002037280205171
990002037290205171
990002037300205171
990002037310205171
990002037320205171
990002037330205171
990002037340205171
990002037350205171
990002037360205171
990002037370205171
990002037420205171
990002037430205171
990002037440205171
990002037460205171
990002037470205171
990002037480205171
990002037520205171
990002037540205171
990002037550205171
990002037560205171
990002037570205171
990002037580205171
990002037590205171
990002037600205171
990002037610205171
990002037620205171
990002037630205171
990002037640205171
990002037650205171
990002037660205171
990002037670205171
990002037680205171
990002037720205171
990002037730205171
990002037740205171
990002037750205171
990002037760205171
990002037770205171
990002037780205171
990002037800205171
990002037810205171
990002037820205171
990002037840205171
990002037860205171
990002037870205171
990002037880205171
990002037890205171
990002037900205171
990002037920205171
990002037960205171
990002037970205171
990002037980205171
990002038000205171
990002038010205171
990002038030205171
990002038040205171
990002038050205171
990002038060205171
990002038070205171
990002038080205171
990002038090205171
990002038100205171
990002038160205171
990002038420205171
990002038430205171
990002038440205171
990002038450205171
990002038460205171
990002038470205171
990002038480205171
990002038490205171
990002038500205171
990002038510205171
990002038530205171
990002038540205171
990002038550205171
990002038560205171
990002038570205171
990002038580205171
990002038590205171
990002038620205171
990002038630205171
990002038660205171
990002038680205171
990002038690205171
990002038700205171
990002038710205171
990002038720205171
990002038730205171
990002038740205171
990002038750205171
990002038760205171
990002038770205171
990002038780205171
990002038790205171
990002038800205171
990002038810205171
990002038820205171
990002038850205171
990002038870205171
990002038880205171
990002038890205171
990002038900205171
990002038910205171
990002038930205171
990002038950205171
990002038980205171
990002039000205171
990002039010205171
990002039020205171
990002039030205171
990002039050205171
990002039080205171
990002039100205171
990002039110205171
990002039120205171
990002039130205171
990002039140205171
990002039150205171
990002039470205171
990002039480205171
990002039500205171
990002039520205171
990002039530205171
990002039540205171
990002039550205171
990002039570205171
990002039580205171
990002039590205171
990002039620205171
990002039710205171
990002039720205171
990002039730205171
990002039740205171
990002039750205171
990002039760205171
990002039770205171
990002039780205171
990002039790205171
990002039800205171
990002039820205171
990002039840205171
990002039850205171
990002039860205171
990002039870205171
990002039880205171
990002039890205171
990002039900205171
990002039910205171
990002039920205171
990002039940205171
990002039950205171
990002039960205171
990002039980205171
990002040030205171
990002040130205171
990002040160205171
990002040200205171
990002040210205171
990002040220205171
990002040250205171
990002040260205171
990002040270205171
990002040280205171
990002040290205171
990002040450205171
990002040460205171
990002040470205171
990002040480205171
990002040490205171
990002040500205171
990002040510205171
990002040520205171
990002040530205171
990002040540205171
990002040550205171
990002042760205171
990002043220205171
990002045770205171
990002045780205171
990002045790205171
990002045800205171
990002045820205171
990002045830205171
990002045840205171
990002045860205171
990002045880205171
990002045910205171
990002045940205171
990002045950205171
990002045960205171
990002045980205171
990002045990205171
990002046010205171
990002046020205171
990002046030205171
990002046060205171
990002046090205171
990002046100205171
990002046180205171
990002046190205171
990002046200205171
990002046210205171
990002046230205171
990002046240205171
990002046260205171
990002046280205171
990002046300205171
990002046320205171
990002046340205171
990002046410205171
990002046420205171
990002046430205171
990002046440205171
990002046460205171
990002046470205171
990002046490205171
990002046510205171
990002046520205171
990002046530205171
990002046550205171
990002046580205171
990002046590205171
990002046610205171
990002046620205171
990002046630205171
990002046640205171
990002046650205171
990002046660205171
990002046670205171
990002046710205171
990002046730205171
990002046760205171
990002046780205171
990002046820205171
990002046840205171
990002046850205171
990002046870205171
990002046890205171
990002046900205171
990002046920205171
990002046950205171
990002046960205171
990002046970205171
990002046990205171
990002047020205171
990002047030205171
990002047040205171
990002047060205171
990002047070205171
990002047080205171
990002047100205171
990002047120205171
990002047150205171
990002047180205171
990002047190205171
990002047200205171
990002047210205171
990002047220205171
990002047230205171
990002047240205171
990002047260205171
990002047280205171
990002047290205171
990002047320205171
990002047340205171
990002047350205171
990002047360205171
990002047370205171
990002047380205171
990002047390205171
990002047400205171
990002047410205171
990002047420205171
990002047430205171
990002047450205171
990002047460205171
990002047480205171
990002047510205171
990002047540205171
990002047560205171
990002047570205171
990002047580205171
990002047590205171
990002047600205171
990002047620205171
990002047630205171
990002047650205171
990002047690205171
990002047700205171
990002047710205171
990002047730205171
990002047760205171
990002047790205171
990002047820205171
990002047830205171
990002047860205171
990002047870205171
990002047880205171
990002047890205171
990002048580205171
990002048600205171
990002048690205171
990002048740205171
990002048760205171
990002048780205171
990002048790205171
990002048990205171
990002049020205171
990002049060205171
990002049100205171
990002049120205171
990002049150205171
990002049460205171
990002049860205171
990002049890205171
990002049960205171
990002050200205171
990002050230205171
990002050250205171
990002050280205171
990002050350205171
990002050640205171
990002050800205171
990002050810205171
990002050950205171
990002050970205171
990002051000205171
990002051050205171
990002051090205171
990002051170205171
990002051180205171
990002051420205171
990002051540205171
990002051610205171
990002051700205171
990002051790205171
990002051850205171
990002051860205171
990002051890205171
990002051940205171
990002052040205171
990002052170205171
990002052190205171
990002052240205171
990002052320205171
990002052390205171
990002052610205171
990002052760205171
990002052780205171
990002052800205171
990002052820205171
990002052910205171
990002052940205171
990002053170205171
990002054280205171
990002057100205171
990002063900205171
990002077470205171
990002078160205171
990002079000205171
990002079070205171
990002079090205171
990002079100205171
990002079110205171
990002079190205171
990002079300205171
990002079540205171
990002080130205171
990002080160205171
990002081430205171
990002082330205171
990002082840205171
990002084530205171
990002084720205171
990002085220205171
990002087090205171
990002087790205171
990002088190205171
990002090580205171
990002092370205171
990002092460205171
990002093290205171
990002094060205171
990002094730205171
990002094740205171
990002094920205171
990002096400205171
990002099090205171
990002099480205171
990002099780205171
990002099800205171
990002099820205171
990002099840205171
990002101020205171
990024795240205171
990024809000205171
990024811270205171
990024833520205171
990024878000205171
990024890890205171
990024901130205171
990024902790205171
990024904760205171
990024904830205171
990024916290205171
990024917350205171
990024918720205171
990024918800205171
990024925360205171
990024929540205171
990024936500205171
990024939390205171
990024942060205171
990024948490205171
990025055240205171
990025057160205171
990025069190205171
990025071270205171
990025072010205171
990025078830205171
990025080280205171
990025084330205171
990025091060205171
990025092810205171
990025094070205171
990025095240205171
990025104620205171
990025106710205171
990025110780205171
990025111060205171
990025320240205171
990025436600205171
990025436710205171
990025440820205171
990025607640205171
990025773580205171
990025775520205171
990025779150205171
990025779510205171
990025784470205171
990025786280205171
990025816540205171
990025816860205171
990025817300205171
990025817750205171
990025967670205171
990026151700205171
990027178250205171
990028768440205171
990028781690205171
990029259430205171
990030194330205171
990032400990205171
990032411620205171
990032411630205171
990032412570205171
990032412800205171
990032413150205171
990032413260205171
990032413760205171
990032415530205171
990032422340205171
990032422370205171
990032422500205171
990032423610205171
990032424200205171
990032424690205171
990032424890205171
990032424970205171
990032426230205171
990032426370205171
990032430850205171
990032431110205171
990032432470205171
990032432630205171
990032433220205171
990032433570205171
990032438590205171
990032438770205171
990032439130205171
990032440150205171
990032440170205171
990032440190205171
990032441530205171
990032445180205171
990032451010205171
990032578570205171
990032582100205171
990034201960205171
990034353080205171
990034799980205171
990034800920205171
990034801880205171
990034801990205171
990034817280205171
990034819110205171
990034835740205171
990034836320205171
990034837020205171
990035921180205171
990035991030205171
990036293920205171
990036295300205171
990036308640205171
990036316630205171
990036316900205171
990036375160205171
990036765150205171
990036767810205171
990036768050205171
990036768450205171
990037080110205171
990037098660205171
990037180730205171
990037183790205171
990037227570205171
990037388240205171
990037403500205171
990037501150205171
990037642550205171
990038064800205171
990038365160205171
990038384100205171
990038386820205171
990038388080205171
990038408420205171
990038408440205171
990038408870205171
990038408960205171
990038409280205171
990038424330205171
990038430160205171
990038433220205171
990038450120205171
990038515540205171
990038625130205171
990038625300205171
990038625720205171
990038626410205171
990038626540205171
990038627160205171
990038627580205171
990038627660205171
990038628460205171
990038630790205171
990038632910205171
990038638170205171
990038638590205171
990038638630205171
990038646150205171
990038689800205171
990038691550205171
990038691660205171
990038827590205171
990038828730205171
990038829200205171
990038830030205171
990038833080205171
990038857840205171
990038891430205171
990039074340205171
990039074460205171
990039074580205171
990039074710205171
990039082760205171
990039083900205171
990039084360205171
990039085480205171
990039170040205171
990039170580205171
990039222540205171
990039232860205171
990039234570205171
990039236570205171
990039254780205171
990039260010205171
990039288200205171
990039360520205171
990039408240205171
990039416700205171
990039417990205171
990039418440205171
990039431990205171
990039442780205171
990039584650205171
990039589210205171
990039589520205171
990039615370205171
990039626820205171
990039683600205171
990039687260205171
990039934760205171
990041059620205171
990043690440205171
990043694800205171
990043695010205171
990043695320205171
990043934980205171
990043940120205171
990043949630205171
990043983840205171
990043985290205171
990043985880205171
990043988090205171
990043989110205171
990043989360205171
990043989630205171
990044006130205171
990044028440205171
990044030580205171
990044030590205171
990044036900205171
990044040420205171
990044044850205171
990044044920205171
990044045790205171
990044049120205171
990044054420205171
990044056030205171
990044077080205171
990044077150205171
990044077170205171
990044082400205171
990044082670205171
990044094310205171
990044094620205171
990044096800205171
990044099930205171
990044100350205171
990044113090205171
990044114200205171
990044115470205171
990044119660205171
990044119720205171
990044122600205171
990044130170205171
990044140670205171
990044142310205171
990044142770205171
990044148190205171
990044148730205171
990044149380205171
990044271540205171
990044271810205171
990044276170205171
990044276470205171
990044280730205171
990044281070205171
990044281080205171
990044281490205171
990044285570205171
990044286420205171
990044287280205171
990044288220205171
990044292970205171
990044302050205171
990044302330205171
990044306100205171
990044317190205171
990044320100205171
990044320820205171
990044325650205171
990047120910205171
990047121890205171
990047122410205171
990047122580205171
990047123180205171
990047127360205171
990047129910205171
990047130360205171
990047130520205171
990047132360205171
990047141070205171
990047213460205171
990047213850205171
990047300530205171
990047306840205171
990047306850205171
990047356280205171
990047359620205171
990047359670205171
990047359860205171
990047360340205171
990047573320205171
990047573620205171
990047762400205171
990047773160205171
990047773680205171
990047775410205171
990047782580205171
990047785360205171
990047787340205171
990047787990205171
990047791490205171
990047793570205171
990047794450205171
990047795340205171
990047795600205171
990047798370205171
990047798410205171
990047798420205171
990047798440205171
990047798450205171
990047798460205171
990047828280205171
990047828790205171
990047828900205171
990047830610205171
990047830880205171
990047830990205171
990047862870205171
990047930430205171
990047931120205171
990047938390205171
990047983610205171
990047983910205171
990048030260205171
990048769340205171
990048773910205171
990048842330205171
990048848890205171
990048961400205171
990049144570205171
990049443540205171
990049464690205171
990049467490205171
990050278360205171
990050299080205171
990050306580205171
990050314240205171
990050396310205171
990050403060205171
990050403280205171
990050403450205171
990050403550205171
990050403860205171
990050406290205171
990050424660205171
990050623860205171
990050792320205171
990051041060205171
990051072630205171
990051072960205171
990051073070205171
990051073100205171
990051073130205171
990051073140205171
990051073190205171
990051073270205171
990051073320205171
990051073520205171
990051074100205171
990051074390205171
990051074700205171
990051075690205171
990051075700205171
990051075710205171
990051075720205171
990051075750205171
990051075780205171
990051075810205171
990051075820205171
990051075930205171
990051076570205171
990051076590205171
990051076690205171
990051076760205171
990051076790205171
990051076800205171
990051078880205171
990051079260205171
990051079330205171
990051079670205171
990051080050205171
990051080070205171
990051081080205171
990051081090205171
990051081120205171
990051081130205171
990051081150205171
990051081190205171
990051081600205171
990051081690205171
990051081700205171
990051081710205171
990051081740205171
990051081750205171
990051081760205171
990051081770205171
990051081780205171
990051081810205171
990051081980205171
990051081990205171
990051082030205171
990051082040205171
990051082370205171
990051082380205171
990051082610205171
990051082720205171
990051083150205171
990051083170205171
990051083220205171
990051083700205171
990051083720205171
990051083740205171
990051083840205171
990051084070205171
990051084410205171
990051084600205171
990051084660205171
990051084700205171
990051084710205171
990051084720205171
990051084730205171
990051085000205171
990051085540205171
990051086150205171
990051087140205171
990051087330205171
990051087550205171
990051087770205171
990051088680205171
990051089550205171
990051090010205171
990051090970205171
990051091010205171
990051091400205171
990051092120205171
990051092470205171
990051092750205171
990051092770205171
990051092780205171
990051093050205171
990051093480205171
990051093490205171
990051093500205171
990051093510205171
990051093520205171
990051093600205171
990051093670205171
990051093690205171
990051093910205171
990051093960205171
990051093970205171
990051094120205171
990051094130205171
990051094190205171
990051094610205171
990051094720205171
990051094850205171
990051094860205171
990051095010205171
990051095020205171
990051095080205171
990051095100205171
990051095110205171
990051095130205171
990051095300205171
990051095560205171
990051096060205171
990051096170205171
990051096450205171
990051096590205171
990051096600205171
990051096640205171
990051096940205171
990051096970205171
990051097250205171
990051098520205171
990051098820205171
990051098830205171
990051098850205171
990051098900205171
990051098920205171
990051098930205171
990051098940205171
990051098950205171
990051098960205171
990051098980205171
990051098990205171
990051099010205171
990051099020205171
990051099030205171
990051099040205171
990051099050205171
990051099060205171
990051099070205171
990051099080205171
990051099090205171
990051099110205171
990051099120205171
990051099130205171
990051099140205171
990051099150205171
990051099210205171
990051099220205171
990051099230205171
990051099240205171
990051099250205171
990051099260205171
990051099270205171
990051099280205171
990051099300205171
990051099310205171
990051099370205171
990051099380205171
990051099390205171
990051099410205171
990051099420205171
990051099430205171
990051099450205171
990051099460205171
990051099470205171
990051099480205171
990051099490205171
990051099500205171
990051099530205171
990051099540205171
990051099550205171
990051099560205171
990051099570205171
990051099590205171
990051099600205171
990051099610205171
990051099620205171
990051099730205171
990051099780205171
990051099880205171
990051100040205171
990051100050205171
990051100230205171
990051100350205171
990051100400205171
990051100850205171
990051100860205171
990051100870205171
990051100880205171
990051101410205171
990051101930205171
990051101940205171
990051101990205171
990051102010205171
990051102030205171
990051102900205171
990051103090205171
990051103130205171
990051103240205171
990051103510205171
990051103740205171
990051103750205171
990051104210205171
990051104350205171
990051104360205171
990051104370205171
990051104380205171
990051104400205171
990051104430205171
990051104440205171
990051104470205171
990051104540205171
990051104640205171
990051104660205171
990051104690205171
990051104710205171
990051105410205171
990051106600205171
990051106690205171
990051106700205171
990051106710205171
990051106720205171
990051106740205171
990051106770205171
990051106780205171
990051106830205171
990051106850205171
990051106960205171
990051106970205171
990051107000205171
990051107020205171
990051107040205171
990051107070205171
990051107080205171
990051107130205171
990051107190205171
990051107210205171
990051107220205171
990051107340205171
990051107360205171
990051107390205171
990051107400205171
990051107510205171
990051107550205171
990051107580205171
990051107630205171
990051107680205171
990051107690205171
990051107710205171
990051107790205171
990051107820205171
990051107840205171
990051107860205171
990051107940205171
990051107950205171
990051107960205171
990051107970205171
990051107980205171
990051108030205171
990051108050205171
990051108070205171
990051108080205171
990051108090205171
990051108100205171
990051108120205171
990051108190205171
990051108200205171
990051108230205171
990051108280205171
990051108290205171
990051108330205171
990051109320205171
990051109340205171
990051109530205171
990051109700205171
990051109820205171
990051109850205171
990051110150205171
990051110190205171
990051110200205171
990051110250205171
990051110340205171
990051110630205171
990051110690205171
990051110720205171
990051110770205171
990051110800205171
990051110810205171
990051110860205171
990051110900205171
990051111250205171
990051111320205171
990051111370205171
990051111900205171
990051111910205171
990051111920205171
990051111930205171
990051111940205171
990051111950205171
990051111960205171
990051111970205171
990051111980205171
990051111990205171
990051112280205171
990051112350205171
990051112490205171
990051112500205171
990051112510205171
990051112520205171
990051112530205171
990051112540205171
990051112550205171
990051112560205171
990051112570205171
990051112580205171
990051112590205171
990051112600205171
990051112610205171
990051112620205171
990051112630205171
990051112640205171
990051112700205171
990051112720205171
990051112730205171
990051112740205171
990051112750205171
990051112770205171
990051112780205171
990051112910205171
990051113120205171
990051113140205171
990051113150205171
990051113160205171
990051113170205171
990051113180205171
990051113190205171
990051113200205171
990051113210205171
990051113220205171
990051113230205171
990051113240205171
990051113250205171
990051113260205171
990051113270205171
990051113280205171
990051113290205171
990051113300205171
990051113310205171
990051113320205171
990051113330205171
990051113340205171
990051113350205171
990051113360205171
990051113370205171
990051113380205171
990051113390205171
990051113400205171
990051113500205171
990051113510205171
990051113530205171
990051113560205171
990051113660205171
990051113880205171
990051113920205171
990051113940205171
990051113950205171
990051113960205171
990051114270205171
990051114320205171
990051114540205171
990051114960205171
990051115280205171
990051115290205171
990051115690205171
990051115800205171
990051115960205171
990051116030205171
990051116110205171
990051116180205171
990051116190205171
990051116210205171
990051116270205171
990051116300205171
990051116310205171
990051116480205171
990051116500205171
990051116510205171
990051116610205171
990051116620205171
990051116690205171
990051116830205171
990051116840205171
990051116960205171
990051117010205171
990051117020205171
990051117060205171
990051117080205171
990051117110205171
990051117220205171
990051117240205171
990051117250205171
990051117310205171
990051117330205171
990051117340205171
990051117390205171
990051117480205171
990051117510205171
990051117520205171
990051117750205171
990051117790205171
990051117860205171
990051117880205171
990051118270205171
990051119720205171
990051120360205171
990051121640205171
990051121730205171
990051122010205171
990051122090205171
990051122260205171
990051122290205171
990051122390205171
990051122420205171
990051122710205171
990051122800205171
990051122840205171
990051123280205171
990051123410205171
990051123710205171
990051123840205171
990051123850205171
990051123870205171
990051124150205171
990051124980205171
990051125670205171
990051125730205171
990051125750205171
990051126500205171
990051126550205171
990051126710205171
990051126760205171
990051126790205171
990051127190205171
990051127780205171
990051128130205171
990051128180205171
990051128230205171
990051128540205171
990051136730205171
990051137480205171
990051140660205171
990051140710205171
990051140720205171
990051140730205171
990051140790205171
990051140810205171
990051140980205171
990051141040205171
990051141090205171
990051141100205171
990051142100205171
990051142340205171
990051142370205171
990051142460205171
990051142520205171
990051142800205171
990051143470205171
990051143530205171
990051144090205171
990051144760205171
990051144870205171
990051144990205171
990051145020205171
990051145560205171
990051146280205171
990051149070205171
990051149390205171
990051149510205171
990051149870205171
990051149930205171
990051152440205171
990051152570205171
990051153560205171
990051153580205171
990051154010205171
990051154020205171
990051154080205171
990051154600205171
990051155260205171
990051155930205171
990051158310205171
990051158330205171
990051158340205171
990051158350205171
990051158380205171
990051158400205171
990051158410205171
990051158420205171
990051158440205171
990051158450205171
990051158480205171
990051158510205171
990051158520205171
990051158530205171
990051158560205171
990051158570205171
990051158580205171
990051158600205171
990051158610205171
990051158650205171
990051158680205171
990051158700205171
990051158710205171
990051158720205171
990051158730205171
990051158740205171
990051158750205171
990051158760205171
990051158770205171
990051158780205171
990051158790205171
990051158800205171
990051158810205171
990051158820205171
990051158830205171
990051158850205171
990051158860205171
990051158880205171
990051158890205171
990051158900205171
990051158910205171
990051158920205171
990051158940205171
990051158950205171
990051158960205171
990051158980205171
990051158990205171
990051159000205171
990051159010205171
990051159020205171
990051159030205171
990051159040205171
990051159050205171
990051159060205171
990051159070205171
990051159080205171
990051159090205171
990051159100205171
990051159110205171
990051159120205171
990051159130205171
990051159140205171
990051159150205171
990051159180205171
990051159190205171
990051159200205171
990051159220205171
990051159230205171
990051159250205171
990051159260205171
990051159270205171
990051159280205171
990051159300205171
990051159310205171
990051159320205171
990051159330205171
990051159340205171
990051159360205171
990051159380205171
990051159410205171
990051159420205171
990051159430205171
990051159440205171
990051159450205171
990051159470205171
990051159480205171
990051159490205171
990051159510205171
990051159530205171
990051159540205171
990051159570205171
990051159580205171
990051159610205171
990051159620205171
990051159630205171
990051159640205171
990051159650205171
990051159680205171
990051159700205171
990051159710205171
990051159720205171
990051159730205171
990051159750205171
990051159760205171
990051159770205171
990051159780205171
990051159790205171
990051159800205171
990051159810205171
990051159820205171
990051159910205171
990051159920205171
990051159930205171
990051159950205171
990051159960205171
990051159970205171
990051159980205171
990051159990205171
990051160000205171
990051160010205171
990051160020205171
990051160030205171
990051160040205171
990051160050205171
990051160060205171
990051160080205171
990051160090205171
990051160100205171
990051160110205171
990051160120205171
990051160130205171
990051160140205171
990051160150205171
990051160170205171
990051160180205171
990051160190205171
990051160200205171
990051160210205171
990051160220205171
990051160230205171
990051160240205171
990051160250205171
990051160260205171
990051160270205171
990051160280205171
990051160290205171
990051160300205171
990051160310205171
990051160330205171
990051160340205171
990051160350205171
990051160360205171
990051160370205171
990051160380205171
990051160390205171
990051160410205171
990051160420205171
990051160440205171
990051160460205171
990051160470205171
990051160480205171
990051160490205171
990051160500205171
990051160520205171
990051160530205171
990051160540205171
990051160550205171
990051160560205171
990051160570205171
990051160580205171
990051160590205171
990051160600205171
990051160610205171
990051160620205171
990051160630205171
990051160640205171
990051160650205171
990051160660205171
990051160670205171
990051160680205171
990051160700205171
990051160720205171
990051160730205171
990051160740205171
990051160750205171
990051160760205171
990051160770205171
990051160780205171
990051160790205171
990051160800205171
990051160810205171
990051160820205171
990051160830205171
990051160840205171
990051160870205171
990051160890205171
990051160900205171
990051160920205171
990051160930205171
990051160980205171
990051160990205171
990051161020205171
990051161030205171
990051161040205171
990051161050205171
990051161060205171
990051161080205171
990051161110205171
990051161200205171
990051161320205171
990051161330205171
990051161340205171
990051161350205171
990051161360205171
990051161370205171
990051161380205171
990051161390205171
990051161400205171
990051161410205171
990051161430205171
990051161440205171
990051161450205171
990051161480205171
990051161510205171
990051161520205171
990051161530205171
990051161540205171
990051161550205171
990051161580205171
990051161590205171
990051161600205171
990051161610205171
990051161630205171
990051161640205171
990051161650205171
990051161660205171
990051161670205171
990051161690205171
990051161700205171
990051161710205171
990051161720205171
990051161730205171
990051161740205171
990051161750205171
990051161760205171
990051161770205171
990051161780205171
990051161790205171
990051161800205171
990051161810205171
990051161820205171
990051161830205171
990051161840205171
990051161860205171
990051161870205171
990051161880205171
990051161890205171
990051161900205171
990051161910205171
990051161920205171
990051161930205171
990051161940205171
990051161950205171
990051161960205171
990051161970205171
990051161980205171
990051161990205171
990051162000205171
990051162010205171
990051162020205171
990051162040205171
990051162050205171
990051162060205171
990051162070205171
990051162080205171
990051162090205171
990051162100205171
990051162110205171
990051162120205171
990051162130205171
990051162140205171
990051162150205171
990051162160205171
990051162170205171
990051162180205171
990051162200205171
990051162210205171
990051162220205171
990051162230205171
990051162240205171
990051162250205171
990051162260205171
990051162270205171
990051162280205171
990051162290205171
990051162300205171
990051162310205171
990051162320205171
990051162330205171
990051162340205171
990051162350205171
990051162360205171
990051162370205171
990051162380205171
990051162390205171
990051162410205171
990051162430205171
990051162440205171
990051162490205171
990051162530205171
990051162550205171
990051162560205171
990051162570205171
990051162600205171
990051162610205171
990051162620205171
990051162630205171
990051162650205171
990051162660205171
990051162670205171
990051162680205171
990051162690205171
990051162720205171
990051162730205171
990051162740205171
990051162750205171
990051162820205171
990051162830205171
990051162890205171
990051162910205171
990051162950205171
990051162980205171
990051163170205171
990051163220205171
990051163240205171
990051163270205171
990051163280205171
990051163400205171
990051163480205171
990051163520205171
990051163530205171
990051163590205171
990051163600205171
990051163680205171
990051163870205171
990051163890205171
990051163940205171
990051163970205171
990051163980205171
990051164050205171
990051164110205171
990051164310205171
990051164340205171
990051164430205171
990051164470205171
990051164610205171
990051164740205171
990051164760205171
990051164960205171
990051165010205171
990051165600205171
990051165810205171
990051166110205171
990051166400205171
990051166450205171
990051166540205171
990051166670205171
990051166700205171
990051166740205171
990051166930205171
990051167270205171
990051167290205171
990051167300205171
990051167360205171
990051167430205171
990051167470205171
990051167740205171
990051167920205171
990051167930205171
990051167950205171
990051168320205171
990051168600205171
990051168670205171
990051168710205171
990051168720205171
990051168730205171
990051168790205171
990051168970205171
990051169030205171
990051169040205171
990051169050205171
990051169130205171
990051169170205171
990051169200205171
990051169210205171
990051169220205171
990051169230205171
990051169270205171
990051169320205171
990051169790205171
990051169840205171
990051169950205171
990051169990205171
990051170230205171
990051170580205171
990051170650205171
990051170670205171
990051171160205171
990051171500205171
990051172080205171
990051172190205171
990051172200205171
990051172210205171
990051172220205171
990051172230205171
990051172240205171
990051172250205171
990051172260205171
990051172270205171
990051172280205171
990051172290205171
990051172300205171
990051172310205171
990051172320205171
990051172330205171
990051172340205171
990051172350205171
990051172360205171
990051172490205171
990051172500205171
990051172590205171
990051172730205171
990051172740205171
990051172770205171
990051172790205171
990051172810205171
990051172820205171
990051172970205171
990051173450205171
990051173710205171
990051174260205171
990051174490205171
990051174830205171
990051175180205171
990051175740205171
990051176360205171
990051176670205171
990051177280205171
990051177290205171
990051177310205171
990051177320205171
990051177440205171
990051177580205171
990051177840205171
990051177920205171
990051177950205171
990051177970205171
990051178130205171
990051178160205171
990051178200205171
990051178270205171
990051178330205171
990051178350205171
990051178400205171
990051178840205171
990051179340205171
990051179670205171
990051179770205171
990051179790205171
990051179920205171
990051180020205171
990051180150205171
990051181290205171
990051182380205171
990051182610205171
990051183310205171
990051184770205171
990051185020205171
990051185030205171
990051185130205171
990051186040205171
990051186980205171
990051187070205171
990051187740205171
990051187750205171
990051188440205171
990051191900205171
990051192720205171
990051192850205171
990051192870205171
990051193370205171
990051193540205171
990051193950205171
990051194050205171
990051195270205171
990051197730205171
990051198240205171
990051198250205171
990051198260205171
990051198270205171
990051198280205171
990051198290205171
990051198300205171
990051198310205171
990051198320205171
990051198330205171
990051198690205171
990051198930205171
990051198960205171
990051199240205171
990051199320205171
990051199670205171
990051199680205171
990051199690205171
990051199700205171
990051199710205171
990051199720205171
990051199740205171
990051199760205171
990051199830205171
990051199840205171
990051199860205171
990051199870205171
990051199880205171
990051199890205171
990051199900205171
990051199910205171
990051199920205171
990051199930205171
990051199940205171
990051199960205171
990051199970205171
990051199980205171
990051199990205171
990051200020205171
990051200030205171
990051200040205171
990051200050205171
990051200060205171
990051200070205171
990051200080205171
990051200090205171
990051200120205171
990051200130205171
990051200140205171
990051200160205171
990051200170205171
990051200180205171
990051200200205171
990051200230205171
990051200240205171
990051200250205171
990051200260205171
990051200280205171
990051200290205171
990051200310205171
990051200380205171
990051200760205171
990051201690205171
990051202070205171
990051202220205171
990051202350205171
990051202680205171
990051203140205171
990051203570205171
990051203880205171
990051204550205171
990051204950205171
990051205750205171
990051206120205171
990051206140205171
990051206230205171
990051206480205171
990051206510205171
990051206570205171
990051206760205171
990051207140205171
990051207630205171
990051209010205171
990051209160205171
990051209390205171
990051209500205171
990051209880205171
990051209950205171
990051210200205171
990051212010205171
990051212130205171
990051212230205171
990051212370205171
990051212390205171
990051212920205171
990051213520205171
990051213540205171
990051214020205171
990051214410205171
990051214850205171
990051215770205171
990051215800205171
990051215870205171
990051215920205171
990051216190205171
990051216250205171
990051216870205171
990051217340205171
990051217480205171
990051217520205171
990051217690205171
990051217850205171
990051217950205171
990051218220205171
990051218260205171
990051218420205171
990051218510205171
990051218520205171
990051218840205171
990051218910205171
990051219050205171
990051219070205171
990051219080205171
990051219100205171
990051219120205171
990051219260205171
990051219270205171
990051219640205171
990051219880205171
990051220340205171
990051220510205171
990051220880205171
990051221980205171
990051221990205171
990051222090205171
990051222100205171
990051222540205171
990051222550205171
990051222570205171
990051222600205171
990051222650205171
990051222720205171
990051222760205171
990051222820205171
990051222830205171
990051222850205171
990051222860205171
990051222870205171
990051222900205171
990051223150205171
990051223190205171
990051223220205171
990051223540205171
990051223940205171
990051224000205171
990051224130205171
990051224790205171
990051224810205171
990051224870205171
990051224920205171
990051225250205171
990051225350205171
990051225500205171
990051225700205171
990051226160205171
990051226230205171
990051226690205171
990051226730205171
990051226770205171
990051226980205171
990051226990205171
990051227180205171
990051227440205171
990051227540205171
990051227860205171
990051228140205171
990051228640205171
990051228800205171
990051229260205171
990051229570205171
990051229770205171
990051230060205171
990051230200205171
990051230270205171
990051230330205171
990051231470205171
990051231570205171
990051231600205171
990051232000205171
990051233370205171
990051233930205171
990051235300205171
990051235980205171
990051237060205171
990051237100205171
990051237380205171
990051237660205171
990051238100205171
990051238180205171
990051238230205171
990051238270205171
990051238390205171
990051238510205171
990051238570205171
990051238870205171
990051238880205171
990051239260205171
990051239530205171
990051239600205171
990051239690205171
990051239780205171
990051239830205171
990051239950205171
990051239980205171
990051240210205171
990051240410205171
990051240550205171
990051240610205171
990051240620205171
990051240720205171
990051240940205171
990051241010205171
990051241080205171
990051241200205171
990051241340205171
990051241430205171
990051241480205171
990051241610205171
990051241730205171
990051241770205171
990051241790205171
990051241800205171
990051241870205171
990051241900205171
990051242100205171
990051242430205171
990051242550205171
990051242720205171
990051243320205171
990051243380205171
990051243390205171
990051243440205171
990051243460205171
990051243690205171
990051243990205171
990051244250205171
990051244320205171
990051244340205171
990051244370205171
990051244710205171
990051244730205171
990051244750205171
990051244780205171
990051244820205171
990051245210205171
990051245410205171
990051245920205171
990051247250205171
990051247300205171
990051247540205171
990051247660205171
990051247900205171
990051248020205171
990051248160205171
990051248480205171
990051248520205171
990051248890205171
990051248930205171
990051248940205171
990051249040205171
990051249400205171
990051249780205171
990051249850205171
990051250010205171
990051250200205171
990051250230205171
990051250300205171
990051250340205171
990051250720205171
990051250730205171
990051250810205171
990051250960205171
990051250980205171
990051251270205171
990051251510205171
990051251540205171
990051252180205171
990051252650205171
990051254030205171
990051254080205171
990051254130205171
990051256820205171
990051257420205171
990051257870205171
990051258120205171
990051258230205171
990051258700205171
990051259890205171
990051259950205171
990051261400205171
990051261570205171
990051261590205171
990051261640205171
990051261790205171
990051261820205171
990051261840205171
990051261890205171
990051261900205171
990051261930205171
990051261960205171
990051262370205171
990051262390205171
990051262400205171
990051262720205171
990051262760205171
990051262860205171
990051263270205171
990051263280205171
990051263340205171
990051263350205171
990051263540205171
990051263570205171
990051263630205171
990051263670205171
990051263680205171
990051263690205171
990051263700205171
990051263750205171
990051263760205171
990051263780205171
990051263800205171
990051263810205171
990051263840205171
990051263850205171
990051263890205171
990051263950205171
990051263980205171
990051264010205171
990051264020205171
990051264030205171
990051264040205171
990051264050205171
990051264060205171
990051264070205171
990051264080205171
990051264090205171
990051264100205171
990051264140205171
990051264330205171
990051264610205171
990051267400205171
990051267580205171
990051267590205171
990051267660205171
990051267720205171
990051267740205171
990051267770205171
990051267950205171
990051268140205171
990051268320205171
990051269660205171
990051272280205171
990051273130205171
990051273540205171
990051273570205171
990051274150205171
990051276110205171
990051276120205171
990051276150205171
990051276230205171
990051276290205171
990051277660205171
990051278900205171
990051279260205171
990051279640205171
990051279720205171
990051279730205171
990051279760205171
990051279820205171
990051279990205171
990051280570205171
990051281470205171
990051281700205171
990051281750205171
990051281780205171
990051281790205171
990051281800205171
990051282070205171
990051284040205171
990051284140205171
990051284810205171
990051284990205171
990051285190205171
990051285300205171
990051285380205171
990051285420205171
990051285440205171
990051285580205171
990051285680205171
990051285700205171
990051285800205171
990051285860205171
990051285900205171
990051285930205171
990051286040205171
990051286240205171
990051286280205171
990051286370205171
990051286380205171
990051286400205171
990051286640205171
990051286650205171
990051286730205171
990051286740205171
990051286880205171
990051286910205171
990051286970205171
990051286980205171
990051287150205171
990051287190205171
990051287210205171
990051287310205171
990051287420205171
990051287530205171
990051287550205171
990051287570205171
990051287590205171
990051287600205171
990051287620205171
990051287660205171
990051287840205171
990051287940205171
990051288040205171
990051288090205171
990051288160205171
990051288170205171
990051288270205171
990051288410205171
990051288440205171
990051288450205171
990051288530205171
990051288540205171
990051288620205171
990051288700205171
990051288890205171
990051288910205171
990051288920205171
990051288940205171
990051288950205171
990051288990205171
990051289120205171
990051289130205171
990051289150205171
990051289210205171
990051289220205171
990051289240205171
990051289290205171
990051289340205171
990051289390205171
990051289490205171
990051289530205171
990051289550205171
990051289920205171
990051290110205171
990051290150205171
990051290180205171
990051290220205171
990051290250205171
990051290270205171
990051290500205171
990051290640205171
990051290760205171
990051290930205171
990051290990205171
990051291040205171
990051291130205171
990051291270205171
990051291300205171
990051291340205171
990051291350205171
990051291420205171
990051291450205171
990051291510205171
990051291880205171
990051292060205171
990051292230205171
990051292280205171
990051292360205171
990051292400205171
990051292440205171
990051292500205171
990051292530205171
990051292650205171
990051292680205171
990051292710205171
990051292770205171
990051292820205171
990051293930205171
990051294630205171
990051294960205171
990051296930205171
990051297120205171
990051297390205171
990051297590205171
990051297600205171
990051297910205171
990051297930205171
990051298070205171
990051298090205171
990051298170205171
990051298180205171
990051298210205171
990051298480205171
990051298610205171
990051298780205171
990051298810205171
990051298860205171
990051298890205171
990051299160205171
990051299350205171
990051299380205171
990051299700205171
990051299810205171
990051299840205171
990051299960205171
990051299970205171
990051300070205171
990051300080205171
990051300100205171
990051300230205171
990051300270205171
990051300340205171
990051300350205171
990051300450205171
990051300460205171
990051300560205171
990051300570205171
990051300590205171
990051300650205171
990051300910205171
990051301000205171
990051301030205171
990051301120205171
990051301150205171
990051301160205171
990051301450205171
990051301600205171
990051301690205171
990051301830205171
990051301850205171
990051301980205171
990051302070205171
990051302160205171
990051302300205171
990051302360205171
990051302380205171
990051302500205171
990051302530205171
990051302630205171
990051302770205171
990051302830205171
990051302880205171
990051302900205171
990051302960205171
990051303060205171
990051303370205171
990051303830205171
990051304140205171
990051304240205171
990051304830205171
990051306050205171
990051306070205171
990051306240205171
990051306560205171
990051306640205171
990051307140205171
990051307550205171
990051307610205171
990051307870205171
990051308590205171
990051308660205171
990051308730205171
990051309010205171
990051309590205171
990051309880205171
990051310040205171
990051310540205171
990051310930205171
990051312240205171
990051312270205171
990051312300205171
990051312370205171
990051312390205171
990051313830205171
990051314560205171
990051314630205171
990051314990205171
990051315210205171
990051316270205171
990051316860205171
990051317560205171
990051317730205171
990051317800205171
990051317850205171
990051317930205171
990051318010205171
990051318020205171
990051318030205171
990051318370205171
990051319450205171
990051319470205171
990051319900205171
990051321360205171
990051321830205171
990051322090205171
990051322140205171
990051322200205171
990051322430205171
990051322900205171
990051322950205171
990051322970205171
990051323360205171
990051323560205171
990051323810205171
990051323870205171
990051324030205171
990051324360205171
990051325190205171
990051325530205171
990051325590205171
990051325640205171
990051325680205171
990051325720205171
990051325730205171
990051325740205171
990051325750205171
990051325760205171
990051325790205171
990051325800205171
990051325810205171
990051325820205171
990051325830205171
990051325840205171
990051325850205171
990051325860205171
990051325870205171
990051325880205171
990051325890205171
990051325900205171
990051325910205171
990051325920205171
990051325930205171
990051325940205171
990051325950205171
990051325960205171
990051325970205171
990051326030205171
990051326040205171
990051326100205171
990051326110205171
990051326120205171
990051326130205171
990051326140205171
990051326150205171
990051326160205171
990051326180205171
990051326210205171
990051326240205171
990051326290205171
990051326300205171
990051326310205171
990051326320205171
990051326330205171
990051326340205171
990051326360205171
990051326450205171
990051326470205171
990051326490205171
990051326530205171
990051326540205171
990051326560205171
990051326580205171
990051326600205171
990051326610205171
990051326620205171
990051326750205171
990051326790205171
990051326800205171
990051326810205171
990051326820205171
990051326830205171
990051326840205171
990051326850205171
990051326860205171
990051326870205171
990051326880205171
990051326900205171
990051326920205171
990051326930205171
990051326950205171
990051326960205171
990051326970205171
990051326990205171
990051327000205171
990051327010205171
990051327070205171
990051327080205171
990051327090205171
990051327100205171
990051327110205171
990051327120205171
990051327130205171
990051327140205171
990051327150205171
990051327160205171
990051327170205171
990051327180205171
990051327190205171
990051327200205171
990051327210205171
990051327220205171
990051327230205171
990051327240205171
990051327250205171
990051327260205171
990051327270205171
990051327280205171
990051327290205171
990051327300205171
990051327310205171
990051327320205171
990051327330205171
990051327340205171
990051327350205171
990051327360205171
990051327370205171
990051327380205171
990051327390205171
990051327400205171
990051327410205171
990051327420205171
990051327430205171
990051327440205171
990051327450205171
990051327460205171
990051327480205171
990051327490205171
990051327500205171
990051327510205171
990051327520205171
990051327530205171
990051327540205171
990051327550205171
990051327560205171
990051327570205171
990051327580205171
990051327590205171
990051327600205171
990051327610205171
990051327620205171
990051327630205171
990051327640205171
990051327650205171
990051327660205171
990051327670205171
990051327680205171
990051327690205171
990051327700205171
990051327710205171
990051327720205171
990051327730205171
990051327740205171
990051327750205171
990051327760205171
990051327770205171
990051327780205171
990051327790205171
990051327800205171
990051327810205171
990051327820205171
990051327830205171
990051327840205171
990051327850205171
990051327860205171
990051327870205171
990051327900205171
990051328000205171
990051328010205171
990051328040205171
990051328070205171
990051328080205171
990051328150205171
990051328180205171
990051328190205171
990051328200205171
990051328210205171
990051328220205171
990051328240205171
990051328250205171
990051328270205171
990051328280205171
990051328290205171
990051328300205171
990051328310205171
990051328320205171
990051328570205171
990051328580205171
990051328600205171
990051328800205171
990051328860205171
990051329160205171
990051329170205171
990051329190205171
990051329200205171
990051329240205171
990051329300205171
990051329960205171
990051331050205171
990051331400205171
990051331540205171
990051331630205171
990051331790205171
990051332090205171
990051332150205171
990051332320205171
990051332980205171
990051333270205171
990051333600205171
990051333950205171
990051333960205171
990051334370205171
990051334430205171
990051336310205171
990051336950205171
990051337130205171
990051337240205171
990051337990205171
990051338040205171
990051338060205171
990051338090205171
990051338150205171
990051338170205171
990051338190205171
990051338560205171
990051339390205171
990051339510205171
990051339520205171
990051339580205171
990051339770205171
990051339830205171
990051340340205171
990051340420205171
990051340430205171
990051340630205171
990051340750205171
990051340880205171
990051340980205171
990051341000205171
990051341010205171
990051341020205171
990051341030205171
990051341070205171
990051341090205171
990051341110205171
990051341640205171
990051341770205171
990051341910205171
990051341920205171
990051341930205171
990051341940205171
990051341950205171
990051342010205171
990051342200205171
990051342300205171
990051342330205171
990051342430205171
990051342440205171
990051342450205171
990051342460205171
990051342480205171
990051342510205171
990051342560205171
990051342640205171
990051342670205171
990051342720205171
990051342730205171
990051342790205171
990051342840205171
990051342870205171
990051342880205171
990051342890205171
990051342900205171
990051342930205171
990051342940205171
990051342970205171
990051342980205171
990051342990205171
990051343000205171
990051343010205171
990051343030205171
990051343070205171
990051343080205171
990051343100205171
990051343110205171
990051343120205171
990051343130205171
990051343140205171
990051343160205171
990051343180205171
990051343200205171
990051343230205171
990051343240205171
990051343260205171
990051343300205171
990051343320205171
990051343370205171
990051343380205171
990051343390205171
990051343400205171
990051343410205171
990051343420205171
990051343430205171
990051343440205171
990051343450205171
990051343460205171
990051343470205171
990051343480205171
990051343510205171
990051343520205171
990051343530205171
990051343550205171
990051343560205171
990051343590205171
990051343610205171
990051343690205171
990051343730205171
990051343740205171
990051343750205171
990051343770205171
990051343780205171
990051343790205171
990051343830205171
990051343840205171
990051343870205171
990051343900205171
990051343940205171
990051344040205171
990051344060205171
990051344070205171
990051344100205171
990051344110205171
990051344120205171
990051344130205171
990051344140205171
990051344150205171
990051344160205171
990051344170205171
990051344180205171
990051344190205171
990051344200205171
990051344210205171
990051344250205171
990051344260205171
990051344270205171
990051344280205171
990051344310205171
990051344380205171
990051344390205171
990051344430205171
990051344450205171
990051344470205171
990051344540205171
990051344550205171
990051344560205171
990051344570205171
990051345450205171
990051345660205171
990051345690205171
990051346070205171
990051346180205171
990051346240205171
990051346260205171
990051346310205171
990051346460205171
990051346590205171
990051346760205171
990051346840205171
990051346880205171
990051347030205171
990051347140205171
990051347260205171
990051347380205171
990051347530205171
990051347900205171
990051348490205171
990051348540205171
990051348550205171
990051348580205171
990051348850205171
990051349990205171
990051350890205171
990051351130205171
990051352050205171
990051352160205171
990051352170205171
990051352180205171
990051353850205171
990051355090205171
990051355230205171
990051355850205171
990051356550205171
990051356680205171
990051356870205171
990051357280205171
990051357500205171
990051357560205171
990051357630205171
990051357640205171
990051358150205171
990051358600205171
990051358690205171
990051358890205171
990051359550205171
990051360030205171
990051360110205171
990051360120205171
990051360220205171
990051360260205171
990051360400205171
990051360580205171
990051360720205171
990051360730205171
990051360950205171
990051361180205171
990051361210205171
990051361240205171
990051361410205171
990051361950205171
990051362450205171
990051362510205171
990051362650205171
990051362670205171
990051362800205171
990051363170205171
990051363200205171
990051364110205171
990051364220205171
990051364240205171
990051364290205171
990051364600205171
990051364680205171
990051364690205171
990051364700205171
990051364710205171
990051364740205171
990051364770205171
990051364790205171
990051364800205171
990051364810205171
990051364820205171
990051364830205171
990051364850205171
990051364860205171
990051364870205171
990051364880205171
990051364890205171
990051364910205171
990051364930205171
990051365040205171
990051365050205171
990051365090205171
990051365300205171
990051365440205171
990051365450205171
990051365530205171
990051365560205171
990051365570205171
990051365630205171
990051365650205171
990051365690205171
990051365740205171
990051365780205171
990051365810205171
990051365850205171
990051365880205171
990051365910205171
990051365940205171
990051365960205171
990051365990205171
990051366250205171
990051366340205171
990051366540205171
990051367590205171
990051367650205171
990051367770205171
990051367830205171
990051367930205171
990051367940205171
990051367950205171
990051367960205171
990051367970205171
990051367980205171
990051367990205171
990051368010205171
990051368460205171
990051369310205171
990051369700205171
990051370080205171
990051370170205171
990051370540205171
990051370660205171
990051370700205171
990051370730205171
990051370870205171
990051370890205171
990051370940205171
990051371280205171
990051372900205171
990051373150205171
990051373160205171
990051373300205171
990051373380205171
990051373720205171
990051373760205171
990051373790205171
990051373810205171
990051373860205171
990051374270205171
990051374310205171
990051374580205171
990051374590205171
990051374660205171
990051374670205171
990051374690205171
990051374940205171
990051374980205171
990051375000205171
990051375010205171
990051375030205171
990051375660205171
990051375780205171
990051375980205171
990051376980205171
990051377330205171
990051377360205171
990051377490205171
990051377820205171
990051377850205171
990051377930205171
990051377970205171
990051377990205171
990051378010205171
990051378030205171
990051378090205171
990051378130205171
990051378170205171
990051378290205171
990051378330205171
990051378410205171
990051378840205171
990051379130205171
990051380080205171
990051380590205171
990051380620205171
990051380630205171
990051380640205171
990051380810205171
990051380920205171
990051381080205171
990051381320205171
990051381330205171
990051381340205171
990051381350205171
990051381370205171
990051381520205171
990051381530205171
990051381570205171
990051381690205171
990051381720205171
990051381750205171
990051381830205171
990051381860205171
990051382120205171
990051382180205171
990051382210205171
990051382300205171
990051382390205171
990051382410205171
990051382600205171
990051382630205171
990051382810205171
990051382820205171
990051382850205171
990051383040205171
990051383140205171
990051383150205171
990051383190205171
990051383210205171
990051383270205171
990051383320205171
990051383340205171
990051383490205171
990051383510205171
990051383570205171
990051383700205171
990051383740205171
990051384200205171
990051384810205171
990051384870205171
990051385040205171
990051385400205171
990051385650205171
990051385680205171
990051385930205171
990051386100205171
990051387530205171
990051387540205171
990051387670205171
990051387830205171
990051387960205171
990051387980205171
990051387990205171
990051388000205171
990051388010205171
990051388430205171
990051388440205171
990051388480205171
990051388560205171
990051388810205171
990051388890205171
990051388960205171
990051388970205171
990051389010205171
990051389090205171
990051389120205171
990051389180205171
990051389340205171
990051389670205171
990051389770205171
990051389840205171
990051390150205171
990051390270205171
990051390480205171
990051390500205171
990051390630205171
990051390640205171
990051390720205171
990051391210205171
990051391400205171
990051391460205171
990051391510205171
990051391970205171
990051392070205171
990051392080205171
990051392090205171
990051393310205171
990051393990205171
990051394010205171
990051394090205171
990051394110205171
990051394130205171
990051394170205171
990051394180205171
990051394600205171
990051394680205171
990051394850205171
990051394900205171
990051394930205171
990051395260205171
990051395950205171
990051397070205171
990051397110205171
990051397380205171
990051398170205171
990051398610205171
990051399430205171
990051400030205171
990051400040205171
990051400710205171
990051400990205171
990051401800205171
990051401820205171
990051401940205171
990051402460205171
990051405370205171
990051405760205171
990051407050205171
990051407120205171
990051407340205171
990051408270205171
990051408590205171
990051408840205171
990051410010205171
990051410160205171
990051410340205171
990051410450205171
990051410540205171
990051410620205171
990051411020205171
990051411450205171
990051411550205171
990051411790205171
990051412160205171
990051412490205171
990051412720205171
990051412890205171
990051413060205171
990051413130205171
990051413490205171
990051413500205171
990051413550205171
990051413620205171
990051413670205171
990051413680205171
990051413860205171
990051413970205171
990051414020205171
990051414040205171
990051414050205171
990051414070205171
990051414080205171
990051414090205171
990051414150205171
990051414240205171
990051414260205171
990051414270205171
990051414290205171
990051414300205171
990051414320205171
990051414330205171
990051414340205171
990051414350205171
990051414370205171
990051414420205171
990051414630205171
990051414640205171
990051414660205171
990051414670205171
990051414680205171
990051414740205171
990051414800205171
990051414810205171
990051414870205171
990051414880205171
990051414900205171
990051414920205171
990051414950205171
990051414960205171
990051414970205171
990051415000205171
990051415020205171
990051415050205171
990051415140205171
990051415180205171
990051415210205171
990051415330205171
990051415490205171
990051415510205171
990051415690205171
990051415770205171
990051415930205171
990051416030205171
990051416270205171
990051416300205171
990051416410205171
990051416450205171
990051416570205171
990051416700205171
990051416740205171
990051416810205171
990051416880205171
990051416890205171
990051416910205171
990051416940205171
990051416980205171
990051417070205171
990051417080205171
990051417170205171
990051417360205171
990051417490205171
990051417760205171
990051418140205171
990051418150205171
990051418230205171
990051419070205171
990051419200205171
990051419760205171
990051421210205171
990051421250205171
990051421800205171
990051421810205171
990051421850205171
990051421860205171
990051421970205171
990051422020205171
990051422100205171
990051422350205171
990051422390205171
990051422680205171
990051422780205171
990051422930205171
990051422940205171
990051423030205171
990051423080205171
990051423170205171
990051423680205171
990051424130205171
990051424210205171
990051424440205171
990051424470205171
990051424580205171
990051424720205171
990051424730205171
990051425100205171
990051425140205171
990051425710205171
990051425970205171
990051426520205171
990051426860205171
990051426920205171
990051426990205171
990051427110205171
990051427210205171
990051427710205171
990051428340205171
990051428400205171
990051428490205171
990051428530205171
990051428540205171
990051428560205171
990051428720205171
990051428990205171
990051429000205171
990051429040205171
990051429050205171
990051429080205171
990051429320205171
990051429380205171
990051429420205171
990051429710205171
990051429920205171
990051430250205171
990051430440205171
990051430720205171
990051431080205171
990051431350205171
990051431390205171
990051431580205171
990051431590205171
990051431940205171
990051431970205171
990051431980205171
990051432040205171
990051432150205171
990051432240205171
990051432440205171
990051432700205171
990051432710205171
990051432720205171
990051432910205171
990051433430205171
990051433910205171
990051433940205171
990051433960205171
990051433970205171
990051433990205171
990051434120205171
990051434130205171
990051434160205171
990051434210205171
990051434320205171
990051434360205171
990051434370205171
990051434400205171
990051434430205171
990051434560205171
990051434590205171
990051434600205171
990051434610205171
990051434640205171
990051434660205171
990051434670205171
990051434820205171
990051434880205171
990051434900205171
990051434930205171
990051434940205171
990051434970205171
990051435010205171
990051435030205171
990051435070205171
990051435500205171
990051435560205171
990051435620205171
990051435640205171
990051435650205171
990051435820205171
990051436170205171
990051436250205171
990051436260205171
990051436420205171
990051436480205171
990051436580205171
990051436710205171
990051436800205171
990051436840205171
990051437080205171
990051437210205171
990051437260205171
990051437340205171
990051437390205171
990051437420205171
990051437530205171
990051437620205171
990051437680205171
990051437750205171
990051437760205171
990051437810205171
990051438000205171
990051438100205171
990051438140205171
990051438150205171
990051438160205171
990051438170205171
990051438200205171
990051438230205171
990051438250205171
990051438260205171
990051438280205171
990051438310205171
990051438320205171
990051438340205171
990051438390205171
990051438450205171
990051438480205171
990051438520205171
990051438640205171
990051438670205171
990051438680205171
990051438700205171
990051438730205171
990051438740205171
990051438800205171
990051438860205171
990051438880205171
990051439000205171
990051439010205171
990051439020205171
990051439070205171
990051439080205171
990051439560205171
990051439600205171
990051439960205171
990051440070205171
990051440880205171
990051440890205171
990051440920205171
990051441110205171
990051441220205171
990051442100205171
990051442450205171
990051442530205171
990051442740205171
990051443060205171
990051443430205171
990051443690205171
990051443740205171
990051443790205171
990051443940205171
990051443990205171
990051444160205171
990051444180205171
990051444330205171
990051444490205171
990051444500205171
990051444770205171
990051444920205171
990051446060205171
990051446320205171
990051446410205171
990051446820205171
990051446920205171
990051446940205171
990051446990205171
990051447050205171
990051447090205171
990051447100205171
990051447190205171
990051447210205171
990051447220205171
990051447230205171
990051447350205171
990051447360205171
990051447370205171
990051447380205171
990051447400205171
990051447410205171
990051447420205171
990051448210205171
990051448480205171
990051448880205171
990051449110205171
990051449290205171
990051449300205171
990051449310205171
990051449470205171
990051449680205171
990051449690205171
990051449700205171
990051449770205171
990051449900205171
990051450070205171
990051450240205171
990051450690205171
990051450700205171
990051450730205171
990051450960205171
990051451620205171
990051451680205171
990051451730205171
990051451790205171
990051451910205171
990051452140205171
990051452190205171
990051452710205171
990051452990205171
990051453020205171
990051453050205171
990051453060205171
990051453080205171
990051453100205171
990051453570205171
990051454020205171
990051454720205171
990051456300205171
990051456470205171
990051456820205171
990051457110205171
990051457340205171
990051457640205171
990051457650205171
990051457710205171
990051457960205171
990051458050205171
990051458070205171
990051458080205171
990051458090205171
990051458130205171
990051458140205171
990051458150205171
990051458380205171
990051458390205171
990051458450205171
990051459510205171
990051461420205171
990051461430205171
990051461450205171
990051462100205171
990051462360205171
990051462370205171
990051462650205171
990051462720205171
990051462920205171
990051464100205171
990051464280205171
990051464300205171
990051465300205171
990051466270205171
990051466440205171
990051470210205171
990051470750205171
990051471690205171
990051471770205171
990051472210205171
990051475320205171
990051475770205171
990051476150205171
990051477080205171
990051477090205171
990051477830205171
990051478580205171
990051480910205171
990051481750205171
990051482500205171
990051483620205171
990051483640205171
990051483750205171
990051483760205171
990051483810205171
990051483830205171
990051484150205171
990051484800205171
990051484810205171
990051487570205171
990051490830205171
990051491240205171
990051491260205171
990051493300205171
990051495000205171
990051496450205171
990051498550205171
990051498750205171
990051499530205171
990051500070205171
990051501470205171
990051501980205171
990051502830205171
990051502900205171
990051503070205171
990051505050205171
990051509630205171
990051509640205171
990051511610205171
990051511650205171
990051512070205171
990051512680205171
990051513480205171
990051515040205171
990051517580205171
990051518660205171
990051520320205171
990051520630205171
990051520730205171
990051521290205171
990051524250205171
990051525140205171
990051525880205171
990051527510205171
990051527960205171
990051529090205171
990051529120205171
990051530710205171
990051530830205171
990051530840205171
990051530850205171
990051530900205171
990051531810205171
990051531840205171
990051532570205171
990051532600205171
990051532610205171
990051532650205171
990051533390205171
990051533840205171
990051534310205171
990051534350205171
990051534700205171
990051534720205171
990051535050205171
990051535130205171
990051536220205171
990051537630205171
990051539540205171
990051541600205171
990051543450205171
990051543480205171
990051543730205171
990051544040205171
990051544110205171
990051544220205171
990051544750205171
990051544800205171
990051545620205171
990051546060205171
990051546070205171
990051546240205171
990051546390205171
990051546440205171
990051547500205171
990051547930205171
990051548130205171
990051548330205171
990051548360205171
990051548720205171
990051550220205171
990051550380205171
990051550390205171
990051551120205171
990051552130205171
990051552210205171
990051552260205171
990051552340205171
990051552530205171
990051552620205171
990051553200205171
990051553210205171
990051553230205171
990051553460205171
990051553520205171
990051553540205171
990051553550205171
990051553580205171
990051553620205171
990051553750205171
990051553800205171
990051554030205171
990051554060205171
990051554440205171
990051554460205171
990051554610205171
990051554950205171
990051555060205171
990051555320205171
990051555360205171
990051556080205171
990051556290205171
990051556670205171
990051557030205171
990051557170205171
990051557670205171
990051557970205171
990051557990205171
990051558490205171
990051558520205171
990051558530205171
990051558560205171
990051558590205171
990051558830205171
990051558880205171
990051559050205171
990051559220205171
990051559310205171
990051559490205171
990051559520205171
990051559530205171
990051559570205171
990051559810205171
990051559840205171
990051559940205171
990051560470205171
990051560590205171
990051560780205171
990051560800205171
990051561530205171
990051561650205171
990051561680205171
990051561930205171
990051562000205171
990051562280205171
990051562400205171
990051562480205171
990051562580205171
990051562930205171
990051563070205171
990051563310205171
990051563440205171
990051563950205171
990051564340205171
990051564760205171
990051564890205171
990051565250205171
990051565390205171
990051565570205171
990051566570205171
990051566580205171
990051566670205171
990051566830205171
990051566880205171
990051566990205171
990051567450205171
990051567690205171
990051567860205171
990051567920205171
990051568150205171
990051568340205171
990051568420205171
990051568860205171
990051569340205171
990051569480205171
990051569490205171
990051570250205171
990051570710205171
990051571120205171
990051571280205171
990051571650205171
990051571780205171
990051571790205171
990051572300205171
990051572780205171
990051573080205171
990051573950205171
990051574010205171
990051575040205171
990051575570205171
990051576810205171
990051576820205171
990051577180205171
990051577480205171
990051577520205171
990051579100205171
990051579630205171
990051580120205171
990051580290205171
990051580370205171
990051580380205171
990051580390205171
990051580560205171
990051580850205171
990051581230205171
990051581640205171
990051582090205171
990051583240205171
990051583880205171
990051584810205171
990051585060205171
990051585580205171
990051585690205171
990051585930205171
990051586430205171
990051586440205171
990051586450205171
990051586460205171
990051586470205171
990051586490205171
990051586690205171
990051586760205171
990051586780205171
990051586820205171
990051586960205171
990051587030205171
990051587050205171
990051587740205171
990051588170205171
990051589010205171
990051589360205171
990051589390205171
990051589590205171
990051589600205171
990051589650205171
990051589830205171
990051590290205171
990051590300205171
990051590570205171
990051590620205171
990051590740205171
990051590810205171
990051590940205171
990051591090205171
990051591330205171
990051591450205171
990051592060205171
990051592720205171
990051592770205171
990051593370205171
990051593440205171
990051593660205171
990051594220205171
990051594320205171
990051594350205171
990051594360205171
990051594510205171
990051594540205171
990051594810205171
990051594830205171
990051594840205171
990051595640205171
990051595680205171
990051595690205171
990051595940205171
990051595960205171
990051596020205171
990051596050205171
990051596060205171
990051596470205171
990051596620205171
990051596630205171
990051596660205171
990051596680205171
990051596690205171
990051596700205171
990051596710205171
990051596720205171
990051596750205171
990051596870205171
990051596890205171
990051596950205171
990051597030205171
990051597130205171
990051597170205171
990051597190205171
990051597520205171
990051597720205171
990051597910205171
990051597960205171
990051598010205171
990051598030205171
990051598350205171
990051598420205171
990051598470205171
990051598510205171
990051598540205171
990051598620205171
990051598670205171
990051598710205171
990051598720205171
990051598780205171
990051598870205171
990051598890205171
990051598910205171
990051598960205171
990051599080205171
990051599110205171
990051599130205171
990051599470205171
990051599900205171
990051599970205171
990051600460205171
990051600980205171
990051601070205171
990051601770205171
990051601840205171
990051601920205171
990051601950205171
990051602010205171
990051602590205171
990051603550205171
990051604140205171
990051605030205171
990051606330205171
990051607210205171
990051607840205171
990051608120205171
990051608940205171
990051609150205171
990051609330205171
990051609800205171
990051609960205171
990051610020205171
990051610030205171
990051610040205171
990051610050205171
990051610060205171
990051610570205171
990051610580205171
990051610590205171
990051610600205171
990051610610205171
990051610620205171
990051610630205171
990051610640205171
990051610650205171
990051610660205171
990051610670205171
990051610680205171
990051610690205171
990051610700205171
990051610710205171
990051610720205171
990051610730205171
990051610740205171
990051610750205171
990051610760205171
990051610770205171
990051610780205171
990051610790205171
990051610800205171
990051610810205171
990051610820205171
990051610830205171
990051610840205171
990051610850205171
990051610860205171
990051610870205171
990051610880205171
990051610890205171
990051610900205171
990051610910205171
990051610920205171
990051610930205171
990051610940205171
990051610950205171
990051610960205171
990051611000205171
990051611010205171
990051611020205171
990051611030205171
990051611040205171
990051611050205171
990051611060205171
990051611070205171
990051611080205171
990051611090205171
990051611100205171
990051611110205171
990051611120205171
990051611130205171
990051611140205171
990051611150205171
990051611160205171
990051611170205171
990051611180205171
990051611190205171
990051611200205171
990051611210205171
990051611220205171
990051611230205171
990051611240205171
990051611250205171
990051611260205171
990051611270205171
990051611280205171
990051611290205171
990051611300205171
990051611310205171
990051611320205171
990051611330205171
990051611340205171
990051611350205171
990051611360205171
990051611370205171
990051611380205171
990051611390205171
990051611400205171
990051611410205171
990051611420205171
990051611430205171
990051611440205171
990051611450205171
990051611460205171
990051611470205171
990051611480205171
990051611490205171
990051611500205171
990051611510205171
990051611520205171
990051611530205171
990051611540205171
990051611550205171
990051611560205171
990051611570205171
990051611580205171
990051611590205171
990051611600205171
990051611610205171
990051611620205171
990051611630205171
990051611640205171
990051611650205171
990051611660205171
990051611670205171
990051611680205171
990051611690205171
990051611700205171
990051611710205171
990051611720205171
990051611730205171
990051611740205171
990051611750205171
990051611760205171
990051611770205171
990051611780205171
990051611790205171
990051611800205171
990051611810205171
990051611820205171
990051611830205171
990051611840205171
990051611850205171
990051611860205171
990051611870205171
990051611880205171
990051611890205171
990051611900205171
990051611910205171
990051611920205171
990051611930205171
990051611940205171
990051611950205171
990051611960205171
990051611970205171
990051611980205171
990051611990205171
990051612000205171
990051612010205171
990051612020205171
990051612030205171
990051612040205171
990051612050205171
990051612060205171
990051612070205171
990051612080205171
990051612090205171
990051612100205171
990051612110205171
990051612120205171
990051612130205171
990051612140205171
990051612150205171
990051612160205171
990051612170205171
990051612180205171
990051612190205171
990051612200205171
990051612210205171
990051612220205171
990051612230205171
990051612240205171
990051612250205171
990051612260205171
990051612270205171
990051612280205171
990051612290205171
990051612300205171
990051612310205171
990051612320205171
990051612330205171
990051612340205171
990051612350205171
990051612360205171
990051612370205171
990051612380205171
990051612390205171
990051612400205171
990051612410205171
990051612420205171
990051612430205171
990051612440205171
990051612450205171
990051612460205171
990051612470205171
990051612480205171
990051612490205171
990051612500205171
990051612510205171
990051612520205171
990051612530205171
990051612540205171
990051612550205171
990051612560205171
990051612570205171
990051612580205171
990051612590205171
990051612600205171
990051612610205171
990051612620205171
990051612630205171
990051612640205171
990051612650205171
990051612660205171
990051612670205171
990051612680205171
990051612690205171
990051612700205171
990051612710205171
990051612720205171
990051612730205171
990051612740205171
990051612750205171
990051612760205171
990051612770205171
990051612780205171
990051612790205171
990051612800205171
990051612810205171
990051612820205171
990051612830205171
990051612840205171
990051612850205171
990051612860205171
990051612870205171
990051612880205171
990051612890205171
990051612900205171
990051612910205171
990051612920205171
990051612930205171
990051612940205171
990051612950205171
990051612960205171
990051612970205171
990051612980205171
990051612990205171
990051613000205171
990051613010205171
990051613020205171
990051613030205171
990051613040205171
990051613050205171
990051613060205171
990051613070205171
990051613080205171
990051613090205171
990051613100205171
990051613110205171
990051613120205171
990051613130205171
990051613140205171
990051613150205171
990051613160205171
990051613170205171
990051613180205171
990051613190205171
990051613200205171
990051613210205171
990051613220205171
990051613230205171
990051613240205171
990051613250205171
990051613260205171
990051613270205171
990051613280205171
990051613290205171
990051613300205171
990051613310205171
990051613320205171
990051613330205171
990051613340205171
990051613350205171
990051613360205171
990051613370205171
990051613380205171
990051613390205171
990051613400205171
990051613410205171
990051613420205171
990051613430205171
990051613440205171
990051613450205171
990051613460205171
990051613470205171
990051613480205171
990051613490205171
990051613500205171
990051613510205171
990051613520205171
990051613530205171
990051613540205171
990051613550205171
990051613560205171
990051613570205171
990051613580205171
990051613590205171
990051613600205171
990051613610205171
990051613620205171
990051613630205171
990051613640205171
990051613650205171
990051613660205171
990051613670205171
990051613680205171
990051613690205171
990051613700205171
990051613710205171
990051613720205171
990051613730205171
990051613740205171
990051613750205171
990051613760205171
990051613770205171
990051613780205171
990051613790205171
990051613800205171
990051613810205171
990051613820205171
990051613830205171
990051613840205171
990051613850205171
990051613860205171
990051613870205171
990051613880205171
990051613890205171
990051613900205171
990051613910205171
990051613920205171
990051613930205171
990051613940205171
990051613950205171
990051613960205171
990051613970205171
990051613980205171
990051613990205171
990051614000205171
990051614010205171
990051614020205171
990051614030205171
990051614040205171
990051614050205171
990051614060205171
990051614070205171
990051614080205171
990051614090205171
990051614100205171
990051614110205171
990051614120205171
990051614130205171
990051614140205171
990051614150205171
990051614160205171
990051614170205171
990051614180205171
990051614190205171
990051614200205171
990051614210205171
990051614220205171
990051614230205171
990051614240205171
990051614250205171
990051614260205171
990051614270205171
990051614280205171
990051614290205171
990051614300205171
990051614310205171
990051614320205171
990051614330205171
990051614340205171
990051614350205171
990051614360205171
990051614370205171
990051614380205171
990051614390205171
990051614400205171
990051614410205171
990051614420205171
990051614430205171
990051614440205171
990051614450205171
990051614460205171
990051614470205171
990051614480205171
990051614490205171
990051614500205171
990051614510205171
990051614520205171
990051614530205171
990051614540205171
990051614550205171
990051614560205171
990051614570205171
990051614580205171
990051614590205171
990051614600205171
990051614610205171
990051614620205171
990051614630205171
990051614640205171
990051614650205171
990051614660205171
990051614670205171
990051614680205171
990051614690205171
990051614700205171
990051614710205171
990051614720205171
990051614730205171
990051614740205171
990051614750205171
990051614760205171
990051614770205171
990051614780205171
990051614790205171
990051614800205171
990051614810205171
990051614820205171
990051614830205171
990051614840205171
990051614850205171
990051614860205171
990051614870205171
990051614880205171
990051614890205171
990051614900205171
990051614910205171
990051614920205171
990051614930205171
990051614940205171
990051614950205171
990051614960205171
990051614970205171
990051614980205171
990051614990205171
990051615000205171
990051615010205171
990051615020205171
990051615030205171
990051615040205171
990051615050205171
990051615060205171
990051615070205171
990051615080205171
990051615090205171
990051615100205171
990051615110205171
990051615120205171
990051615130205171
990051615140205171
990051615150205171
990051615160205171
990051615170205171
990051615180205171
990051615190205171
990051615200205171
990051615210205171
990051615220205171
990051615230205171
990051615240205171
990051615260205171
990051615270205171
990051615280205171
990051615290205171
990051615300205171
990051615310205171
990051615320205171
990051615330205171
990051615340205171
990051615350205171
990051615360205171
990051615370205171
990051615380205171
990051615390205171
990051615400205171
990051615410205171
990051615420205171
990051615430205171
990051615440205171
990051615450205171
990051615460205171
990051615470205171
990051615480205171
990051615490205171
990051615500205171
990051615510205171
990051615520205171
990051615530205171
990051615540205171
990051615550205171
990051615560205171
990051615570205171
990051615580205171
990051615590205171
990051615600205171
990051615610205171
990051615620205171
990051615630205171
990051615640205171
990051615650205171
990051615660205171
990051615670205171
990051615680205171
990051615690205171
990051615700205171
990051615710205171
990051615720205171
990051615730205171
990051615740205171
990051615750205171
990051615760205171
990051615770205171
990051615780205171
990051615790205171
990051615800205171
990051615810205171
990051615820205171
990051615830205171
990051615840205171
990051615850205171
990051615860205171
990051615870205171
990051615880205171
990051615890205171
990051615900205171
990051615910205171
990051615920205171
990051615930205171
990051615940205171
990051615950205171
990051615960205171
990051615970205171
990051615980205171
990051615990205171
990051616000205171
990051616010205171
990051616020205171
990051616030205171
990051616040205171
990051616050205171
990051616060205171
990051616070205171
990051616080205171
990051616090205171
990051616100205171
990051616110205171
990051616120205171
990051616130205171
990051616140205171
990051616150205171
990051616160205171
990051616170205171
990051616180205171
990051616190205171
990051616200205171
990051616210205171
990051616220205171
990051616230205171
990051616240205171
990051616250205171
990051616260205171
990051616270205171
990051616280205171
990051616290205171
990051616300205171
990051616310205171
990051616320205171
990051616330205171
990051616340205171
990051616350205171
990051616360205171
990051616370205171
990051616380205171
990051616390205171
990051616400205171
990051616410205171
990051616420205171
990051616430205171
990051616440205171
990051616450205171
990051616460205171
990051616470205171
990051616480205171
990051616490205171
990051616500205171
990051616510205171
990051616520205171
990051616530205171
990051616540205171
990051616550205171
990051616560205171
990051616570205171
990051616580205171
990051616590205171
990051616600205171
990051616610205171
990051616620205171
990051616630205171
990051616640205171
990051616650205171
990051616660205171
990051616670205171
990051616680205171
990051616690205171
990051616700205171
990051616710205171
990051616720205171
990051616730205171
990051616740205171
990051616750205171
990051616760205171
990051616770205171
990051616780205171
990051616790205171
990051616800205171
990051616810205171
990051616820205171
990051616830205171
990051616840205171
990051616850205171
990051616860205171
990051616870205171
990051616880205171
990051616890205171
990051616900205171
990051616910205171
990051616920205171
990051616930205171
990051616940205171
990051616950205171
990051616960205171
990051616970205171
990051616980205171
990051616990205171
990051617000205171
990051617010205171
990051617020205171
990051617030205171
990051617040205171
990051617050205171
990051617060205171
990051617070205171
990051617080205171
990051617090205171
990051617100205171
990051617110205171
990051617120205171
990051617130205171
990051617140205171
990051617150205171
990051617160205171
990051617170205171
990051617180205171
990051617190205171
990051617200205171
990051617210205171
990051617220205171
990051617230205171
990051617240205171
990051617250205171
990051617260205171
990051617270205171
990051617280205171
990051617290205171
990051617300205171
990051617310205171
990051617320205171
990051617330205171
990051617340205171
990051617350205171
990051617360205171
990051617370205171
990051617380205171
990051617390205171
990051617400205171
990051617410205171
990051617420205171
990051617430205171
990051617440205171
990051617450205171
990051617460205171
990051617470205171
990051617480205171
990051617490205171
990051617500205171
990051617510205171
990051617520205171
990051617530205171
990051617540205171
990051617550205171
990051617560205171
990051617570205171
990051617580205171
990051617590205171
990051617600205171
990051617610205171
990051617620205171
990051617630205171
990051617640205171
990051617650205171
990051617660205171
990051617670205171
990051617680205171
990051617690205171
990051617700205171
990051617710205171
990051617720205171
990051617730205171
990051617740205171
990051617750205171
990051617760205171
990051617770205171
990051617780205171
990051617790205171
990051617800205171
990051617810205171
990051617820205171
990051617830205171
990051617840205171
990051617850205171
990051617860205171
990051617870205171
990051617880205171
990051617890205171
990051617900205171
990051617910205171
990051617920205171
990051617930205171
990051617940205171
990051617950205171
990051617960205171
990051617970205171
990051617980205171
990051617990205171
990051618000205171
990051618010205171
990051618020205171
990051618030205171
990051618040205171
990051618050205171
990051618060205171
990051618070205171
990051618080205171
990051618090205171
990051618100205171
990051618110205171
990051618120205171
990051618130205171
990051618140205171
990051618150205171
990051618160205171
990051618170205171
990051618180205171
990051618190205171
990051618200205171
990051618210205171
990051618220205171
990051618230205171
990051618240205171
990051618250205171
990051618260205171
990051618270205171
990051618280205171
990051618290205171
990051618300205171
990051618310205171
990051618320205171
990051618330205171
990051618340205171
990051618350205171
990051618360205171
990051618370205171
990051618380205171
990051618390205171
990051618400205171
990051618410205171
990051618420205171
990051618430205171
990051618440205171
990051618450205171
990051618460205171
990051618470205171
990051618480205171
990051618490205171
990051618500205171
990051618510205171
990051618520205171
990051618530205171
990051618540205171
990051618550205171
990051618560205171
990051618740205171
990051618760205171
990051618960205171
990051618970205171
990051619120205171
990051619180205171
990051619190205171
990051619200205171
990051619210205171
990051619220205171
990051619230205171
990051619240205171
990051619250205171
990051619260205171
990051619270205171
990051619280205171
990051619290205171
990051619300205171
990051619310205171
990051619320205171
990051619330205171
990051619340205171
990051619350205171
990051619360205171
990051619370205171
990051619380205171
990051619390205171
990051619400205171
990051619410205171
990051619420205171
990051619430205171
990051619440205171
990051619450205171
990051619460205171
990051619470205171
990051619480205171
990051619490205171
990051619500205171
990051619510205171
990051619520205171
990051619530205171
990051619540205171
990051619550205171
990051619560205171
990051619570205171
990051619580205171
990051619590205171
990051619600205171
990051619610205171
990051619620205171
990051619630205171
990051619640205171
990051619650205171
990051619660205171
990051619670205171
990051619680205171
990051619690205171
990051619700205171
990051619710205171
990051619720205171
990051619730205171
990051619740205171
990051619750205171
990051619760205171
990051619770205171
990051619780205171
990051619790205171
990051619800205171
990051619810205171
990051619820205171
990051619830205171
990051619840205171
990051619850205171
990051619860205171
990051619870205171
990051619880205171
990051619890205171
990051619900205171
990051619910205171
990051619920205171
990051619930205171
990051619940205171
990051619950205171
990051619960205171
990051619970205171
990051619980205171
990051619990205171
990051620000205171
990051620010205171
990051620020205171
990051620030205171
990051620040205171
990051620050205171
990051620060205171
990051620070205171
990051620080205171
990051620090205171
990051620100205171
990051620110205171
990051620120205171
990051620130205171
990051620140205171
990051620150205171
990051620160205171
990051620170205171
990051620180205171
990051620190205171
990051620200205171
990051620210205171
990051620220205171
990051620230205171
990051620240205171
990051620250205171
990051620260205171
990051620270205171
990051620280205171
990051620290205171
990051620300205171
990051620310205171
990051620320205171
990051620330205171
990051620340205171
990051620350205171
990051620360205171
990051620370205171
990051620380205171
990051620400205171
990051620410205171
990051620420205171
990051620430205171
990051620440205171
990051620450205171
990051620460205171
990051620480205171
990051620490205171
990051620500205171
990051620510205171
990051620520205171
990051620530205171
990051620540205171
990051620550205171
990051620560205171
990051620570205171
990051620580205171
990051620590205171
990051620600205171
990051620610205171
990051620620205171
990051620630205171
990051620640205171
990051620650205171
990051620660205171
990051620670205171
990051620680205171
990051620690205171
990051620700205171
990051620710205171
990051620720205171
990051620730205171
990051620740205171
990051620750205171
990051620760205171
990051620770205171
990051620780205171
990051620790205171
990051620800205171
990051620870205171
990051620890205171
990051620900205171
990051620910205171
990051621340205171
990051621840205171
990051621940205171
990051622490205171
990051622770205171
990051622930205171
990051622940205171
990051623070205171
990051623130205171
990051623520205171
990051623550205171
990051623640205171
990051623720205171
990051623760205171
990051623960205171
990051624050205171
990051624110205171
990051624120205171
990051624130205171
990051624290205171
990051624310205171
990051624390205171
990051624450205171
990051624500205171
990051624530205171
990051624550205171
990051624560205171
990051624570205171
990051624580205171
990051625190205171
990051625840205171
990051625870205171
990051625970205171
990051625980205171
990051626500205171
990051627420205171
990051627920205171
990051627990205171
990051628060205171
990051628680205171
990051629500205171
990051629860205171
990051630220205171
990051630340205171
990051630490205171
990051630590205171
990051630610205171
990051630630205171
990051630720205171
990051630870205171
990051630880205171
990051630890205171
990051630930205171
990051630960205171
990051631030205171
990051631040205171
990051631050205171
990051631460205171
990051631470205171
990051632340205171
990051633120205171
990051633130205171
990051633230205171
990051633420205171
990051633480205171
990051633490205171
990051633620205171
990051633630205171
990051633640205171
990051633650205171
990051633660205171
990051633670205171
990051633680205171
990051633690205171
990051633700205171
990051633710205171
990051633720205171
990051634500205171
990051634510205171
990051634520205171
990051634530205171
990051634540205171
990051634550205171
990051634560205171
990051635330205171
990051635350205171
990051635390205171
990051635870205171
990051635880205171
990051635890205171
990051636430205171
990051636780205171
990051636890205171
990051637430205171
990051637540205171
990051638000205171
990051638570205171
990051639270205171
990051639620205171
990051639890205171
990051640280205171
990051640430205171
990051640650205171
990051640970205171
990051643370205171
990051644380205171
990051645700205171
990051645730205171
990051645770205171
990051645880205171
990051645900205171
990051647090205171
990051647140205171
990051649320205171
990051649510205171
990051649790205171
990051649850205171
990051650110205171
990051651380205171
990051651480205171
990051651870205171
990051653880205171
990051654430205171
990051654740205171
990051656320205171
990051658730205171
990051659860205171
990051659970205171
990051661610205171
990051661640205171
990051661820205171
990051663100205171
990051663110205171
990051663140205171
990051663290205171
990051663740205171
990051664150205171
990051664530205171
990051664740205171
990051664960205171
990051665180205171
990051666010205171
990051666060205171
990051666840205171
990051666950205171
990051666960205171
990051667040205171
990051667440205171
990051667960205171
990051668310205171
990051668460205171
990051669160205171
990051669520205171
990051669530205171
990051669610205171
990051670060205171
990051670330205171
990051670780205171
990051670870205171
990051671400205171
990051672100205171
990051672120205171
990051672270205171
990051672290205171
990051672350205171
990051672570205171
990051672710205171
990051672720205171
990051672740205171
990051672880205171
990051672920205171
990051673210205171
990051673280205171
990051673310205171
990051673450205171
990051673510205171
990051673550205171
990051673840205171
990051674000205171
990051674060205171
990051674180205171
990051674250205171
990051675040205171
990051676150205171
990051676160205171
990051676260205171
990051676360205171
990051676370205171
990051676540205171
990051676700205171
990051677220205171
990051677240205171
990051677260205171
990051677300205171
990051677310205171
990051677320205171
990051677330205171
990051677350205171
990051677390205171
990051677400205171
990051677410205171
990051677430205171
990051677460205171
990051677470205171
990051677480205171
990051677490205171
990051677510205171
990051677650205171
990051677800205171
990051677810205171
990051677850205171
990051677970205171
990051677980205171
990051678000205171
990051678030205171
990051678200205171
990051678660205171
990051678810205171
990051678870205171
990051678880205171
990051679130205171
990051679320205171
990051680910205171
990051681710205171
990051682140205171
990051682150205171
990051683150205171
990051683700205171
990051683850205171
990051684110205171
990051685300205171
990051685650205171
990051686020205171
990051686940205171
990051686970205171
990051686990205171
990051687030205171
990051687180205171
990051687190205171
990051687200205171
990051687230205171
990051687470205171
990051687600205171
990051687640205171
990051687720205171
990051687740205171
990051687860205171
990051688030205171
990051688150205171
990051688220205171
990051688230205171
990051688260205171
990051688300205171
990051688310205171
990051688340205171
990051688470205171
990051688490205171
990051688510205171
990051688570205171
990051688960205171
990051689120205171
990051689140205171
990051689170205171
990051689180205171
990051689220205171
990051689310205171
990051689340205171
990051689620205171
990051689690205171
990051689710205171
990051689750205171
990051689790205171
990051689820205171
990051689910205171
990051690040205171
990051690050205171
990051690100205171
990051690170205171
990051690210205171
990051690220205171
990051690240205171
990051690280205171
990051690520205171
990051690690205171
990051690980205171
990051692410205171
990051693710205171
990051693810205171
990051694450205171
990051694560205171
990051695110205171
990051695580205171
990051695900205171
990051695910205171
990051695920205171
990051695940205171
990051695950205171
990051696200205171
990051696420205171
990051696470205171
990051696880205171
990051697210205171
990051697680205171
990051697740205171
990051697930205171
990051698170205171
990051698190205171
990051698200205171
990051698340205171
990051698360205171
990051698560205171
990051698720205171
990051698920205171
990051698930205171
990051699020205171
990051699060205171
990051699260205171
990051699310205171
990051699980205171
990051700080205171
990051700210205171
990051700270205171
990051700360205171
990051700440205171
990051700610205171
990051700660205171
990051700700205171
990051700820205171
990051701100205171
990051701110205171
990051701170205171
990051701180205171
990051701790205171
990051701940205171
990051702170205171
990051702210205171
990051702320205171
990051702470205171
990051702590205171
990051702600205171
990051702610205171
990051702680205171
990051702710205171
990051702720205171
990051702730205171
990051702870205171
990051702960205171
990051702970205171
990051702980205171
990051703000205171
990051703030205171
990051703040205171
990051703050205171
990051703060205171
990051703070205171
990051703130205171
990051703140205171
990051703150205171
990051703180205171
990051703200205171
990051703280205171
990051703320205171
990051703520205171
990051703530205171
990051703600205171
990051703770205171
990051703900205171
990051703910205171
990051703930205171
990051703940205171
990051703970205171
990051704060205171
990051704120205171
990051704150205171
990051704250205171
990051704310205171
990051704390205171
990051704440205171
990051704500205171
990051704520205171
990051704580205171
990051704780205171
990051704790205171
990051704880205171
990051704890205171
990051704920205171
990051704930205171
990051705180205171
990051705310205171
990051705430205171
990051705560205171
990051705680205171
990051705730205171
990051705990205171
990051706020205171
990051706040205171
990051706460205171
990051706840205171
990051706850205171
990051706860205171
990051707140205171
990051708180205171
990051708590205171
990051708800205171
990051709120205171
990051709200205171
990051709730205171
990051709760205171
990051710070205171
990051710320205171
990051710340205171
990051710800205171
990051711060205171
990051711310205171
990051711560205171
990051711700205171
990051711800205171
990051712910205171
990051712960205171
990051712980205171
990051713860205171
990051713920205171
990051713950205171
990051714470205171
990051714480205171
990051715310205171
990051715390205171
990051715540205171
990051715750205171
990051716650205171
990051716790205171
990051716900205171
990051717020205171
990051717060205171
990051717160205171
990051717330205171
990051717670205171
990051717750205171
990051718690205171
990051718700205171
990051719070205171
990051719220205171
990051719260205171
990051719330205171
990051719350205171
990051719610205171
990051720320205171
990051720390205171
990051721840205171
990051722050205171
990051722210205171
990051722840205171
990051722910205171
990051723270205171
990051723280205171
990051723340205171
990051723520205171
990051723660205171
990051723810205171
990051723980205171
990051724090205171
990051724490205171
990051724590205171
990051725530205171
990051725790205171
990051725800205171
990051725860205171
990051725890205171
990051725920205171
990051725940205171
990051726000205171
990051726050205171
990051726110205171
990051726120205171
990051726130205171
990051726140205171
990051726150205171
990051726160205171
990051726170205171
990051726210205171
990051726220205171
990051726230205171
990051726280205171
990051726300205171
990051726330205171
990051726340205171
990051726350205171
990051726410205171
990051726540205171
990051726550205171
990051726620205171
990051726670205171
990051726790205171
990051726810205171
990051726860205171
990051727000205171
990051727150205171
990051727210205171
990051727280205171
990051727310205171
990051727340205171
990051727360205171
990051727410205171
990051727460205171
990051727500205171
990051727530205171
990051727570205171
990051727600205171
990051727660205171
990051727750205171
990051727760205171
990051727770205171
990051727890205171
990051727970205171
990051728030205171
990051728040205171
990051728060205171
990051728070205171
990051728080205171
990051728160205171
990051728170205171
990051728180205171
990051728220205171
990051728270205171
990051728290205171
990051728310205171
990051728320205171
990051728330205171
990051728340205171
990051728350205171
990051728380205171
990051728390205171
990051728480205171
990051728520205171
990051728620205171
990051728650205171
990051728700205171
990051728720205171
990051728730205171
990051728740205171
990051728750205171
990051728760205171
990051728770205171
990051728780205171
990051728790205171
990051728800205171
990051728840205171
990051728850205171
990051728890205171
990051728900205171
990051728920205171
990051728930205171
990051728960205171
990051728970205171
990051728980205171
990051729100205171
990051729140205171
990051729160205171
990051729170205171
990051729190205171
990051729230205171
990051729250205171
990051729370205171
990051729410205171
990051729420205171
990051729490205171
990051729710205171
990051729840205171
990051729850205171
990051729910205171
990051729960205171
990051730060205171
990051730230205171
990051730260205171
990051730270205171
990051730280205171
990051730350205171
990051730400205171
990051730410205171
990051730540205171
990051730660205171
990051730740205171
990051730780205171
990051730790205171
990051730800205171
990051730810205171
990051730830205171
990051730920205171
990051730940205171
990051730960205171
990051730980205171
990051731040205171
990051731230205171
990051731240205171
990051731390205171
990051731630205171
990051731680205171
990051731740205171
990051731990205171
990051732120205171
990051732190205171
990051732320205171
990051732360205171
990051732480205171
990051732500205171
990051732510205171
990051732560205171
990051732570205171
990051732580205171
990051732630205171
990051732670205171
990051732680205171
990051732710205171
990051732720205171
990051732760205171
990051732780205171
990051732810205171
990051733160205171
990051733440205171
990051733490205171
990051733540205171
990051733580205171
990051733660205171
990051734120205171
990051734140205171
990051734780205171
990051736070205171
990051737060205171
990051737570205171
990051737640205171
990051737670205171
990051738000205171
990051738200205171
990051738380205171
990051738470205171
990051738520205171
990051738530205171
990051738590205171
990051738900205171
990051738980205171
990051738990205171
990051739090205171
990051739120205171
990051739200205171
990051739210205171
990051739550205171
990051739810205171
990051739860205171
990051739890205171
990051739980205171
990051739990205171
990051740060205171
990051740230205171
990051740280205171
990051740290205171
990051740300205171
990051740750205171
990051740760205171
990051740970205171
990051741010205171
990051741130205171
990051741150205171
990051741240205171
990051741280205171
990051741310205171
990051741320205171
990051741360205171
990051741370205171
990051741450205171
990051741580205171
990051742210205171
990051742260205171
990051742330205171
990051742410205171
990051742780205171
990051742870205171
990051742990205171
990051743400205171
990051743440205171
990051743500205171
990051743720205171
990051744030205171
990051744050205171
990051744130205171
990051744280205171
990051744360205171
990051744440205171
990051744450205171
990051744590205171
990051744680205171
990051745190205171
990051745280205171
990051745490205171
990051745700205171
990051745760205171
990051746320205171
990051746560205171
990051746610205171
990051746670205171
990051746780205171
990051746870205171
990051746890205171
990051746950205171
990051747080205171
990051747160205171
990051747200205171
990051747210205171
990051747480205171
990051747530205171
990051747620205171
990051747650205171
990051747690205171
990051747760205171
990051747790205171
990051747920205171
990051748000205171
990051748010205171
990051748180205171
990051748280205171
990051748410205171
990051748420205171
990051748430205171
990051748550205171
990051748590205171
990051748820205171
990051748850205171
990051749090205171
990051749490205171
990051749530205171
990051749540205171
990051750080205171
990051750750205171
990051750760205171
990051751230205171
990051751490205171
990051751790205171
990051751840205171
990051752460205171
990051752470205171
990051753930205171
990051753980205171
990051754310205171
990051754660205171
990051754840205171
990051754860205171
990051755060205171
990051755180205171
990051755370205171
990051755390205171
990051755650205171
990051755660205171
990051755700205171
990051755710205171
990051755730205171
990051756020205171
990051757490205171
990051757560205171
990051757630205171
990051757640205171
990051757650205171
990051757670205171
990051758010205171
990051758340205171
990051758630205171
990051758790205171
990051758900205171
990051759050205171
990051759130205171
990051759180205171
990051759620205171
990051759670205171
990051759840205171
990051759860205171
990051759960205171
990051760050205171
990051760080205171
990051760440205171
990051760490205171
990051760500205171
990051760520205171
990051760710205171
990051760730205171
990051760900205171
990051761390205171
990051761410205171
990051761450205171
990051761490205171
990051761510205171
990051761630205171
990051761710205171
990051761730205171
990051761750205171
990051761760205171
990051761850205171
990051761860205171
990051761880205171
990051762060205171
990051762080205171
990051762100205171
990051762150205171
990051762500205171
990051762850205171
990051763210205171
990051763390205171
990051763410205171
990051764180205171
990051764220205171
990051764270205171
990051764290205171
990051764370205171
990051764390205171
990051764740205171
990051765080205171
990051765190205171
990051765740205171
990051765760205171
990051765880205171
990051765970205171
990051766020205171
990051766110205171
990051766280205171
990051766290205171
990051766360205171
990051766370205171
990051766380205171
990051766810205171
990051766950205171
990051766960205171
990051766980205171
990051766990205171
990051767020205171
990051767600205171
990051767840205171
990051767860205171
990051767880205171
990051767890205171
990051767920205171
990051767940205171
990051768000205171
990051768060205171
990051768100205171
990051768130205171
990051768220205171
990051768270205171
990051768600205171
990051768990205171
990051769010205171
990051769030205171
990051769140205171
990051769180205171
990051769360205171
990051769450205171
990051769470205171
990051769550205171
990051769620205171
990051770760205171
990051770930205171
990051772090205171
990051772220205171
990051772290205171
990051772380205171
990051772540205171
990051772650205171
990051772790205171
990051772800205171
990051772810205171
990051772820205171
990051772840205171
990051772950205171
990051772970205171
990051773170205171
990051773680205171
990051773780205171
990051773850205171
990051773880205171
990051773920205171
990051773930205171
990051773960205171
990051773990205171
990051774350205171
990051774440205171
990051774470205171
990051774480205171
990051774530205171
990051774580205171
990051774590205171
990051774650205171
990051774660205171
990051774710205171
990051774740205171
990051774860205171
990051774900205171
990051774940205171
990051775020205171
990051775130205171
990051775140205171
990051775170205171
990051775370205171
990051775380205171
990051775660205171
990051775670205171
990051775730205171
990051775740205171
990051775860205171
990051776200205171
990051776310205171
990051776400205171
990051776730205171
990051776790205171
990051776860205171
990051776870205171
990051776910205171
990051777060205171
990051777120205171
990051777150205171
990051777380205171
990051777390205171
990051777490205171
990051777720205171
990051777770205171
990051777850205171
990051778020205171
990051778370205171
990051778420205171
990051778550205171
990051778720205171
990051778850205171
990051778910205171
990051779190205171
990051779250205171
990051779340205171
990051779390205171
990051779580205171
990051779620205171
990051779760205171
990051779780205171
990051779880205171
990051779910205171
990051779980205171
990051780130205171
990051780310205171
990051780330205171
990051780460205171
990051780570205171
990051780580205171
990051780590205171
990051780650205171
990051780670205171
990051780690205171
990051780860205171
990051780880205171
990051781130205171
990051781170205171
990051781200205171
990051781270205171
990051781280205171
990051781390205171
990051781570205171
990051781580205171
990051781610205171
990051781860205171
990051781870205171
990051781940205171
990051781950205171
990051782230205171
990051782240205171
990051782270205171
990051782410205171
990051782460205171
990051782510205171
990051782560205171
990051782840205171
990051782850205171
990051782860205171
990051782890205171
990051782930205171
990051783150205171
990051783170205171
990051783190205171
990051783210205171
990051783230205171
990051783240205171
990051783250205171
990051783270205171
990051783370205171
990051783390205171
990051783400205171
990051783590205171
990051783640205171
990051783680205171
990051783730205171
990051783820205171
990051783940205171
990051784210205171
990051784230205171
990051784240205171
990051784330205171
990051784370205171
990051784400205171
990051784460205171
990051784610205171
990051784670205171
990051784750205171
990051784770205171
990051784780205171
990051784800205171
990051784810205171
990051784840205171
990051784950205171
990051784960205171
990051785020205171
990051785110205171
990051785120205171
990051785290205171
990051785340205171
990051785370205171
990051785750205171
990051785970205171
990051786030205171
990051786100205171
990051786530205171
990051786740205171
990051787090205171
990051787100205171
990051787110205171
990051787150205171
990051787180205171
990051787370205171
990051787520205171
990051787670205171
990051787700205171
990051787730205171
990051787860205171
990051788060205171
990051788090205171
990051788190205171
990051788200205171
990051788250205171
990051788260205171
990051788290205171
990051788330205171
990051788460205171
990051788580205171
990051788750205171
990051788770205171
990051788910205171
990051789150205171
990051789180205171
990051789210205171
990051789320205171
990051789330205171
990051789370205171
990051789390205171
990051789500205171
990051789520205171
990051789540205171
990051789560205171
990051789620205171
990051789700205171
990051789710205171
990051789750205171
990051789760205171
990051789900205171
990051789920205171
990051790070205171
990051790100205171
990051790130205171
990051790180205171
990051790210205171
990051790590205171
990051790610205171
990051790710205171
990051790760205171
990051791020205171
990051791140205171
990051791170205171
990051791200205171
990051791260205171
990051791270205171
990051791340205171
990051791580205171
990051792050205171
990051792150205171
990051792500205171
990051792810205171
990051793140205171
990051793170205171
990051793420205171
990051793430205171
990051793500205171
990051793630205171
990051793640205171
990051793690205171
990051793830205171
990051793840205171
990051793960205171
990051794120205171
990051794150205171
990051794350205171
990051794520205171
990051794670205171
990051794740205171
990051794940205171
990051795140205171
990051795300205171
990051795440205171
990051795480205171
990051795510205171
990051795530205171
990051795600205171
990051795620205171
990051795630205171
990051795640205171
990051795650205171
990051795710205171
990051795890205171
990051795910205171
990051796320205171
990051796350205171
990051796460205171
990051796480205171
990051796720205171
990051796790205171
990051797180205171
990051797190205171
990051797200205171
990051797320205171
990051797670205171
990051797680205171
990051797750205171
990051797770205171
990051797790205171
990051797860205171
990051797900205171
990051797910205171
990051797930205171
990051797940205171
990051797980205171
990051798000205171
990051798090205171
990051798110205171
990051798150205171
990051798190205171
990051798210205171
990051798230205171
990051798270205171
990051798280205171
990051798420205171
990051798490205171
990051798650205171
990051798680205171
990051798790205171
990051799040205171
990051799060205171
990051799410205171
990051799580205171
990051799590205171
990051799610205171
990051799690205171
990051799780205171
990051799900205171
990051799960205171
990051800010205171
990051800030205171
990051800180205171
990051800200205171
990051800260205171
990051800310205171
990051800380205171
990051800400205171
990051800430205171
990051800450205171
990051800490205171
990051800640205171
990051800680205171
990051800700205171
990051800950205171
990051801010205171
990051801050205171
990051801100205171
990051801110205171
990051801170205171
990051801260205171
990051801280205171
990051801330205171
990051801340205171
990051801350205171
990051801360205171
990051801370205171
990051801380205171
990051801450205171
990051801470205171
990051801480205171
990051801540205171
990051801580205171
990051801600205171
990051801640205171
990051801710205171
990051801740205171
990051801770205171
990051801790205171
990051801820205171
990051801830205171
990051801970205171
990051801990205171
990051802040205171
990051802060205171
990051802100205171
990051802110205171
990051802150205171
990051802160205171
990051802190205171
990051802230205171
990051802260205171
990051802290205171
990051802340205171
990051802360205171
990051802420205171
990051802460205171
990051802640205171
990051802660205171
990051802780205171
990051802950205171
990051802960205171
990051803040205171
990051803100205171
990051803160205171
990051803190205171
990051803200205171
990051803210205171
990051803220205171
990051803250205171
990051803280205171
990051803290205171
990051803300205171
990051803330205171
990051803360205171
990051803380205171
990051803390205171
990051803480205171
990051803510205171
990051803620205171
990051803690205171
990051803700205171
990051803720205171
990051803760205171
990051803780205171
990051803900205171
990051804030205171
990051804040205171
990051804100205171
990051804230205171
990051804250205171
990051804300205171
990051804390205171
990051804410205171
990051804450205171
990051804480205171
990051804510205171
990051804580205171
990051804620205171
990051804660205171
990051804810205171
990051804880205171
990051804890205171
990051804920205171
990051804980205171
990051804990205171
990051805070205171
990051805090205171
990051805110205171
990051805210205171
990051805250205171
990051805460205171
990051805470205171
990051805480205171
990051805490205171
990051805500205171
990051805510205171
990051805530205171
990051805560205171
990051805600205171
990051805620205171
990051805640205171
990051805690205171
990051805780205171
990051805800205171
990051805820205171
990051805830205171
990051805850205171
990051805860205171
990051805980205171
990051806000205171
990051806070205171
990051806210205171
990051806230205171
990051806330205171
990051806340205171
990051806400205171
990051806410205171
990051806420205171
990051806470205171
990051806500205171
990051806540205171
990051806570205171
990051806620205171
990051806840205171
990051806870205171
990051806930205171
990051807010205171
990051807210205171
990051807230205171
990051807320205171
990051807430205171
990051807440205171
990051807480205171
990051807680205171
990051807690205171
990051807700205171
990051807720205171
990051807760205171
990051807780205171
990051807800205171
990051807810205171
990051807840205171
990051807910205171
990051807930205171
990051807940205171
990051807970205171
990051807980205171
990051808170205171
990051808210205171
990051808340205171
990051808380205171
990051808410205171
990051808500205171
990051808530205171
990051808560205171
990051808570205171
990051808650205171
990051808660205171
990051808670205171
990051808680205171
990051808700205171
990051808720205171
990051808730205171
990051808780205171
990051808820205171
990051808840205171
990051808940205171
990051808970205171
990051809110205171
990051809180205171
990051809200205171
990051809230205171
990051809240205171
990051809250205171
990051809670205171
990051809860205171
990051810220205171
990051810260205171
990051810370205171
990051810450205171
990051810710205171
990051810970205171
990051811300205171
990051811420205171
990051811630205171
990051811640205171
990051811650205171
990051811660205171
990051811680205171
990051811750205171
990051811790205171
990051811860205171
990051811880205171
990051812070205171
990051812280205171
990051812350205171
990051812370205171
990051812400205171
990051812440205171
990051812470205171
990051812490205171
990051812530205171
990051812540205171
990051812550205171
990051812590205171
990051812610205171
990051812620205171
990051812630205171
990051812650205171
990051812670205171
990051812680205171
990051812700205171
990051812730205171
990051812740205171
990051812780205171
990051812800205171
990051812830205171
990051812840205171
990051813000205171
990051813010205171
990051813160205171
990051813450205171
990051813480205171
990051813530205171
990051813590205171
990051813810205171
990051813830205171
990051813900205171
990051813910205171
990051813970205171
990051814130205171
990051814250205171
990051814330205171
990051814380205171
990051814710205171
990051814720205171
990051814750205171
990051814830205171
990051814880205171
990051814930205171
990051814940205171
990051814960205171
990051815060205171
990051815150205171
990051815220205171
990051815370205171
990051815400205171
990051815410205171
990051815510205171
990051815720205171
990051815730205171
990051815860205171
990051815870205171
990051815880205171
990051815970205171
990051816020205171
990051816100205171
990051816130205171
990051816590205171
990051816720205171
990051816760205171
990051817050205171
990051817080205171
990051817190205171
990051817240205171
990051817490205171
990051817650205171
990051817660205171
990051817690205171
990051817710205171
990051817730205171
990051817960205171
990051818010205171
990051818180205171
990051818250205171
990051818490205171
990051818840205171
990051818860205171
990051818980205171
990051819030205171
990051819070205171
990051819210205171
990051819220205171
990051819240205171
990051819250205171
990051819640205171
990051819870205171
990051820000205171
990051820040205171
990051820050205171
990051820130205171
990051820370205171
990051821270205171
990051821330205171
990051821340205171
990051821360205171
990051821370205171
990051821380205171
990051821670205171
990051821820205171
990051821830205171
990051822260205171
990051822440205171
990051822600205171
990051823060205171
990051823070205171
990051823080205171
990051823090205171
990051823130205171
990051823310205171
990051823360205171
990051823370205171
990051823410205171
990051823830205171
990051823870205171
990051823890205171
990051824420205171
990051824430205171
990051824460205171
990051824470205171
990051824700205171
990051824730205171
990051824760205171
990051824820205171
990051824830205171
990051824850205171
990051824980205171
990051825000205171
990051825220205171
990051825290205171
990051825360205171
990051825420205171
990051825640205171
990051825680205171
990051825690205171
990051825720205171
990051826170205171
990051826370205171
990051826420205171
990051826510205171
990051826550205171
990051826670205171
990051826680205171
990051826950205171
990051827310205171
990051827340205171
990051827350205171
990051827360205171
990051827390205171
990051827400205171
990051827420205171
990051827460205171
990051827500205171
990051827610205171
990051827630205171
990051827640205171
990051827650205171
990051827660205171
990051827670205171
990051827690205171
990051827700205171
990051827710205171
990051827720205171
990051827780205171
990051827800205171
990051827830205171
990051827860205171
990051827870205171
990051827900205171
990051827910205171
990051827930205171
990051828000205171
990051828010205171
990051828040205171
990051828060205171
990051828080205171
990051828090205171
990051828120205171
990051828160205171
990051828190205171
990051828210205171
990051828230205171
990051828260205171
990051828320205171
990051828350205171
990051828380205171
990051828430205171
990051828450205171
990051828480205171
990051828540205171
990051828560205171
990051828580205171
990051828600205171
990051828620205171
990051828630205171
990051828670205171
990051828700205171
990051828720205171
990051828810205171
990051828820205171
990051828850205171
990051828860205171
990051828870205171
990051828910205171
990051828930205171
990051828960205171
990051828970205171
990051828990205171
990051829020205171
990051829040205171
990051829050205171
990051829080205171
990051829090205171
990051829110205171
990051829150205171
990051829170205171
990051829180205171
990051829220205171
990051829230205171
990051829250205171
990051829280205171
990051829300205171
990051829330205171
990051829360205171
990051829440205171
990051829490205171
990051829510205171
990051829550205171
990051829580205171
990051829590205171
990051829610205171
990051829620205171
990051829630205171
990051829640205171
990051829680205171
990051829690205171
990051829710205171
990051829730205171
990051829760205171
990051829770205171
990051829800205171
990051829840205171
990051829870205171
990051829880205171
990051829910205171
990051829920205171
990051829930205171
990051829980205171
990051830000205171
990051830010205171
990051830040205171
990051830060205171
990051830070205171
990051830080205171
990051830130205171
990051830190205171
990051830210205171
990051830230205171
990051830280205171
990051830290205171
990051830300205171
990051830310205171
990051830320205171
990051830330205171
990051830340205171
990051830430205171
990051830440205171
990051830450205171
990051830460205171
990051830470205171
990051830480205171
990051830490205171
990051830500205171
990051830510205171
990051830550205171
990051830570205171
990051830660205171
990051830670205171
990051830690205171
990051830720205171
990051830740205171
990051830750205171
990051830760205171
990051830800205171
990051830810205171
990051830840205171
990051830850205171
990051830860205171
990051830880205171
990051830900205171
990051830910205171
990051830920205171
990051830960205171
990051830970205171
990051830980205171
990051831030205171
990051831150205171
990051831550205171
990051832160205171
990051832690205171
990051832700205171
990051832710205171
990051832750205171
990051832830205171
990051832890205171
990051832900205171
990051832910205171
990051832920205171
990051832950205171
990051832960205171
990051832970205171
990051832980205171
990051833000205171
990051833030205171
990051833040205171
990051833050205171
990051833090205171
990051833100205171
990051833130205171
990051833140205171
990051833150205171
990051833160205171
990051833170205171
990051833190205171
990051833200205171
990051833230205171
990051833260205171
990051833270205171
990051833280205171
990051833300205171
990051833310205171
990051833320205171
990051833330205171
990051833340205171
990051833350205171
990051833360205171
990051833370205171
990051833390205171
990051833400205171
990051833410205171
990051833420205171
990051833430205171
990051833440205171
990051833450205171
990051833460205171
990051833480205171
990051833490205171
990051833520205171
990051833530205171
990051833550205171
990051833560205171
990051833570205171
990051833580205171
990051833590205171
990051833600205171
990051833610205171
990051833620205171
990051833630205171
990051833640205171
990051833650205171
990051833670205171
990051833680205171
990051833690205171
990051833700205171
990051833710205171
990051833720205171
990051833730205171
990051833740205171
990051833760205171
990051833780205171
990051833820205171
990051833830205171
990051833860205171
990051833870205171
990051833880205171
990051833920205171
990051833940205171
990051833960205171
990051833970205171
990051833980205171
990051833990205171
990051834000205171
990051834010205171
990051834030205171
990051834050205171
990051834070205171
990051834090205171
990051834100205171
990051834110205171
990051834120205171
990051834140205171
990051834150205171
990051834160205171
990051834180205171
990051834190205171
990051834200205171
990051834210205171
990051834220205171
990051834230205171
990051834260205171
990051834270205171
990051834300205171
990051834350205171
990051834360205171
990051834370205171
990051834400205171
990051834410205171
990051834420205171
990051834450205171
990051834490205171
990051834500205171
990051834550205171
990051834560205171
990051834570205171
990051834580205171
990051834600205171
990051834620205171
990051834630205171
990051834680205171
990051834690205171
990051834700205171
990051834710205171
990051834720205171
990051834730205171
990051834760205171
990051834790205171
990051834810205171
990051834820205171
990051834830205171
990051834840205171
990051834850205171
990051834860205171
990051834870205171
990051834880205171
990051834890205171
990051834900205171
990051834910205171
990051834920205171
990051834930205171
990051834960205171
990051834970205171
990051834990205171
990051835010205171
990051835030205171
990051835040205171
990051835090205171
990051835100205171
990051835120205171
990051835130205171
990051835150205171
990051835160205171
990051835170205171
990051835190205171
990051835200205171
990051835210205171
990051835220205171
990051835230205171
990051835240205171
990051835250205171
990051835260205171
990051835270205171
990051835280205171
990051835290205171
990051835300205171
990051835310205171
990051835320205171
990051835330205171
990051835340205171
990051835350205171
990051835360205171
990051835370205171
990051835390205171
990051835400205171
990051835410205171
990051835420205171
990051835430205171
990051835440205171
990051835450205171
990051835470205171
990051835480205171
990051835490205171
990051835500205171
990051835510205171
990051835530205171
990051835540205171
990051835550205171
990051835560205171
990051835570205171
990051835580205171
990051835590205171
990051835600205171
990051835620205171
990051835630205171
990051835640205171
990051835660205171
990051835670205171
990051835680205171
990051835690205171
990051835710205171
990051835730205171
990051835740205171
990051835750205171
990051835760205171
990051835770205171
990051835780205171
990051835790205171
990051835800205171
990051835810205171
990051835820205171
990051835830205171
990051835840205171
990051835850205171
990051835870205171
990051835910205171
990051835930205171
990051835950205171
990051835990205171
990051836000205171
990051836040205171
990051836110205171
990051836130205171
990051836140205171
990051836150205171
990051836170205171
990051836210205171
990051836280205171
990051836460205171
990051836490205171
990051836630205171
990051836680205171
990051836770205171
990051836820205171
990051837160205171
990051837360205171
990051837410205171
990051837510205171
990051837730205171
990051838020205171
990051838160205171
990051838330205171
990051838400205171
990051838410205171
990051838430205171
990051838440205171
990051838450205171
990051838460205171
990051838470205171
990051838500205171
990051838510205171
990051838520205171
990051838530205171
990051838570205171
990051838580205171
990051838600205171
990051838610205171
990051838640205171
990051838660205171
990051839060205171
990051839170205171
990051839190205171
990051839360205171
990051839370205171
990051839380205171
990051839490205171
990051839500205171
990051839520205171
990051839600205171
990051839620205171
990051839630205171
990051839640205171
990051839700205171
990051839740205171
990051839790205171
990051839910205171
990051839920205171
990051839950205171
990051839960205171
990051840040205171
990051840130205171
990051840190205171
990051840420205171
990051840490205171
990051840560205171
990051840570205171
990051840860205171
990051840970205171
990051840980205171
990051841240205171
990051841260205171
990051841280205171
990051841380205171
990051841410205171
990051841460205171
990051841480205171
990051841600205171
990051841630205171
990051841650205171
990051841660205171
990051841680205171
990051841700205171
990051841710205171
990051841730205171
990051841740205171
990051841750205171
990051841760205171
990051841770205171
990051841780205171
990051841790205171
990051841800205171
990051841930205171
990051841960205171
990051841990205171
990051842030205171
990051842060205171
990051842200205171
990051842380205171
990051842500205171
990051842730205171
990051842750205171
990051842770205171
990051842790205171
990051842820205171
990051842960205171
990051842970205171
990051843050205171
990051843080205171
990051843140205171
990051843300205171
990051843330205171
990051843370205171
990051843400205171
990051843500205171
990051843520205171
990051843650205171
990051843730205171
990051843840205171
990051843860205171
990051844020205171
990051844090205171
990051844180205171
990051844240205171
990051844310205171
990051844380205171
990051844440205171
990051844450205171
990051844480205171
990051844500205171
990051844600205171
990051844650205171
990051844710205171
990051844790205171
990051844820205171
990051844850205171
990051844930205171
990051844940205171
990051844970205171
990051844980205171
990051844990205171
990051845000205171
990051845020205171
990051845030205171
990051845040205171
990051845210205171
990051845240205171
990051845270205171
990051845300205171
990051845410205171
990051845500205171
990051845550205171
990051845560205171
990051845590205171
990051845670205171
990051845820205171
990051845900205171
990051845920205171
990051845930205171
990051845960205171
990051845970205171
990051845980205171
990051845990205171
990051846000205171
990051846060205171
990051846070205171
990051846090205171
990051846130205171
990051846180205171
990051846230205171
990051846560205171
990051846580205171
990051846660205171
990051846760205171
990051846770205171
990051846970205171
990051847010205171
990051847060205171
990051847100205171
990051847330205171
990051847490205171
990051847520205171
990051847550205171
990051847590205171
990051847710205171
990051847850205171
990051847880205171
990051847890205171
990051847930205171
990051848050205171
990051848080205171
990051848100205171
990051848210205171
990051848450205171
990051848600205171
990051848630205171
990051849480205171
990051849920205171
990051850110205171
990051851110205171
990051851150205171
990051851680205171
990051852100205171
990051852780205171
990051852890205171
990051852910205171
990051853100205171
990051853150205171
990051853590205171
990051853640205171
990051854020205171
990051854200205171
990051854270205171
990051854280205171
990051854570205171
990051854780205171
990051854820205171
990051855160205171
990051855310205171
990051855350205171
990051855450205171
990051855520205171
990051855820205171
990051855860205171
990051855950205171
990051856000205171
990051856070205171
990051856080205171
990051856090205171
990051856100205171
990051856130205171
990051856220205171
990051856290205171
990051856450205171
990051856770205171
990051856840205171
990051857910205171
990051858240205171
990051858520205171
990051858540205171
990051858550205171
990051858570205171
990051859320205171
990051859950205171
990051860130205171
990051860760205171
990051860820205171
990051862650205171
990051862680205171
990051862860205171
990051863100205171
990051863500205171
990051863730205171
990051863770205171
990051863830205171
990051863890205171
990051863900205171
990051863910205171
990051864070205171
990051864160205171
990051864230205171
990051864240205171
990051864420205171
990051864610205171
990051864620205171
990051864700205171
990051864740205171
990051864990205171
990051865050205171
990051865100205171
990051865200205171
990051865270205171
990051865310205171
990051865370205171
990051865460205171
990051865580205171
990051865950205171
990051866490205171
990051866540205171
990051866600205171
990051866710205171
990051866810205171
990051867340205171
990051867870205171
990051868410205171
990051868430205171
990051868620205171
990051868980205171
990051869010205171
990051869040205171
990051869100205171
990051869250205171
990051869280205171
990051869300205171
990051869320205171
990051869370205171
990051869430205171
990051869510205171
990051869520205171
990051869760205171
990051869850205171
990051869870205171
990051870090205171
990051870240205171
990051870580205171
990051870600205171
990051871000205171
990051871050205171
990051871090205171
990051871130205171
990051871420205171
990051871450205171
990051871540205171
990051871590205171
990051871670205171
990051871810205171
990051871930205171
990051871940205171
990051871950205171
990051872120205171
990051872180205171
990051872800205171
990051872870205171
990051873420205171
990051873460205171
990051873510205171
990051873580205171
990051873660205171
990051873730205171
990051873740205171
990051873760205171
990051873820205171
990051873830205171
990051873840205171
990051874210205171
990051874350205171
990051874470205171
990051874820205171
990051874970205171
990051875430205171
990051875490205171
990051875540205171
990051875550205171
990051875760205171
990051875850205171
990051875860205171
990051875910205171
990051875920205171
990051876410205171
990051876490205171
990051876520205171
990051876800205171
990051877190205171
990051877660205171
990051877720205171
990051877800205171
990051877930205171
990051878110205171
990051878150205171
990051878300205171
990051878460205171
990051878550205171
990051878740205171
990051879090205171
990051879990205171
990051880770205171
990051881030205171
990051881220205171
990051881370205171
990051882940205171
990051883090205171
990051883100205171
990051883140205171
990051883210205171
990051883280205171
990051883480205171
990051883560205171
990051883610205171
990051883620205171
990051884070205171
990051884250205171
990051884320205171
990051884330205171
990051884400205171
990051884570205171
990051884620205171
990051884720205171
990051884830205171
990051884860205171
990051885090205171
990051885140205171
990051885160205171
990051885340205171
990051885400205171
990051885410205171
990051885500205171
990051885770205171
990051885990205171
990051886030205171
990051886080205171
990051886340205171
990051886540205171
990051886680205171
990051886980205171
990051887030205171
990051887040205171
990051887060205171
990051887140205171
990051887160205171
990051887200205171
990051887380205171
990051887410205171
990051887540205171
990051887760205171
990051887810205171
990051887880205171
990051887950205171
990051888090205171
990051888150205171
990051888440205171
990051888660205171
990051888670205171
990051888690205171
990051888950205171
990051889020205171
990051889210205171
990051889360205171
990051889490205171
990051889550205171
990051889570205171
990051889700205171
990051889830205171
990051889990205171
990051890050205171
990051890190205171
990051890240205171
990051890440205171
990051890510205171
990051890650205171
990051890710205171
990051890730205171
990051890770205171
990051890790205171
990051890810205171
990051890840205171
990051890910205171
990051890990205171
990051891000205171
990051891110205171
990051891150205171
990051891160205171
990051891290205171
990051891350205171
990051891360205171
990051891370205171
990051891480205171
990051891490205171
990051891510205171
990051891560205171
990051891570205171
990051891660205171
990051891760205171
990051891770205171
990051891780205171
990051891810205171
990051891830205171
990051891870205171
990051891890205171
990051892090205171
990051892120205171
990051892360205171
990051892500205171
990051892710205171
990051892720205171
990051892760205171
990051892790205171
990051892810205171
990051892820205171
990051892890205171
990051892940205171
990051892990205171
990051893000205171
990051893100205171
990051893120205171
990051893170205171
990051893240205171
990051893670205171
990051893680205171
990051893720205171
990051894050205171
990051894070205171
990051894110205171
990051894220205171
990051894270205171
990051894470205171
990051894490205171
990051894560205171
990051894860205171
990051894940205171
990051895020205171
990051895030205171
990051895050205171
990051895120205171
990051895170205171
990051895370205171
990051895410205171
990051895430205171
990051895550205171
990051895600205171
990051895660205171
990051895730205171
990051895820205171
990051895880205171
990051895900205171
990051896000205171
990051896220205171
990051896340205171
990051896360205171
990051896570205171
990051896580205171
990051896590205171
990051896640205171
990051896650205171
990051896670205171
990051896710205171
990051896730205171
990051896790205171
990051897020205171
990051897030205171
990051897040205171
990051897050205171
990051897150205171
990051897170205171
990051897440205171
990051897450205171
990051897460205171
990051897480205171
990051897490205171
990051897500205171
990051897520205171
990051897530205171
990051897540205171
990051897550205171
990051897560205171
990051897570205171
990051897580205171
990051897600205171
990051897610205171
990051897630205171
990051897640205171
990051897660205171
990051897670205171
990051897680205171
990051897690205171
990051897700205171
990051897760205171
990051897770205171
990051897830205171
990051897870205171
990051897880205171
990051897890205171
990051897910205171
990051897940205171
990051897960205171
990051897970205171
990051897980205171
990051898000205171
990051898030205171
990051898040205171
990051898050205171
990051898060205171
990051898070205171
990051898090205171
990051898100205171
990051898110205171
990051898120205171
990051898140205171
990051898150205171
990051898160205171
990051898170205171
990051898180205171
990051898190205171
990051898220205171
990051898230205171
990051898240205171
990051898260205171
990051898270205171
990051898290205171
990051898300205171
990051898340205171
990051898370205171
990051898400205171
990051898410205171
990051898420205171
990051898440205171
990051898460205171
990051898470205171
990051898480205171
990051898510205171
990051898520205171
990051898530205171
990051898540205171
990051898550205171
990051898580205171
990051898590205171
990051898600205171
990051898610205171
990051898640205171
990051898650205171
990051898680205171
990051898700205171
990051898710205171
990051898720205171
990051898730205171
990051898740205171
990051898750205171
990051898760205171
990051898770205171
990051898780205171
990051898790205171
990051898800205171
990051898810205171
990051898840205171
990051898850205171
990051898880205171
990051898890205171
990051898900205171
990051898910205171
990051898930205171
990051898940205171
990051898960205171
990051898970205171
990051898980205171
990051898990205171
990051899000205171
990051899010205171
990051899020205171
990051899030205171
990051899040205171
990051899050205171
990051899120205171
990051899140205171
990051899150205171
990051899160205171
990051899170205171
990051899180205171
990051899200205171
990051899220205171
990051899230205171
990051899260205171
990051899280205171
990051899300205171
990051899310205171
990051899330205171
990051899390205171
990051899410205171
990051899420205171
990051899430205171
990051899450205171
990051899470205171
990051899520205171
990051899540205171
990051899560205171
990051899590205171
990051899610205171
990051899620205171
990051899640205171
990051899650205171
990051899660205171
990051899670205171
990051899680205171
990051899690205171
990051899700205171
990051899710205171
990051899720205171
990051899730205171
990051899740205171
990051899750205171
990051899760205171
990051899770205171
990051899780205171
990051899790205171
990051899800205171
990051899810205171
990051899820205171
990051899830205171
990051899840205171
990051899850205171
990051899870205171
990051899880205171
990051899890205171
990051899910205171
990051899930205171
990051899940205171
990051899950205171
990051899970205171
990051899980205171
990051900000205171
990051900010205171
990051900020205171
990051900030205171
990051900040205171
990051900050205171
990051900070205171
990051900080205171
990051900090205171
990051900100205171
990051900120205171
990051900130205171
990051900140205171
990051900150205171
990051900190205171
990051900200205171
990051900210205171
990051900220205171
990051900230205171
990051900260205171
990051900310205171
990051900320205171
990051900340205171
990051900360205171
990051900370205171
990051900380205171
990051900390205171
990051900400205171
990051900410205171
990051900460205171
990051900470205171
990051900480205171
990051900490205171
990051900500205171
990051900510205171
990051900520205171
990051900530205171
990051900540205171
990051900550205171
990051900560205171
990051900570205171
990051900580205171
990051900600205171
990051900610205171
990051900630205171
990051900640205171
990051900650205171
990051900660205171
990051900670205171
990051900700205171
990051900720205171
990051900730205171
990051900740205171
990051900770205171
990051900790205171
990051900800205171
990051900820205171
990051900830205171
990051900840205171
990051900850205171
990051900860205171
990051900880205171
990051900890205171
990051900910205171
990051900920205171
990051900930205171
990051900970205171
990051900980205171
990051900990205171
990051901010205171
990051901040205171
990051901050205171
990051901060205171
990051901070205171
990051901080205171
990051901110205171
990051901120205171
990051901370205171
990051901380205171
990051901400205171
990051901670205171
990051901770205171
990051901800205171
990051901940205171
990051901950205171
990051901990205171
990051902030205171
990051902100205171
990051902180205171
990051902190205171
990051902200205171
990051902270205171
990051902310205171
990051902460205171
990051902500205171
990051902510205171
990051902650205171
990051902680205171
990051902720205171
990051902730205171
990051902740205171
990051902750205171
990051902760205171
990051902770205171
990051902780205171
990051902790205171
990051902810205171
990051902820205171
990051902830205171
990051902840205171
990051902860205171
990051902870205171
990051902880205171
990051902890205171
990051902900205171
990051902910205171
990051902920205171
990051902970205171
990051902980205171
990051903000205171
990051903010205171
990051903030205171
990051903040205171
990051903050205171
990051903070205171
990051903080205171
990051903090205171
990051903100205171
990051903110205171
990051903130205171
990051903140205171
990051903160205171
990051903170205171
990051903180205171
990051903190205171
990051903210205171
990051903500205171
990051903910205171
990051903920205171
990051904060205171
990051904240205171
990051904600205171
990051904870205171
990051905210205171
990051905340205171
990051905750205171
990051905800205171
990051905860205171
990051905870205171
990051905900205171
990051905910205171
990051905950205171
990051906020205171
990051906030205171
990051906040205171
990051906390205171
990051906670205171
990051906680205171
990051906730205171
990051906890205171
990051906940205171
990051906950205171
990051907080205171
990051907090205171
990051907170205171
990051907250205171
990051907300205171
990051907470205171
990051907580205171
990051908050205171
990051908210205171
990051908520205171
990051908560205171
990051908740205171
990051908860205171
990051908950205171
990051909010205171
990051909250205171
990051909690205171
990051909990205171
990051910160205171
990051910400205171
990051910420205171
990051910460205171
990051910500205171
990051910510205171
990051910620205171
990051910760205171
990051910970205171
990051910990205171
990051911100205171
990051911220205171
990051911290205171
990051911430205171
990051911560205171
990051911580205171
990051911610205171
990051912550205171
990051912570205171
990051912630205171
990051912770205171
990051912960205171
990051913110205171
990051913280205171
990051913300205171
990051913390205171
990051913490205171
990051913530205171
990051913570205171
990051913800205171
990051913910205171
990051913940205171
990051914040205171
990051914050205171
990051914530205171
990051915340205171
990051915770205171
990051915790205171
990051916040205171
990051916050205171
990051916450205171
990051916490205171
990051916770205171
990051918260205171
990051918360205171
990051918540205171
990051918590205171
990051918640205171
990051918730205171
990051918820205171
990051918970205171
990051919100205171
990051919190205171
990051919540205171
990051919810205171
990051919820205171
990051919830205171
990051919850205171
990051919890205171
990051920000205171
990051920140205171
990051920230205171
990051920370205171
990051920450205171
990051920470205171
990051920540205171
990051920580205171
990051920670205171
990051920800205171
990051921230205171
990051921420205171
990051921600205171
990051921690205171
990051921850205171
990051922150205171
990051922620205171
990051922630205171
990051922700205171
990051922870205171
990051923380205171
990051923630205171
990051924160205171
990051924280205171
990051924880205171
990051925410205171
990051925600205171
990051925920205171
990051926950205171
990051927100205171
990051927550205171
990051927700205171
990051927710205171
990051927910205171
990051928180205171
990051928460205171
990051928620205171
990051928650205171
990051928660205171
990051928670205171
990051928680205171
990051928690205171
990051929140205171
990051929220205171
990051929260205171
990051929320205171
990051929330205171
990051929340205171
990051929350205171
990051929420205171
990051929470205171
990051929540205171
990051929550205171
990051929560205171
990051929680205171
990051929710205171
990051929760205171
990051929870205171
990051929890205171
990051929920205171
990051930100205171
990051930110205171
990051930260205171
990051930310205171
990051930360205171
990051930390205171
990051930450205171
990051930460205171
990051930520205171
990051930770205171
990051930810205171
990051931080205171
990051931100205171
990051931150205171
990051931170205171
990051931220205171
990051931240205171
990051931330205171
990051931340205171
990051931350205171
990051931390205171
990051931400205171
990051931470205171
990051931540205171
990051931590205171
990051931660205171
990051931710205171
990051931740205171
990051931810205171
990051931830205171
990051931880205171
990051932090205171
990051932250205171
990051932330205171
990051932370205171
990051932430205171
990051932440205171
990051932470205171
990051932530205171
990051932550205171
990051932810205171
990051932820205171
990051932840205171
990051933010205171
990051933100205171
990051933130205171
990051933200205171
990051933220205171
990051933230205171
990051933320205171
990051933330205171
990051933350205171
990051933420205171
990051933490205171
990051933560205171
990051933590205171
990051933700205171
990051933800205171
990051933810205171
990051933850205171
990051933860205171
990051933950205171
990051934040205171
990051934050205171
990051934110205171
990051934250205171
990051934310205171
990051934560205171
990051934580205171
990051934770205171
990051934960205171
990051935020205171
990051935050205171
990051935200205171
990051935390205171
990051935450205171
990051935480205171
990051935510205171
990051935520205171
990051935720205171
990051935820205171
990051935840205171
990051935850205171
990051935890205171
990051935960205171
990051936000205171
990051936020205171
990051936050205171
990051936150205171
990051936300205171
990051936480205171
990051936570205171
990051936590205171
990051936630205171
990051936700205171
990051936730205171
990051936830205171
990051936850205171
990051936880205171
990051936890205171
990051937250205171
990051937270205171
990051937290205171
990051937360205171
990051937430205171
990051937620205171
990051937650205171
990051937740205171
990051938060205171
990051938230205171
990051938300205171
990051938340205171
990051938450205171
990051938490205171
990051938650205171
990051938660205171
990051938730205171
990051938740205171
990051938880205171
990051939090205171
990051939140205171
990051939410205171
990051939440205171
990051939480205171
990051939490205171
990051939560205171
990051939610205171
990051939650205171
990051939730205171
990051939750205171
990051939760205171
990051939770205171
990051939790205171
990051939950205171
990051940060205171
990051940200205171
990051940290205171
990051940330205171
990051940350205171
990051940360205171
990051940590205171
990051940620205171
990051940690205171
990051940740205171
990051940760205171
990051940840205171
990051940940205171
990051941050205171
990051941370205171
990051941410205171
990051941420205171
990051941430205171
990051941480205171
990051941550205171
990051941700205171
990051941760205171
990051941850205171
990051941930205171
990051941970205171
990051941990205171
990051942180205171
990051942240205171
990051942360205171
990051942440205171
990051942510205171
990051942590205171
990051942640205171
990051942670205171
990051942760205171
990051942790205171
990051942850205171
990051943090205171
990051943110205171
990051943120205171
990051943130205171
990051943160205171
990051943200205171
990051943230205171
990051943300205171
990051943340205171
990051943400205171
990051943430205171
990051943460205171
990051943490205171
990051943500205171
990051943540205171
990051943570205171
990051943610205171
990051943630205171
990051943640205171
990051943680205171
990051943790205171
990051943800205171
990051943820205171
990051943830205171
990051943840205171
990051943850205171
990051943950205171
990051944000205171
990051944010205171
990051944020205171
990051944030205171
990051944040205171
990051944050205171
990051944060205171
990051944110205171
990051944130205171
990051944140205171
990051944170205171
990051944200205171
990051944210205171
990051944220205171
990051944230205171
990051944240205171
990051944250205171
990051944260205171
990051944270205171
990051944310205171
990051944320205171
990051944350205171
990051944450205171
990051944470205171
990051944530205171
990051944560205171
990051944570205171
990051944590205171
990051944600205171
990051944660205171
990051944730205171
990051944770205171
990051944790205171
990051944820205171
990051944850205171
990051944870205171
990051944910205171
990051944930205171
990051944940205171
990051944970205171
990051944980205171
990051944990205171
990051945020205171
990051945040205171
990051945050205171
990051945100205171
990051945150205171
990051945320205171
990051945530205171
990051945580205171
990051945600205171
990051945830205171
990051946190205171
990051946210205171
990051946280205171
990051946310205171
990051946340205171
990051946410205171
990051946420205171
990051946440205171
990051946450205171
990051946600205171
990051946660205171
990051946960205171
990051947360205171
990051947440205171
990051947520205171
990051947560205171
990051947710205171
990051947800205171
990051947920205171
990051948510205171
990051948530205171
990051948900205171
990051948950205171
990051949010205171
990051949030205171
990051949100205171
990051949110205171
990051949120205171
990051949190205171
990051949260205171
990051949330205171
990051949350205171
990051949470205171
990051949490205171
990051949540205171
990051949700205171
990051949710205171
990051949870205171
990051949880205171
990051949910205171
990051949920205171
990051949980205171
990051950180205171
990051950210205171
990051950250205171
990051950280205171
990051950290205171
990051950510205171
990051950590205171
990051950600205171
990051950650205171
990051950670205171
990051950680205171
990051950720205171
990051950750205171
990051950870205171
990051950930205171
990051950940205171
990051950980205171
990051951010205171
990051951100205171
990051951150205171
990051951180205171
990051951390205171
990051951490205171
990051951530205171
990051951550205171
990051951690205171
990051951730205171
990051951860205171
990051951900205171
990051951950205171
990051952040205171
990051952160205171
990051952430205171
990051952470205171
990051952770205171
990051952860205171
990051952900205171
990051952930205171
990051952950205171
990051953000205171
990051953020205171
990051953030205171
990051953140205171
990051953160205171
990051953190205171
990051953340205171
990051953550205171
990051953570205171
990051953640205171
990051953990205171
990051954130205171
990051954200205171
990051954230205171
990051954240205171
990051954280205171
990051954320205171
990051954400205171
990051954430205171
990051954590205171
990051954740205171
990051954750205171
990051955060205171
990051955080205171
990051955140205171
990051955150205171
990051955160205171
990051955170205171
990051955190205171
990051955390205171
990051955570205171
990051955660205171
990051955790205171
990051955960205171
990051956020205171
990051956360205171
990051956380205171
990051956670205171
990051956780205171
990051956860205171
990051956900205171
990051956920205171
990051956970205171
990051956980205171
990051957150205171
990051957210205171
990051957240205171
990051957260205171
990051957280205171
990051957450205171
990051957500205171
990051957580205171
990051957650205171
990051957690205171
990051957720205171
990051957730205171
990051957800205171
990051957860205171
990051957920205171
990051957930205171
990051958010205171
990051958120205171
990051958460205171
990051958470205171
990051958480205171
990051958490205171
990051958600205171
990051958610205171
990051958670205171
990051958700205171
990051958800205171
990051958830205171
990051958930205171
990051958940205171
990051959030205171
990051959060205171
990051959110205171
990051959260205171
990051959300205171
990051959430205171
990051959660205171
990051959710205171
990051959730205171
990051959810205171
990051959890205171
990051959940205171
990051959970205171
990051960110205171
990051960200205171
990051960270205171
990051960310205171
990051960620205171
990051960650205171
990051960670205171
990051960950205171
990051960960205171
990051961270205171
990051961580205171
990051961620205171
990051961630205171
990051961640205171
990051961710205171
990051961780205171
990051961840205171
990051961910205171
990051961940205171
990051961970205171
990051962150205171
990051962210205171
990051962250205171
990051962290205171
990051962430205171
990051962860205171
990051962870205171
990051962910205171
990051963040205171
990051963070205171
990051963090205171
990051963490205171
990051963580205171
990051963620205171
990051963650205171
990051963780205171
990051963840205171
990051964160205171
990051964310205171
990051964410205171
990051964490205171
990051964610205171
990051964700205171
990051965130205171
990051965170205171
990051965180205171
990051965210205171
990051965260205171
990051965350205171
990051965820205171
990051965840205171
990051965920205171
990051965940205171
990051966040205171
990051966140205171
990051966450205171
990051966460205171
990051966520205171
990051966680205171
990051966730205171
990051966950205171
990051967320205171
990051967420205171
990051967460205171
990051967750205171
990051967850205171
990051967980205171
990051968190205171
990051968330205171
990051968350205171
990051968370205171
990051968430205171
990051968460205171
990051968580205171
990051968680205171
990051968700205171
990051968740205171
990051968840205171
990051968870205171
990051968980205171
990051969120205171
990051969270205171
990051969460205171
990051969470205171
990051969480205171
990051969500205171
990051969620205171
990051969980205171
990051970040205171
990051970180205171
990051970210205171
990051970390205171
990051970460205171
990051970490205171
990051970540205171
990051970690205171
990051970850205171
990051970860205171
990051970930205171
990051970950205171
990051971010205171
990051971080205171
990051971120205171
990051971160205171
990051971260205171
990051971320205171
990051971370205171
990051971400205171
990051971450205171
990051971510205171
990051971580205171
990051971590205171
990051971630205171
990051971740205171
990051971880205171
990051971910205171
990051971940205171
990051972000205171
990051972190205171
990051972260205171
990051972350205171
990051972370205171
990051972380205171
990051972460205171
990051972490205171
990051972540205171
990051972550205171
990051972590205171
990051972610205171
990051972630205171
990051972650205171
990051972680205171
990051972760205171
990051972780205171
990051972800205171
990051972810205171
990051972860205171
990051972880205171
990051973000205171
990051973050205171
990051973180205171
990051973280205171
990051973340205171
990051973860205171
990051973910205171
990051973940205171
990051974030205171
990051974330205171
990051974430205171
990051974530205171
990051974580205171
990051974630205171
990051974650205171
990051974680205171
990051974710205171
990051974730205171
990051974760205171
990051974940205171
990051975010205171
990051975100205171
990051975580205171
990051975790205171
990051975910205171
990051975940205171
990051976020205171
990051976030205171
990051976210205171
990051976230205171
990051976350205171
990051976380205171
990051976550205171
990051976660205171
990051976930205171
990051976940205171
990051977010205171
990051977250205171
990051977280205171
990051977290205171
990051977300205171
990051977310205171
990051977410205171
990051977440205171
990051977560205171
990051978280205171
990051978490205171
990051978580205171
990051978610205171
990051978630205171
990051978640205171
990051978650205171
990051978670205171
990051978680205171
990051978840205171
990051979230205171
990051979240205171
990051979250205171
990051979360205171
990051979700205171
990051979830205171
990051979900205171
990051979990205171
990051980020205171
990051980120205171
990051980130205171
990051980150205171
990051980340205171
990051980370205171
990051980610205171
990051980700205171
990051980740205171
990051980920205171
990051980980205171
990051981060205171
990051981210205171
990051981260205171
990051981330205171
990051981420205171
990051981640205171
990051982060205171
990051982230205171
990051982490205171
990051982560205171
990051982590205171
990051982700205171
990051982710205171
990051982730205171
990051982770205171
990051982780205171
990051982820205171
990051982840205171
990051982850205171
990051982870205171
990051982930205171
990051983500205171
990051983620205171
990051983700205171
990051983940205171
990051984040205171
990051984300205171
990051984380205171
990051984590205171
990051984620205171
990051984660205171
990051984700205171
990051984790205171
990051984830205171
990051984940205171
990051985050205171
990051985070205171
990051985300205171
990051985330205171
990051985440205171
990051985490205171
990051985530205171
990051985650205171
990051985860205171
990051985870205171
990051986040205171
990051986150205171
990051986190205171
990051986690205171
990051986740205171
990051986810205171
990051986850205171
990051986860205171
990051986890205171
990051986900205171
990051986910205171
990051986920205171
990051986980205171
990051987010205171
990051987020205171
990051987150205171
990051987220205171
990051987270205171
990051987390205171
990051987410205171
990051987470205171
990051987490205171
990051987760205171
990051987810205171
990051987870205171
990051988090205171
990051988100205171
990051988230205171
990051988240205171
990051988430205171
990051988590205171
990051988620205171
990051988670205171
990051988680205171
990051988690205171
990051988700205171
990051989110205171
990051989160205171
990051989260205171
990051989900205171
990051990060205171
990051990150205171
990051990420205171
990051990460205171
990051990540205171
990051990600205171
990051990710205171
990051990740205171
990051990770205171
990051990890205171
990051990910205171
990051990940205171
990051991010205171
990051991050205171
990051991090205171
990051991190205171
990051991250205171
990051991260205171
990051991390205171
990051991540205171
990051991570205171
990051991710205171
990051991910205171
990051992020205171
990051992060205171
990051992070205171
990051992150205171
990051992270205171
990051992400205171
990051992490205171
990051992600205171
990051992980205171
990051993020205171
990051993030205171
990051993420205171
990051993630205171
990051994020205171
990051994540205171
990051994710205171
990051994750205171
990051994780205171
990051994800205171
990051994820205171
990051994990205171
990051995030205171
990051995140205171
990051995240205171
990051995350205171
990051995380205171
990051995440205171
990051995470205171
990051995510205171
990051995560205171
990051995580205171
990051995590205171
990051995600205171
990051995610205171
990051995830205171
990051996110205171
990051996160205171
990051996240205171
990051996270205171
990051996580205171
990051996610205171
990051996630205171
990051996650205171
990051996700205171
990051996730205171
990051996790205171
990051996800205171
990051996840205171
990051996920205171
990051997060205171
990051997090205171
990051997150205171
990051997160205171
990051997190205171
990051997270205171
990051997290205171
990051997340205171
990051997390205171
990051997410205171
990051997420205171
990051997450205171
990051997510205171
990051997550205171
990051997570205171
990051997590205171
990051997640205171
990051997670205171
990051997680205171
990051997710205171
990051997760205171
990051997780205171
990051997790205171
990051997830205171
990051997880205171
990051997900205171
990051997910205171
990051998010205171
990051998030205171
990051998060205171
990051998090205171
990051998140205171
990051998160205171
990051998190205171
990051998220205171
990051998240205171
990051998250205171
990051998300205171
990051998310205171
990051998320205171
990051998330205171
990051998340205171
990051998460205171
990051999030205171
990051999310205171
990051999670205171
990051999750205171
990052000560205171
990052000700205171
990052000820205171
990052000880205171
990052000970205171
990052001130205171
990052001340205171
990052002140205171
990052002370205171
990052002430205171
990052002630205171
990052003030205171
990052003040205171
990052003330205171
990052003510205171
990052003710205171
990052003940205171
990052004230205171
990052004300205171
990052004940205171
990052005440205171
990052005640205171
990052005650205171
990052005690205171
990052005700205171
990052005730205171
990052005750205171
990052006510205171
990052007110205171
990052007350205171
990052008060205171
990052008930205171
990052009800205171
990052009810205171
990052011180205171
990052011230205171
990052011690205171
990052011770205171
990052011820205171
990052012120205171
990052012300205171
990052012710205171
990052012780205171
990052013010205171
990052013400205171
990052013460205171
990052013530205171
990052013600205171
990052013710205171
990052013720205171
990052014150205171
990052014340205171
990052014600205171
990052014970205171
990052015250205171
990052015590205171
990052015630205171
990052015640205171
990052015670205171
990052015750205171
990052015760205171
990052015800205171
990052015840205171
990052015910205171
990052016090205171
990052016110205171
990052016170205171
990052016620205171
990052016770205171
990052016870205171
990052017010205171
990052017290205171
990052017690205171
990052018070205171
990052018150205171
990052018160205171
990052018250205171
990052018270205171
990052018280205171
990052018630205171
990052018800205171
990052018910205171
990052019400205171
990052019580205171
990052019800205171
990052019970205171
990052020050205171
990052020160205171
990052020290205171
990052020580205171
990052020640205171
990052020830205171
990052021100205171
990052021120205171
990052021730205171
990052021860205171
990052021890205171
990052022070205171
990052022150205171
990052022200205171
990052022210205171
990052022290205171
990052022350205171
990052022460205171
990052022480205171
990052022600205171
990052022840205171
990052022900205171
990052023530205171
990052023950205171
990052024370205171
990052024560205171
990052024570205171
990052024580205171
990052024710205171
990052025070205171
990052025130205171
990052025190205171
990052025230205171
990052025980205171
990052026020205171
990052026250205171
990052026300205171
990052026400205171
990052026620205171
990052026690205171
990052026770205171
990052026810205171
990052027090205171
990052027140205171
990052027430205171
990052027550205171
990052027610205171
990052027630205171
990052027640205171
990052027790205171
990052027800205171
990052027810205171
990052027860205171
990052027940205171
990052027980205171
990052028210205171
990052028480205171
990052028660205171
990052029220205171
990052029250205171
990052029360205171
990052029380205171
990052029400205171
990052029430205171
990052029440205171
990052029530205171
990052029550205171
990052029570205171
990052029860205171
990052029880205171
990052029890205171
990052030120205171
990052030240205171
990052030270205171
990052030530205171
990052030560205171
990052030700205171
990052030780205171
990052030840205171
990052030900205171
990052030920205171
990052030990205171
990052031120205171
990052031170205171
990052031180205171
990052031490205171
990052031720205171
990052032030205171
990052032410205171
990052032520205171
990052032540205171
990052032570205171
990052032580205171
990052032600205171
990052032900205171
990052033110205171
990052033270205171
990052033290205171
990052033480205171
990052033540205171
990052033750205171
990052033820205171
990052033880205171
990052033960205171
990052033970205171
990052034150205171
990052034160205171
990052034200205171
990052034500205171
990052034540205171
990052034610205171
990052034740205171
990052034990205171
990052035500205171
990052035520205171
990052035810205171
990052035940205171
990052036050205171
990052036290205171
990052036340205171
990052036470205171
990052036570205171
990052037370205171
990052037540205171
990052037550205171
990052037560205171
990052037770205171
990052037790205171
990052037840205171
990052037890205171
990052037910205171
990052037950205171
990052037970205171
990052038110205171
990052038170205171
990052038340205171
990052038440205171
990052038570205171
990052038680205171
990052038730205171
990052039210205171
990052039240205171
990052039270205171
990052039570205171
990052039790205171
990052039910205171
990052040080205171
990052040110205171
990052040290205171
990052040380205171
990052040450205171
990052040780205171
990052040950205171
990052041210205171
990052041370205171
990052041410205171
990052041420205171
990052041440205171
990052041540205171
990052041880205171
990052042020205171
990052042180205171
990052042300205171
990052042310205171
990052042450205171
990052042600205171
990052042710205171
990052042810205171
990052042830205171
990052042880205171
990052042950205171
990052043000205171
990052043050205171
990052043090205171
990052043270205171
990052043280205171
990052043290205171
990052043560205171
990052043610205171
990052043780205171
990052043860205171
990052044130205171
990052044170205171
990052044220205171
990052044290205171
990052044580205171
990052044590205171
990052044950205171
990052045030205171
990052045290205171
990052045410205171
990052045430205171
990052045440205171
990052045870205171
990052045890205171
990052046250205171
990052046300205171
990052046320205171
990052046330205171
990052046650205171
990052046910205171
990052047590205171
990052047600205171
990052047660205171
990052047670205171
990052047800205171
990052047840205171
990052047870205171
990052048040205171
990052048100205171
990052048330205171
990052048720205171
990052048840205171
990052049110205171
990052049300205171
990052049310205171
990052049410205171
990052049470205171
990052049510205171
990052049550205171
990052049580205171
990052049640205171
990052049680205171
990052049800205171
990052049980205171
990052050050205171
990052050090205171
990052050250205171
990052050510205171
990052050670205171
990052051260205171
990052051290205171
990052051300205171
990052051560205171
990052052020205171
990052052030205171
990052052060205171
990052052080205171
990052052170205171
990052052230205171
990052052250205171
990052052270205171
990052052280205171
990052052290205171
990052052380205171
990052052570205171
990052052630205171
990052052970205171
990052052980205171
990052052990205171
990052053010205171
990052053190205171
990052053210205171
990052053250205171
990052053390205171
990052053410205171
990052053490205171
990052054090205171
990052054460205171
990052054470205171
990052054480205171
990052054560205171
990052054610205171
990052054660205171
990052054670205171
990052054710205171
990052054790205171
990052054810205171
990052054830205171
990052054880205171
990052054950205171
990052054990205171
990052055210205171
990052055290205171
990052055330205171
990052055400205171
990052055530205171
990052055540205171
990052055620205171
990052055760205171
990052055850205171
990052055900205171
990052055970205171
990052056090205171
990052056160205171
990052056500205171
990052057180205171
990052057370205171
990052057570205171
990052058590205171
990052058620205171
990052058830205171
990052058950205171
990052059020205171
990052059200205171
990052059320205171
990052059380205171
990052060440205171
990052060850205171
990052060910205171
990052061030205171
990052061110205171
990052061120205171
990052061200205171
990052061220205171
990052061960205171
990052062840205171
990052062970205171
990052063330205171
990052063600205171
990052063670205171
990052064120205171
990052064330205171
990052064380205171
990052064390205171
990052064630205171
990052064840205171
990052065400205171
990052065820205171
990052065840205171
990052066130205171
990052066150205171
990052066680205171
990052067130205171
990052067140205171
990052067150205171
990052067480205171
990052067530205171
990052067750205171
990052067880205171
990052068100205171
990052068420205171
990052068430205171
990052068540205171
990052068600205171
990052068840205171
990052068860205171
990052069250205171
990052069370205171
990052069490205171
990052069930205171
990052069940205171
990052070070205171
990052070280205171
990052070290205171
990052070300205171
990052070330205171
990052070540205171
990052070640205171
990052070910205171
990052071380205171
990052071410205171
990052071560205171
990052072180205171
990052072320205171
990052072410205171
990052072560205171
990052072810205171
990052072830205171
990052073250205171
990052073410205171
990052073560205171
990052074390205171
990052074430205171
990052074510205171
990052074580205171
990052074650205171
990052074680205171
990052074960205171
990052075360205171
990052075650205171
990052075730205171
990052075780205171
990052075820205171
990052076020205171
990052076120205171
990052076210205171
990052076430205171
990052076790205171
990052076840205171
990052077600205171
990052077910205171
990052077990205171
990052078070205171
990052078140205171
990052078210205171
990052078500205171
990052078510205171
990052078550205171
990052078560205171
990052078580205171
990052078640205171
990052078650205171
990052078780205171
990052078890205171
990052078900205171
990052078980205171
990052079080205171
990052079150205171
990052079210205171
990052079250205171
990052079270205171
990052079290205171
990052079330205171
990052079350205171
990052079410205171
990052079460205171
990052079470205171
990052080180205171
990052081420205171
990052081680205171
990052081950205171
990052082040205171
990052082050205171
990052082140205171
990052082260205171
990052082410205171
990052082430205171
990052082590205171
990052082650205171
990052082660205171
990052083000205171
990052083050205171
990052083250205171
990052084000205171
990052084040205171
990052084460205171
990052084620205171
990052084710205171
990052084730205171
990052084760205171
990052084950205171
990052085150205171
990052085200205171
990052085260205171
990052085310205171
990052085360205171
990052085380205171
990052085410205171
990052085480205171
990052085500205171
990052085630205171
990052086110205171
990052086830205171
990052087080205171
990052088500205171
990052088560205171
990052088580205171
990052088710205171
990052088720205171
990052088830205171
990052089160205171
990052089240205171
990052089340205171
990052089480205171
990052089540205171
990052089630205171
990052089640205171
990052089650205171
990052089660205171
990052089690205171
990052089860205171
990052090140205171
990052090240205171
990052090310205171
990052090540205171
990052090690205171
990052091700205171
990052091990205171
990052092010205171
990052092150205171
990052092210205171
990052092260205171
990052092270205171
990052092340205171
990052092500205171
990052092530205171
990052093030205171
990052093270205171
990052093500205171
990052093720205171
990052093740205171
990052093790205171
990052094210205171
990052094460205171
990052094730205171
990052095050205171
990052095100205171
990052095270205171
990052095740205171
990052095900205171
990052096080205171
990052096310205171
990052096780205171
990052097370205171
990052097390205171
990052097520205171
990052099970205171
990052100050205171
990052100320205171
990052100450205171
990052100490205171
990052100590205171
990052100620205171
990052101060205171
990052101220205171
990052101480205171
990052101490205171
990052101510205171
990052101580205171
990052101980205171
990052102450205171
990052102650205171
990052102660205171
990052102720205171
990052102730205171
990052102950205171
990052102970205171
990052102980205171
990052103010205171
990052103240205171
990052103350205171
990052103550205171
990052103620205171
990052103630205171
990052103640205171
990052103830205171
990052104280205171
990052104580205171
990052104640205171
990052104780205171
990052104830205171
990052104930205171
990052105180205171
990052105200205171
990052105580205171
990052105620205171
990052105720205171
990052105780205171
990052105820205171
990052105920205171
990052105960205171
990052106000205171
990052106190205171
990052106210205171
990052106280205171
990052106290205171
990052106310205171
990052106320205171
990052106340205171
990052106400205171
990052106620205171
990052106840205171
990052107190205171
990052107540205171
990052107620205171
990052107740205171
990052107760205171
990052108260205171
990052108300205171
990052108590205171
990052109650205171
990052110100205171
990052110380205171
990052110750205171
990052110770205171
990052111100205171
990052111380205171
990052111620205171
990052112010205171
990052112100205171
990052112170205171
990052113220205171
990052113380205171
990052113490205171
990052113520205171
990052113540205171
990052113860205171
990052113900205171
990052114560205171
990052114890205171
990052114950205171
990052114960205171
990052114970205171
990052114980205171
990052115000205171
990052115420205171
990052115470205171
990052115820205171
990052116130205171
990052116210205171
990052116330205171
990052116530205171
990052117010205171
990052117310205171
990052117600205171
990052117640205171
990052117680205171
990052117740205171
990052117900205171
990052118470205171
990052118490205171
990052118830205171
990052118890205171
990052118910205171
990052118960205171
990052118970205171
990052119020205171
990052119090205171
990052119320205171
990052119380205171
990052119600205171
990052119620205171
990052119630205171
990052119650205171
990052119660205171
990052119700205171
990052119840205171
990052119930205171
990052120160205171
990052120320205171
990052120530205171
990052120700205171
990052120780205171
990052120790205171
990052121310205171
990052121380205171
990052121630205171
990052121720205171
990052121790205171
990052121880205171
990052122030205171
990052122240205171
990052122330205171
990052122340205171
990052123080205171
990052123520205171
990052124130205171
990052124240205171
990052124320205171
990052124340205171
990052124360205171
990052124410205171
990052124520205171
990052124610205171
990052124780205171
990052124910205171
990052125080205171
990052125110205171
990052125480205171
990052125830205171
990052125840205171
990052126330205171
990052126360205171
990052126370205171
990052126490205171
990052126660205171
990052126800205171
990052126860205171
990052127220205171
990052127520205171
990052127640205171
990052127670205171
990052127730205171
990052127920205171
990052128180205171
990052128190205171
990052128220205171
990052128300205171
990052128380205171
990052128440205171
990052128520205171
990052128730205171
990052128770205171
990052128810205171
990052128910205171
990052129120205171
990052129250205171
990052129260205171
990052129340205171
990052129380205171
990052129410205171
990052129620205171
990052129630205171
990052129640205171
990052129730205171
990052129740205171
990052129780205171
990052129910205171
990052129940205171
990052130090205171
990052130150205171
990052130190205171
990052130320205171
990052130330205171
990052130380205171
990052130410205171
990052130420205171
990052130910205171
990052130930205171
990052131420205171
990052132220205171
990052132730205171
990052132940205171
990052132950205171
990052133010205171
990052133100205171
990052133260205171
990052133630205171
990052133830205171
990052134090205171
990052134310205171
990052134350205171
990052134530205171
990052134750205171
990052135760205171
990052135960205171
990052136060205171
990052136780205171
990052136840205171
990052137220205171
990052137230205171
990052137240205171
990052137390205171
990052137440205171
990052137540205171
990052137630205171
990052138030205171
990052138160205171
990052138180205171
990052138340205171
990052138840205171
990052138860205171
990052139140205171
990052139240205171
990052139470205171
990052139510205171
990052139520205171
990052139620205171
990052139680205171
990052140170205171
990052140690205171
990052141310205171
990052141400205171
990052141420205171
990052141440205171
990052141450205171
990052141550205171
990052141590205171
990052141790205171
990052141810205171
990052141970205171
990052142000205171
990052142290205171
990052142330205171
990052142440205171
990052142640205171
990052142930205171
990052142940205171
990052143060205171
990052143080205171
990052143240205171
990052143770205171
990052144060205171
990052144080205171
990052144140205171
990052144190205171
990052144210205171
990052144250205171
990052144370205171
990052144420205171
990052144650205171
990052144840205171
990052144930205171
990052144980205171
990052145090205171
990052145100205171
990052145930205171
990052145970205171
990052146010205171
990052146160205171
990052146420205171
990052146550205171
990052146580205171
990052146600205171
990052146610205171
990052146770205171
990052146880205171
990052146950205171
990052146980205171
990052147010205171
990052147020205171
990052147140205171
990052147190205171
990052147220205171
990052147410205171
990052147440205171
990052147470205171
990052147680205171
990052147730205171
990052147980205171
990052148010205171
990052148070205171
990052148090205171
990052148110205171
990052148120205171
990052148230205171
990052148250205171
990052148410205171
990052148430205171
990052148570205171
990052148630205171
990052148640205171
990052148710205171
990052148770205171
990052148800205171
990052148870205171
990052149010205171
990052149030205171
990052149060205171
990052149090205171
990052149190205171
990052149380205171
990052149410205171
990052149470205171
990052149570205171
990052149700205171
990052149920205171
990052150040205171
990052150070205171
990052150220205171
990052150250205171
990052150410205171
990052150540205171
990052150550205171
990052150730205171
990052150850205171
990052150930205171
990052150970205171
990052151200205171
990052151290205171
990052151360205171
990052151370205171
990052151440205171
990052151540205171
990052151570205171
990052151580205171
990052151640205171
990052151820205171
990052151840205171
990052151890205171
990052151920205171
990052151930205171
990052152060205171
990052152170205171
990052152200205171
990052152400205171
990052152430205171
990052152500205171
990052152510205171
990052152550205171
990052152580205171
990052152600205171
990052152820205171
990052153030205171
990052153070205171
990052153140205171
990052153170205171
990052153210205171
990052153220205171
990052153250205171
990052153270205171
990052153290205171
990052153300205171
990052153360205171
990052153410205171
990052153420205171
990052153460205171
990052153610205171
990052153640205171
990052153680205171
990052153690205171
990052153710205171
990052153730205171
990052153740205171
990052153860205171
990052153940205171
990052154030205171
990052154530205171
990052155370205171
990052155620205171
990052155880205171
990052155890205171
990052156140205171
990052156450205171
990052156470205171
990052156590205171
990052156640205171
990052156820205171
990052156990205171
990052157050205171
990052157090205171
990052157100205171
990052157360205171
990052157620205171
990052157700205171
990052157710205171
990052157720205171
990052157750205171
990052157890205171
990052157930205171
990052158010205171
990052158020205171
990052158060205171
990052158070205171
990052158080205171
990052158120205171
990052158250205171
990052158320205171
990052158520205171
990052158540205171
990052158550205171
990052158560205171
990052158570205171
990052158630205171
990052158650205171
990052158780205171
990052158870205171
990052158880205171
990052158900205171
990052158910205171
990052158920205171
990052158960205171
990052158980205171
990052159030205171
990052159090205171
990052159110205171
990052159120205171
990052159210205171
990052159470205171
990052159540205171
990052159570205171
990052159620205171
990052159770205171
990052160210205171
990052160270205171
990052160300205171
990052160390205171
990052160580205171
990052161150205171
990052161200205171
990052161280205171
990052161340205171
990052161410205171
990052161620205171
990052161860205171
990052161870205171
990052161900205171
990052161920205171
990052162080205171
990052162450205171
990052162610205171
990052162850205171
990052162940205171
990052163190205171
990052163220205171
990052163240205171
990052163330205171
990052163560205171
990052163660205171
990052163840205171
990052163930205171
990052164000205171
990052164070205171
990052164130205171
990052164290205171
990052164570205171
990052164660205171
990052164720205171
990052165020205171
990052165030205171
990052165500205171
990052166190205171
990052166560205171
990052166720205171
990052166760205171
990052166790205171
990052166930205171
990052167070205171
990052167180205171
990052167290205171
990052167360205171
990052167680205171
990052167790205171
990052168060205171
990052168120205171
990052168280205171
990052168290205171
990052168310205171
990052168470205171
990052168550205171
990052168660205171
990052168680205171
990052168690205171
990052168700205171
990052168740205171
990052168750205171
990052168960205171
990052169130205171
990052169230205171
990052169240205171
990052169480205171
990052169490205171
990052169650205171
990052169740205171
990052169830205171
990052169970205171
990052169990205171
990052170160205171
990052170240205171
990052170380205171
990052170460205171
990052170530205171
990052170680205171
990052170720205171
990052170840205171
990052170900205171
990052170910205171
990052170980205171
990052171070205171
990052171160205171
990052171190205171
990052171290205171
990052171340205171
990052171410205171
990052172040205171
990052172150205171
990052172160205171
990052172570205171
990052172580205171
990052172720205171
990052172730205171
990052172850205171
990052172980205171
990052173190205171
990052173260205171
990052173290205171
990052173520205171
990052173850205171
990052173870205171
990052174220205171
990052174290205171
990052174400205171
990052174460205171
990052174560205171
990052174800205171
990052174860205171
990052174870205171
990052174900205171
990052174930205171
990052175210205171
990052175220205171
990052175250205171
990052175260205171
990052175440205171
990052175490205171
990052175520205171
990052175590205171
990052175860205171
990052176330205171
990052176490205171
990052176500205171
990052176540205171
990052176580205171
990052176850205171
990052176980205171
990052177070205171
990052177550205171
990052177960205171
990052178460205171
990052178570205171
990052178760205171
990052179560205171
990052179950205171
990052179970205171
990052180050205171
990052180090205171
990052180540205171
990052180730205171
990052180820205171
990052180950205171
990052181010205171
990052181070205171
990052181160205171
990052181400205171
990052181570205171
990052181880205171
990052182250205171
990052182440205171
990052182920205171
990052183370205171
990052183390205171
990052183560205171
990052183610205171
990052183750205171
990052184130205171
990052184390205171
990052184500205171
990052184610205171
990052184660205171
990052184710205171
990052184740205171
990052184970205171
990052185180205171
990052185850205171
990052185880205171
990052185900205171
990052186120205171
990052186140205171
990052186280205171
990052186480205171
990052186860205171
990052186880205171
990052187030205171
990052187340205171
990052187360205171
990052187400205171
990052187450205171
990052187960205171
990052188330205171
990052188490205171
990052188500205171
990052188940205171
990052189190205171
990052189320205171
990052189360205171
990052189370205171
990052189890205171
990052190470205171
990052190550205171
990052190610205171
990052190860205171
990052191260205171
990052191280205171
990052191880205171
990052192120205171
990052192450205171
990052192490205171
990052192510205171
990052192790205171
990052193230205171
990052193430205171
990052194420205171
990052194600205171
990052194660205171
990052194960205171
990052194970205171
990052194980205171
990052194990205171
990052195070205171
990052195450205171
990052195470205171
990052195600205171
990052195610205171
990052195630205171
990052195780205171
990052196020205171
990052196060205171
990052196250205171
990052196290205171
990052196310205171
990052196880205171
990052197040205171
990052197500205171
990052197590205171
990052197810205171
990052198190205171
990052198540205171
990052198570205171
990052198900205171
990052199150205171
990052199260205171
990052199330205171
990052199350205171
990052199590205171
990052200450205171
990052200480205171
990052200750205171
990052201610205171
990052201620205171
990052201630205171
990052201750205171
990052201970205171
990052202010205171
990052202230205171
990052202340205171
990052202440205171
990052203070205171
990052203190205171
990052203330205171
990052203430205171
990052203530205171
990052203660205171
990052203810205171
990052204040205171
990052204050205171
990052204370205171
990052204740205171
990052205100205171
990052205910205171
990052205970205171
990052206130205171
990052206220205171
990052206420205171
990052206630205171
990052206750205171
990052207710205171
990052207850205171
990052208710205171
990052208770205171
990052208900205171
990052209250205171
990052209290205171
990052209740205171
990052210060205171
990052210090205171
990052210100205171
990052210460205171
990052210510205171
990052210530205171
990052210590205171
990052210620205171
990052210810205171
990052210830205171
990052210840205171
990052210990205171
990052211050205171
990052211120205171
990052211160205171
990052211280205171
990052211560205171
990052211760205171
990052212490205171
990052212800205171
990052213080205171
990052213130205171
990052213300205171
990052213440205171
990052214350205171
990052214500205171
990052215510205171
990052215560205171
990052215600205171
990052215620205171
990052215630205171
990052215810205171
990052215820205171
990052216270205171
990052216480205171
990052216570205171
990052216900205171
990052217220205171
990052217590205171
990052217770205171
990052217930205171
990052218000205171
990052218080205171
990052218090205171
990052218240205171
990052218820205171
990052219450205171
990052219950205171
990052220020205171
990052220180205171
990052220680205171
990052221010205171
990052221220205171
990052221260205171
990052221280205171
990052221440205171
990052221840205171
990052221920205171
990052221930205171
990052222140205171
990052222350205171
990052222570205171
990052222580205171
990052222790205171
990052223320205171
990052223380205171
990052223450205171
990052223570205171
990052223870205171
990052223880205171
990052223930205171
990052223980205171
990052224220205171
990052225010205171
990052225280205171
990052225690205171
990052225820205171
990052226040205171
990052226090205171
990052226120205171
990052226400205171
990052226460205171
990052226550205171
990052227000205171
990052227090205171
990052227170205171
990052227420205171
990052227450205171
990052227470205171
990052227510205171
990052227660205171
990052227690205171
990052227810205171
990052227840205171
990052227900205171
990052227940205171
990052228030205171
990052228110205171
990052228180205171
990052228270205171
990052228290205171
990052228910205171
990052228980205171
990052229070205171
990052229080205171
990052229170205171
990052229200205171
990052229230205171
990052229320205171
990052229350205171
990052229770205171
990052229780205171
990052229860205171
990052229910205171
990052229920205171
990052230060205171
990052230070205171
990052230100205171
990052230160205171
990052230180205171
990052230420205171
990052230610205171
990052230640205171
990052230720205171
990052230770205171
990052231460205171
990052231520205171
990052231540205171
990052231550205171
990052232000205171
990052232190205171
990052232280205171
990052232770205171
990052232880205171
990052233160205171
990052233200205171
990052233440205171
990052233450205171
990052233580205171
990052233630205171
990052233640205171
990052233880205171
990052233890205171
990052234260205171
990052234470205171
990052234510205171
990052234580205171
990052234610205171
990052234640205171
990052234710205171
990052234910205171
990052235200205171
990052235680205171
990052235690205171
990052235860205171
990052235980205171
990052236050205171
990052236120205171
990052236130205171
990052236270205171
990052236420205171
990052236590205171
990052236650205171
990052236670205171
990052236820205171
990052237050205171
990052237090205171
990052237120205171
990052237340205171
990052237350205171
990052237380205171
990052237490205171
990052237500205171
990052237580205171
990052237700205171
990052237850205171
990052237870205171
990052237930205171
990052238010205171
990052238080205171
990052238200205171
990052238260205171
990052238420205171
990052238480205171
990052238740205171
990052238820205171
990052238860205171
990052238940205171
990052238980205171
990052239040205171
990052239140205171
990052239150205171
990052239160205171
990052239200205171
990052239230205171
990052239340205171
990052239350205171
990052239490205171
990052239540205171
990052239550205171
990052239620205171
990052239670205171
990052239880205171
990052239940205171
990052239950205171
990052239960205171
990052239980205171
990052239990205171
990052240000205171
990052240010205171
990052240080205171
990052240220205171
990052240480205171
990052240520205171
990052240560205171
990052240740205171
990052240770205171
990052240860205171
990052240980205171
990052241060205171
990052241210205171
990052241470205171
990052241510205171
990052241610205171
990052242030205171
990052242110205171
990052242190205171
990052242220205171
990052242310205171
990052242330205171
990052242410205171
990052242590205171
990052242750205171
990052242780205171
990052242830205171
990052243010205171
990052243040205171
990052243080205171
990052243120205171
990052243200205171
990052243240205171
990052243560205171
990052243650205171
990052243680205171
990052243710205171
990052243760205171
990052243860205171
990052244100205171
990052244160205171
990052244210205171
990052244440205171
990052244450205171
990052244470205171
990052244520205171
990052244590205171
990052244660205171
990052244800205171
990052245010205171
990052245120205171
990052245130205171
990052245150205171
990052245250205171
990052245290205171
990052245390205171
990052245460205171
990052245700205171
990052245800205171
990052245950205171
990052246250205171
990052246460205171
990052246580205171
990052246820205171
990052246830205171
990052246860205171
990052246870205171
990052246880205171
990052246930205171
990052247080205171
990052247180205171
990052247190205171
990052247280205171
990052247370205171
990052247400205171
990052247420205171
990052247430205171
990052247560205171
990052247570205171
990052247620205171
990052247630205171
990052247650205171
990052247660205171
990052247670205171
990052247850205171
990052247870205171
990052248140205171
990052248190205171
990052248210205171
990052248220205171
990052248350205171
990052248460205171
990052248640205171
990052248660205171
990052248710205171
990052248790205171
990052248940205171
990052248960205171
990052249010205171
990052249040205171
990052249070205171
990052249130205171
990052249270205171
990052249390205171
990052249440205171
990052249510205171
990052249620205171
990052249670205171
990052249940205171
990052249950205171
990052249990205171
990052250000205171
990052250080205171
990052250170205171
990052250470205171
990052250520205171
990052250770205171
990052250780205171
990052250820205171
990052250870205171
990052250880205171
990052250890205171
990052250920205171
990052250930205171
990052250950205171
990052251070205171
990052251080205171
990052251120205171
990052251140205171
990052251150205171
990052251190205171
990052251200205171
990052251260205171
990052251450205171
990052251490205171
990052251540205171
990052251560205171
990052251630205171
990052251670205171
990052251720205171
990052251780205171
990052251790205171
990052251930205171
990052251940205171
990052251950205171
990052252210205171
990052252220205171
990052252260205171
990052252310205171
990052252320205171
990052252380205171
990052252500205171
990052252560205171
990052252570205171
990052252580205171
990052252860205171
990052252910205171
990052253100205171
990052253110205171
990052253150205171
990052253160205171
990052253230205171
990052253300205171
990052253340205171
990052253420205171
990052253470205171
990052253540205171
990052253590205171
990052253640205171
990052253650205171
990052253700205171
990052253710205171
990052253750205171
990052253760205171
990052253790205171
990052253930205171
990052254150205171
990052254160205171
990052254200205171
990052254220205171
990052254260205171
990052254290205171
990052254350205171
990052254360205171
990052254420205171
990052254430205171
990052254520205171
990052254530205171
990052254590205171
990052254600205171
990052254610205171
990052254720205171
990052254760205171
990052254770205171
990052254840205171
990052254850205171
990052254970205171
990052255050205171
990052255100205171
990052255230205171
990052255250205171
990052255260205171
990052255280205171
990052255370205171
990052255430205171
990052255500205171
990052255530205171
990052255550205171
990052255650205171
990052255730205171
990052255740205171
990052255760205171
990052255770205171
990052255780205171
990052255810205171
990052255820205171
990052255970205171
990052256040205171
990052256200205171
990052256240205171
990052256370205171
990052256380205171
990052256410205171
990052256520205171
990052256590205171
990052256610205171
990052256660205171
990052256750205171
990052256760205171
990052256780205171
990052256790205171
990052256810205171
990052256930205171
990052257010205171
990052257020205171
990052257050205171
990052257070205171
990052257120205171
990052257130205171
990052257140205171
990052257170205171
990052257280205171
990052257340205171
990052257360205171
990052257370205171
990052257380205171
990052257540205171
990052257810205171
990052257910205171
990052257920205171
990052257930205171
990052258020205171
990052258160205171
990052258290205171
990052258450205171
990052258510205171
990052258570205171
990052258730205171
990052258840205171
990052258880205171
990052258930205171
990052259210205171
990052259270205171
990052259410205171
990052259450205171
990052259490205171
990052259650205171
990052259660205171
990052259690205171
990052259790205171
990052259820205171
990052259860205171
990052259870205171
990052259970205171
990052260120205171
990052260230205171
990052260310205171
990052260530205171
990052260580205171
990052260630205171
990052260640205171
990052260660205171
990052260700205171
990052260740205171
990052260770205171
990052260830205171
990052260870205171
990052261000205171
990052261010205171
990052261080205171
990052261110205171
990052261120205171
990052261130205171
990052261190205171
990052261210205171
990052261250205171
990052261330205171
990052261590205171
990052261610205171
990052261630205171
990052261690205171
990052261840205171
990052261890205171
990052262050205171
990052262080205171
990052262120205171
990052262130205171
990052262140205171
990052262160205171
990052262260205171
990052262280205171
990052262320205171
990052262470205171
990052262500205171
990052262690205171
990052262740205171
990052262750205171
990052262830205171
990052262870205171
990052262940205171
990052262960205171
990052262980205171
990052262990205171
990052263000205171
990052263010205171
990052263100205171
990052263150205171
990052263170205171
990052263220205171
990052263250205171
990052263260205171
990052263280205171
990052263300205171
990052263400205171
990052263480205171
990052263510205171
990052263600205171
990052263690205171
990052263720205171
990052263730205171
990052263780205171
990052263800205171
990052263820205171
990052263830205171
990052263840205171
990052263900205171
990052263950205171
990052264090205171
990052264290205171
990052264300205171
990052264370205171
990052264450205171
990052264490205171
990052264540205171
990052264730205171
990052264750205171
990052264840205171
990052264950205171
990052264960205171
990052264970205171
990052265130205171
990052265320205171
990052265380205171
990052265440205171
990052265450205171
990052265620205171
990052265680205171
990052265720205171
990052265860205171
990052265970205171
990052265990205171
990052266150205171
990052266330205171
990052266400205171
990052266450205171
990052266510205171
990052266580205171
990052266610205171
990052266690205171
990052266710205171
990052266770205171
990052266800205171
990052266840205171
990052266860205171
990052266930205171
990052267190205171
990052267210205171
990052267280205171
990052267290205171
990052267360205171
990052267460205171
990052267600205171
990052267740205171
990052267760205171
990052267990205171
990052268030205171
990052268090205171
990052268180205171
990052268220205171
990052268280205171
990052268290205171
990052268520205171
990052268560205171
990052268670205171
990052268870205171
990052268890205171
990052268920205171
990052268940205171
990052268950205171
990052269130205171
990052269170205171
990052269270205171
990052269340205171
990052269480205171
990052269520205171
990052269540205171
990052269600205171
990052269610205171
990052269630205171
990052269740205171
990052269850205171
990052269910205171
990052270110205171
990052270170205171
990052270280205171
990052270350205171
990052270500205171
990052270560205171
990052270610205171
990052270740205171
990052270900205171
990052271050205171
990052271220205171
990052271230205171
990052271330205171
990052271400205171
990052271460205171
990052271520205171
990052271560205171
990052271590205171
990052271740205171
990052271780205171
990052271800205171
990052271830205171
990052271850205171
990052272170205171
990052272230205171
990052272270205171
990052272280205171
990052272320205171
990052272540205171
990052272670205171
990052272740205171
990052272760205171
990052272780205171
990052272920205171
990052272970205171
990052273060205171
990052273090205171
990052273100205171
990052273150205171
990052273170205171
990052273280205171
990052273360205171
990052273370205171
990052273390205171
990052273460205171
990052273510205171
990052273520205171
990052273550205171
990052273560205171
990052273570205171
990052273690205171
990052273720205171
990052273780205171
990052273820205171
990052273830205171
990052273940205171
990052273960205171
990052274130205171
990052274240205171
990052274300205171
990052274330205171
990052274340205171
990052274370205171
990052274480205171
990052274670205171
990052274710205171
990052274720205171
990052274730205171
990052274950205171
990052275100205171
990052275210205171
990052275240205171
990052275270205171
990052275470205171
990052275480205171
990052275570205171
990052275780205171
990052276040205171
990052276190205171
990052276310205171
990052276430205171
990052276440205171
990052276500205171
990052276510205171
990052276550205171
990052276700205171
990052276730205171
990052276740205171
990052276840205171
990052276980205171
990052276990205171
990052277010205171
990052277030205171
990052277040205171
990052277060205171
990052277130205171
990052277150205171
990052277190205171
990052277230205171
990052277250205171
990052277310205171
990052277450205171
990052277540205171
990052277620205171
990052277630205171
990052277650205171
990052277660205171
990052277670205171
990052277690205171
990052277780205171
990052277860205171
990052277870205171
990052277910205171
990052277970205171
990052278010205171
990052278030205171
990052278050205171
990052278080205171
990052278110205171
990052278120205171
990052278200205171
990052278210205171
990052278230205171
990052278320205171
990052278380205171
990052278440205171
990052278450205171
990052278480205171
990052278510205171
990052278590205171
990052278600205171
990052278620205171
990052278660205171
990052278670205171
990052278690205171
990052278700205171
990052278750205171
990052278760205171
990052278810205171
990052278850205171
990052278870205171
990052278920205171
990052278980205171
990052279030205171
990052279100205171
990052279120205171
990052279190205171
990052279270205171
990052279440205171
990052279450205171
990052279580205171
990052279630205171
990052279640205171
990052279660205171
990052279670205171
990052279680205171
990052279730205171
990052279780205171
990052279790205171
990052279800205171
990052279860205171
990052280040205171
990052280060205171
990052280120205171
990052280250205171
990052280300205171
990052280420205171
990052280440205171
990052280570205171
990052280590205171
990052280620205171
990052280650205171
990052280710205171
990052280730205171
990052280790205171
990052280830205171
990052280850205171
990052280870205171
990052281080205171
990052281120205171
990052281250205171
990052281310205171
990052281510205171
990052281560205171
990052281900205171
990052282010205171
990052282080205171
990052282090205171
990052282120205171
990052282130205171
990052282140205171
990052282150205171
990052282200205171
990052282210205171
990052282220205171
990052282240205171
990052282250205171
990052282280205171
990052282290205171
990052282330205171
990052282360205171
990052282370205171
990052282440205171
990052282450205171
990052282460205171
990052282570205171
990052282580205171
990052282670205171
990052282790205171
990052282830205171
990052282920205171
990052282960205171
990052282970205171
990052282980205171
990052282990205171
990052283000205171
990052283030205171
990052283080205171
990052283090205171
990052283130205171
990052283180205171
990052283300205171
990052283390205171
990052283420205171
990052283440205171
990052283460205171
990052283500205171
990052283530205171
990052283610205171
990052283640205171
990052283700205171
990052283760205171
990052283800205171
990052283850205171
990052283880205171
990052283930205171
990052284010205171
990052284040205171
990052284050205171
990052284070205171
990052284150205171
990052284180205171
990052284190205171
990052284290205171
990052284330205171
990052284430205171
990052284450205171
990052284470205171
990052284620205171
990052284650205171
990052284800205171
990052284830205171
990052284890205171
990052284900205171
990052284930205171
990052284950205171
990052284990205171
990052285050205171
990052285080205171
990052285110205171
990052285160205171
990052285200205171
990052285210205171
990052285280205171
990052285320205171
990052285330205171
990052285350205171
990052285360205171
990052285370205171
990052285380205171
990052285390205171
990052285450205171
990052285580205171
990052285720205171
990052285750205171
990052285770205171
990052285800205171
990052285820205171
990052285830205171
990052285890205171
990052285900205171
990052286000205171
990052286030205171
990052286060205171
990052286070205171
990052286100205171
990052286150205171
990052286190205171
990052286240205171
990052286250205171
990052286290205171
990052286310205171
990052286320205171
990052286350205171
990052286360205171
990052286370205171
990052286390205171
990052286400205171
990052286410205171
990052286430205171
990052286450205171
990052286460205171
990052286470205171
990052286480205171
990052286560205171
990052286570205171
990052286620205171
990052286630205171
990052286690205171
990052286770205171
990052286910205171
990052286930205171
990052286940205171
990052287100205171
990052287270205171
990052287330205171
990052287350205171
990052287360205171
990052287380205171
990052287390205171
990052287540205171
990052287600205171
990052287690205171
990052287720205171
990052287810205171
990052287890205171
990052287930205171
990052287940205171
990052288000205171
990052288010205171
990052288080205171
990052288100205171
990052288110205171
990052288120205171
990052288130205171
990052288150205171
990052288390205171
990052288410205171
990052288440205171
990052288530205171
990052288570205171
990052288590205171
990052288620205171
990052288630205171
990052288770205171
990052289140205171
990052289170205171
990052289240205171
990052289280205171
990052289330205171
990052289360205171
990052289410205171
990052289450205171
990052289460205171
990052289580205171
990052289610205171
990052289620205171
990052289630205171
990052289820205171
990052289940205171
990052289950205171
990052290020205171
990052290180205171
990052290210205171
990052290240205171
990052290300205171
990052290350205171
990052290410205171
990052290420205171
990052290440205171
990052290630205171
990052290650205171
990052290690205171
990052290820205171
990052290830205171
990052290900205171
990052291000205171
990052291120205171
990052291210205171
990052291220205171
990052291230205171
990052291240205171
990052291300205171
990052291360205171
990052291440205171
990052291540205171
990052291660205171
990052291840205171
990052291980205171
990052292080205171
990052292260205171
990052292460205171
990052292480205171
990052292530205171
990052292600205171
990052292610205171
990052292660205171
990052292670205171
990052292680205171
990052292690205171
990052292870205171
990052292950205171
990052293080205171
990052293100205171
990052293110205171
990052293150205171
990052293280205171
990052293400205171
990052293420205171
990052293440205171
990052293500205171
990052293630205171
990052293640205171
990052293680205171
990052293730205171
990052293770205171
990052293780205171
990052293930205171
990052294160205171
990052294180205171
990052294190205171
990052294200205171
990052294250205171
990052294320205171
990052294340205171
990052294350205171
990052294440205171
990052294500205171
990052294620205171
990052294630205171
990052294690205171
990052294710205171
990052294800205171
990052294820205171
990052294850205171
990052294910205171
990052294970205171
990052294980205171
990052294990205171
990052295000205171
990052295020205171
990052295030205171
990052295110205171
990052295150205171
990052295280205171
990052295290205171
990052295310205171
990052295340205171
990052295420205171
990052295430205171
990052295550205171
990052295590205171
990052295620205171
990052295640205171
990052295690205171
990052295700205171
990052295730205171
990052295750205171
990052295760205171
990052295800205171
990052295910205171
990052295920205171
990052295950205171
990052296020205171
990052296040205171
990052296080205171
990052296110205171
990052296180205171
990052296190205171
990052296250205171
990052296270205171
990052296280205171
990052296310205171
990052296350205171
990052296470205171
990052296490205171
990052296630205171
990052296690205171
990052296710205171
990052296720205171
990052296760205171
990052296800205171
990052296810205171
990052296820205171
990052296860205171
990052296930205171
990052296950205171
990052296970205171
990052296990205171
990052297030205171
990052297060205171
990052297070205171
990052297110205171
990052297170205171
990052297260205171
990052297270205171
990052297310205171
990052297350205171
990052297370205171
990052297420205171
990052297440205171
990052297460205171
990052297520205171
990052297580205171
990052297630205171
990052297650205171
990052297780205171
990052297810205171
990052297830205171
990052297900205171
990052297970205171
990052298040205171
990052298290205171
990052298300205171
990052298330205171
990052298350205171
990052298360205171
990052298420205171
990052298480205171
990052298490205171
990052298520205171
990052298600205171
990052298610205171
990052298630205171
990052298670205171
990052298760205171
990052298780205171
990052298810205171
990052298840205171
990052298870205171
990052298910205171
990052298920205171
990052299000205171
990052299010205171
990052299040205171
990052299050205171
990052299080205171
990052299090205171
990052299100205171
990052299110205171
990052299160205171
990052299180205171
990052299210205171
990052299220205171
990052299290205171
990052299300205171
990052299360205171
990052299460205171
990052299560205171
990052299690205171
990052299700205171
990052299770205171
990052299780205171
990052299790205171
990052299810205171
990052299850205171
990052299940205171
990052300090205171
990052300110205171
990052300120205171
990052300130205171
990052300460205171
990052301350205171
990052301970205171
990052302110205171
990052303140205171
990052305160205171
990052305480205171
990052305550205171
990052305560205171
990052307040205171
990052307080205171
990052307460205171
990052307640205171
990052307740205171
990052308400205171
990052309060205171
990052310170205171
990052310380205171
990052310390205171
990052310480205171
990052312380205171
990052312600205171
990052312690205171
990052313770205171
990052313790205171
990052313810205171
990052313920205171
990052314870205171
990052316140205171
990052316820205171
990052317050205171
990052317430205171
990052318860205171
990052318870205171
990052318880205171
990052320290205171
990052320300205171
990052320320205171
990052320330205171
990052320340205171
990052320400205171
990052320650205171
990052322300205171
990052322760205171
990052322810205171
990052323420205171
990052323850205171
990052324190205171
990052324510205171
990052324520205171
990052324540205171
990052324550205171
990052324660205171
990052324830205171
990052325090205171
990052325340205171
990052325720205171
990052326010205171
990052326220205171
990052326270205171
990052328110205171
990052328790205171
990052328810205171
990052328850205171
990052328940205171
990052328960205171
990052328970205171
990052328980205171
990052329860205171
990052332130205171
990052332160205171
990052333030205171
990052333060205171
990052333550205171
990052334240205171
990052334340205171
990052334430205171
990052334890205171
990052335730205171
990052335740205171
990052336580205171
990052336590205171
990052337480205171
990052338110205171
990052339270205171
990052339710205171
990052339870205171
990052339910205171
990052339940205171
990052340000205171
990052340210205171
990052340260205171
990052340640205171
990052340700205171
990052340710205171
990052343150205171
990052343620205171
990052343690205171
990052344210205171
990052344280205171
990052344360205171
990052344410205171
990052344520205171
990052344710205171
990052345110205171
990052345120205171
990052345660205171
990052345800205171
990052346030205171
990052347190205171
990052347820205171
990052347990205171
990052348330205171
990052348520205171
990052348530205171
990052348650205171
990052348660205171
990052348730205171
990052348760205171
990052348940205171
990052349150205171
990052349440205171
990052349450205171
990052349900205171
990052349970205171
990052349980205171
990052350610205171
990052350990205171
990052351000205171
990052351020205171
990052351040205171
990052351050205171
990052351140205171
990052351260205171
990052351290205171
990052351440205171
990052351450205171
990052351460205171
990052351490205171
990052351500205171
990052351580205171
990052351630205171
990052352020205171
990052352360205171
990052352440205171
990052352530205171
990052352680205171
990052352720205171
990052352970205171
990052353030205171
990052353050205171
990052353100205171
990052353180205171
990052353250205171
990052353390205171
990052353430205171
990052353440205171
990052353450205171
990052353480205171
990052353570205171
990052353590205171
990052353620205171
990052353630205171
990052353690205171
990052353730205171
990052353770205171
990052353890205171
990052353940205171
990052354010205171
990052354020205171
990052354290205171
990052354370205171
990052354380205171
990052354710205171
990052354740205171
990052355010205171
990052355090205171
990052355100205171
990052355110205171
990052355190205171
990052355260205171
990052355290205171
990052355320205171
990052355350205171
990052355410205171
990052355460205171
990052355990205171
990052356060205171
990052356070205171
990052356180205171
990052356200205171
990052356280205171
990052356320205171
990052356330205171
990052356340205171
990052356410205171
990052356530205171
990052356560205171
990052356760205171
990052356780205171
990052356800205171
990052356820205171
990052356970205171
990052357050205171
990052357080205171
990052357110205171
990052357130205171
990052357140205171
990052357340205171
990052357370205171
990052357420205171
990052357550205171
990052357620205171
990052357680205171
990052357740205171
990052357760205171
990052357770205171
990052357830205171
990052357840205171
990052357930205171
990052358200205171
990052358350205171
990052358640205171
990052358680205171
990052358690205171
990052358850205171
990052358860205171
990052358870205171
990052358880205171
990052358920205171
990052358930205171
990052359010205171
990052359030205171
990052359140205171
990052359210205171
990052359230205171
990052359330205171
990052359350205171
990052359380205171
990052359440205171
990052359480205171
990052359520205171
990052359530205171
990052359550205171
990052359620205171
990052359670205171
990052359730205171
990052359950205171
990052360040205171
990052360360205171
990052360490205171
990052360520205171
990052360530205171
990052360540205171
990052360630205171
990052360660205171
990052360700205171
990052360710205171
990052360720205171
990052360740205171
990052360750205171
990052360760205171
990052360840205171
990052361020205171
990052361070205171
990052361120205171
990052361130205171
990052361140205171
990052361160205171
990052361190205171
990052361200205171
990052361470205171
990052361490205171
990052361550205171
990052361680205171
990052361720205171
990052361740205171
990052361800205171
990052361840205171
990052361880205171
990052361980205171
990052362050205171
990052362110205171
990052362360205171
990052362380205171
990052362400205171
990052362480205171
990052362710205171
990052362810205171
990052362910205171
990052362990205171
990052363030205171
990052363090205171
990052363220205171
990052363270205171
990052363290205171
990052363330205171
990052363380205171
990052363420205171
990052363440205171
990052363520205171
990052363600205171
990052363660205171
990052363670205171
990052363710205171
990052363730205171
990052363740205171
990052363760205171
990052363780205171
990052363820205171
990052363870205171
990052363930205171
990052363990205171
990052364000205171
990052364080205171
990052364130205171
990052364180205171
990052364200205171
990052364260205171
990052364330205171
990052364470205171
990052364590205171
990052364640205171
990052364670205171
990052364700205171
990052364810205171
990052364820205171
990052364860205171
990052364880205171
990052364980205171
990052365070205171
990052365110205171
990052365120205171
990052365170205171
990052365190205171
990052365210205171
990052365280205171
990052365300205171
990052365310205171
990052365320205171
990052365330205171
990052365340205171
990052365350205171
990052365360205171
990052365380205171
990052365430205171
990052365540205171
990052365560205171
990052365570205171
990052365600205171
990052365610205171
990052365620205171
990052365690205171
990052365700205171
990052365740205171
990052365760205171
990052365780205171
990052365850205171
990052365910205171
990052365920205171
990052365950205171
990052365960205171
990052365980205171
990052366010205171
990052366110205171
990052366150205171
990052366270205171
990052366310205171
990052366330205171
990052366380205171
990052366460205171
990052366500205171
990052366620205171
990052366660205171
990052366750205171
990052366850205171
990052366860205171
990052366970205171
990052367000205171
990052367180205171
990052367250205171
990052367320205171
990052367330205171
990052367390205171
990052367490205171
990052367500205171
990052367550205171
990052367570205171
990052367600205171
990052367650205171
990052367680205171
990052367720205171
990052367760205171
990052367800205171
990052367900205171
990052367910205171
990052367980205171
990052368010205171
990052368070205171
990052368130205171
990052368180205171
990052368250205171
990052368440205171
990052368450205171
990052368460205171
990052368570205171
990052368600205171
990052368610205171
990052368640205171
990052368660205171
990052368680205171
990052368730205171
990052368750205171
990052368800205171
990052368960205171
990052369040205171
990052369060205171
990052369070205171
990052369130205171
990052369250205171
990052369270205171
990052369360205171
990052369420205171
990052369450205171
990052369480205171
990052369520205171
990052369530205171
990052369640205171
990052369820205171
990052369900205171
990052369950205171
990052369990205171
990052370000205171
990052370020205171
990052370030205171
990052370090205171
990052370100205171
990052370110205171
990052370170205171
990052370180205171
990052370190205171
990052370330205171
990052370430205171
990052370640205171
990052370710205171
990052370910205171
990052370930205171
990052371050205171
990052371150205171
990052371160205171
990052371270205171
990052371290205171
990052371360205171
990052371410205171
990052371430205171
990052371440205171
990052371470205171
990052371550205171
990052371580205171
990052371620205171
990052371710205171
990052371730205171
990052371810205171
990052371840205171
990052371880205171
990052371890205171
990052371950205171
990052372510205171
990052372520205171
990052372590205171
990052372610205171
990052372660205171
990052372730205171
990052372770205171
990052372880205171
990052372900205171
990052372930205171
990052372940205171
990052373210205171
990052373440205171
990052373450205171
990052373540205171
990052373620205171
990052373630205171
990052373660205171
990052373680205171
990052373750205171
990052373800205171
990052374140205171
990052374200205171
990052374390205171
990052374510205171
990052374630205171
990052374800205171
990052374910205171
990052375230205171
990052375270205171
990052375280205171
990052375370205171
990052375410205171
990052375450205171
990052375460205171
990052375580205171
990052375630205171
990052375640205171
990052375800205171
990052375850205171
990052376030205171
990052376060205171
990052376120205171
990052376130205171
990052376370205171
990052376440205171
990052376450205171
990052376480205171
990052376510205171
990052376530205171
990052376570205171
990052376590205171
990052376600205171
990052376610205171
990052376620205171
990052376630205171
990052376640205171
990052376670205171
990052376780205171
990052376800205171
990052376870205171
990052377030205171
990052377050205171
990052377100205171
990052377120205171
990052377210205171
990052377270205171
990052377280205171
990052377300205171
990052377340205171
990052377360205171
990052377450205171
990052377540205171
990052377550205171
990052377570205171
990052377580205171
990052377590205171
990052377600205171
990052377750205171
990052377760205171
990052377770205171
990052378150205171
990052378260205171
990052378580205171
990052378620205171
990052378780205171
990052378870205171
990052378970205171
990052379020205171
990052379030205171
990052379050205171
990052379080205171
990052379130205171
990052379140205171
990052379150205171
990052379180205171
990052379380205171
990052379550205171
990052379690205171
990052379710205171
990052379740205171
990052379770205171
990052379800205171
990052379810205171
990052379820205171
990052379840205171
990052379900205171
990052379910205171
990052379980205171
990052380000205171
990052380100205171
990052380120205171
990052380130205171
990052380140205171
990052380150205171
990052380180205171
990052380240205171
990052380320205171
990052380350205171
990052380430205171
990052380440205171
990052380470205171
990052380480205171
990052380580205171
990052380620205171
990052380650205171
990052380660205171
990052380750205171
990052380780205171
990052380810205171
990052380820205171
990052380830205171
990052380840205171
990052380930205171
990052380970205171
990052381010205171
990052381110205171
990052381180205171
990052381200205171
990052381260205171
990052381270205171
990052381290205171
990052381400205171
990052381520205171
990052381590205171
990052381680205171
990052381750205171
990052381760205171
990052381790205171
990052381860205171
990052381880205171
990052381890205171
990052381900205171
990052381960205171
990052381980205171
990052382020205171
990052382070205171
990052382170205171
990052382210205171
990052382240205171
990052382260205171
990052382340205171
990052382350205171
990052382540205171
990052382590205171
990052382650205171
990052382680205171
990052382750205171
990052382760205171
990052382770205171
990052382780205171
990052382790205171
990052382800205171
990052382860205171
990052382880205171
990052382890205171
990052382910205171
990052382950205171
990052383020205171
990052383030205171
990052383080205171
990052383260205171
990052383380205171
990052383400205171
990052383410205171
990052383480205171
990052383500205171
990052383610205171
990052383650205171
990052383700205171
990052383740205171
990052383750205171
990052383760205171
990052383880205171
990052383950205171
990052383960205171
990052383990205171
990052384030205171
990052384260205171
990052384270205171
990052384320205171
990052384360205171
990052384420205171
990052384550205171
990052384560205171
990052384570205171
990052384580205171
990052384610205171
990052384630205171
990052384650205171
990052384690205171
990052384760205171
990052384830205171
990052384840205171
990052384860205171
990052384900205171
990052385090205171
990052385130205171
990052385170205171
990052385310205171
990052385460205171
990052385470205171
990052385530205171
990052385550205171
990052385560205171
990052385570205171
990052385580205171
990052385680205171
990052385780205171
990052385880205171
990052385970205171
990052385980205171
990052386040205171
990052386060205171
990052386140205171
990052386160205171
990052386200205171
990052386260205171
990052386320205171
990052386360205171
990052386390205171
990052386440205171
990052386460205171
990052386470205171
990052386530205171
990052386570205171
990052386580205171
990052386640205171
990052386690205171
990052386720205171
990052386730205171
990052386740205171
990052386750205171
990052386770205171
990052386780205171
990052386800205171
990052386810205171
990052386830205171
990052386840205171
990052386870205171
990052386880205171
990052386890205171
990052386980205171
990052387050205171
990052387060205171
990052387070205171
990052387130205171
990052387140205171
990052387180205171
990052387200205171
990052387220205171
990052387300205171
990052387460205171
990052387560205171
990052387670205171
990052387680205171
990052387690205171
990052387710205171
990052387760205171
990052387810205171
990052387840205171
990052387860205171
990052387890205171
990052387900205171
990052387920205171
990052387940205171
990052387950205171
990052387990205171
990052388000205171
990052388010205171
990052388050205171
990052388060205171
990052388120205171
990052388190205171
990052388280205171
990052388320205171
990052388330205171
990052388340205171
990052388390205171
990052388400205171
990052388420205171
990052388450205171
990052388490205171
990052388540205171
990052388550205171
990052388660205171
990052388730205171
990052388760205171
990052388800205171
990052388850205171
990052388860205171
990052389000205171
990052389030205171
990052389040205171
990052389050205171
990052389150205171
990052389170205171
990052389190205171
990052389260205171
990052389300205171
990052389340205171
990052389370205171
990052389380205171
990052389390205171
990052389420205171
990052389470205171
990052389490205171
990052389570205171
990052389580205171
990052389600205171
990052389650205171
990052389660205171
990052389700205171
990052389750205171
990052389760205171
990052389770205171
990052389780205171
990052389800205171
990052389920205171
990052389990205171
990052390030205171
990052390070205171
990052390300205171
990052390380205171
990052390630205171
990052391080205171
990052391110205171
990052391170205171
990052391200205171
990052391300205171
990052391350205171
990052391440205171
990052391450205171
990052391580205171
990052391630205171
990052391680205171
990052391690205171
990052391960205171
990052392090205171
990052392210205171
990052392320205171
990052392360205171
990052392470205171
990052392540205171
990052392570205171
990052392600205171
990052392610205171
990052392630205171
990052392660205171
990052392780205171
990052392790205171
990052392800205171
990052392810205171
990052392830205171
990052392840205171
990052392850205171
990052393090205171
990052393140205171
990052393330205171
990052393440205171
990052393480205171
990052393490205171
990052393500205171
990052393510205171
990052393520205171
990052393600205171
990052393610205171
990052393620205171
990052393630205171
990052393730205171
990052393760205171
990052393770205171
990052393800205171
990052393840205171
990052393850205171
990052393970205171
990052394000205171
990052394020205171
990052394060205171
990052394080205171
990052394150205171
990052394200205171
990052394250205171
990052394290205171
990052394330205171
990052394340205171
990052394400205171
990052394410205171
990052394450205171
990052394520205171
990052394530205171
990052394650205171
990052394720205171
990052394880205171
990052394920205171
990052394970205171
990052394980205171
990052394990205171
990052395030205171
990052395050205171
990052395100205171
990052395150205171
990052395290205171
990052395370205171
990052395460205171
990052395470205171
990052395510205171
990052395520205171
990052395530205171
990052395540205171
990052395560205171
990052395610205171
990052395710205171
990052395730205171
990052395780205171
990052395860205171
990052395880205171
990052395950205171
990052395980205171
990052395990205171
990052396000205171
990052396070205171
990052396080205171
990052396090205171
990052396100205171
990052396170205171
990052396210205171
990052396270205171
990052396390205171
990052396400205171
990052396440205171
990052396460205171
990052396480205171
990052396490205171
990052396570205171
990052396690205171
990052396700205171
990052396810205171
990052396820205171
990052396840205171
990052396850205171
990052396860205171
990052396880205171
990052396900205171
990052396910205171
990052396960205171
990052396970205171
990052397010205171
990052397030205171
990052397080205171
990052397090205171
990052397110205171
990052397130205171
990052397150205171
990052397180205171
990052397190205171
990052397220205171
990052397240205171
990052397250205171
990052397290205171
990052397310205171
990052397370205171
990052397430205171
990052397440205171
990052397470205171
990052397490205171
990052397520205171
990052397540205171
990052397580205171
990052397590205171
990052397600205171
990052397670205171
990052397680205171
990052397690205171
990052397700205171
990052397710205171
990052397740205171
990052397770205171
990052397840205171
990052397850205171
990052397860205171
990052397870205171
990052397880205171
990052397950205171
990052397960205171
990052397970205171
990052398020205171
990052398090205171
990052398110205171
990052398120205171
990052398260205171
990052398290205171
990052398320205171
990052398350205171
990052398370205171
990052398390205171
990052398400205171
990052398410205171
990052398440205171
990052398490205171
990052398520205171
990052398620205171
990052398650205171
990052398680205171
990052398710205171
990052398720205171
990052398730205171
990052398740205171
990052398870205171
990052398880205171
990052398940205171
990052398990205171
990052399010205171
990052399090205171
990052399120205171
990052399140205171
990052399160205171
990052399220205171
990052399270205171
990052399290205171
990052399330205171
990052399350205171
990052399360205171
990052399430205171
990052399450205171
990052399480205171
990052399560205171
990052399780205171
990052399890205171
990052399930205171
990052400080205171
990052400110205171
990052400190205171
990052400200205171
990052400330205171
990052400350205171
990052400400205171
990052400470205171
990052400480205171
990052400520205171
990052400530205171
990052400630205171
990052400660205171
990052400730205171
990052400760205171
990052400910205171
990052400960205171
990052401010205171
990052401080205171
990052401100205171
990052401190205171
990052401250205171
990052401290205171
990052401310205171
990052401450205171
990052401550205171
990052401560205171
990052401610205171
990052401670205171
990052401700205171
990052401720205171
990052401830205171
990052401870205171
990052401900205171
990052401950205171
990052401970205171
990052402030205171
990052402050205171
990052402130205171
990052402170205171
990052402220205171
990052402260205171
990052402270205171
990052402280205171
990052402290205171
990052402310205171
990052402340205171
990052402380205171
990052402500205171
990052402510205171
990052402520205171
990052402540205171
990052402560205171
990052402590205171
990052402610205171
990052402630205171
990052402640205171
990052402650205171
990052402660205171
990052402690205171
990052402710205171
990052402720205171
990052402760205171
990052402800205171
990052402830205171
990052402920205171
990052402970205171
990052402980205171
990052402990205171
990052403000205171
990052403010205171
990052403080205171
990052403090205171
990052403100205171
990052403180205171
990052403190205171
990052403210205171
990052403220205171
990052403230205171
990052403260205171
990052403270205171
990052403280205171
990052403360205171
990052403390205171
990052403400205171
990052403410205171
990052403450205171
990052403530205171
990052403570205171
990052403580205171
990052403650205171
990052403660205171
990052403670205171
990052403680205171
990052403700205171
990052403710205171
990052403720205171
990052403730205171
990052403790205171
990052403810205171
990052403840205171
990052403900205171
990052403920205171
990052403930205171
990052403940205171
990052403950205171
990052403960205171
990052403980205171
990052404040205171
990052404080205171
990052404090205171
990052404100205171
990052404190205171
990052404220205171
990052404230205171
990052404250205171
990052404270205171
990052404280205171
990052404300205171
990052404310205171
990052404360205171
990052404500205171
990052404520205171
990052404530205171
990052404540205171
990052404550205171
990052404560205171
990052404590205171
990052404600205171
990052404710205171
990052404750205171
990052404760205171
990052404780205171
990052404800205171
990052404840205171
990052404880205171
990052404920205171
990052404960205171
990052404970205171
990052404980205171
990052405010205171
990052405040205171
990052405050205171
990052405150205171
990052405160205171
990052405210205171
990052405250205171
990052405290205171
990052405300205171
990052405310205171
990052405350205171
990052405370205171
990052405410205171
990052405440205171
990052405450205171
990052405480205171
990052405490205171
990052405580205171
990052405610205171
990052405620205171
990052405650205171
990052405680205171
990052405740205171
990052405760205171
990052405780205171
990052405790205171
990052405830205171
990052405850205171
990052405890205171
990052405920205171
990052405930205171
990052405980205171
990052406080205171
990052406090205171
990052406100205171
990052406110205171
990052406130205171
990052406140205171
990052406160205171
990052406180205171
990052406190205171
990052406210205171
990052406240205171
990052406350205171
990052406370205171
990052406510205171
990052406580205171
990052406590205171
990052406660205171
990052406710205171
990052406730205171
990052406950205171
990052406990205171
990052407030205171
990052407060205171
990052407140205171
990052407180205171
990052407290205171
990052407350205171
990052407360205171
990052407420205171
990052407460205171
990052407490205171
990052407500205171
990052407560205171
990052407590205171
990052407620205171
990052407630205171
990052407690205171
990052407700205171
990052407710205171
990052407910205171
990052407930205171
990052407960205171
990052407970205171
990052407980205171
990052408020205171
990052408060205171
990052408070205171
990052408100205171
990052408150205171
990052408160205171
990052408200205171
990052408210205171
990052408220205171
990052408240205171
990052408260205171
990052408310205171
990052408390205171
990052408430205171
990052408470205171
990052408540205171
990052408550205171
990052408630205171
990052408710205171
990052408770205171
990052408800205171
990052408820205171
990052408840205171
990052408850205171
990052408870205171
990052408900205171
990052408910205171
990052408940205171
990052408960205171
990052408990205171
990052409060205171
990052409070205171
990052409090205171
990052409110205171
990052409150205171
990052409200205171
990052409210205171
990052409240205171
990052409350205171
990052409370205171
990052409580205171
990052409600205171
990052409640205171
990052409660205171
990052409700205171
990052409720205171
990052409790205171
990052409800205171
990052409850205171
990052409860205171
990052409880205171
990052409900205171
990052409910205171
990052409960205171
990052409970205171
990052409990205171
990052410010205171
990052410060205171
990052410070205171
990052410090205171
990052410100205171
990052410110205171
990052410130205171
990052410160205171
990052410210205171
990052410240205171
990052410290205171
990052410300205171
990052410310205171
990052410350205171
990052410360205171
990052410410205171
990052410460205171
990052410480205171
990052410490205171
990052410510205171
990052410560205171
990052410580205171
990052410600205171
990052410620205171
990052410670205171
990052410690205171
990052410700205171
990052410710205171
990052410760205171
990052410780205171
990052410830205171
990052410850205171
990052410870205171
990052410920205171
990052410950205171
990052410960205171
990052410970205171
990052410980205171
990052411000205171
990052411010205171
990052411040205171
990052411050205171
990052411060205171
990052411070205171
990052411110205171
990052411240205171
990052411250205171
990052411370205171
990052411390205171
990052411400205171
990052411420205171
990052411430205171
990052411550205171
990052411560205171
990052411620205171
990052411660205171
990052411680205171
990052411730205171
990052411740205171
990052411750205171
990052411810205171
990052411830205171
990052411850205171
990052411870205171
990052411900205171
990052411920205171
990052411930205171
990052411980205171
990052412060205171
990052412100205171
990052412110205171
990052412130205171
990052412210205171
990052412690205171
990052412720205171
990052412740205171
990052412750205171
990052412760205171
990052412780205171
990052412790205171
990052412820205171
990052412830205171
990052412890205171
990052412920205171
990052412930205171
990052412950205171
990052413010205171
990052413020205171
990052413050205171
990052413060205171
990052413070205171
990052413180205171
990052413220205171
990052413240205171
990052413250205171
990052413280205171
990052413320205171
990052413360205171
990052413370205171
990052413390205171
990052413400205171
990052413450205171
990052413550205171
990052413570205171
990052413590205171
990052413600205171
990052413610205171
990052413780205171
990052414000205171
990052414080205171
990052414230205171
990052414570205171
990052414580205171
990052414660205171
990052414670205171
990052414680205171
990052414700205171
990052414780205171
990052414800205171
990052414830205171
990052415030205171
990052415080205171
990052415180205171
990052415200205171
990052415250205171
990052415260205171
990052415330205171
990052415600205171
990052415620205171
990052415740205171
990052415750205171
990052415920205171
990052415960205171
990052416000205171
990052416010205171
990052416020205171
990052416060205171
990052416070205171
990052416080205171
990052416130205171
990052416140205171
990052416150205171
990052416170205171
990052416180205171
990052416750205171
990052416760205171
990052416770205171
990052416780205171
990052416800205171
990052416840205171
990052416900205171
990052416930205171
990052416940205171
990052416950205171
990052417030205171
990052417050205171
990052417070205171
990052417080205171
990052417140205171
990052417150205171
990052417170205171
990052417190205171
990052417220205171
990052417230205171
990052417250205171
990052417280205171
990052417340205171
990052417360205171
990052417380205171
990052417390205171
990052417440205171
990052417450205171
990052417460205171
990052417490205171
990052417540205171
990052417560205171
990052417580205171
990052417630205171
990052417640205171
990052417650205171
990052417730205171
990052417750205171
990052417770205171
990052417790205171
990052417800205171
990052417810205171
990052417820205171
990052417840205171
990052417890205171
990052417910205171
990052417920205171
990052417940205171
990052417950205171
990052417960205171
990052417990205171
990052418020205171
990052418040205171
990052418060205171
990052418110205171
990052418130205171
990052418160205171
990052418210205171
990052418250205171
990052418270205171
990052418350205171
990052418360205171
990052418380205171
990052418400205171
990052418430205171
990052418560205171
990052418570205171
990052418680205171
990052418720205171
990052418740205171
990052418760205171
990052418770205171
990052418780205171
990052418790205171
990052418800205171
990052418820205171
990052418850205171
990052418860205171
990052418870205171
990052418920205171
990052418950205171
990052418960205171
990052418980205171
990052418990205171
990052419000205171
990052419010205171
990052419020205171
990052419030205171
990052419040205171
990052419050205171
990052419060205171
990052419070205171
990052419080205171
990052419100205171
990052419110205171
990052419130205171
990052419140205171
990052419160205171
990052419180205171
990052419210205171
990052419240205171
990052419250205171
990052419260205171
990052419290205171
990052419320205171
990052419340205171
990052419360205171
990052419440205171
990052419460205171
990052419470205171
990052419500205171
990052419520205171
990052419530205171
990052419550205171
990052419560205171
990052419580205171
990052419590205171
990052419610205171
990052419640205171
990052419670205171
990052419780205171
990052419830205171
990052419840205171
990052419850205171
990052419900205171
990052419910205171
990052419940205171
990052419950205171
990052419960205171
990052419980205171
990052420010205171
990052420020205171
990052420070205171
990052420080205171
990052420100205171
990052420150205171
990052420170205171
990052420190205171
990052420230205171
990052420260205171
990052420300205171
990052420310205171
990052420320205171
990052420350205171
990052420360205171
990052420370205171
990052420410205171
990052420430205171
990052420500205171
990052420530205171
990052420580205171
990052420590205171
990052420620205171
990052420630205171
990052420650205171
990052420660205171
990052420680205171
990052420690205171
990052420780205171
990052420810205171
990052420840205171
990052420970205171
990052421050205171
990052421080205171
990052421110205171
990052421230205171
990052421250205171
990052421340205171
990052421410205171
990052421470205171
990052421500205171
990052421550205171
990052421560205171
990052421580205171
990052421600205171
990052421620205171
990052421630205171
990052421660205171
990052421700205171
990052421720205171
990052421750205171
990052421830205171
990052421840205171
990052421860205171
990052421900205171
990052421950205171
990052422020205171
990052422030205171
990052422040205171
990052422060205171
990052422070205171
990052422090205171
990052422170205171
990052422180205171
990052422200205171
990052422280205171
990052422370205171
990052422470205171
990052422550205171
990052422600205171
990052422710205171
990052422760205171
990052422790205171
990052422840205171
990052422850205171
990052423180205171
990052423230205171
990052423240205171
990052423300205171
990052423420205171
990052423430205171
990052423480205171
990052423490205171
990052423540205171
990052423590205171
990052423600205171
990052423610205171
990052423620205171
990052423630205171
990052423650205171
990052423690205171
990052423700205171
990052423730205171
990052423750205171
990052423770205171
990052423780205171
990052423790205171
990052423800205171
990052423810205171
990052423840205171
990052423860205171
990052423870205171
990052423890205171
990052423900205171
990052423910205171
990052423920205171
990052423980205171
990052423990205171
990052424000205171
990052424010205171
990052424150205171
990052424160205171
990052424170205171
990052424180205171
990052424200205171
990052424210205171
990052424300205171
990052424350205171
990052424400205171
990052424470205171
990052424490205171
990052424500205171
990052424570205171
990052424730205171
990052424740205171
990052424860205171
990052424870205171
990052424930205171
990052424940205171
990052424990205171
990052425020205171
990052425050205171
990052425110205171
990052425190205171
990052425200205171
990052425210205171
990052425240205171
990052425280205171
990052425330205171
990052425360205171
990052425390205171
990052425400205171
990052425460205171
990052425510205171
990052425580205171
990052425740205171
990052425800205171
990052425910205171
990052425920205171
990052425930205171
990052425980205171
990052426120205171
990052426140205171
990052426230205171
990052426430205171
990052426570205171
990052426580205171
990052426620205171
990052426660205171
990052426670205171
990052426730205171
990052426770205171
990052426890205171
990052426900205171
990052426990205171
990052427270205171
990052427340205171
990052427360205171
990052427370205171
990052427410205171
990052427450205171
990052427490205171
990052427540205171
990052427560205171
990052427580205171
990052427600205171
990052427610205171
990052427640205171
990052427650205171
990052427660205171
990052427680205171
990052427750205171
990052427770205171
990052427840205171
990052427850205171
990052427870205171
990052427930205171
990052427970205171
990052427990205171
990052428000205171
990052428040205171
990052428080205171
990052428090205171
990052428160205171
990052428170205171
990052428180205171
990052428190205171
990052428200205171
990052428210205171
990052428220205171
990052428260205171
990052428300205171
990052428340205171
990052428350205171
990052428360205171
990052428430205171
990052428560205171
990052428800205171
990052428830205171
990052428850205171
990052428860205171
990052428930205171
990052428950205171
990052428970205171
990052428980205171
990052429010205171
990052429110205171
990052429160205171
990052429220205171
990052429280205171
990052429290205171
990052429300205171
990052429320205171
990052429390205171
990052429460205171
990052429470205171
990052429480205171
990052429490205171
990052429510205171
990052429530205171
990052429540205171
990052429570205171
990052429590205171
990052429600205171
990052429610205171
990052429640205171
990052429650205171
990052429680205171
990052429700205171
990052429760205171
990052429770205171
990052429780205171
990052429790205171
990052429810205171
990052429850205171
990052429860205171
990052429900205171
990052429910205171
990052429920205171
990052429940205171
990052430000205171
990052430020205171
990052430060205171
990052430100205171
990052430150205171
990052430160205171
990052430180205171
990052430240205171
990052430260205171
990052431770205171
990052431780205171
990052431790205171
990052431800205171
990052431810205171
990052431820205171
990052431830205171
990052431840205171
990052431850205171
990052431860205171
990052431870205171
990052431880205171
990052431890205171
990052431900205171
990052431910205171
990052431920205171
990052431930205171
990052431940205171
990052431950205171
990052431960205171
990052431980205171
990052431990205171
990052432030205171
990052432040205171
990052432050205171
990052432340205171
990052432350205171
990052432360205171
990052432370205171
990052432390205171
990052432440205171
990052432650205171
990052432710205171
990052432740205171
990052432950205171
990052433190205171
990052433270205171
990052433330205171
990052433370205171
990052433390205171
990052433400205171
990052433410205171
990052433550205171
990052433560205171
990052433590205171
990052433630205171
990052434080205171
990052434090205171
990052434130205171
990052434150205171
990052434160205171
990052434170205171
990052434190205171
990052434200205171
990052434210205171
990052434220205171
990052434230205171
990052434240205171
990052434250205171
990052434260205171
990052434360205171
990052434430205171
990052434450205171
990052434740205171
990052434810205171
990052434970205171
990052434980205171
990052434990205171
990052435000205171
990052435010205171
990052435020205171
990052435030205171
990052435050205171
990052435060205171
990052435070205171
990052435100205171
990052435110205171
990052435120205171
990052435130205171
990052435140205171
990052435150205171
990052435160205171
990052435170205171
990052435180205171
990052435190205171
990052435200205171
990052435210205171
990052435220205171
990052435230205171
990052435490205171
990052435500205171
990052435510205171
990052435520205171
990052435530205171
990052435540205171
990052435550205171
990052435560205171
990052435570205171
990052435580205171
990052435590205171
990052435600205171
990052435610205171
990052435620205171
990052435630205171
990052435640205171
990052435650205171
990052435660205171
990052435670205171
990052435680205171
990052435690205171
990052435700205171
990052435710205171
990052435720205171
990052435730205171
990052435740205171
990052435750205171
990052435760205171
990052435770205171
990052435780205171
990052435790205171
990052435800205171
990052435810205171
990052435820205171
990052435940205171
990052435950205171
990052435960205171
990052435970205171
990052435980205171
990052435990205171
990052436000205171
990052436010205171
990052436020205171
990052436030205171
990052436050205171
990052436070205171
990052436080205171
990052436090205171
990052436100205171
990052436110205171
990052436120205171
990052436130205171
990052436140205171
990052436150205171
990052436160205171
990052436170205171
990052436180205171
990052436210205171
990052436230205171
990052436240205171
990052436250205171
990052436260205171
990052436420205171
990052436430205171
990052436620205171
990052436750205171
990052437130205171
990052437150205171
990052437160205171
990052437170205171
990052437180205171
990052437320205171
990052437330205171
990052437340205171
990052437380205171
990052437390205171
990052437470205171
990052437550205171
990052437570205171
990052437700205171
990052437790205171
990052437830205171
990052437850205171
990052437860205171
990052437870205171
990052437950205171
990052437990205171
990052438000205171
990052438010205171
990052438240205171
990052438310205171
990052438320205171
990052438330205171
990052438340205171
990052438350205171
990052438360205171
990052438370205171
990052438380205171
990052438460205171
990052438490205171
990052438510205171
990052438530205171
990052438550205171
990052438560205171
990052438610205171
990052438620205171
990052438730205171
990052438740205171
990052438750205171
990052438760205171
990052438770205171
990052438780205171
990052438800205171
990052438810205171
990052438920205171
990052438930205171
990052438970205171
990052439070205171
990052439090205171
990052439110205171
990052439120205171
990052439140205171
990052439150205171
990052439190205171
990052439520205171
990052439870205171
990052440190205171
990052441120205171
990052441340205171
990052441350205171
990052441480205171
990052442400205171
990052442610205171
990052442700205171
990052442780205171
990052442930205171
990052443030205171
990052443150205171
990052443190205171
990052443230205171
990052443430205171
990052443450205171
990052443510205171
990052443550205171
990052443760205171
990052443780205171
990052443790205171
990052443820205171
990052443840205171
990052443870205171
990052443920205171
990052443980205171
990052444030205171
990052444040205171
990052444090205171
990052444150205171
990052444690205171
990052444700205171
990052444770205171
990052444910205171
990052445170205171
990052445180205171
990052445190205171
990052445200205171
990052445210205171
990052445220205171
990052445230205171
990052445240205171
990052445250205171
990052445260205171
990052445270205171
990052445280205171
990052445290205171
990052445300205171
990052445310205171
990052445320205171
990052445330205171
990052445340205171
990052445350205171
990052445370205171
990052445380205171
990052445390205171
990052445400205171
990052445410205171
990052445420205171
990052445430205171
990052445440205171
990052445450205171
990052445470205171
990052445480205171
990052445500205171
990052445520205171
990052445540205171
990052445560205171
990052445580205171
990052445600205171
990052445630205171
990052445650205171
990052445670205171
990052445690205171
990052445710205171
990052445730205171
990052445750205171
990052445770205171
990052445790205171
990052445810205171
990052445830205171
990052445850205171
990052445860205171
990052445870205171
990052445880205171
990052445890205171
990052445900205171
990052445920205171
990052445940205171
990052445960205171
990052445980205171
990052446000205171
990052446020205171
990052446040205171
990052446060205171
990052446080205171
990052446100205171
990052446120205171
990052446140205171
990052446160205171
990052446180205171
990052446200205171
990052446220205171
990052446240205171
990052446260205171
990052446280205171
990052446300205171
990052446320205171
990052446340205171
990052446360205171
990052446380205171
990052446400205171
990052446420205171
990052446440205171
990052446460205171
990052446490205171
990052446510205171
990052446540205171
990052446560205171
990052446580205171
990052446600205171
990052446620205171
990052446650205171
990052446700205171
990052446720205171
990052446740205171
990052446770205171
990052446800205171
990052446820205171
990052446840205171
990052446860205171
990052446880205171
990052446910205171
990052446930205171
990052446950205171
990052446970205171
990052446990205171
990052447010205171
990052447030205171
990052447060205171
990052447090205171
990052447120205171
990052447140205171
990052447160205171
990052447180205171
990052447200205171
990052447220205171
990052447240205171
990052447260205171
990052447280205171
990052447300205171
990052447320205171
990052447340205171
990052447360205171
990052447380205171
990052447400205171
990052447420205171
990052447440205171
990052447460205171
990052447480205171
990052447490205171
990052447500205171
990052447510205171
990052447520205171
990052447530205171
990052447540205171
990052447550205171
990052447560205171
990052447570205171
990052447580205171
990052447590205171
990052447600205171
990052447610205171
990052447620205171
990052447630205171
990052447640205171
990052447650205171
990052447660205171
990052447670205171
990052447680205171
990052447690205171
990052447700205171
990052447710205171
990052447720205171
990052447730205171
990052447740205171
990052447750205171
990052447760205171
990052447770205171
990052447780205171
990052447790205171
990052447800205171
990052447810205171
990052447820205171
990052447830205171
990052447840205171
990052447850205171
990052447860205171
990052447870205171
990052447880205171
990052447890205171
990052447900205171
990052447910205171
990052447920205171
990052447930205171
990052447940205171
990052447950205171
990052447960205171
990052447970205171
990052447980205171
990052447990205171
990052448000205171
990052448010205171
990052448020205171
990052448030205171
990052448040205171
990052448050205171
990052448060205171
990052477340205171
990052477570205171
990052489110205171
990052489130205171
990052489180205171
990052489250205171
990052489330205171
990052489470205171
990052518450205171
990052521670205171
990052521760205171
990052521860205171
990052702620205171
990052703820205171
990052717420205171
990052773820205171
990052901860205171
990052999540205171
990053000880205171
990053000910205171
990053000930205171
990053000950205171
990053000970205171
990053000990205171
990053001010205171
990053001030205171
990053001050205171
990053001070205171
990053001090205171
990053001110205171
990053001130205171
990053001150205171
990053001170205171
990053001190205171
990053001210205171
990053001230205171
990053001250205171
990053001270205171
990053001290205171
990053001310205171
990053001330205171
990053001350205171
990053001370205171
990053001390205171
990053001410205171
990053001430205171
990053001450205171
990053001470205171
990053001490205171
990053001510205171
990053001530205171
990053001550205171
990053001570205171
990053001590205171
990053001610205171
990053001630205171
990053001650205171
990053001670205171
990053001690205171
990053001730205171
990053001750205171
990053001770205171
990053001790205171
990053001810205171
990053001830205171
990053001850205171
990053001870205171
990053001890205171
990053001910205171
990053001930205171
990053001950205171
990053001960205171
990053001980205171
990053002000205171
990053002020205171
990053002040205171
990053002060205171
990053002080205171
990053002100205171
990053002120205171
990053002130205171
990053002150205171
990053002160205171
990053002170205171
990053002190205171
990053002210205171
990053002230205171
990053002250205171
990053002270205171
990053002290205171
990053002310205171
990053002330205171
990053002350205171
990053002360205171
990053002380205171
990053002400205171
990053002420205171
990053002430205171
990053002450205171
990053002470205171
990053002490205171
990053002510205171
990053002530205171
990053002550205171
990053002570205171
990053002590205171
990053002610205171
990053002630205171
990053002650205171
990053002670205171
990053002690205171
990053002700205171
990053002710205171
990053002730205171
990053002750205171
990053002770205171
990053002790205171
990053002810205171
990053002830205171
990053002850205171
990053002870205171
990053002890205171
990053002910205171
990053002930205171
990053002950205171
990053002970205171
990053002990205171
990053003010205171
990053003030205171
990053003050205171
990053003070205171
990053003090205171
990053003110205171
990053003130205171
990053003150205171
990053003170205171
990053003190205171
990053003210205171
990053003230205171
990053003250205171
990053003270205171
990053003290205171
990053003310205171
990053003330205171
990053003350205171
990053003370205171
990053003390205171
990053003410205171
990053003430205171
990053003450205171
990053003460205171
990053003480205171
990053003500205171
990053003520205171
990053003540205171
990053003560205171
990053003580205171
990053003600205171
990053003620205171
990053003640205171
990053003660205171
990053003680205171
990053003700205171
990053003720205171
990053003730205171
990053003750205171
990053003770205171
990053003790205171
990053003810205171
990053003830205171
990053003850205171
990053003870205171
990053003890205171
990053003910205171
990053003930205171
990053003950205171
990053003970205171
990053003990205171
990053004010205171
990053004030205171
990053004050205171
990053004070205171
990053004090205171
990053004100205171
990053004110205171
990053004130205171
990053004150205171
990053004170205171
990053004190205171
990053004210205171
990053004230205171
990053004240205171
990053004260205171
990053004280205171
990053004300205171
990053004350205171
990053004380205171
990053004400205171
990053004460205171
990053004830205171
990053004860205171
990053004870205171
990053004890205171
990053004900205171
990053004910205171
990053004920205171
990053004930205171
990053004940205171
990053004950205171
990053004960205171
990053004970205171
990053004980205171
990053004990205171
990053005000205171
990053005020205171
990053005040205171
990053005060205171
990053005080205171
990053005100205171
990053005120205171
990053005140205171
990053005160205171
990053005180205171
990053005200205171
990053005220205171
990053005240205171
990053005260205171
990053005280205171
990053005300205171
990053005320205171
990053005340205171
990053005360205171
990053005380205171
990053005400205171
990053005520205171
990053005540205171
990053005670205171
990053005710205171
990053005770205171
990053005870205171
990053005930205171
990053006030205171
990053006120205171
990053006140205171
990053006180205171
990053006200205171
990053006230205171
990053006360205171
990053006400205171
990053006420205171
990053006500205171
990053006580205171
990053006600205171
990053006630205171
990053006660205171
990053006710205171
990053006880205171
990053007020205171
990053007040205171
990053007140205171
990053007150205171
990053007250205171
990053007260205171
990053007280205171
990053007290205171
990053007300205171
990053007310205171
990053007360205171
990053007440205171
990053007490205171
990053007550205171
990053007560205171
990053007750205171
990053007760205171
990053007800205171
990053007940205171
990053008040205171
990053008050205171
990053008100205171
990053008160205171
990053008200205171
990053008230205171
990053008280205171
990053008440205171
990053009530205171
990053010030205171
990053010060205171
990053010080205171
990053010100205171
990053010110205171
990053010180205171
990053010190205171
990053010330205171
990053010420205171
990053010620205171
990053010700205171
990053010740205171
990053010750205171
990053010820205171
990053010960205171
990053010980205171
990053011540205171
990053011630205171
990053011670205171
990053011710205171
990053011800205171
990053011970205171
990053011980205171
990053012000205171
990053012150205171
990053012200205171
990053012380205171
990053012440205171
990053012450205171
990053012570205171
990053012650205171
990053012700205171
990053012710205171
990053012720205171
990053012730205171
990053012810205171
990053012820205171
990053012830205171
990053012870205171
990053013300205171
990053013450205171
990053013740205171
990053013760205171
990053013820205171
990053014310205171
990053014390205171
990053014450205171
990053014590205171
990053014610205171
990053015470205171
990053015890205171
990053015900205171
990053016180205171
990053016290205171
990053016320205171
990053016330205171
990053016590205171
990053017190205171
990053017240205171
990053017340205171
990053017420205171
990053017510205171
990053017640205171
990053017940205171
990053018420205171
990053018700205171
990053018720205171
990053019060205171
990053019120205171
990053019420205171
990053019450205171
990053019470205171
990053019620205171
990053019630205171
990053019670205171
990053019680205171
990053019750205171
990053019830205171
990053019840205171
990053020020205171
990053020210205171
990053020580205171
990053020780205171
990053021770205171
990053021990205171
990053022080205171
990053022250205171
990053022390205171
990053022650205171
990053022670205171
990053022680205171
990053022710205171
990053022740205171
990053022860205171
990053022890205171
990053023040205171
990053023230205171
990053023430205171
990053023520205171
990053023660205171
990053023710205171
990053023850205171
990053023860205171
990053024020205171
990053024040205171
990053024310205171
990053024370205171
990053024460205171
990053024890205171
990053024920205171
990053025450205171
990053025510205171
990053026010205171
990053026020205171
990053026090205171
990053026120205171
990053026240205171
990053026340205171
990053026450205171
990053026560205171
990053026570205171
990053026580205171
990053026590205171
990053026600205171
990053026610205171
990053026620205171
990053026630205171
990053026640205171
990053026650205171
990053026660205171
990053026670205171
990053026680205171
990053026690205171
990053026700205171
990053026710205171
990053026720205171
990053026730205171
990053026740205171
990053026750205171
990053026760205171
990053026770205171
990053026780205171
990053026790205171
990053026800205171
990053026810205171
990053026820205171
990053026830205171
990053026840205171
990053026850205171
990053026860205171
990053026870205171
990053026880205171
990053026890205171
990053026900205171
990053026910205171
990053026920205171
990053026930205171
990053026940205171
990053026950205171
990053026960205171
990053026970205171
990053026980205171
990053026990205171
990053027000205171
990053027010205171
990053027020205171
990053027030205171
990053027040205171
990053027050205171
990053027060205171
990053027070205171
990053027080205171
990053027090205171
990053027100205171
990053027110205171
990053027120205171
990053027130205171
990053027140205171
990053027150205171
990053027160205171
990053027170205171
990053027180205171
990053027190205171
990053027200205171
990053027210205171
990053027220205171
990053027230205171
990053027240205171
990053027250205171
990053027260205171
990053027270205171
990053027280205171
990053027290205171
990053027300205171
990053027310205171
990053027320205171
990053027330205171
990053027340205171
990053027350205171
990053027360205171
990053027370205171
990053027380205171
990053027390205171
990053027400205171
990053027410205171
990053027420205171
990053027440205171
990053027450205171
990053027460205171
990053027470205171
990053027480205171
990053027490205171
990053027500205171
990053027510205171
990053027520205171
990053027530205171
990053027540205171
990053027550205171
990053027560205171
990053027570205171
990053027580205171
990053027590205171
990053027600205171
990053027610205171
990053027620205171
990053027630205171
990053027640205171
990053027650205171
990053027660205171
990053027670205171
990053027680205171
990053027690205171
990053027700205171
990053027710205171
990053027720205171
990053027730205171
990053027740205171
990053027750205171
990053027760205171
990053027770205171
990053027780205171
990053027790205171
990053027800205171
990053027810205171
990053027820205171
990053027830205171
990053027840205171
990053027850205171
990053027870205171
990053027900205171
990053027910205171
990053027920205171
990053027930205171
990053027950205171
990053027960205171
990053027970205171
990053027980205171
990053027990205171
990053028000205171
990053028020205171
990053028030205171
990053028040205171
990053028050205171
990053028070205171
990053028080205171
990053028090205171
990053028100205171
990053028120205171
990053028130205171
990053028140205171
990053028160205171
990053028170205171
990053028180205171
990053028190205171
990053028200205171
990053028220205171
990053028230205171
990053028280205171
990053028320205171
990053028340205171
990053028350205171
990053028360205171
990053028420205171
990053028430205171
990053028440205171
990053028490205171
990053028500205171
990053028510205171
990053028520205171
990053028530205171
990053028540205171
990053028590205171
990053028600205171
990053028610205171
990053028620205171
990053028630205171
990053028640205171
990053028650205171
990053028660205171
990053028670205171
990053028680205171
990053028690205171
990053028700205171
990053028710205171
990053028720205171
990053028730205171
990053028740205171
990053028750205171
990053028770205171
990053028800205171
990053028810205171
990053028820205171
990053028830205171
990053028840205171
990053028850205171
990053028860205171
990053028870205171
990053028880205171
990053028890205171
990053028900205171
990053028910205171
990053028920205171
990053028930205171
990053028940205171
990053028950205171
990053028960205171
990053028970205171
990053028980205171
990053028990205171
990053029000205171
990053029010205171
990053029020205171
990053029030205171
990053029040205171
990053029050205171
990053029060205171
990053029070205171
990053029080205171
990053029090205171
990053029110205171
990053029120205171
990053029130205171
990053029140205171
990053029150205171
990053029160205171
990053029170205171
990053029180205171
990053029190205171
990053029200205171
990053029210205171
990053029230205171
990053029240205171
990053029250205171
990053029260205171
990053029270205171
990053029280205171
990053029290205171
990053029300205171
990053029310205171
990053029330205171
990053029350205171
990053029370205171
990053029390205171
990053029400205171
990053029410205171
990053029510205171
990053029520205171
990053029530205171
990053029540205171
990053029560205171
990053029570205171
990053029580205171
990053029610205171
990053029620205171
990053029630205171
990053029650205171
990053029660205171
990053029670205171
990053029710205171
990053029720205171
990053029730205171
990053029740205171
990053029750205171
990053029760205171
990053029770205171
990053029800205171
990053029840205171
990053029850205171
990053029870205171
990053029880205171
990053029890205171
990053029910205171
990053029950205171
990053029980205171
990053030000205171
990053030010205171
990053030020205171
990053030030205171
990053030120205171
990053030130205171
990053030140205171
990053030150205171
990053030210205171
990053030220205171
990053030230205171
990053030240205171
990053030250205171
990053030260205171
990053030270205171
990053030280205171
990053030290205171
990053030300205171
990053030310205171
990053030320205171
990053030330205171
990053030340205171
990053030350205171
990053030360205171
990053030370205171
990053030380205171
990053030390205171
990053030400205171
990053030410205171
990053030420205171
990053030430205171
990053030440205171
990053030450205171
990053030460205171
990053030470205171
990053030480205171
990053030510205171
990053030520205171
990053030530205171
990053030540205171
990053030550205171
990053030560205171
990053030570205171
990053030580205171
990053030590205171
990053030600205171
990053030620205171
990053030640205171
990053030660205171
990053030710205171
990053030720205171
990053030740205171
990053030750205171
990053030760205171
990053030770205171
990053030780205171
990053030800205171
990053030810205171
990053030820205171
990053030830205171
990053030850205171
990053030870205171
990053030880205171
990053030890205171
990053030900205171
990053030920205171
990053031010205171
990053031020205171
990053031040205171
990053031050205171
990053031370205171
990053031440205171
990053031490205171
990053031570205171
990053031780205171
990053031790205171
990053031800205171
990053031830205171
990053031860205171
990053031870205171
990053031880205171
990053031900205171
990053031910205171
990053031920205171
990053031930205171
990053031940205171
990053031950205171
990053031960205171
990053031970205171
990053031990205171
990053032010205171
990053032030205171
990053032050205171
990053032060205171
990053032070205171
990053032090205171
990053032120205171
990053032130205171
990053032140205171
990053032150205171
990053032160205171
990053032170205171
990053032180205171
990053032190205171
990053032200205171
990053032210205171
990053032230205171
990053032250205171
990053032270205171
990053032310205171
990053032330205171
990053032350205171
990053032370205171
990053032380205171
990053032390205171
990053032400205171
990053032410205171
990053032420205171
990053032430205171
990053032440205171
990053032450205171
990053032460205171
990053032470205171
990053032480205171
990053032500205171
990053032510205171
990053032520205171
990053032530205171
990053032540205171
990053032550205171
990053032560205171
990053032570205171
990053032580205171
990053032590205171
990053032600205171
990053032610205171
990053032620205171
990053032630205171
990053032640205171
990053032650205171
990053032660205171
990053032670205171
990053032680205171
990053032690205171
990053032700205171
990053032710205171
990053032720205171
990053032730205171
990053032740205171
990053032750205171
990053032760205171
990053032770205171
990053032780205171
990053032790205171
990053032800205171
990053032810205171
990053032820205171
990053032830205171
990053032850205171
990053032860205171
990053032870205171
990053032880205171
990053032920205171
990053032940205171
990053032980205171
990053033000205171
990053033020205171
990053033030205171
990053033040205171
990053033060205171
990053033080205171
990053033100205171
990053033120205171
990053033140205171
990053033160205171
990053033180205171
990053033190205171
990053033200205171
990053033210205171
990053033220205171
990053033230205171
990053033240205171
990053033250205171
990053033260205171
990053033270205171
990053033280205171
990053033290205171
990053033300205171
990053033310205171
990053033320205171
990053033330205171
990053033340205171
990053033350205171
990053033360205171
990053033370205171
990053033380205171
990053033420205171
990053033440205171
990053033460205171
990053033480205171
990053033500205171
990053033540205171
990053033560205171
990053033580205171
990053033590205171
990053033610205171
990053033620205171
990053033630205171
990053033640205171
990053033650205171
990053033660205171
990053033670205171
990053033680205171
990053033690205171
990053033700205171
990053033710205171
990053033720205171
990053033730205171
990053033740205171
990053033750205171
990053033760205171
990053033770205171
990053033780205171
990053033790205171
990053033800205171
990053033810205171
990053033820205171
990053033830205171
990053033840205171
990053033860205171
990053033870205171
990053033890205171
990053033900205171
990053033910205171
990053033930205171
990053033950205171
990053033970205171
990053033990205171
990053034010205171
990053034030205171
990053034050205171
990053034070205171
990053034100205171
990053034110205171
990053034130205171
990053034170205171
990053034190205171
990053034210205171
990053034230205171
990053034250205171
990053034270205171
990053034290205171
990053034310205171
990053034330205171
990053034350205171
990053034370205171
990053034410205171
990053034430205171
990053034440205171
990053034450205171
990053034470205171
990053034490205171
990053034510205171
990053034530205171
990053034550205171
990053034570205171
990053034590205171
990053034610205171
990053034620205171
990053034630205171
990053034650205171
990053034670205171
990053034690205171
990053034710205171
990053034720205171
990053034730205171
990053034750205171
990053034770205171
990053034790205171
990053034810205171
990053034830205171
990053034850205171
990053034890205171
990053034910205171
990053034930205171
990053034950205171
990053034970205171
990053034990205171
990053035010205171
990053035030205171
990053035050205171
990053035070205171
990053035090205171
990053035110205171
990053035130205171
990053035150205171
990053035170205171
990053035190205171
990053035210205171
990053035230205171
990053035250205171
990053035310205171
990053035330205171
990053035350205171
990053035370205171
990053035390205171
990053035430205171
990053035450205171
990053035490205171
990053035510205171
990053035530205171
990053035550205171
990053035570205171
990053035590205171
990053035600205171
990053035610205171
990053035630205171
990053035670205171
990053035690205171
990053035710205171
990053035730205171
990053035750205171
990053035770205171
990053035790205171
990053035810205171
990053035830205171
990053035850205171
990053035870205171
990053035890205171
990053035910205171
990053035930205171
990053035950205171
990053035970205171
990053035990205171
990053036010205171
990053036030205171
990053036050205171
990053036230205171
990053036250205171
990053036270205171
990053036290205171
990053036350205171
990053036370205171
990053036390205171
990053036430205171
990053036500205171
990053036520205171
990053036540205171
990053036560205171
990053036590205171
990053036610205171
990053036620205171
990053036640205171
990053036680205171
990053036690205171
990053036780205171
990053036790205171
990053036800205171
990053036820205171
990053036840205171
990053036860205171
990053036910205171
990053036920205171
990053036930205171
990053036940205171
990053036950205171
990053036970205171
990053036990205171
990053037010205171
990053037020205171
990053037040205171
990053037050205171
990053037060205171
990053037070205171
990053037080205171
990053037090205171
990053037100205171
990053037110205171
990053037130205171
990053037150205171
990053037170205171
990053037180205171
990053037190205171
990053037210205171
990053037230205171
990053037240205171
990053037250205171
990053037270205171
990053037300205171
990053037320205171
990053037340205171
990053037480205171
990053037500205171
990053037620205171
990053037760205171
990053037800205171
990053037820205171
990053037840205171
990053037910205171
990053037920205171
990053037930205171
990053037950205171
990053037960205171
990053037970205171
990053037990205171
990053038000205171
990053038010205171
990053038030205171
990053038040205171
990053038060205171
990053038150205171
990053038170205171
990053038210205171
990053038230205171
990053038250205171
990053038260205171
990053038280205171
990053038290205171
990053038310205171
990053038350205171
990053038380205171
990053038390205171
990053038410205171
990053038420205171
990053038430205171
990053038440205171
990053038460205171
990053038470205171
990053038500205171
990053038580205171
990053038600205171
990053038660205171
990053038740205171
990053038800205171
990053038840205171
990053038860205171
990053038980205171
990053039030205171
990053039050205171
990053039060205171
990053039090205171
990053039100205171
990053039110205171
990053039120205171
990053039150205171
990053039160205171
990053039170205171
990053039190205171
990053039210205171
990053039220205171
990053039230205171
990053039240205171
990053039260205171
990053039270205171
990053039280205171
990053039290205171
990053039300205171
990053039320205171
990053039330205171
990053039340205171
990053039350205171
990053039360205171
990053039380205171
990053039390205171
990053039410205171
990053039430205171
990053039510205171
990053039530205171
990053039580205171
990053039620205171
990053039640205171
990053039660205171
990053039680205171
990053039700205171
990053039720205171
990053039740205171
990053039750205171
990053039760205171
990053039780205171
990053039800205171
990053039840205171
990053039860205171
990053039880205171
990053039900205171
990053039920205171
990053039940205171
990053039960205171
990053040000205171
990053040020205171
990053040040205171
990053040060205171
990053040080205171
990053040100205171
990053040140205171
990053040210205171
990053040290205171
990053040350205171
990053040370205171
990053040390205171
990053040430205171
990053040470205171
990053040490205171
990053040570205171
990053040600205171
990053040610205171
990053040620205171
990053040630205171
990053040640205171
990053040660205171
990053040680205171
990053040690205171
990053040700205171
990053040710205171
990053040720205171
990053040740205171
990053040750205171
990053040770205171
990053040790205171
990053040810205171
990053040870205171
990053040890205171
990053040930205171
990053040940205171
990053040950205171
990053040960205171
990053040970205171
990053040980205171
990053040990205171
990053041000205171
990053041010205171
990053041020205171
990053041030205171
990053041040205171
990053041050205171
990053041060205171
990053041070205171
990053041080205171
990053041090205171
990053041100205171
990053041110205171
990053041120205171
990053041130205171
990053041140205171
990053041150205171
990053041160205171
990053041170205171
990053041180205171
990053041200205171
990053041210205171
990053041220205171
990053041230205171
990053041240205171
990053041250205171
990053041270205171
990053041290205171
990053041310205171
990053041330205171
990053041350205171
990053041370205171
990053041390205171
990053041410205171
990053041430205171
990053041450205171
990053041470205171
990053041490205171
990053041510205171
990053041530205171
990053041550205171
990053041570205171
990053041580205171
990053041590205171
990053041610205171
990053041630205171
990053041650205171
990053041670205171
990053041690205171
990053041710205171
990053041730205171
990053041750205171
990053041790205171
990053041810205171
990053041850205171
990053041870205171
990053041890205171
990053041910205171
990053041930205171
990053041950205171
990053041970205171
990053041990205171
990053042010205171
990053042030205171
990053042070205171
990053042090205171
990053042130205171
990053042150205171
990053042170205171
990053042190205171
990053042210205171
990053042230205171
990053042250205171
990053042270205171
990053042290205171
990053042310205171
990053042350205171
990053042370205171
990053042390205171
990053042410205171
990053042430205171
990053042450205171
990053042470205171
990053042490205171
990053042510205171
990053042550205171
990053042570205171
990053042590205171
990053042610205171
990053042630205171
990053042650205171
990053042670205171
990053042690205171
990053042710205171
990053042730205171
990053042750205171
990053042770205171
990053042790205171
990053042810205171
990053042830205171
990053042850205171
990053042870205171
990053042890205171
990053042910205171
990053042930205171
990053042950205171
990053042970205171
990053042990205171
990053043010205171
990053043030205171
990053043050205171
990053043070205171
990053043090205171
990053043110205171
990053043130205171
990053043150205171
990053043170205171
990053043190205171
990053043210205171
990053043230205171
990053043250205171
990053043270205171
990053043290205171
990053043310205171
990053043330205171
990053043350205171
990053043370205171
990053043390205171
990053043410205171
990053043430205171
990053043450205171
990053043490205171
990053043510205171
990053043530205171
990053043550205171
990053043570205171
990053043590205171
990053043610205171
990053043630205171
990053043650205171
990053043670205171
990053043690205171
990053043710205171
990053043730205171
990053043750205171
990053043770205171
990053043790205171
990053043810205171
990053043830205171
990053043850205171
990053043870205171
990053043890205171
990053043930205171
990053043950205171
990053043970205171
990053043990205171
990053044050205171
990053044070205171
990053044090205171
990053044110205171
990053044120205171
990053044150205171
990053044170205171
990053044210205171
990053044230205171
990053044240205171
990053044250205171
990053044260205171
990053044280205171
990053044290205171
990053044300205171
990053044310205171
990053044320205171
990053044330205171
990053044350205171
990053044390205171
990053044410205171
990053044430205171
990053044450205171
990053044470205171
990053044490205171
990053044510205171
990053044530205171
990053044550205171
990053044570205171
990053044590205171
990053044600205171
990053044610205171
990053044620205171
990053044630205171
990053044650205171
990053044670205171
990053044690205171
990053044710205171
990053044730205171
990053044750205171
990053044770205171
990053044790205171
990053044810205171
990053044830205171
990053044850205171
990053044910205171
990053044930205171
990053044950205171
990053044970205171
990053045010205171
990053045030205171
990053045040205171
990053045050205171
990053045060205171
990053045070205171
990053045090205171
990053045110205171
990053045120205171
990053045130205171
990053045140205171
990053045150205171
990053045160205171
990053045170205171
990053045180205171
990053045190205171
990053045200205171
990053045210205171
990053045220205171
990053045230205171
990053045240205171
990053045260205171
990053045280205171
990053045290205171
990053045300205171
990053045320205171
990053045330205171
990053045340205171
990053045350205171
990053045360205171
990053045370205171
990053045380205171
990053045400205171
990053045410205171
990053045420205171
990053045440205171
990053045460205171
990053045470205171
990053045480205171
990053045500205171
990053045520205171
990053045540205171
990053045610205171
990053045630205171
990053045640205171
990053045660205171
990053045670205171
990053045680205171
990053045690205171
990053045700205171
990053045710205171
990053045720205171
990053045740205171
990053045750205171
990053045780205171
990053045800205171
990053045840205171
990053045860205171
990053045900205171
990053045920205171
990053045980205171
990053045990205171
990053046020205171
990053046030205171
990053046070205171
990053046080205171
990053046090205171
990053046100205171
990053046110205171
990053046120205171
990053046130205171
990053046140205171
990053046150205171
990053046160205171
990053046170205171
990053046180205171
990053046190205171
990053046200205171
990053046210205171
990053046220205171
990053046240205171
990053046250205171
990053046260205171
990053046270205171
990053046280205171
990053046300205171
990053046320205171
990053046330205171
990053046340205171
990053046350205171
990053046370205171
990053046380205171
990053046390205171
990053046400205171
990053046410205171
990053046420205171
990053046440205171
990053046450205171
990053046460205171
990053046470205171
990053046480205171
990053046490205171
990053046500205171
990053046510205171
990053046520205171
990053046530205171
990053046540205171
990053046560205171
990053046580205171
990053046590205171
990053046600205171
990053046610205171
990053046620205171
990053046660205171
990053046680205171
990053046700205171
990053046720205171
990053046740205171
990053046760205171
990053046780205171
990053046800205171
990053046820205171
990053046840205171
990053046860205171
990053046880205171
990053046900205171
990053046920205171
990053046940205171
990053046960205171
990053046980205171
990053047020205171
990053047060205171
990053047080205171
990053047100205171
990053047120205171
990053047140205171
990053047160205171
990053047180205171
990053047220205171
990053047240205171
990053047260205171
990053047280205171
990053047300205171
990053047320205171
990053047340205171
990053047360205171
990053047380205171
990053047400205171
990053047420205171
990053047440205171
990053047480205171
990053047500205171
990053047520205171
990053047540205171
990053047560205171
990053047580205171
990053047600205171
990053047620205171
990053047660205171
990053047680205171
990053047700205171
990053047720205171
990053047740205171
990053047780205171
990053047800205171
990053047820205171
990053047840205171
990053047850205171
990053047860205171
990053047880205171
990053047900205171
990053047940205171
990053047960205171
990053047980205171
990053048000205171
990053048010205171
990053048020205171
990053048030205171
990053048040205171
990053048060205171
990053048070205171
990053048080205171
990053048090205171
990053048100205171
990053048110205171
990053048120205171
990053048140205171
990053048150205171
990053048160205171
990053048180205171
990053048190205171
990053048200205171
990053048210205171
990053048220205171
990053048230205171
990053048240205171
990053048250205171
990053048260205171
990053048270205171
990053048290205171
990053048310205171
990053048330205171
990053048350205171
990053048360205171
990053048390205171
990053048410205171
990053048430205171
990053048450205171
990053048480205171
990053048490205171
990053048500205171
990053048510205171
990053048530205171
990053048550205171
990053048570205171
990053048590205171
990053048610205171
990053048630205171
990053048650205171
990053048670205171
990053048680205171
990053048690205171
990053048700205171
990053048710205171
990053048720205171
990053048740205171
990053048750205171
990053048760205171
990053048770205171
990053048780205171
990053048800205171
990053048810205171
990053048820205171
990053048830205171
990053048840205171
990053048850205171
990053048860205171
990053048890205171
990053048910205171
990053048930205171
990053048950205171
990053048970205171
990053048980205171
990053048990205171
990053049000205171
990053049020205171
990053049040205171
990053049060205171
990053049080205171
990053049100205171
990053049120205171
990053049140205171
990053049160205171
990053049180205171
990053049200205171
990053049220205171
990053049240205171
990053049260205171
990053049280205171
990053049300205171
990053049320205171
990053049340205171
990053049360205171
990053049380205171
990053049400205171
990053049420205171
990053049440205171
990053049460205171
990053049480205171
990053049500205171
990053049520205171
990053049540205171
990053049560205171
990053049600205171
990053049620205171
990053049640205171
990053049660205171
990053049680205171
990053049700205171
990053049720205171
990053049740205171
990053049760205171
990053049780205171
990053049820205171
990053049840205171
990053049860205171
990053049880205171
990053049900205171
990053049920205171
990053049940205171
990053049960205171
990053049980205171
990053050000205171
990053050020205171
990053050040205171
990053050060205171
990053050080205171
990053050100205171
990053050110205171
990053050120205171
990053050130205171
990053050140205171
990053050150205171
990053050160205171
990053050170205171
990053050180205171
990053050190205171
990053050200205171
990053050210205171
990053050220205171
990053050230205171
990053050240205171
990053050250205171
990053050260205171
990053050270205171
990053050280205171
990053050290205171
990053050300205171
990053050310205171
990053050320205171
990053050330205171
990053050340205171
990053050350205171
990053050360205171
990053050380205171
990053050400205171
990053050420205171
990053050460205171
990053050480205171
990053050500205171
990053050520205171
990053050560205171
990053050580205171
990053050600205171
990053050620205171
990053050640205171
990053050660205171
990053050680205171
990053050700205171
990053050720205171
990053050740205171
990053050760205171
990053050800205171
990053050840205171
990053050860205171
990053050870205171
990053050880205171
990053050890205171
990053050900205171
990053050910205171
990053050920205171
990053050930205171
990053050940205171
990053050950205171
990053050970205171
990053050980205171
990053050990205171
990053051000205171
990053051010205171
990053051020205171
990053051030205171
990053051040205171
990053051050205171
990053051060205171
990053051070205171
990053051080205171
990053051090205171
990053051100205171
990053051110205171
990053051120205171
990053051130205171
990053051140205171
990053051150205171
990053051160205171
990053051170205171
990053051180205171
990053051190205171
990053051200205171
990053051210205171
990053051220205171
990053051230205171
990053051250205171
990053051260205171
990053051270205171
990053051280205171
990053051290205171
990053051300205171
990053051310205171
990053051320205171
990053051330205171
990053051350205171
990053051360205171
990053051370205171
990053051380205171
990053051390205171
990053051400205171
990053051410205171
990053051420205171
990053051430205171
990053051460205171
990053051480205171
990053051500205171
990053051520205171
990053051530205171
990053051540205171
990053051550205171
990053051560205171
990053051570205171
990053051580205171
990053051600205171
990053051620205171
990053051640205171
990053051680205171
990053051700205171
990053051720205171
990053051740205171
990053051760205171
990053051780205171
990053051800205171
990053051840205171
990053051860205171
990053051880205171
990053051900205171
990053051910205171
990053051920205171
990053051930205171
990053051940205171
990053051950205171
990053051960205171
990053051970205171
990053051980205171
990053051990205171
990053052000205171
990053052010205171
990053052030205171
990053052040205171
990053052050205171
990053052060205171
990053052070205171
990053052080205171
990053052090205171
990053052100205171
990053052110205171
990053052120205171
990053052130205171
990053052140205171
990053052150205171
990053052170205171
990053052180205171
990053052190205171
990053052200205171
990053052210205171
990053052220205171
990053052230205171
990053052240205171
990053052250205171
990053052260205171
990053052270205171
990053052280205171
990053052290205171
990053052300205171
990053052310205171
990053052320205171
990053052330205171
990053052340205171
990053052350205171
990053052370205171
990053052380205171
990053052390205171
990053052400205171
990053052410205171
990053052420205171
990053052430205171
990053052440205171
990053052450205171
990053052460205171
990053052470205171
990053052490205171
990053052500205171
990053052510205171
990053052520205171
990053052530205171
990053052550205171
990053052570205171
990053052580205171
990053052590205171
990053052600205171
990053052610205171
990053052620205171
990053052630205171
990053052640205171
990053052650205171
990053052660205171
990053052670205171
990053052680205171
990053052690205171
990053052700205171
990053052720205171
990053052740205171
990053052760205171
990053052780205171
990053052800205171
990053052820205171
990053052830205171
990053052840205171
990053052850205171
990053052860205171
990053052870205171
990053052880205171
990053052890205171
990053052900205171
990053052940205171
990053052950205171
990053052970205171
990053052990205171
990053053020205171
990053053040205171
990053053050205171
990053053060205171
990053053070205171
990053053090205171
990053053100205171
990053053110205171
990053053120205171
990053053130205171
990053053140205171
990053053150205171
990053053160205171
990053053170205171
990053053180205171
990053053190205171
990053053200205171
990053053210205171
990053053220205171
990053053230205171
990053053240205171
990053053250205171
990053053260205171
990053053270205171
990053053280205171
990053053290205171
990053053300205171
990053053310205171
990053053320205171
990053053330205171
990053053340205171
990053053350205171
990053053360205171
990053053370205171
990053053380205171
990053053390205171
990053053400205171
990053053410205171
990053053420205171
990053053430205171
990053053450205171
990053053470205171
990053053490205171
990053053510205171
990053053530205171
990053053550205171
990053053570205171
990053053590205171
990053053630205171
990053053670205171
990053053690205171
990053053710205171
990053053730205171
990053053750205171
990053053760205171
990053053770205171
990053053790205171
990053053800205171
990053053810205171
990053053830205171
990053053850205171
990053053870205171
990053053890205171
990053053910205171
990053053930205171
990053053950205171
990053053960205171
990053053970205171
990053054020205171
990053054030205171
990053054050205171
990053054070205171
990053054110205171
990053054150205171
990053054170205171
990053054190205171
990053054210205171
990053054230205171
990053054250205171
990053054270205171
990053054290205171
990053054310205171
990053054330205171
990053054350205171
990053054370205171
990053054390205171
990053054430205171
990053054450205171
990053054470205171
990053054490205171
990053054500205171
990053054520205171
990053054540205171
990053054560205171
990053054580205171
990053054600205171
990053054620205171
990053054640205171
990053054660205171
990053054680205171
990053054700205171
990053054720205171
990053054730205171
990053054760205171
990053054800205171
990053054840205171
990053054860205171
990053054880205171
990053054900205171
990053054920205171
990053054940205171
990053054980205171
990053054990205171
990053055000205171
990053055010205171
990053055020205171
990053055030205171
990053055040205171
990053055050205171
990053055060205171
990053055080205171
990053055100205171
990053055120205171
990053055140205171
990053055160205171
990053055180205171
990053055200205171
990053055220205171
990053055240205171
990053055260205171
990053055280205171
990053055300205171
990053055320205171
990053055340205171
990053055360205171
990053055380205171
990053055400205171
990053055420205171
990053055440205171
990053055460205171
990053055470205171
990053055480205171
990053055490205171
990053055500205171
990053055510205171
990053055520205171
990053055530205171
990053055540205171
990053055550205171
990053055560205171
990053055570205171
990053055580205171
990053055590205171
990053055600205171
990053055610205171
990053055630205171
990053055640205171
990053055650205171
990053055660205171
990053055670205171
990053055680205171
990053055690205171
990053055700205171
990053055710205171
990053055720205171
990053055730205171
990053055740205171
990053055750205171
990053055760205171
990053055770205171
990053055780205171
990053055800205171
990053055820205171
990053055860205171
990053055880205171
990053055890205171
990053055910205171
990053055920205171
990053055940205171
990053055960205171
990053055980205171
990053056000205171
990053056020205171
990053056040205171
990053056060205171
990053056080205171
990053056100205171
990053056120205171
990053056140205171
990053056160205171
990053056180205171
990053056200205171
990053056230205171
990053056260205171
990053056280205171
990053056300205171
990053056320205171
990053056340205171
990053056360205171
990053056370205171
990053056380205171
990053056390205171
990053056400205171
990053056410205171
990053056420205171
990053056430205171
990053056440205171
990053056450205171
990053056460205171
990053056470205171
990053056490205171
990053056500205171
990053056510205171
990053056540205171
990053056560205171
990053056580205171
990053056600205171
990053056610205171
990053056630205171
990053056650205171
990053056670205171
990053056690205171
990053056710205171
990053056730205171
990053056750205171
990053056770205171
990053056800205171
990053056820205171
990053056840205171
990053056860205171
990053056880205171
990053056890205171
990053056910205171
990053056930205171
990053056950205171
990053056970205171
990053056990205171
990053057010205171
990053057020205171
990053057050205171
990053057060205171
990053057080205171
990053057090205171
990053057100205171
990053057110205171
990053057120205171
990053057130205171
990053057170205171
990053057180205171
990053057190205171
990053057200205171
990053057210205171
990053057220205171
990053057230205171
990053057240205171
990053057250205171
990053057260205171
990053057280205171
990053057300205171
990053057320205171
990053057330205171
990053057340205171
990053057350205171
990053057360205171
990053057370205171
990053057390205171
990053057400205171
990053057410205171
990053057420205171
990053057430205171
990053057440205171
990053057450205171
990053057460205171
990053057470205171
990053057480205171
990053057490205171
990053057500205171
990053057510205171
990053057520205171
990053057530205171
990053057540205171
990053057550205171
990053057560205171
990053057580205171
990053057600205171
990053057620205171
990053057660205171
990053057680205171
990053057700205171
990053057720205171
990053057740205171
990053057760205171
990053057780205171
990053057820205171
990053057840205171
990053057860205171
990053057880205171
990053057900205171
990053057920205171
990053057940205171
990053057960205171
990053057980205171
990053058020205171
990053058040205171
990053058060205171
990053058080205171
990053058090205171
990053058100205171
990053058110205171
990053058120205171
990053058130205171
990053058140205171
990053058150205171
990053058190205171
990053058210205171
990053058230205171
990053058290205171
990053058310205171
990053058330205171
990053058350205171
990053058370205171
990053058390205171
990053058400205171
990053058410205171
990053058420205171
990053058430205171
990053058440205171
990053058450205171
990053058460205171
990053058470205171
990053058480205171
990053058500205171
990053058510205171
990053058520205171
990053058530205171
990053058540205171
990053058570205171
990053058590205171
990053058610205171
990053058630205171
990053058650205171
990053058670205171
990053058690205171
990053058710205171
990053058730205171
990053058760205171
990053058770205171
990053058790205171
990053058810205171
990053058840205171
990053058850205171
990053058870205171
990053058890205171
990053058910205171
990053058930205171
990053059010205171
990053059070205171
990053059200205171
990053059260205171
990053059270205171
990053059280205171
990053059300205171
990053059340205171
990053059420205171
990053059440205171
990053059520205171
990053059540205171
990053059620205171
990053059660205171
990053059710205171
990053059790205171
990053060140205171
990053060200205171
990053060270205171
990053060320205171
990053060370205171
990053060390205171
990053060410205171
990053060450205171
990053060480205171
990053060590205171
990053060650205171
990053060660205171
990053060710205171
990053061020205171
990053061060205171
990053061220205171
990053061360205171
990053061380205171
990053061400205171
990053061440205171
990053061460205171
990053061490205171
990053061500205171
990053061520205171
990053061560205171
990053061580205171
990053061640205171
990053061660205171
990053061800205171
990053061840205171
990053061860205171
990053061880205171
990053061900205171
990053061920205171
990053061940205171
990053062060205171
990053062320205171
990053062340205171
990053062360205171
990053062400205171
990053062420205171
990053062440205171
990053062480205171
990053062500205171
990053062520205171
990053062540205171
990053062560205171
990053062580205171
990053062600205171
990053062620205171
990053062910205171
990053063000205171
990053063010205171
990053063020205171
990053063030205171
990053063050205171
990053063060205171
990053063070205171
990053063090205171
990053063160205171
990053063180205171
990053063240205171
990053063300205171
990053063430205171
990053063450205171
990053063470205171
990053063490205171
990053063510205171
990053063530205171
990053063550205171
990053063570205171
990053063580205171
990053063590205171
990053063610205171
990053063630205171
990053063650205171
990053063670205171
990053063690205171
990053063710205171
990053063730205171
990053063740205171
990053063750205171
990053063840205171
990053063960205171
990053063990205171
990053064050205171
990053064070205171
990053064270205171
990053064290205171
990053064310205171
990053064330205171
990053064350205171
990053064360205171
990053064370205171
990053064430205171
990053064450205171
990053064650205171
990053064690205171
990053064700205171
990053064710205171
990053064720205171
990053064730205171
990053064740205171
990053064750205171
990053064760205171
990053064770205171
990053064790205171
990053064810205171
990053064830205171
990053065260205171
990053065470205171
990053065580205171
990053065710205171
990053065730205171
990053065740205171
990053065750205171
990053065760205171
990053065770205171
990053065780205171
990053065790205171
990053065800205171
990053065820205171
990053065840205171
990053065860205171
990053065880205171
990053065900205171
990053065920205171
990053065940205171
990053066270205171
990053066280205171
990053066300205171
990053066350205171
990053066380205171
990053067000205171
990053067020205171
990053067040205171
990053067060205171
990053067080205171
990053067100205171
990053067110205171
990053067130205171
990053067650205171
990053067670205171
990053067690205171
990053067700205171
990053067710205171
990053067730205171
990053067750205171
990053067770205171
990053067790205171
990053067810205171
990053067820205171
990053067850205171
990053067870205171
990053067890205171
990053067910205171
990053067950205171
990053067970205171
990053067980205171
990053067990205171
990053068000205171
990053068020205171
990053068030205171
990053068050205171
990053068070205171
990053068090205171
990053068110205171
990053068130205171
990053068150205171
990053068170205171
990053068180205171
990053068200205171
990053068210205171
990053068230205171
990053068250205171
990053068260205171
990053068270205171
990053068280205171
990053068290205171
990053068300205171
990053068320205171
990053068340205171
990053068360205171
990053068420205171
990053068440205171
990053068480205171
990053068530205171
990053068540205171
990053068570205171
990053068600205171
990053068620205171
990053068640205171
990053068720205171
990053068770205171
990053068780205171
990053068800205171
990053068850205171
990053068870205171
990053068880205171
990053068890205171
990053068910205171
990053068940205171
990053068970205171
990053068980205171
990053069020205171
990053069040205171
990053069080205171
990053069120205171
990053069180205171
990053069200205171
990053069220205171
990053069240205171
990053069280205171
990053069320205171
990053069340205171
990053069360205171
990053069400205171
990053069420205171
990053069440205171
990053069560205171
990053069570205171
990053069580205171
990053069610205171
990053069630205171
990053069640205171
990053069700205171
990053069720205171
990053069730205171
990053069750205171
990053069760205171
990053069790205171
990053069810205171
990053069850205171
990053069870205171
990053069890205171
990053069930205171
990053069950205171
990053070010205171
990053070030205171
990053070070205171
990053070090205171
990053070120205171
990053070140205171
990053070200205171
990053070210205171
990053070250205171
990053070320205171
990053070390205171
990053070410205171
990053070510205171
990053070530205171
990053070550205171
990053070570205171
990053070590205171
990053070620205171
990053070630205171
990053070670205171
990053070710205171
990053070720205171
990053070730205171
990053070760205171
990053070780205171
990053070790205171
990053070800205171
990053070820205171
990053070860205171
990053070880205171
990053070900205171
990053070920205171
990053070950205171
990053070960205171
990053070980205171
990053071020205171
990053071040205171
990053071060205171
990053071100205171
990053071140205171
990053071200205171
990053071220205171
990053071230205171
990053071250205171
990053071310205171
990053071360205171
990053071400205171
990053071420205171
990053071480205171
990053071500205171
990053071530205171
990053071570205171
990053071590205171
990053071610205171
990053071630205171
990053071650205171
990053071670205171
990053071690205171
990053071750205171
990053071770205171
990053071780205171
990053071790205171
990053071800205171
990053071810205171
990053071820205171
990053071830205171
990053071840205171
990053071860205171
990053071870205171
990053071880205171
990053071890205171
990053071900205171
990053071920205171
990053071970205171
990053071990205171
990053072010205171
990053072020205171
990053072040205171
990053072060205171
990053072070205171
990053072080205171
990053072100205171
990053072110205171
990053072120205171
990053072130205171
990053072140205171
990053072150205171
990053072160205171
990053072170205171
990053072180205171
990053072190205171
990053072200205171
990053072210205171
990053072220205171
990053072240205171
990053072250205171
990053072260205171
990053072300205171
990053072310205171
990053072320205171
990053072330205171
990053072340205171
990053072360205171
990053072370205171
990053072380205171
990053072390205171
990053072400205171
990053072410205171
990053072420205171
990053072480205171
990053072500205171
990053072570205171
990053072760205171
990053072880205171
990053072930205171
990053073000205171
990053073010205171
990053073030205171
990053073040205171
990053073070205171
990053073190205171
990053073260205171
990053073300205171
990053073320205171
990053073430205171
990053073510205171
990053073520205171
990053073530205171
990053073540205171
990053073560205171
990053073580205171
990053073660205171
990053073740205171
990053073820205171
990053073940205171
990053074040205171
990053074080205171
990053074110205171
990053074120205171
990053074130205171
990053074140205171
990053074150205171
990053074170205171
990053074190205171
990053074200205171
990053074210205171
990053074230205171
990053074250205171
990053074270205171
990053074290205171
990053074300205171
990053074310205171
990053074330205171
990053074340205171
990053074350205171
990053074360205171
990053074370205171
990053074380205171
990053074390205171
990053074400205171
990053074410205171
990053074420205171
990053074430205171
990053074440205171
990053074450205171
990053074490205171
990053074510205171
990053074530205171
990053074570205171
990053074610205171
990053074630205171
990053074650205171
990053074690205171
990053074710205171
990053074730205171
990053074750205171
990053074830205171
990053074870205171
990053074900205171
990053074910205171
990053074930205171
990053074970205171
990053074990205171
990053075030205171
990053075050205171
990053075090205171
990053075170205171
990053075190205171
990053075250205171
990053075420205171
990053075440205171
990053075450205171
990053075460205171
990053075470205171
990053075480205171
990053075500205171
990053075520205171
990053075540205171
990053075560205171
990053075580205171
990053075600205171
990053075620205171
990053075640205171
990053075660205171
990053075680205171
990053075690205171
990053075700205171
990053075720205171
990053075740205171
990053075760205171
990053075780205171
990053075800205171
990053075820205171
990053075840205171
990053075860205171
990053075880205171
990053075900205171
990053075930205171
990053075940205171
990053075970205171
990053075980205171
990053075990205171
990053076010205171
990053076030205171
990053076050205171
990053076060205171
990053076080205171
990053076090205171
990053076100205171
990053076110205171
990053076120205171
990053076130205171
990053076140205171
990053076160205171
990053076170205171
990053076180205171
990053076190205171
990053076200205171
990053076210205171
990053076220205171
990053076230205171
990053076240205171
990053076250205171
990053076260205171
990053076270205171
990053076290205171
990053076300205171
990053076310205171
990053076320205171
990053076330205171
990053076340205171
990053076360205171
990053076370205171
990053076380205171
990053076410205171
990053076430205171
990053076440205171
990053076450205171
990053076470205171
990053076480205171
990053076490205171
990053076510205171
990053076520205171
990053076530205171
990053076540205171
990053076550205171
990053076570205171
990053076580205171
990053076590205171
990053076600205171
990053076610205171
990053076620205171
990053076630205171
990053076640205171
990053076650205171
990053076660205171
990053076670205171
990053076680205171
990053076690205171
990053076700205171
990053076710205171
990053076720205171
990053076730205171
990053076750205171
990053076760205171
990053076770205171
990053076780205171
990053076790205171
990053076800205171
990053076810205171
990053076820205171
990053076830205171
990053076840205171
990053076850205171
990053076860205171
990053076870205171
990053076890205171
990053076900205171
990053076910205171
990053076920205171
990053076930205171
990053076940205171
990053076950205171
990053076960205171
990053076980205171
990053077000205171
990053077010205171
990053077020205171
990053077030205171
990053077040205171
990053077050205171
990053077060205171
990053077070205171
990053077080205171
990053077090205171
990053077100205171
990053077120205171
990053077130205171
990053077140205171
990053077160205171
990053077170205171
990053077180205171
990053077190205171
990053077200205171
990053077220205171
990053077230205171
990053077250205171
990053077260205171
990053077280205171
990053077320205171
990053077340205171
990053077360205171
990053077370205171
990053077390205171
990053077440205171
990053077480205171
990053077500205171
990053077520205171
990053077540205171
990053077560205171
990053077580205171
990053077600205171
990053077640205171
990053077700205171
990053077720205171
990053077740205171
990053077760205171
990053077780205171
990053077830205171
990053077870205171
990053077890205171
990053077930205171
990053077950205171
990053077970205171
990053077990205171
990053078010205171
990053078020205171
990053078100205171
990053078120205171
990053078130205171
990053078150205171
990053078170205171
990053078190205171
990053078230205171
990053078250205171
990053078270205171
990053078290205171
990053078370205171
990053078390205171
990053078430205171
990053078450205171
990053078470205171
990053078490205171
990053078510205171
990053078530205171
990053078570205171
990053078580205171
990053078600205171
990053078700205171
990053078740205171
990053078800205171
990053078840205171
990053078860205171
990053078880205171
990053078900205171
990053078920205171
990053078940205171
990053078970205171
990053078990205171
990053079020205171
990053079040205171
990053079080205171
990053079120205171
990053079140205171
990053079160205171
990053079180205171
990053079200205171
990053079240205171
990053079260205171
990053079280205171
990053079300205171
990053079320205171
990053079340205171
990053079420205171
990053079440205171
990053079460205171
990053079500205171
990053079520205171
990053079540205171
990053079580205171
990053079600205171
990053079620205171
990053079640205171
990053079680205171
990053079740205171
990053079780205171
990053079800205171
990053079820205171
990053079840205171
990053079860205171
990053079880205171
990053079910205171
990053079920205171
990053079940205171
990053079950205171
990053079960205171
990053079970205171
990053080000205171
990053080010205171
990053080040205171
990053080070205171
990053080090205171
990053080110205171
990053080120205171
990053080130205171
990053080140205171
990053080150205171
990053080170205171
990053080180205171
990053080190205171
990053080210205171
990053080220205171
990053080230205171
990053080240205171
990053080250205171
990053080260205171
990053080270205171
990053080280205171
990053080290205171
990053080310205171
990053080330205171
990053080340205171
990053080350205171
990053080370205171
990053080390205171
990053080410205171
990053080420205171
990053080430205171
990053080440205171
990053080450205171
990053080460205171
990053080470205171
990053080480205171
990053080490205171
990053080500205171
990053080510205171
990053080530205171
990053080540205171
990053080550205171
990053080570205171
990053080580205171
990053080590205171
990053080600205171
990053080610205171
990053080630205171
990053080640205171
990053080650205171
990053080670205171
990053080690205171
990053080700205171
990053080710205171
990053080730205171
990053080750205171
990053080760205171
990053080770205171
990053080780205171
990053080790205171
990053080820205171
990053080860205171
990053080920205171
990053080940205171
990053080980205171
990053081040205171
990053081060205171
990053081100205171
990053081120205171
990053081160205171
990053081180205171
990053081200205171
990053081220205171
990053081280205171
990053081300205171
990053081320205171
990053081340205171
990053081380205171
990053081400205171
990053081440205171
990053081480205171
990053081500205171
990053081560205171
990053081600205171
990053081640205171
990053081660205171
990053081680205171
990053081690205171
990053081700205171
990053081710205171
990053081730205171
990053081750205171
990053081760205171
990053081770205171
990053081780205171
990053081790205171
990053081810205171
990053081820205171
990053081830205171
990053081840205171
990053081850205171
990053081870205171
990053081880205171
990053081890205171
990053081900205171
990053081910205171
990053081930205171
990053081940205171
990053081950205171
990053081970205171
990053081990205171
990053082010205171
990053082020205171
990053082030205171
990053082050205171
990053082060205171
990053082070205171
990053082080205171
990053082090205171
990053082110205171
990053082120205171
990053082130205171
990053082140205171
990053082150205171
990053082160205171
990053082170205171
990053082190205171
990053082200205171
990053082210205171
990053082220205171
990053082230205171
990053082250205171
990053082260205171
990053082270205171
990053082280205171
990053082290205171
990053082310205171
990053082320205171
990053082330205171
990053082350205171
990053082370205171
990053082380205171
990053082390205171
990053082400205171
990053082410205171
990053082420205171
990053082430205171
990053082450205171
990053082470205171
990053082490205171
990053082520205171
990053082540205171
990053082560205171
990053082580205171
990053082600205171
990053082670205171
990053082690205171
990053082700205171
990053082710205171
990053082720205171
990053082730205171
990053082740205171
990053082750205171
990053082770205171
990053082790205171
990053082800205171
990053082810205171
990053082820205171
990053082830205171
990053082840205171
990053082850205171
990053082860205171
990053082870205171
990053082880205171
990053082890205171
990053082900205171
990053082910205171
990053082920205171
990053082940205171
990053082960205171
990053083000205171
990053083010205171
990053083070205171
990053083090205171
990053083110205171
990053083150205171
990053083160205171
990053083190205171
990053083210205171
990053083220205171
990053083230205171
990053083260205171
990053083320205171
990053083340205171
990053083350205171
990053083370205171
990053083380205171
990053083390205171
990053083410205171
990053083420205171
990053083430205171
990053083440205171
990053083460205171
990053083480205171
990053083490205171
990053083520205171
990053083540205171
990053083550205171
990053083570205171
990053083580205171
990053083590205171
990053083600205171
990053083610205171
990053083620205171
990053083630205171
990053083650205171
990053083660205171
990053083670205171
990053083690205171
990053083710205171
990053083720205171
990053083730205171
990053083750205171
990053083760205171
990053083770205171
990053083780205171
990053083790205171
990053083800205171
990053083810205171
990053083830205171
990053083840205171
990053083880205171
990053083900205171
990053083920205171
990053083960205171
990053083980205171
990053084000205171
990053084010205171
990053084020205171
990053084030205171
990053084050205171
990053084060205171
990053084070205171
990053084080205171
990053084100205171
990053084120205171
990053084160205171
990053084190205171
990053084200205171
990053084210205171
990053084220205171
990053084260205171
990053084280205171
990053084360205171
990053084400205171
990053084500205171
990053084540205171
990053084560205171
990053084580205171
990053084600205171
990053084620205171
990053084640205171
990053084680205171
990053084710205171
990053084720205171
990053084730205171
990053084740205171
990053084750205171
990053084760205171
990053084770205171
990053084780205171
990053084790205171
990053084800205171
990053084810205171
990053084820205171
990053084830205171
990053084840205171
990053084850205171
990053084860205171
990053084880205171
990053084900205171
990053084910205171
990053084920205171
990053084930205171
990053084950205171
990053084960205171
990053084970205171
990053084980205171
990053084990205171
990053085000205171
990053085010205171
990053085020205171
990053085040205171
990053085050205171
990053085060205171
990053085070205171
990053085080205171
990053085100205171
990053085110205171
990053085120205171
990053085130205171
990053085150205171
990053085170205171
990053085180205171
990053085190205171
990053085200205171
990053085220205171
990053085230205171
990053085240205171
990053085250205171
990053085260205171
990053085270205171
990053085280205171
990053085290205171
990053085310205171
990053085320205171
990053085330205171
990053085340205171
990053085350205171
990053085360205171
990053085380205171
990053085400205171
990053085410205171
990053085420205171
990053085430205171
990053085440205171
990053085450205171
990053085460205171
990053085470205171
990053085480205171
990053085490205171
990053085510205171
990053085520205171
990053085530205171
990053085540205171
990053085550205171
990053085560205171
990053085570205171
990053085580205171
990053085590205171
990053085600205171
990053085610205171
990053085620205171
990053085630205171
990053085640205171
990053085650205171
990053085660205171
990053085670205171
990053085680205171
990053085690205171
990053085700205171
990053085720205171
990053085740205171
990053085760205171
990053085770205171
990053085780205171
990053085790205171
990053085840205171
990053085850205171
990053085860205171
990053085870205171
990053085880205171
990053085900205171
990053085910205171
990053085920205171
990053085930205171
990053085940205171
990053085950205171
990053085960205171
990053085970205171
990053085990205171
990053086000205171
990053086010205171
990053086020205171
990053086030205171
990053086040205171
990053086050205171
990053086060205171
990053086070205171
990053086080205171
990053086100205171
990053086110205171
990053086130205171
990053086150205171
990053086180205171
990053086190205171
990053086200205171
990053086210205171
990053086220205171
990053086230205171
990053086240205171
990053086250205171
990053086260205171
990053086270205171
990053086280205171
990053086290205171
990053086300205171
990053086310205171
990053086330205171
990053086340205171
990053086350205171
990053086360205171
990053086370205171
990053086390205171
990053086400205171
990053086410205171
990053086430205171
990053086440205171
990053086450205171
990053086470205171
990053086480205171
990053086490205171
990053086500205171
990053086530205171
990053086540205171
990053086550205171
990053086560205171
990053086570205171
990053086580205171
990053086610205171
990053086620205171
990053086640205171
990053086650205171
990053086670205171
990053086690205171
990053086700205171
990053086710205171
990053086720205171
990053086730205171
990053086750205171
990053086780205171
990053086790205171
990053086800205171
990053086820205171
990053086830205171
990053086840205171
990053086860205171
990053086880205171
990053086920205171
990053086930205171
990053086940205171
990053086960205171
990053086970205171
990053086980205171
990053086990205171
990053087010205171
990053087020205171
990053087030205171
990053087050205171
990053087060205171
990053087070205171
990053087090205171
990053087120205171
990053087140205171
990053087160205171
990053087170205171
990053087190205171
990053087230205171
990053087250205171
990053087260205171
990053087270205171
990053087280205171
990053087290205171
990053087300205171
990053087310205171
990053087350205171
990053087360205171
990053087370205171
990053087380205171
990053087390205171
990053087400205171
990053087410205171
990053087420205171
990053087430205171
990053087440205171
990053087470205171
990053087480205171
990053087490205171
990053087500205171
990053087510205171
990053087520205171
990053087530205171
990053087540205171
990053087550205171
990053087560205171
990053087570205171
990053087590205171
990053087610205171
990053087620205171
990053087630205171
990053087650205171
990053087670205171
990053087710205171
990053087760205171
990053087780205171
990053087800205171
990053087820205171
990053087840205171
990053087860205171
990053087880205171
990053087900205171
990053087920205171
990053087940205171
990053087950205171
990053087960205171
990053087970205171
990053088000205171
990053088010205171
990053088020205171
990053088030205171
990053088040205171
990053088050205171
990053088060205171
990053088070205171
990053088080205171
990053088090205171
990053088100205171
990053088120205171
990053088130205171
990053088180205171
990053088220205171
990053088230205171
990053088240205171
990053088260205171
990053088280205171
990053088290205171
990053088310205171
990053088330205171
990053088350205171
990053088370205171
990053088450205171
990053088470205171
990053088480205171
990053088490205171
990053088500205171
990053088510205171
990053088520205171
990053088530205171
990053088550205171
990053088570205171
990053088610205171
990053088630205171
990053088650205171
990053088670205171
990053088690205171
990053088710205171
990053088730205171
990053088750205171
990053088770205171
990053088780205171
990053088790205171
990053088800205171
990053088820205171
990053088840205171
990053088850205171
990053088860205171
990053088880205171
990053088890205171
990053088900205171
990053088920205171
990053088930205171
990053088940205171
990053088950205171
990053088960205171
990053088970205171
990053088980205171
990053088990205171
990053089000205171
990053089010205171
990053089020205171
990053089030205171
990053089040205171
990053089050205171
990053089060205171
990053089080205171
990053089090205171
990053089100205171
990053089110205171
990053089120205171
990053089170205171
990053089210205171
990053089250205171
990053089280205171
990053089290205171
990053089300205171
990053089330205171
990053089370205171
990053089390205171
990053089410205171
990053089430205171
990053089450205171
990053089490205171
990053089510205171
990053089530205171
990053089540205171
990053089560205171
990053089570205171
990053089580205171
990053089590205171
990053089600205171
990053089610205171
990053089620205171
990053089630205171
990053089640205171
990053089650205171
990053089660205171
990053089670205171
990053089680205171
990053089690205171
990053089700205171
990053089710205171
990053089720205171
990053089730205171
990053089740205171
990053089750205171
990053089790205171
990053089810205171
990053089830205171
990053089850205171
990053089870205171
990053089920205171
990053089960205171
990053089980205171
990053090020205171
990053090040205171
990053090060205171
990053090080205171
990053090120205171
990053090180205171
990053090190205171
990053090200205171
990053090220205171
990053090240205171
990053090260205171
990053090300205171
990053090320205171
990053090340205171
990053090360205171
990053090380205171
990053090400205171
990053090420205171
990053090440205171
990053090460205171
990053090470205171
990053090490205171
990053090510205171
990053090530205171
990053090550205171
990053090570205171
990053090580205171
990053090600205171
990053090650205171
990053090690205171
990053090710205171
990053090730205171
990053090750205171
990053090770205171
990053090790205171
990053090830205171
990053090870205171
990053090890205171
990053090900205171
990053090920205171
990053090960205171
990053090980205171
990053091000205171
990053091020205171
990053091080205171
990053091160205171
990053091180205171
990053091200205171
990053091220205171
990053091240205171
990053091260205171
990053091430205171
990053091450205171
990053091470205171
990053091490205171
990053091530205171
990053091550205171
990053091570205171
990053091590205171
990053091630205171
990053091650205171
990053091670205171
990053091710205171
990053091730205171
990053091890205171
990053091930205171
990053092090205171
990053092130205171
990053092190205171
990053092210205171
990053092250205171
990053092270205171
990053092290205171
990053092370205171
990053092400205171
990053092430205171
990053092440205171
990053092450205171
990053092470205171
990053092490205171
990053092530205171
990053092590205171
990053092600205171
990053092610205171
990053092620205171
990053092640205171
990053092660205171
990053092670205171
990053092680205171
990053092700205171
990053092720205171
990053092730205171
990053092740205171
990053092750205171
990053092760205171
990053092780205171
990053092800205171
990053092820205171
990053092840205171
990053092860205171
990053092870205171
990053092880205171
990053092900205171
990053092920205171
990053092940205171
990053092950205171
990053092960205171
990053092970205171
990053092980205171
990053093000205171
990053093010205171
990053093020205171
990053093030205171
990053093040205171
990053093050205171
990053093060205171
990053093070205171
990053093080205171
990053093090205171
990053093100205171
990053093120205171
990053093140205171
990053093160205171
990053093180205171
990053093200205171
990053093220205171
990053093240205171
990053093250205171
990053093260205171
990053093280205171
990053093290205171
990053093300205171
990053093320205171
990053093340205171
990053093350205171
990053093440205171
990053093460205171
990053093520205171
990053093530205171
990053093540205171
990053093560205171
990053093580205171
990053093620205171
990053093660205171
990053093720205171
990053093740205171
990053093760205171
990053093820205171
990053093830205171
990053093840205171
990053093850205171
990053093860205171
990053093870205171
990053093880205171
990053093890205171
990053093900205171
990053093920205171
990053093960205171
990053094000205171
990053094020205171
990053094040205171
990053094080205171
990053094140205171
990053094180205171
990053094230205171
990053094260205171
990053094270205171
990053094290205171
990053094310205171
990053094330205171
990053094360205171
990053094380205171
990053094400205171
990053094420205171
990053094460205171
990053094500205171
990053094540205171
990053094560205171
990053094580205171
990053094600205171
990053094630205171
990053094640205171
990053094720205171
990053094740205171
990053094760205171
990053094780205171
990053094800205171
990053094810205171
990053094840205171
990053094860205171
990053094900205171
990053094960205171
990053094980205171
990053095000205171
990053095040205171
990053095120205171
990053095260205171
990053095300205171
990053095340205171
990053095360205171
990053095380205171
990053095400205171
990053095460205171
990053095510205171
990053095520205171
990053095530205171
990053095550205171
990053095570205171
990053095620205171
990053095630205171
990053095640205171
990053095650205171
990053095660205171
990053095670205171
990053095690205171
990053095700205171
990053095710205171
990053095720205171
990053095730205171
990053095740205171
990053095780205171
990053095800205171
990053095820205171
990053095830205171
990053095840205171
990053095860205171
990053095900205171
990053095980205171
990053096100205171
990053096120205171
990053096140205171
990053096200205171
990053096240205171
990053096320205171
990053096340205171
990053096380205171
990053096400205171
990053096460205171
990053096480205171
990053096500205171
990053096520205171
990053096530205171
990053096540205171
990053096560205171
990053096580205171
990053096600205171
990053096610205171
990053096660205171
990053096680205171
990053096700205171
990053096720205171
990053096730205171
990053096740205171
990053096750205171
990053096760205171
990053096820205171
990053096840205171
990053096920205171
990053097020205171
990053097060205171
990053097080205171
990053097160205171
990053097180205171
990053097200205171
990053097310205171
990053097330205171
990053097390205171
990053097430205171
990053097470205171
990053097500205171
990053097510205171
990053097560205171
990053097570205171
990053097580205171
990053097590205171
990053097600205171
990053097610205171
990053097620205171
990053097630205171
990053097640205171
990053097650205171
990053097670205171
990053097690205171
990053097710205171
990053097720205171
990053097730205171
990053097750205171
990053097770205171
990053097790205171
990053097810205171
990053097830205171
990053097850205171
990053097870205171
990053097890205171
990053097900205171
990053097910205171
990053097920205171
990053097930205171
990053097950205171
990053097960205171
990053097970205171
990053097980205171
990053097990205171
990053098010205171
990053098030205171
990053098050205171
990053098060205171
990053098070205171
990053098090205171
990053098110205171
990053098120205171
990053098130205171
990053098200205171
990053098210205171
990053098340205171
990053098380205171
990053098440205171
990053098490205171
990053098520205171
990053098540205171
990053098580205171
990053098600205171
990053098640205171
990053098660205171
990053098680205171
990053098760205171
990053098820205171
990053098840205171
990053098860205171
990053099000205171
990053099080205171
990053099120205171
990053099140205171
990053099160205171
990053099180205171
990053099200205171
990053099220205171
990053099290205171
990053099300205171
990053099310205171
990053099320205171
990053099330205171
990053099350205171
990053099360205171
990053099370205171
990053099380205171
990053099390205171
990053099410205171
990053099430205171
990053099440205171
990053099450205171
990053099460205171
990053099470205171
990053099480205171
990053099490205171
990053099510205171
990053099520205171
990053099530205171
990053099540205171
990053099550205171
990053099560205171
990053099570205171
990053099590205171
990053099600205171
990053099610205171
990053099630205171
990053099650205171
990053099670205171
990053099680205171
990053099690205171
990053099700205171
990053099710205171
990053099720205171
990053099730205171
990053099740205171
990053099750205171
990053099760205171
990053099770205171
990053099780205171
990053099790205171
990053099800205171
990053099810205171
990053099820205171
990053099830205171
990053099850205171
990053099860205171
990053099870205171
990053099890205171
990053099900205171
990053099910205171
990053099920205171
990053099930205171
990053099940205171
990053099950205171
990053099960205171
990053099970205171
990053099980205171
990053099990205171
990053100010205171
990053100030205171
990053100040205171
990053100050205171
990053100070205171
990053100090205171
990053100100205171
990053100110205171
990053100120205171
990053100130205171
990053100140205171
990053100150205171
990053100160205171
990053100170205171
990053100180205171
990053100190205171
990053100200205171
990053100210205171
990053100230205171
990053100240205171
990053100250205171
990053100260205171
990053100270205171
990053100290205171
990053100300205171
990053100310205171
990053100320205171
990053100330205171
990053100340205171
990053100350205171
990053100370205171
990053100390205171
990053100410205171
990053100420205171
990053100430205171
990053100440205171
990053100450205171
990053100470205171
990053100490205171
990053100510205171
990053100530205171
990053100550205171
990053100570205171
990053100590205171
990053100600205171
990053100610205171
990053100630205171
990053100650205171
990053100670205171
990053100680205171
990053100690205171
990053100710205171
990053100730205171
990053100750205171
990053100760205171
990053100770205171
990053100780205171
990053100790205171
990053100800205171
990053100810205171
990053100820205171
990053100830205171
990053100840205171
990053100850205171
990053100860205171
990053100870205171
990053100880205171
990053100890205171
990053100910205171
990053100930205171
990053100950205171
990053100960205171
990053100970205171
990053100990205171
990053101000205171
990053101010205171
990053101020205171
990053101030205171
990053101040205171
990053101050205171
990053101060205171
990053101070205171
990053101090205171
990053101100205171
990053101110205171
990053101120205171
990053101130205171
990053101140205171
990053101150205171
990053101170205171
990053101180205171
990053101190205171
990053101210205171
990053101220205171
990053101230205171
990053101250205171
990053101260205171
990053101270205171
990053101290205171
990053101310205171
990053101330205171
990053101340205171
990053101350205171
990053101360205171
990053101370205171
990053101390205171
990053101400205171
990053101410205171
990053101430205171
990053101440205171
990053101450205171
990053101460205171
990053101470205171
990053101490205171
990053101510205171
990053101530205171
990053101550205171
990053101570205171
990053101580205171
990053101590205171
990053101610205171
990053101630205171
990053101650205171
990053101670205171
990053101680205171
990053101690205171
990053101710205171
990053101720205171
990053101730205171
990053101750205171
990053101760205171
990053101770205171
990053101790205171
990053101800205171
990053101810205171
990053101820205171
990053101830205171
990053101840205171
990053101850205171
990053101870205171
990053101880205171
990053101890205171
990053101910205171
990053101920205171
990053101930205171
990053101940205171
990053101950205171
990053101970205171
990053101990205171
990053102010205171
990053102030205171
990053102050205171
990053102060205171
990053102070205171
990053102090205171
990053102110205171
990053102120205171
990053102130205171
990053102140205171
990053102150205171
990053102170205171
990053102190205171
990053102210205171
990053102230205171
990053102250205171
990053102270205171
990053102290205171
990053102310205171
990053102320205171
990053102330205171
990053102340205171
990053102350205171
990053102360205171
990053102370205171
990053102390205171
990053102410205171
990053102430205171
990053102440205171
990053102450205171
990053102470205171
990053102480205171
990053102490205171
990053102510205171
990053102520205171
990053102530205171
990053102540205171
990053102550205171
990053102560205171
990053102570205171
990053102590205171
990053102610205171
990053102630205171
990053102640205171
990053102650205171
990053102670205171
990053102690205171
990053102710205171
990053102720205171
990053102730205171
990053102740205171
990053102750205171
990053102760205171
990053102770205171
990053102780205171
990053102790205171
990053102800205171
990053102810205171
990053102820205171
990053102830205171
990053102840205171
990053102850205171
990053102860205171
990053102870205171
990053102880205171
990053102890205171
990053102900205171
990053102910205171
990053102930205171
990053102940205171
990053102950205171
990053102960205171
990053102970205171
990053102990205171
990053103000205171
990053103010205171
990053103020205171
990053103030205171
990053103040205171
990053103050205171
990053103060205171
990053103070205171
990053103080205171
990053103090205171
990053103110205171
990053103130205171
990053103150205171
990053103170205171
990053103180205171
990053103190205171
990053103200205171
990053103210205171
990053103220205171
990053103230205171
990053103240205171
990053103250205171
990053103260205171
990053103270205171
990053103290205171
990053103300205171
990053103310205171
990053103320205171
990053103330205171
990053103340205171
990053103350205171
990053103360205171
990053103370205171
990053103390205171
990053103410205171
990053103420205171
990053103430205171
990053103440205171
990053103450205171
990053103460205171
990053103470205171
990053103480205171
990053103490205171
990053103500205171
990053103510205171
990053103530205171
990053103550205171
990053103560205171
990053103570205171
990053103580205171
990053103590205171
990053103610205171
990053103630205171
990053103640205171
990053103650205171
990053103660205171
990053103670205171
990053103680205171
990053103690205171
990053103700205171
990053103710205171
990053103720205171
990053103730205171
990053103750205171
990053103760205171
990053103770205171
990053103780205171
990053103790205171
990053103810205171
990053103830205171
990053103840205171
990053103850205171
990053103860205171
990053103870205171
990053103890205171
990053103900205171
990053103910205171
990053103920205171
990053103930205171
990053103950205171
990053103960205171
990053103970205171
990053103980205171
990053103990205171
990053104020205171
990053104040205171
990053104060205171
990053104070205171
990053104080205171
990053104090205171
990053104100205171
990053104110205171
990053104120205171
990053104140205171
990053104150205171
990053104160205171
990053104200205171
990053104300205171
990053104320205171
990053104340205171
990053104360205171
990053104370205171
990053104390205171
990053104400205171
990053104470205171
990053104480205171
990053104490205171
990053104510205171
990053104550205171
990053104560205171
990053104580205171
990053104590205171
990053104600205171
990053104610205171
990053104620205171
990053104630205171
990053104640205171
990053104660205171
990053104680205171
990053104700205171
990053104720205171
990053104760205171
990053104780205171
990053104790205171
990053104810205171
990053104830205171
990053104850205171
990053104870205171
990053104890205171
990053104900205171
990053104910205171
990053104920205171
990053104930205171
990053104950205171
990053104960205171
990053104970205171
990053105000205171
990053105010205171
990053105020205171
990053105040205171
990053105050205171
990053105070205171
990053105110205171
990053105130205171
990053105170205171
990053105190205171
990053105210205171
990053105240205171
990053105260205171
990053105340205171
990053105430205171
990053105450205171
990053105470205171
990053105480205171
990053105500205171
990053105520205171
990053105560205171
990053105620205171
990053105640205171
990053105660205171
990053105680205171
990053105700205171
990053105720205171
990053105740205171
990053105760205171
990053105780205171
990053105800205171
990053105820205171
990053105840205171
990053105900205171
990053105920205171
990053105940205171
990053105960205171
990053105980205171
990053106000205171
990053106020205171
990053106040205171
990053106060205171
990053106080205171
990053106100205171
990053106110205171
990053106130205171
990053106150205171
990053106170205171
990053106190205171
990053106250205171
990053106270205171
990053106290205171
990053106310205171
990053106330205171
990053106410205171
990053106430205171
990053106450205171
990053106470205171
990053106490205171
990053106510205171
990053106530205171
990053106550205171
990053106590205171
990053106630205171
990053106670205171
990053106690205171
990053106710205171
990053106750205171
990053106770205171
990053106790205171
990053106810205171
990053106830205171
990053106850205171
990053106870205171
990053106880205171
990053106890205171
990053106930205171
990053106940205171
990053106950205171
990053107010205171
990053107040205171
990053107060205171
990053107080205171
990053107090205171
990053107100205171
990053107110205171
990053107120205171
990053107130205171
990053107140205171
990053107160205171
990053107170205171
990053107180205171
990053107190205171
990053107200205171
990053107210205171
990053107220205171
990053107240205171
990053107250205171
990053107260205171
990053107270205171
990053107280205171
990053107290205171
990053107300205171
990053107310205171
990053107320205171
990053107340205171
990053107350205171
990053107360205171
990053107370205171
990053107380205171
990053107390205171
990053107400205171
990053107410205171
990053107420205171
990053107430205171
990053107440205171
990053107460205171
990053107480205171
990053107490205171
990053107500205171
990053107520205171
990053107530205171
990053107540205171
990053107550205171
990053107560205171
990053107580205171
990053107590205171
990053107600205171
990053107620205171
990053107640205171
990053107650205171
990053107660205171
990053107680205171
990053107700205171
990053107710205171
990053107720205171
990053107740205171
990053107750205171
990053107760205171
990053107780205171
990053107790205171
990053107800205171
990053107820205171
990053107840205171
990053107850205171
990053107860205171
990053107870205171
990053107880205171
990053107900205171
990053107920205171
990053107930205171
990053107940205171
990053107950205171
990053107960205171
990053107970205171
990053107980205171
990053107990205171
990053108000205171
990053108010205171
990053108020205171
990053108040205171
990053108060205171
990053108070205171
990053108080205171
990053108090205171
990053108100205171
990053108120205171
990053108130205171
990053108140205171
990053108160205171
990053108170205171
990053108180205171
990053108190205171
990053108200205171
990053108210205171
990053108220205171
990053108230205171
990053108240205171
990053108250205171
990053108260205171
990053108280205171
990053108300205171
990053108320205171
990053108330205171
990053108340205171
990053108360205171
990053108370205171
990053108380205171
990053108390205171
990053108400205171
990053108420205171
990053108430205171
990053108440205171
990053108460205171
990053108480205171
990053108490205171
990053108500205171
990053108510205171
990053108520205171
990053108530205171
990053108540205171
990053108560205171
990053108570205171
990053108580205171
990053108590205171
990053108600205171
990053108610205171
990053108650205171
990053108670205171
990053108690205171
990053108710205171
990053108750205171
990053108770205171
990053108790205171
990053108830205171
990053108850205171
990053108870205171
990053108890205171
990053108910205171
990053108990205171
990053109010205171
990053109030205171
990053109050205171
990053109070205171
990053109200205171
990053109240205171
990053109300205171
990053109370205171
990053109390205171
990053109410205171
990053109420205171
990053109430205171
990053109440205171
990053109450205171
990053109470205171
990053109490205171
990053109510205171
990053109530205171
990053109550205171
990053109570205171
990053109680205171
990053109920205171
990053110080205171
990053110210205171
990053110280205171
990053110340205171
990053110360205171
990053110380205171
990053110400205171
990053110410205171
990053110500205171
990053110530205171
990053110560205171
990053110720205171
990053110770205171
990053110900205171
990053110960205171
990053110990205171
990053111060205171
990053111100205171
990053111140205171
990053111200205171
990053111220205171
990053111240205171
990053111380205171
990053111420205171
990053111440205171
990053111460205171
990053111500205171
990053111540205171
990053111560205171
990053111620205171
990053111660205171
990053111700205171
990053111720205171
990053111800205171
990053111880205171
990053111900205171
990053111940205171
990053111960205171
990053111980205171
990053112060205171
990053112080205171
990053112100205171
990053112110205171
990053112120205171
990053112140205171
990053112160205171
990053112180205171
990053112200205171
990053112220205171
990053112240205171
990053112260205171
990053112280205171
990053112360205171
990053112420205171
990053112480205171
990053112500205171
990053112520205171
990053112610205171
990053112630205171
990053112650205171
990053112670205171
990053112690205171
990053112710205171
990053112720205171
990053112730205171
990053112740205171
990053112750205171
990053112760205171
990053112770205171
990053112780205171
990053112790205171
990053112800205171
990053112810205171
990053112820205171
990053112830205171
990053112840205171
990053112850205171
990053112870205171
990053112900205171
990053112920205171
990053112940205171
990053112960205171
990053112980205171
990053113000205171
990053113020205171
990053113040205171
990053113060205171
990053113080205171
990053113100205171
990053113120205171
990053113160205171
990053113170205171
990053113180205171
990053113190205171
990053113200205171
990053113210205171
990053113220205171
990053113230205171
990053113240205171
990053113250205171
990053113260205171
990053113270205171
990053113280205171
990053113290205171
990053113300205171
990053113310205171
990053113320205171
990053113330205171
990053113350205171
990053113360205171
990053113370205171
990053113390205171
990053113400205171
990053113410205171
990053113420205171
990053113430205171
990053113450205171
990053113460205171
990053113470205171
990053113480205171
990053113490205171
990053113500205171
990053113510205171
990053113530205171
990053113550205171
990053113560205171
990053113570205171
990053113580205171
990053113590205171
990053113600205171
990053113620205171
990053113640205171
990053113660205171
990053113680205171
990053113700205171
990053113720205171
990053113760205171
990053113800205171
990053113820205171
990053113840205171
990053113860205171
990053113920205171
990053113940205171
990053114000205171
990053114020205171
990053114040205171
990053114080205171
990053114160205171
990053114180205171
990053114200205171
990053114240205171
990053114300205171
990053114320205171
990053114340205171
990053114360205171
990053114380205171
990053114420205171
990053114440205171
990053114460205171
990053114480205171
990053114520205171
990053114540205171
990053114560205171
990053114600205171
990053114620205171
990053114640205171
990053114660205171
990053114780205171
990053114800205171
990053114850205171
990053114880205171
990053114900205171
990053114920205171
990053115000205171
990053115020205171
990053115040205171
990053115060205171
990053115080205171
990053115120205171
990053115160205171
990053115180205171
990053115200205171
990053115220205171
990053115240205171
990053115370205171
990053115410205171
990053115430205171
990053115450205171
990053115550205171
990053115610205171
990053115650205171
990053115670205171
990053115730205171
990053115770205171
990053115790205171
990053115830205171
990053115850205171
990053115870205171
990053115910205171
990053115930205171
990053115950205171
990053115970205171
990053115990205171
990053116010205171
990053116050205171
990053116090205171
990053116100205171
990053116110205171
990053116120205171
990053116130205171
990053116140205171
990053116150205171
990053116160205171
990053116170205171
990053116180205171
990053116190205171
990053116200205171
990053116210205171
990053116230205171
990053116250205171
990053116270205171
990053116290205171
990053116320205171
990053116350205171
990053116370205171
990053116390205171
990053116410205171
990053116420205171
990053116430205171
990053116440205171
990053116450205171
990053116460205171
990053116470205171
990053116480205171
990053116490205171
990053116510205171
990053116530205171
990053116580205171
990053116630205171
990053116650205171
990053116660205171
990053116670205171
990053116690205171
990053116700205171
990053116710205171
990053116720205171
990053116730205171
990053116740205171
990053116750205171
990053116760205171
990053116770205171
990053116780205171
990053116790205171
990053116800205171
990053116810205171
990053116830205171
990053116840205171
990053116850205171
990053116860205171
990053116920205171
990053116930205171
990053116940205171
990053116960205171
990053116980205171
990053117040205171
990053117060205171
990053117140205171
990053117160205171
990053117180205171
990053117220205171
990053117260205171
990053117320205171
990053117360205171
990053117380205171
990053117400205171
990053117420205171
990053117440205171
990053117460205171
990053117480205171
990053117490205171
990053117510205171
990053117530205171
990053117550205171
990053117610205171
990053117630205171
990053117650205171
990053117750205171
990053117770205171
990053117790205171
990053117810205171
990053117850205171
990053117870205171
990053117890205171
990053117910205171
990053117930205171
990053117950205171
990053117970205171
990053117990205171
990053118010205171
990053118040205171
990053118050205171
990053118060205171
990053118070205171
990053118080205171
990053118090205171
990053118100205171
990053118110205171
990053118120205171
990053118140205171
990053118150205171
990053118160205171
990053118180205171
990053118190205171
990053118200205171
990053118220205171
990053118240205171
990053118260205171
990053118270205171
990053118280205171
990053118290205171
990053118300205171
990053118310205171
990053118320205171
990053118340205171
990053118360205171
990053118370205171
990053118380205171
990053118400205171
990053118410205171
990053118420205171
990053118430205171
990053118440205171
990053118450205171
990053118520205171
990053118530205171
990053118550205171
990053118570205171
990053118610205171
990053118630205171
990053118650205171
990053118670205171
990053118690205171
990053118710205171
990053118750205171
990053118770205171
990053118790205171
990053118810205171
990053118870205171
990053118880205171
990053118900205171
990053118920205171
990053118940205171
990053118970205171
990053119000205171
990053119020205171
990053119040205171
990053119080205171
990053119100205171
990053119120205171
990053119160205171
990053119180205171
990053119190205171
990053119210205171
990053119220205171
990053119280205171
990053119300205171
990053119320205171
990053119340205171
990053119360205171
990053119370205171
990053119400205171
990053119420205171
990053119440205171
990053119480205171
990053119490205171
990053119500205171
990053119520205171
990053119560205171
990053119580205171
990053119600205171
990053119610205171
990053119630205171
990053119640205171
990053119650205171
990053119660205171
990053119670205171
990053119730205171
990053119740205171
990053119780205171
990053119800205171
990053119820205171
990053119840205171
990053119900205171
990053119910205171
990053119940205171
990053119950205171
990053119990205171
990053120030205171
990053120050205171
990053120070205171
990053120090205171
990053120110205171
990053120130205171
990053120150205171
990053120170205171
990053120190205171
990053120210205171
990053120230205171
990053120250205171
990053120260205171
990053120270205171
990053120280205171
990053120290205171
990053120300205171
990053120310205171
990053120320205171
990053120330205171
990053120340205171
990053120350205171
990053120360205171
990053120370205171
990053120390205171
990053120400205171
990053120410205171
990053120430205171
990053120450205171
990053120470205171
990053120490205171
990053120510205171
990053120530205171
990053120550205171
990053120570205171
990053120590205171
990053120610205171
990053120620205171
990053120630205171
990053120640205171
990053120650205171
990053120660205171
990053120670205171
990053120680205171
990053120690205171
990053120700205171
990053120710205171
990053120720205171
990053120730205171
990053120750205171
990053120770205171
990053120790205171
990053120810205171
990053120830205171
990053120850205171
990053120890205171
990053120910205171
990053120930205171
990053120950205171
990053120970205171
990053120990205171
990053121010205171
990053121030205171
990053121050205171
990053121070205171
990053121090205171
990053121100205171
990053121110205171
990053121120205171
990053121140205171
990053121160205171
990053121180205171
990053121200205171
990053121210205171
990053121230205171
990053121250205171
990053121270205171
990053121290205171
990053121310205171
990053121320205171
990053121340205171
990053121350205171
990053121360205171
990053121380205171
990053121400205171
990053121420205171
990053121430205171
990053121450205171
990053121490205171
990053121500205171
990053121510205171
990053121520205171
990053121540205171
990053121560205171
990053121580205171
990053121590205171
990053121600205171
990053121610205171
990053121620205171
990053121630205171
990053121670205171
990053121690205171
990053121720205171
990053121740205171
990053121760205171
990053121780205171
990053121800205171
990053121810205171
990053121820205171
990053121830205171
990053121850205171
990053121870205171
990053121890205171
990053121910205171
990053121920205171
990053121930205171
990053121940205171
990053121950205171
990053121970205171
990053121980205171
990053121990205171
990053122000205171
990053122010205171
990053122020205171
990053122040205171
990053122060205171
990053122080205171
990053122100205171
990053122120205171
990053122140205171
990053122160205171
990053122170205171
990053122190205171
990053122200205171
990053122210205171
990053122220205171
990053122230205171
990053122240205171
990053122250205171
990053122270205171
990053122290205171
990053122320205171
990053122330205171
990053122340205171
990053122350205171
990053122370205171
990053122390205171
990053122400205171
990053122410205171
990053122420205171
990053122430205171
990053122440205171
990053122470205171
990053122490205171
990053122510205171
990053122520205171
990053122530205171
990053122540205171
990053122550205171
990053122560205171
990053122570205171
990053122580205171
990053122590205171
990053122600205171
990053122610205171
990053122630205171
990053122660205171
990053122680205171
990053122700205171
990053122720205171
990053122730205171
990053122740205171
990053122760205171
990053122770205171
990053122790205171
990053122810205171
990053122830205171
990053122840205171
990053122850205171
990053122860205171
990053122880205171
990053122900205171
990053122920205171
990053122930205171
990053122940205171
990053122950205171
990053122960205171
990053122980205171
990053123000205171
990053123020205171
990053123040205171
990053123060205171
990053123080205171
990053123090205171
990053123100205171
990053123120205171
990053123160205171
990053123180205171
990053123200205171
990053123220205171
990053123240205171
990053123260205171
990053123280205171
990053123300205171
990053123310205171
990053123320205171
990053123330205171
990053123340205171
990053123350205171
990053123360205171
990053123370205171
990053123380205171
990053123390205171
990053123400205171
990053123410205171
990053123430205171
990053123440205171
990053123450205171
990053123460205171
990053123490205171
990053123510205171
990053123520205171
990053123530205171
990053123540205171
990053123550205171
990053123570205171
990053123590205171
990053123600205171
990053123620205171
990053123640205171
990053123660205171
990053123670205171
990053123680205171
990053123690205171
990053123700205171
990053123720205171
990053123730205171
990053123740205171
990053123750205171
990053123760205171
990053123770205171
990053123780205171
990053123790205171
990053123810205171
990053123830205171
990053123850205171
990053123870205171
990053123890205171
990053123950205171
990053123960205171
990053123970205171
990053123980205171
990053123990205171
990053124010205171
990053124030205171
990053124040205171
990053124050205171
990053124060205171
990053124070205171
990053124080205171
990053124090205171
990053124100205171
990053124120205171
990053124160205171
990053124180205171
990053124200205171
990053124240205171
990053124260205171
990053124270205171
990053124280205171
990053124290205171
990053124310205171
990053124330205171
990053124350205171
990053124390205171
990053124410205171
990053124430205171
990053124470205171
990053124520205171
990053124530205171
990053124540205171
990053124550205171
990053124560205171
990053124580205171
990053124590205171
990053124610205171
990053124620205171
990053124640205171
990053124660205171
990053124670205171
990053124680205171
990053124690205171
990053124700205171
990053124720205171
990053124740205171
990053124750205171
990053124760205171
990053124770205171
990053124780205171
990053124800205171
990053124810205171
990053124820205171
990053124840205171
990053124850205171
990053124860205171
990053124880205171
990053124890205171
990053124910205171
990053124930205171
990053124950205171
990053124980205171
990053124990205171
990053125000205171
990053125010205171
990053125050205171
990053125060205171
990053125070205171
990053125090205171
990053125110205171
990053125130205171
990053125140205171
990053125160205171
990053125180205171
990053125200205171
990053125220205171
990053125240205171
990053125260205171
990053125280205171
990053125300205171
990053125320205171
990053125340205171
990053125360205171
990053125380205171
990053125400205171
990053125420205171
990053125440205171
990053125450205171
990053125460205171
990053125470205171
990053125490205171
990053125500205171
990053125510205171
990053125540205171
990053125560205171
990053125580205171
990053125590205171
990053125600205171
990053125610205171
990053125620205171
990053125630205171
990053125640205171
990053125650205171
990053125660205171
990053125680205171
990053125690205171
990053125700205171
990053125730205171
990053125750205171
990053125770205171
990053125790205171
990053125800205171
990053125810205171
990053125850205171
990053125870205171
990053125890205171
990053125930205171
990053125940205171
990053125960205171
990053125980205171
990053125990205171
990053126000205171
990053126020205171
990053126040205171
990053126060205171
990053126080205171
990053126100205171
990053126110205171
990053126120205171
990053126130205171
990053126150205171
990053126160205171
990053126170205171
990053126180205171
990053126190205171
990053126200205171
990053126210205171
990053126220205171
990053126230205171
990053126240205171
990053126250205171
990053126260205171
990053126270205171
990053126280205171
990053126290205171
990053126300205171
990053126310205171
990053126320205171
990053126330205171
990053126340205171
990053126350205171
990053126360205171
990053126370205171
990053126380205171
990053126390205171
990053126400205171
990053126410205171
990053126420205171
990053126430205171
990053126440205171
990053126450205171
990053126460205171
990053126470205171
990053126480205171
990053126490205171
990053126500205171
990053126510205171
990053126520205171
990053126530205171
990053126540205171
990053126550205171
990053126560205171
990053126570205171
990053126580205171
990053126590205171
990053126600205171
990053126610205171
990053126630205171
990053126640205171
990053126650205171
990053126660205171
990053126670205171
990053126680205171
990053126690205171
990053126700205171
990053126710205171
990053126720205171
990053126730205171
990053126740205171
990053126750205171
990053126760205171
990053126770205171
990053126780205171
990053126790205171
990053126810205171
990053126820205171
990053126830205171
990053126840205171
990053126850205171
990053126860205171
990053126870205171
990053126880205171
990053126890205171
990053126900205171
990053126910205171
990053126930205171
990053126940205171
990053126950205171
990053126960205171
990053126970205171
990053126980205171
990053126990205171
990053127000205171
990053127010205171
990053127020205171
990053127030205171
990053127040205171
990053127050205171
990053127060205171
990053127070205171
990053127080205171
990053127090205171
990053127100205171
990053127110205171
990053127130205171
990053127150205171
990053127160205171
990053127170205171
990053127180205171
990053127190205171
990053127200205171
990053127210205171
990053127220205171
990053127230205171
990053127240205171
990053127250205171
990053127260205171
990053127270205171
990053127290205171
990053127300205171
990053127310205171
990053127320205171
990053127330205171
990053127340205171
990053127350205171
990053127360205171
990053127370205171
990053127380205171
990053127390205171
990053127400205171
990053127410205171
990053127420205171
990053127430205171
990053127440205171
990053127450205171
990053127460205171
990053127470205171
990053127480205171
990053127490205171
990053127510205171
990053127520205171
990053127530205171
990053127550205171
990053127560205171
990053127580205171
990053127600205171
990053127620205171
990053127640205171
990053127680205171
990053127700205171
990053127720205171
990053127740205171
990053127760205171
990053127780205171
990053127800205171
990053127820205171
990053127840205171
990053127860205171
990053127880205171
990053127900205171
990053127910205171
990053127930205171
990053127950205171
990053127990205171
990053128010205171
990053128030205171
990053128050205171
990053128070205171
990053128090205171
990053128110205171
990053128130205171
990053128150205171
990053128170205171
990053128190205171
990053128210205171
990053128230205171
990053128250205171
990053128270205171
990053128290205171
990053128300205171
990053128310205171
990053128330205171
990053128350205171
990053128390205171
990053128410205171
990053128430205171
990053128450205171
990053128470205171
990053128490205171
990053128500205171
990053128510205171
990053128520205171
990053128530205171
990053128540205171
990053128550205171
990053128560205171
990053128570205171
990053128580205171
990053128590205171
990053128600205171
990053128610205171
990053128620205171
990053128640205171
990053128650205171
990053128660205171
990053128670205171
990053128680205171
990053128690205171
990053128700205171
990053128710205171
990053128720205171
990053128730205171
990053128740205171
990053128750205171
990053128760205171
990053128770205171
990053128780205171
990053128790205171
990053128800205171
990053128810205171
990053128820205171
990053128830205171
990053128840205171
990053128850205171
990053128860205171
990053128870205171
990053128880205171
990053128890205171
990053128900205171
990053128910205171
990053128920205171
990053128930205171
990053128940205171
990053128950205171
990053128960205171
990053128970205171
990053128980205171
990053128990205171
990053129000205171
990053129010205171
990053129020205171
990053129030205171
990053129040205171
990053129050205171
990053129060205171
990053129070205171
990053129080205171
990053129090205171
990053129100205171
990053129110205171
990053129120205171
990053129130205171
990053129140205171
990053129150205171
990053129160205171
990053129170205171
990053129180205171
990053129190205171
990053129200205171
990053129210205171
990053129220205171
990053129230205171
990053129240205171
990053129250205171
990053129260205171
990053129270205171
990053129280205171
990053129290205171
990053129300205171
990053129310205171
990053129320205171
990053129330205171
990053129340205171
990053129350205171
990053129360205171
990053129370205171
990053129380205171
990053129390205171
990053129400205171
990053129410205171
990053129420205171
990053129430205171
990053129440205171
990053129450205171
990053129460205171
990053129470205171
990053129480205171
990053129490205171
990053129500205171
990053129510205171
990053129520205171
990053129530205171
990053129540205171
990053129550205171
990053129560205171
990053129570205171
990053129580205171
990053129590205171
990053129600205171
990053129610205171
990053129620205171
990053129630205171
990053129640205171
990053129650205171
990053129660205171
990053129670205171
990053129680205171
990053129690205171
990053129700205171
990053129710205171
990053129720205171
990053129740205171
990053129750205171
990053129760205171
990053129770205171
990053129780205171
990053129790205171
990053129800205171
990053129810205171
990053129820205171
990053129830205171
990053129840205171
990053129850205171
990053129860205171
990053129870205171
990053129880205171
990053129890205171
990053129900205171
990053129920205171
990053129930205171
990053129940205171
990053129950205171
990053129960205171
990053129970205171
990053129980205171
990053129990205171
990053130000205171
990053130010205171
990053130020205171
990053130030205171
990053130040205171
990053130050205171
990053130060205171
990053130070205171
990053130080205171
990053130090205171
990053130100205171
990053130110205171
990053130120205171
990053130130205171
990053130140205171
990053130150205171
990053130160205171
990053130170205171
990053130180205171
990053130190205171
990053130200205171
990053130210205171
990053130220205171
990053130230205171
990053130240205171
990053130250205171
990053130260205171
990053130270205171
990053130280205171
990053130290205171
990053130300205171
990053130310205171
990053130320205171
990053130330205171
990053130340205171
990053130350205171
990053130360205171
990053130370205171
990053130380205171
990053130390205171
990053130400205171
990053130410205171
990053130420205171
990053130440205171
990053130450205171
990053130460205171
990053130470205171
990053130490205171
990053130530205171
990053130550205171
990053130570205171
990053130590205171
990053130610205171
990053130620205171
990053130630205171
990053130650205171
990053130670205171
990053130690205171
990053130700205171
990053130730205171
990053130750205171
990053130760205171
990053130780205171
990053130820205171
990053130830205171
990053130850205171
990053130870205171
990053130890205171
990053130910205171
990053130950205171
990053130970205171
990053130990205171
990053131010205171
990053131030205171
990053131050205171
990053131060205171
990053131080205171
990053131100205171
990053131120205171
990053131140205171
990053131160205171
990053131180205171
990053131200205171
990053131220205171
990053131240205171
990053131250205171
990053131270205171
990053131290205171
990053131310205171
990053131330205171
990053131350205171
990053131370205171
990053131390205171
990053131410205171
990053131430205171
990053131450205171
990053131470205171
990053131490205171
990053131510205171
990053131540205171
990053131550205171
990053131570205171
990053131590205171
990053131600205171
990053131620205171
990053131650205171
990053131660205171
990053131680205171
990053131700205171
990053131720205171
990053131740205171
990053131760205171
990053131780205171
990053131790205171
990053131810205171
990053131830205171
990053131850205171
990053131870205171
990053131890205171
990053131900205171
990053131910205171
990053131950205171
990053131970205171
990053131990205171
990053132000205171
990053132010205171
990053132030205171
990053132040205171
990053132050205171
990053132060205171
990053132070205171
990053132090205171
990053132110205171
990053132130205171
990053132140205171
990053132150205171
990053132160205171
990053132200205171
990053132220205171
990053132240205171
990053132260205171
990053132280205171
990053132300205171
990053132320205171
990053132340205171
990053132360205171
990053132380205171
990053132400205171
990053132420205171
990053132440205171
990053132460205171
990053132500205171
990053132520205171
990053132560205171
990053132580205171
990053132620205171
990053132630205171
990053132640205171
990053132650205171
990053132670205171
990053132690205171
990053132710205171
990053132730205171
990053132750205171
990053132760205171
990053132780205171
990053132790205171
990053132800205171
990053132820205171
990053132840205171
990053132860205171
990053132880205171
990053132900205171
990053132940205171
990053132960205171
990053132980205171
990053133000205171
990053133040205171
990053133060205171
990053133080205171
990053133100205171
990053133120205171
990053133140205171
990053133160205171
990053133190205171
990053133210205171
990053133230205171
990053133250205171
990053133260205171
990053133270205171
990053133290205171
990053133310205171
990053133360205171
990053133400205171
990053133460205171
990053133500205171
990053133520205171
990053133540205171
990053133620205171
990053133660205171
990053133680205171
990053133700205171
990053133710205171
990053133720205171
990053133760205171
990053133840205171
990053133880205171
990053133920205171
990053133960205171
990053133980205171
990053134000205171
990053134020205171
990053134030205171
990053134050205171
990053134060205171
990053134070205171
990053134090205171
990053134110205171
990053134120205171
990053134130205171
990053134140205171
990053134150205171
990053134210205171
990053134230205171
990053134250205171
990053134270205171
990053134290205171
990053134310205171
990053134330205171
990053134350205171
990053134370205171
990053134390205171
990053134410205171
990053134430205171
990053134450205171
990053134490205171
990053134530205171
990053134570205171
990053134590205171
990053134630205171
990053134650205171
990053134680205171
990053134690205171
990053134710205171
990053134870205171
990053134890205171
990053134970205171
990053134990205171
990053135010205171
990053135100205171
990053135210205171
990053135230205171
990053135370205171
990053135430205171
990053135450205171
990053135630205171
990053135640205171
990053135800205171
990053135880205171
990053136000205171
990053136020205171
990053136040205171
990053136060205171
990053136080205171
990053136100205171
990053136140205171
990053136160205171
990053136180205171
990053136200205171
990053136220205171
990053136240205171
990053136260205171
990053136340205171
990053136360205171
990053136420205171
990053136560205171
990053136580205171
990053136590205171
990053136610205171
990053136650205171
990053136670205171
990053136690205171
990053136790205171
990053136810205171
990053136870205171
990053136890205171
990053136910205171
990053136930205171
990053136950205171
990053136970205171
990053136990205171
990053137010205171
990053137030205171
990053137050205171
990053137070205171
990053137110205171
990053137130205171
990053137170205171
990053137210205171
990053137250205171
990053137290205171
990053137310205171
990053137330205171
990053137390205171
990053137410205171
990053137430205171
990053137450205171
990053137470205171
990053137510205171
990053137530205171
990053137570205171
990053137590205171
990053137610205171
990053137630205171
990053137650205171
990053137690205171
990053137710205171
990053137730205171
990053137770205171
990053137790205171
990053137810205171
990053137830205171
990053137850205171
990053137870205171
990053137890205171
990053137910205171
990053137930205171
990053137950205171
990053137960205171
990053137970205171
990053137980205171
990053138010205171
990053138030205171
990053138050205171
990053138060205171
990053138070205171
990053138090205171
990053138110205171
990053138130205171
990053138150205171
990053138170205171
990053138190205171
990053138230205171
990053138250205171
990053138270205171
990053138290205171
990053138310205171
990053138330205171
990053138350205171
990053138370205171
990053138390205171
990053138410205171
990053138430205171
990053138440205171
990053138450205171
990053138470205171
990053138480205171
990053138490205171
990053138510205171
990053138530205171
990053138540205171
990053138550205171
990053138560205171
990053138570205171
990053138590205171
990053138610205171
990053138630205171
990053138650205171
990053138670205171
990053138710205171
990053138720205171
990053138750205171
990053138830205171
990053138890205171
990053138910205171
990053138970205171
990053138990205171
990053139010205171
990053139030205171
990053139050205171
990053139090205171
990053139110205171
990053139160205171
990053139170205171
990053139190205171
990053139290205171
990053139330205171
990053139350205171
990053139370205171
990053139390205171
990053139410205171
990053139430205171
990053139450205171
990053139470205171
990053139490205171
990053139510205171
990053139530205171
990053139550205171
990053139570205171
990053139590205171
990053139610205171
990053139630205171
990053139650205171
990053139670205171
990053139690205171
990053139710205171
990053139730205171
990053139750205171
990053139760205171
990053139770205171
990053139790205171
990053139800205171
990053139830205171
990053139870205171
990053139890205171
990053139910205171
990053139930205171
990053139950205171
990053139970205171
990053139990205171
990053140010205171
990053140030205171
990053140050205171
990053140070205171
990053140090205171
990053140100205171
990053140110205171
990053140130205171
990053140150205171
990053140170205171
990053140190205171
990053140210205171
990053140230205171
990053140250205171
990053140270205171
990053140290205171
990053140310205171
990053140330205171
990053140350205171
990053140370205171
990053140390205171
990053140410205171
990053140430205171
990053140450205171
990053140470205171
990053140490205171
990053140510205171
990053140530205171
990053140550205171
990053140570205171
990053140590205171
990053140610205171
990053140630205171
990053140650205171
990053140670205171
990053140690205171
990053140710205171
990053140720205171
990053140730205171
990053140740205171
990053140750205171
990053140760205171
990053140770205171
990053140790205171
990053140800205171
990053140810205171
990053140820205171
990053140830205171
990053140850205171
990053140870205171
990053140890205171
990053140910205171
990053140930205171
990053140950205171
990053140970205171
990053140990205171
990053141000205171
990053141010205171
990053141030205171
990053141050205171
990053141070205171
990053141090205171
990053141110205171
990053141130205171
990053141150205171
990053141170205171
990053141190205171
990053141210205171
990053141230205171
990053141250205171
990053141270205171
990053141290205171
990053141310205171
990053141330205171
990053141350205171
990053141360205171
990053141370205171
990053141380205171
990053141390205171
990053141410205171
990053141420205171
990053141430205171
990053141450205171
990053141470205171
990053141490205171
990053141510205171
990053141530205171
990053141550205171
990053141570205171
990053141590205171
990053141610205171
990053141630205171
990053141650205171
990053141670205171
990053141690205171
990053141710205171
990053141730205171
990053141750205171
990053141770205171
990053141790205171
990053141810205171
990053141830205171
990053141850205171
990053141870205171
990053141890205171
990053141910205171
990053141930205171
990053141950205171
990053141970205171
990053141990205171
990053142010205171
990053142030205171
990053142050205171
990053142070205171
990053142090205171
990053142110205171
990053142130205171
990053142150205171
990053142170205171
990053142190205171
990053142210205171
990053142230205171
990053142250205171
990053142270205171
990053142290205171
990053142310205171
990053142330205171
990053142350205171
990053142370205171
990053142390205171
990053142410205171
990053142420205171
990053142430205171
990053142440205171
990053142460205171
990053142480205171
990053142500205171
990053142520205171
990053142540205171
990053142560205171
990053142580205171
990053142600205171
990053142620205171
990053142640205171
990053142660205171
990053142680205171
990053142700205171
990053142720205171
990053142740205171
990053142760205171
990053142780205171
990053142800205171
990053142820205171
990053142840205171
990053142860205171
990053142870205171
990053142880205171
990053142900205171
990053142920205171
990053142940205171
990053142960205171
990053142980205171
990053143000205171
990053143020205171
990053143040205171
990053143060205171
990053143080205171
990053143100205171
990053143120205171
990053143140205171
990053143160205171
990053143180205171
990053143200205171
990053143220205171
990053143240205171
990053143260205171
990053143280205171
990053143300205171
990053143320205171
990053143340205171
990053143360205171
990053143380205171
990053143400205171
990053143420205171
990053143440205171
990053143460205171
990053143480205171
990053143500205171
990053143520205171
990053143540205171
990053143560205171
990053143580205171
990053143600205171
990053143620205171
990053143640205171
990053143660205171
990053143680205171
990053143700205171
990053143720205171
990053143740205171
990053143760205171
990053143780205171
990053143800205171
990053143820205171
990053143840205171
990053143860205171
990053143880205171
990053143900205171
990053143920205171
990053143940205171
990053143960205171
990053143980205171
990053144000205171
990053144010205171
990053144020205171
990053144040205171
990053144060205171
990053144080205171
990053144100205171
990053144120205171
990053144140205171
990053144160205171
990053144170205171
990053144180205171
990053144200205171
990053144220205171
990053144240205171
990053144260205171
990053144280205171
990053144300205171
990053144320205171
990053144340205171
990053144360205171
990053144370205171
990053144380205171
990053144400205171
990053144410205171
990053144420205171
990053144440205171
990053144460205171
990053144480205171
990053144500205171
990053144520205171
990053144540205171
990053144560205171
990053144580205171
990053144600205171
990053144620205171
990053144640205171
990053144660205171
990053144680205171
990053144700205171
990053144720205171
990053144730205171
990053144740205171
990053144760205171
990053144780205171
990053144800205171
990053144820205171
990053144840205171
990053144860205171
990053144880205171
990053144900205171
990053144920205171
990053144940205171
990053144960205171
990053144980205171
990053145000205171
990053145020205171
990053145040205171
990053145060205171
990053145080205171
990053145100205171
990053145120205171
990053145140205171
990053145160205171
990053145180205171
990053145200205171
990053145220205171
990053145240205171
990053145260205171
990053145280205171
990053145290205171
990053145300205171
990053145310205171
990053145320205171
990053145340205171
990053145360205171
990053145380205171
990053145400205171
990053145420205171
990053145430205171
990053145440205171
990053145450205171
990053145460205171
990053145480205171
990053145500205171
990053145520205171
990053145540205171
990053145550205171
990053145570205171
990053145590205171
990053145610205171
990053145630205171
990053145650205171
990053145670205171
990053145690205171
990053145710205171
990053145730205171
990053145750205171
990053145770205171
990053145790205171
990053145810205171
990053145820205171
990053145830205171
990053145850205171
990053145870205171
990053145890205171
990053145910205171
990053145930205171
990053145950205171
990053145970205171
990053145990205171
990053146010205171
990053146030205171
990053146050205171
990053146070205171
990053146090205171
990053146110205171
990053146130205171
990053146150205171
990053146170205171
990053146190205171
990053146210205171
990053146230205171
990053146250205171
990053146270205171
990053146290205171
990053146310205171
990053146330205171
990053146350205171
990053146370205171
990053146390205171
990053146410205171
990053146430205171
990053146450205171
990053146470205171
990053146480205171
990053146490205171
990053146510205171
990053146530205171
990053146550205171
990053146570205171
990053146590205171
990053146610205171
990053146630205171
990053146650205171
990053146670205171
990053146690205171
990053146710205171
990053146730205171
990053146750205171
990053146770205171
990053146790205171
990053146810205171
990053146830205171
990053146850205171
990053146870205171
990053146890205171
990053146910205171
990053146930205171
990053146950205171
990053146970205171
990053146990205171
990053147010205171
990053147030205171
990053147050205171
990053147070205171
990053147090205171
990053147110205171
990053147130205171
990053147150205171
990053147170205171
990053147190205171
990053147210205171
990053147230205171
990053147250205171
990053147270205171
990053147290205171
990053147310205171
990053147330205171
990053147350205171
990053147370205171
990053147390205171
990053147410205171
990053147430205171
990053147450205171
990053147490205171
990053147510205171
990053147520205171
990053147540205171
990053147560205171
990053147570205171
990053147600205171
990053147620205171
990053147640205171
990053147660205171
990053147710205171
990053147720205171
990053147740205171
990053147760205171
990053147780205171
990053147800205171
990053147820205171
990053147880205171
990053147920205171
990053147950205171
990053147960205171
990053147980205171
990053148050205171
990053148070205171
990053148130205171
990053148250205171
990053148350205171
990053148370205171
990053148390205171
990053148470205171
990053148490205171
990053148510205171
990053148530205171
990053148590205171
990053148620205171
990053148640205171
990053148660205171
990053148720205171
990053148740205171
990053148760205171
990053148930205171
990053148990205171
990053149010205171
990053149030205171
990053149050205171
990053149090205171
990053149110205171
990053149130205171
990053149150205171
990053149190205171
990053149330205171
990053149390205171
990053149410205171
990053149450205171
990053149550205171
990053149610205171
990053149630205171
990053149650205171
990053149690205171
990053149790205171
990053149810205171
990053149820205171
990053149830205171
990053149910205171
990053149920205171
990053149930205171
990053149950205171
990053149970205171
990053150030205171
990053150070205171
990053150110205171
990053150130205171
990053150150205171
990053150190205171
990053150330205171
990053150370205171
990053150410205171
990053150420205171
990053150460205171
990053150510205171
990053150520205171
990053150540205171
990053150570205171
990053150630205171
990053150650205171
990053150740205171
990053150780205171
990053150880205171
990053150900205171
990053150920205171
990053150940205171
990053150960205171
990053151000205171
990053151020205171
990053151100205171
990053151160205171
990053151200205171
990053151240205171
990053151260205171
990053151360205171
990053151380205171
990053151400205171
990053151460205171
990053151520205171
990053151540205171
990053151580205171
990053151590205171
990053151620205171
990053151640205171
990053151680205171
990053151720205171
990053151730205171
990053151740205171
990053151850205171
990053151860205171
990053151870205171
990053151880205171
990053151900205171
990053152000205171
990053152020205171
990053152040205171
990053152160205171
990053152250205171
990053152260205171
990053152360205171
990053152400205171
990053152440205171
990053152460205171
990053152480205171
990053152500205171
990053152520205171
990053152540205171
990053152560205171
990053152580205171
990053152600205171
990053152620205171
990053152640205171
990053152660205171
990053152680205171
990053152700205171
990053152740205171
990053152760205171
990053152780205171
990053152790205171
990053152810205171
990053152830205171
990053152850205171
990053152870205171
990053152890205171
990053152910205171
990053152920205171
990053152930205171
990053152950205171
990053152970205171
990053152990205171
990053153000205171
990053153790205171
990053154260205171
990053154270205171
990053154680205171
990053154690205171
990053154700205171
990053154710205171
990053154720205171
990053154730205171
990053154740205171
990053154750205171
990053154760205171
990053154770205171
990053154780205171
990053154790205171
990053154800205171
990053154810205171
990053154820205171
990053154830205171
990053154840205171
990053154850205171
990053154860205171
990053155430205171
990053155870205171
990053155940205171
990053155970205171
990053155980205171
990053155990205171
990053156000205171
990053156010205171
990053156020205171
990053156030205171
990053156040205171
990053156050205171
990053156060205171
990053156120205171
990053156140205171
990053156150205171
990053156160205171
990053156170205171
990053156180205171
990053156190205171
990053156200205171
990053156210205171
990053156410205171
990053156430205171
990053156440205171
990053156760205171
990053156990205171
990053157120205171
990053157180205171
990053157210205171
990053158070205171
990053158510205171
990053158660205171
990053158700205171
990053158710205171
990053158720205171
990053158730205171
990053158740205171
990053158750205171
990053158760205171
990053158770205171
990053158780205171
990053158790205171
990053158800205171
990053158810205171
990053158820205171
990053158830205171
990053158850205171
990053158860205171
990053158950205171
990053158970205171
990053158980205171
990053159210205171
990053159440205171
990053159460205171
990053159470205171
990053159540205171
990053159560205171
990053160070205171
990053160310205171
990053160320205171
990053160330205171
990053160340205171
990053160350205171
990053160360205171
990053160370205171
990053160380205171
990053160620205171
990053160630205171
990053160640205171
990053160650205171
990053160660205171
990053160670205171
990053160680205171
990053160690205171
990053160700205171
990053160710205171
990053160720205171
990053160980205171
990053160990205171
990053161000205171
990053161010205171
990053161020205171
990053161030205171
990053161040205171
990053161050205171
990053161220205171
990053161330205171
990053161740205171
990053161760205171
990053161820205171
990053161910205171
990053162000205171
990053162250205171
990053162850205171
990053163050205171
990053163110205171
990053163580205171
990053164040205171
990053164060205171
990053164070205171
990053165020205171
990053165030205171
990053165040205171
990053165050205171
990053165060205171
990053165070205171
990053165080205171
990053165090205171
990053165100205171
990053165110205171
990053165120205171
990053165130205171
990053165140205171
990053165150205171
990053165160205171
990053165170205171
990053165180205171
990053165190205171
990053165200205171
990053165210205171
990053165220205171
990053165230205171
990053165240205171
990053165250205171
990053165260205171
990053165270205171
990053165280205171
990053165290205171
990053165300205171
990053165310205171
990053165320205171
990053165330205171
990053165340205171
990053165350205171
990053165360205171
990053165370205171
990053165380205171
990053165390205171
990053165400205171
990053165410205171
990053165420205171
990053165430205171
990053165440205171
990053165450205171
990053165460205171
990053165470205171
990053165480205171
990053165490205171
990053165500205171
990053165510205171
990053165520205171
990053165530205171
990053165540205171
990053165550205171
990053165560205171
990053165570205171
990053165580205171
990053165590205171
990053165600205171
990053165610205171
990053165620205171
990053165630205171
990053165640205171
990053165650205171
990053165660205171
990053165670205171
990053165680205171
990053165690205171
990053165700205171
990053165710205171
990053165720205171
990053165730205171
990053165740205171
990053165750205171
990053166090205171
990053166110205171
990053166480205171
990053166550205171
990053166560205171
990053166570205171
990053166580205171
990053166590205171
990053166600205171
990053166610205171
990053166620205171
990053166630205171
990053166640205171
990053166650205171
990053166660205171
990053166670205171
990053166680205171
990053166690205171
990053166700205171
990053166710205171
990053166720205171
990053166730205171
990053166740205171
990053166750205171
990053167710205171
990053167720205171
990053167730205171
990053167740205171
990053167750205171
990053167760205171
990053167770205171
990053167780205171
990053167790205171
990053167800205171
990053167810205171
990053167820205171
990053167830205171
990053167840205171
990053167850205171
990053167860205171
990053167870205171
990053167880205171
990053167890205171
990053167900205171
990053167910205171
990053167920205171
990053167930205171
990053167940205171
990053167950205171
990053167960205171
990053167970205171
990053167980205171
990053167990205171
990053168000205171
990053168010205171
990053168020205171
990053168030205171
990053168040205171
990053168050205171
990053168060205171
990053168070205171
990053168080205171
990053168090205171
990053168100205171
990053168110205171
990053168120205171
990053168130205171
990053168140205171
990053168150205171
990053168160205171
990053168170205171
990053168180205171
990053168190205171
990053168200205171
990053168210205171
990053168530205171
990053168540205171
990053168550205171
990053168560205171
990053168570205171
990053168580205171
990053168590205171
990053168600205171
990053168610205171
990053168620205171
990053168630205171
990053168640205171
990053168650205171
990053168660205171
990053168670205171
990053168680205171
990053168710205171
990053168740205171
990053168840205171
990053168860205171
990053168870205171
990053168890205171
990053168920205171
990053168930205171
990053169130205171
990053169520205171
990053169530205171
990053169550205171
990053169920205171
990053169960205171
990053170350205171
990053170660205171
990053170980205171
990053171800205171
990053171810205171
990053171850205171
990053171970205171
990053171980205171
990053172000205171
990053172010205171
990053172090205171
990053172370205171
990053172380205171
990053172410205171
990053172430205171
990053172650205171
990053172660205171
990053172670205171
990053172680205171
990053172690205171
990053172700205171
990053172710205171
990053172720205171
990053172730205171
990053172740205171
990053172750205171
990053172760205171
990053172820205171
990053172830205171
990053172840205171
990053172850205171
990053172970205171
990053172990205171
990053173010205171
990053173030205171
990053173260205171
990053173270205171
990053173280205171
990053173370205171
990053173380205171
990053173420205171
990053173570205171
990053173580205171
990053174070205171
990053174130205171
990053174140205171
990053174150205171
990053174160205171
990053174170205171
990053174180205171
990053174190205171
990053174200205171
990053174210205171
990053174220205171
990053174230205171
990053174240205171
990053174250205171
990053174260205171
990053174270205171
990053174280205171
990053174290205171
990053174650205171
990053174670205171
990053174680205171
990053174800205171
990053174890205171
990053174900205171
990053174910205171
990053174920205171
990053174930205171
990053174940205171
990053174950205171
990053174960205171
990053174970205171
990053174980205171
990053175490205171
990053175500205171
990053175510205171
990053175520205171
990053175530205171
990053175540205171
990053175550205171
990053175560205171
990053175570205171
990053175590205171
990053175690205171
990053175990205171
990053176020205171
990053176180205171
990053176190205171
990053176200205171
990053176210205171
990053176220205171
990053176230205171
990053176240205171
990053176250205171
990053176260205171
990053176270205171
990053176280205171
990053176290205171
990053176300205171
990053176310205171
990053176320205171
990053176330205171
990053176340205171
990053176350205171
990053176360205171
990053176370205171
990053176380205171
990053176390205171
990053176400205171
990053176410205171
990053176420205171
990053176430205171
990053176440205171
990053176450205171
990053176460205171
990053176470205171
990053176480205171
990053176490205171
990053176500205171
990053176510205171
990053176520205171
990053176530205171
990053176540205171
990053176550205171
990053176560205171
990053176570205171
990053176580205171
990053176590205171
990053176600205171
990053176610205171
990053176620205171
990053176630205171
990053176640205171
990053176650205171
990053176660205171
990053176670205171
990053176680205171
990053176690205171
990053176700205171
990053176710205171
990053176720205171
990053176730205171
990053176740205171
990053176910205171
990053177010205171
990053177300205171
990053177310205171
990053177680205171
990053177920205171
990053177930205171
990053177940205171
990053177950205171
990053177960205171
990053177970205171
990053177980205171
990053177990205171
990053178000205171
990053178010205171
990053178100205171
990053178310205171
990053178320205171
990053178330205171
990053178340205171
990053178350205171
990053178360205171
990053178500205171
990053178560205171
990053178570205171
990053178650205171
990053178660205171
990053179230205171
990053179260205171
990053179270205171
990053179300205171
990053179600205171
990053179610205171
990053179670205171
990053179680205171
990053179720205171
990053179960205171
990053179970205171
990053180580205171
990053180740205171
990053180750205171
990053180780205171
990053180950205171
990053181020205171
990053181610205171
990053181620205171
990053181630205171
990053181640205171
990053181650205171
990053181660205171
990053181670205171
990053181680205171
990053181690205171
990053181700205171
990053181710205171
990053181720205171
990053181730205171
990053181740205171
990053181750205171
990053181760205171
990053181770205171
990053181780205171
990053181790205171
990053181800205171
990053181810205171
990053181820205171
990053181830205171
990053181840205171
990053181850205171
990053181860205171
990053181870205171
990053181880205171
990053181890205171
990053181900205171
990053181910205171
990053181920205171
990053181930205171
990053181940205171
990053181950205171
990053181960205171
990053181970205171
990053181980205171
990053181990205171
990053182000205171
990053182010205171
990053182020205171
990053182030205171
990053182040205171
990053182050205171
990053182060205171
990053182070205171
990053182080205171
990053182090205171
990053182100205171
990053182110205171
990053182120205171
990053182130205171
990053182140205171
990053182150205171
990053182160205171
990053182170205171
990053182180205171
990053182190205171
990053182200205171
990053182210205171
990053182220205171
990053182230205171
990053182240205171
990053182250205171
990053182260205171
990053182270205171
990053182280205171
990053182290205171
990053182300205171
990053182310205171
990053182320205171
990053182330205171
990053182340205171
990053182350205171
990053182360205171
990053182370205171
990053182380205171
990053182390205171
990053182400205171
990053182410205171
990053182420205171
990053182430205171
990053182440205171
990053182450205171
990053182460205171
990053182470205171
990053182480205171
990053182490205171
990053182500205171
990053182510205171
990053182520205171
990053182530205171
990053182540205171
990053182550205171
990053182560205171
990053182570205171
990053182580205171
990053182590205171
990053182600205171
990053183590205171
990053183870205171
990053185910205171
990053186100205171
990053186110205171
990053186130205171
990053186140205171
990053186150205171
990053186160205171
990053186710205171
990053186830205171
990053187230205171
990053187240205171
990053187250205171
990053187260205171
990053187270205171
990053187280205171
990053187290205171
990053187300205171
990053187310205171
990053187320205171
990053187330205171
990053187340205171
990053187350205171
990053187360205171
990053187370205171
990053187380205171
990053187390205171
990053187400205171
990053187410205171
990053187420205171
990053187430205171
990053187440205171
990053187450205171
990053187460205171
990053187470205171
990053187480205171
990053187490205171
990053187500205171
990053187510205171
990053187520205171
990053187530205171
990053187540205171
990053187550205171
990053187560205171
990053187570205171
990053187580205171
990053187590205171
990053187600205171
990053187610205171
990053187620205171
990053187630205171
990053187640205171
990053187650205171
990053187660205171
990053187670205171
990053187680205171
990053187690205171
990053187700205171
990053187710205171
990053187720205171
990053187730205171
990053188880205171
990053188890205171
990053188920205171
990053189010205171
990053189020205171
990053189030205171
990053189040205171
990053189050205171
990053189060205171
990053189070205171
990053189080205171
990053189090205171
990053189100205171
990053189110205171
990053189120205171
990053189130205171
990053189140205171
990053189150205171
990053189160205171
990053189170205171
990053189180205171
990053189190205171
990053189200205171
990053189210205171
990053189220205171
990053189230205171
990053189240205171
990053189250205171
990053189530205171
990053189640205171
990053189910205171
990053190770205171
990053190930205171
990053190940205171
990053191110205171
990053191440205171
990053192350205171
990053193680205171
990053194180205171
990053194900205171
990053194910205171
990053194920205171
990053194930205171
990053194940205171
990053194950205171
990053194960205171
990053194970205171
990053194980205171
990053194990205171
990053195000205171
990053195010205171
990053195020205171
990053195030205171
990053195040205171
990053195050205171
990053195060205171
990053195070205171
990053195080205171
990053195090205171
990053195100205171
990053195110205171
990053195120205171
990053195130205171
990053195140205171
990053195150205171
990053195160205171
990053195170205171
990053195180205171
990053195190205171
990053195200205171
990053195210205171
990053195220205171
990053195230205171
990053195240205171
990053195250205171
990053195260205171
990053195270205171
990053195280205171
990053195290205171
990053195300205171
990053195310205171
990053195320205171
990053195330205171
990053195340205171
990053195350205171
990053195360205171
990053195370205171
990053195380205171
990053195390205171
990053195400205171
990053195410205171
990053195420205171
990053195430205171
990053195440205171
990053195450205171
990053195460205171
990053195470205171
990053195480205171
990053195490205171
990053195500205171
990053195510205171
990053195520205171
990053195530205171
990053195540205171
990053195550205171
990053195560205171
990053195570205171
990053195580205171
990053195590205171
990053195600205171
990053195610205171
990053195620205171
990053195630205171
990053195640205171
990053195650205171
990053195660205171
990053195670205171
990053195680205171
990053195690205171
990053195700205171
990053195710205171
990053195720205171
990053195730205171
990053195740205171
990053195750205171
990053195760205171
990053195770205171
990053195780205171
990053195790205171
990053195800205171
990053195810205171
990053195820205171
990053195830205171
990053195840205171
990053195850205171
990053195860205171
990053195870205171
990053195880205171
990053195890205171
990053195900205171
990053195910205171
990053195920205171
990053195930205171
990053195940205171
990053195950205171
990053195960205171
990053195970205171
990053195980205171
990053195990205171
990053196000205171
990053196010205171
990053196020205171
990053196030205171
990053196040205171
990053196050205171
990053196060205171
990053196070205171
990053196080205171
990053196090205171
990053196100205171
990053196110205171
990053196120205171
990053196130205171
990053196140205171
990053196150205171
990053196160205171
990053196170205171
990053196180205171
990053196190205171
990053196200205171
990053196210205171
990053196220205171
990053196230205171
990053196240205171
990053196250205171
990053196260205171
990053196270205171
990053196280205171
990053196290205171
990053196300205171
990053196310205171
990053196320205171
990053196330205171
990053196340205171
990053196350205171
990053196360205171
990053196370205171
990053196380205171
990053196390205171
990053196400205171
990053196410205171
990053196420205171
990053196430205171
990053196440205171
990053196450205171
990053196460205171
990053196470205171
990053196480205171
990053196490205171
990053196500205171
990053196510205171
990053196520205171
990053196720205171
990053196730205171
990053196740205171
990053197490205171
990053197730205171
990053198080205171
990053198100205171
990053198190205171
990053198240205171
990053198260205171
990053198410205171
990053199140205171
990053199150205171
990053199710205171
990053199720205171
990053199730205171
990053199740205171
990053199750205171
990053199760205171
990053199790205171
990053200510205171
990053200570205171
990053200580205171
990053200860205171
990053201770205171
990053202020205171
990053202200205171
990053202610205171
990053202620205171
990053202630205171
990053202640205171
990053202650205171
990053202660205171
990053202670205171
990053202680205171
990053202690205171
990053202700205171
990053202710205171
990053202720205171
990053202730205171
990053202740205171
990053202750205171
990053202760205171
990053202770205171
990053202780205171
990053202790205171
990053202800205171
990053202810205171
990053202820205171
990053202830205171
990053202840205171
990053202850205171
990053202860205171
990053202870205171
990053202880205171
990053202890205171
990053202900205171
990053202910205171
990053202920205171
990053202930205171
990053202940205171
990053202950205171
990053202960205171
990053202970205171
990053202980205171
990053202990205171
990053203000205171
990053203240205171
990053203310205171
990053204140205171
990053204430205171
990053204710205171
990053204730205171
990053204780205171
990053204860205171
990053205040205171
990053205940205171
990053205950205171
990053206020205171
990053206030205171
990053206080205171
990053206090205171
990053206100205171
990053206110205171
990053206120205171
990053206140205171
990053206150205171
990053206160205171
990053206170205171
990053206180205171
990053206420205171
990053206500205171
990053207120205171
990053207130205171
990053207140205171
990053207150205171
990053207160205171
990053207170205171
990053207220205171
990053207230205171
990053207240205171
990053207250205171
990053207260205171
990053207270205171
990053207280205171
990053207290205171
990053207300205171
990053207310205171
990053207330205171
990053207340205171
990053207360205171
990053207370205171
990053208080205171
990053208220205171
990053208250205171
990053208270205171
990053208300205171
990053208350205171
990053208370205171
990053208620205171
990053208980205171
990053208990205171
990053209000205171
990053209010205171
990053209020205171
990053209140205171
990053209190205171
990053209270205171
990053209530205171
990053209610205171
990053209830205171
990053210640205171
990053210820205171
990053211530205171
990053212030205171
990053212580205171
990053212660205171
990053212860205171
990053213500205171
990053213640205171
990053213790205171
990053213800205171
990053213810205171
990053213870205171
990053214120205171
990053214210205171
990053214410205171
990053214930205171
990053215070205171
990053216670205171
990053216880205171
990053216890205171
990053216900205171
990053216910205171
990053216920205171
990053216930205171
990053216940205171
990053216950205171
990053217040205171
990053217350205171
990053217470205171
990053217500205171
990053217690205171
990053217900205171
990053218240205171
990053218330205171
990053218840205171
990053218880205171
990053218890205171
990053219280205171
990053219740205171
990053219790205171
990053219850205171
990053220380205171
990053220410205171
990053220420205171
990053220440205171
990053220610205171
990053220780205171
990053220790205171
990053220810205171
990053220880205171
990053220890205171
990053221050205171
990053221100205171
990053221380205171
990053221630205171
990053221900205171
990053222500205171
990053222510205171
990053223130205171
990053224540205171
990053225020205171
990053225060205171
990053225450205171
990053225660205171
990053226400205171
990053226410205171
990053226420205171
990053226430205171
990053226440205171
990053226450205171
990053226460205171
990053226470205171
990053226480205171
990053226490205171
990053226500205171
990053226510205171
990053226520205171
990053226530205171
990053226540205171
990053226550205171
990053226560205171
990053226570205171
990053226580205171
990053226590205171
990053226600205171
990053226610205171
990053226620205171
990053226630205171
990053226640205171
990053226650205171
990053226660205171
990053226670205171
990053226680205171
990053226690205171
990053226700205171
990053226710205171
990053226720205171
990053226730205171
990053226740205171
990053226750205171
990053227330205171
990053227640205171
990053227850205171
990053230280205171
990053230510205171
990053230520205171
990053230530205171
990053230540205171
990053230590205171
990053230600205171
990053230770205171
990053231190205171
990053231330205171
990053231340205171
990053231720205171
990053232150205171
990053232190205171
990053232870205171
990053232880205171
990053234560205171
990053234570205171
990053234580205171
990053234830205171
990053234850205171
990053234860205171
990053234880205171
990053234890205171
990053234920205171
990053234930205171
990053234960205171
990053234970205171
990053235120205171
990053235860205171
990053235930205171
990053236170205171
990053236280205171
990053237420205171
990053238600205171
990053238720205171
990053238870205171
990053239430205171
990053239450205171
990053239760205171
990053239960205171
990053240050205171
990053240060205171
990053240350205171
990053240820205171
990053240890205171
990053241400205171
990053241410205171
990053241510205171
990053241720205171
990053242320205171
990053242470205171
990053242960205171
990053243470205171
990053243480205171
990053243490205171
990053243500205171
990053243510205171
990053243520205171
990053243530205171
990053243540205171
990053243550205171
990053243560205171
990053243570205171
990053243580205171
990053243590205171
990053243600205171
990053243610205171
990053243620205171
990053243630205171
990053243640205171
990053243650205171
990053243660205171
990053244340205171
990053246130205171
990053246770205171
990053246820205171
990053246840205171
990053247410205171
990053247430205171
990053247440205171
990053247450205171
990053247460205171
990053247650205171
990053247660205171
990053248000205171
990053248290205171
990053248600205171
990053248860205171
990053248870205171
990053248890205171
990053248920205171
990053249160205171
990053249400205171
990053249610205171
990053249810205171
990053249830205171
990053249930205171
990053250000205171
990053250450205171
990053250580205171
990053250590205171
990053250720205171
990053250730205171
990053251000205171
990053251010205171
990053251180205171
990053251220205171
990053251930205171
990053252020205171
990053252230205171
990053252450205171
990053252560205171
990053253640205171
990053253650205171
990053253770205171
990053254170205171
990053254220205171
990053254230205171
990053254240205171
990053254250205171
990053254260205171
990053254270205171
990053254280205171
990053254290205171
990053254300205171
990053254340205171
990053254350205171
990053254360205171
990053254370205171
990053254380205171
990053254390205171
990053254400205171
990053254410205171
990053254420205171
990053254430205171
990053254440205171
990053254450205171
990053254460205171
990053254470205171
990053255430205171
990053255450205171
990053255980205171
990053256190205171
990053256370205171
990053256500205171
990053256950205171
990053257190205171
990053257200205171
990053257210205171
990053257220205171
990053257230205171
990053257240205171
990053257250205171
990053257260205171
990053257320205171
990053257330205171
990053257340205171
990053257350205171
990053257360205171
990053257370205171
990053257380205171
990053257390205171
990053257400205171
990053257410205171
990053257420205171
990053257430205171
990053257440205171
990053257450205171
990053258080205171
990053258710205171
990053258860205171
990053258970205171
990053259210205171
990053259230205171
990053259440205171
990053259450205171
990053259460205171
990053259470205171
990053259480205171
990053259490205171
990053259500205171
990053259510205171
990053259520205171
990053259580205171
990053259680205171
990053259690205171
990053259800205171
990053259850205171
990053259970205171
990053259990205171
990053260000205171
990053260010205171
990053260020205171
990053260030205171
990053260070205171
990053260080205171
990053260090205171
990053260100205171
990053260110205171
990053260120205171
990053260130205171
990053260140205171
990053260150205171
990053260160205171
990053260170205171
990053260180205171
990053260190205171
990053260200205171
990053260210205171
990053260220205171
990053260230205171
990053260240205171
990053260250205171
990053260260205171
990053260270205171
990053260280205171
990053260290205171
990053260300205171
990053260310205171
990053260320205171
990053260330205171
990053260880205171
990053260920205171
990053261080205171
990053261090205171
990053261100205171
990053261110205171
990053261120205171
990053261130205171
990053261140205171
990053261150205171
990053261160205171
990053261170205171
990053261180205171
990053261190205171
990053261200205171
990053261210205171
990053261220205171
990053261230205171
990053261240205171
990053261250205171
990053261260205171
990053261270205171
990053261330205171
990053261590205171
990053261600205171
990053261610205171
990053261620205171
990053261630205171
990053261640205171
990053261650205171
990053261660205171
990053261670205171
990053261680205171
990053261920205171
990053262280205171
990053263590205171
990053263930205171
990053264180205171
990053264360205171
990053264780205171
990053265190205171
990053265510205171
990053265670205171
990053265680205171
990053265780205171
990053265790205171
990053265800205171
990053265820205171
990053265830205171
990053265840205171
990053266520205171
990053266530205171
990053266780205171
990053266790205171
990053267060205171
990053267130205171
990053267230205171
990053267280205171
990053267430205171
990053267440205171
990053267610205171
990053268370205171
990053268510205171
990053269010205171
990053269020205171
990053269040205171
990053269200205171
990053269750205171
990053269840205171
990053269850205171
990053269860205171
990053270400205171
990053270450205171
990053270470205171
990053270480205171
990053270660205171
990053270700205171
990053271180205171
990053271240205171
990053271250205171
990053271270205171
990053271280205171
990053271320205171
990053271340205171
990053271830205171
990053272030205171
990053272050205171
990053272210205171
990053272250205171
990053272260205171
990053272720205171
990053272740205171
990053272780205171
990053272820205171
990053273030205171
990053273420205171
990053273750205171
990053274080205171
990053274240205171
990053274340205171
990053274370205171
990053275980205171
990053276620205171
990053276680205171
990053277230205171
990053277720205171
990053278190205171
990053278200205171
990053278210205171
990053278220205171
990053278230205171
990053278240205171
990053278250205171
990053278260205171
990053278270205171
990053278280205171
990053278290205171
990053278300205171
990053278310205171
990053278320205171
990053278430205171
990053279470205171
990053279610205171
990053279760205171
990053280000205171
990053280070205171
990053280510205171
990053280670205171
990053280900205171
990053280930205171
990053280970205171
990053281120205171
990053281140205171
990053281290205171
990053281380205171
990053281390205171
990053281420205171
990053281440205171
990053281470205171
990053281510205171
990053281600205171
990053282180205171
990053282190205171
990053282200205171
990053282210205171
990053282220205171
990053282230205171
990053282240205171
990053282250205171
990053282260205171
990053282270205171
990053282280205171
990053282290205171
990053282300205171
990053282310205171
990053282320205171
990053282330205171
990053282640205171
990053282650205171
990053282660205171
990053282670205171
990053282680205171
990053282690205171
990053282700205171
990053282710205171
990053282720205171
990053282730205171
990053282740205171
990053282750205171
990053282760205171
990053282840205171
990053282860205171
990053282870205171
990053282880205171
990053282890205171
990053282900205171
990053282910205171
990053282920205171
990053282930205171
990053282940205171
990053282950205171
990053283040205171
990053283050205171
990053283060205171
990053283070205171
990053283080205171
990053283090205171
990053283100205171
990053283110205171
990053283120205171
990053283130205171
990053283140205171
990053283150205171
990053283160205171
990053283170205171
990053283180205171
990053283190205171
990053283200205171
990053283210205171
990053283220205171
990053283230205171
990053283240205171
990053283250205171
990053283260205171
990053283270205171
990053283280205171
990053283290205171
990053283300205171
990053283310205171
990053283320205171
990053283330205171
990053283340205171
990053283350205171
990053283360205171
990053283370205171
990053283380205171
990053283390205171
990053283400205171
990053283410205171
990053283420205171
990053283430205171
990053283440205171
990053283450205171
990053283460205171
990053283470205171
990053283480205171
990053283490205171
990053283500205171
990053283510205171
990053283520205171
990053283530205171
990053283540205171
990053283550205171
990053283560205171
990053283570205171
990053283580205171
990053283590205171
990053283600205171
990053283610205171
990053283620205171
990053283630205171
990053283640205171
990053283650205171
990053283660205171
990053283670205171
990053283680205171
990053283690205171
990053283700205171
990053283710205171
990053283720205171
990053283730205171
990053283740205171
990053283750205171
990053283760205171
990053283770205171
990053283780205171
990053283820205171
990053283830205171
990053283840205171
990053283850205171
990053283860205171
990053283870205171
990053283880205171
990053283890205171
990053283900205171
990053283910205171
990053283920205171
990053283930205171
990053283940205171
990053283950205171
990053283960205171
990053283970205171
990053283980205171
990053283990205171
990053284000205171
990053284010205171
990053284020205171
990053284030205171
990053284040205171
990053284050205171
990053284060205171
990053284070205171
990053284080205171
990053284090205171
990053284100205171
990053284110205171
990053284120205171
990053284130205171
990053284140205171
990053284150205171
990053284160205171
990053284170205171
990053284180205171
990053284190205171
990053284200205171
990053284210205171
990053284220205171
990053284230205171
990053284240205171
990053284250205171
990053284260205171
990053284270205171
990053284280205171
990053284290205171
990053284300205171
990053284310205171
990053284320205171
990053284330205171
990053284340205171
990053284350205171
990053284360205171
990053284370205171
990053284380205171
990053284390205171
990053284400205171
990053284410205171
990053284420205171
990053284430205171
990053284440205171
990053284450205171
990053284460205171
990053284470205171
990053284480205171
990053284490205171
990053284500205171
990053284510205171
990053284520205171
990053284530205171
990053284540205171
990053284550205171
990053284560205171
990053284570205171
990053284580205171
990053284590205171
990053284600205171
990053284610205171
990053284620205171
990053284630205171
990053284640205171
990053284650205171
990053284660205171
990053284670205171
990053284680205171
990053284690205171
990053284700205171
990053284710205171
990053284720205171
990053284730205171
990053284740205171
990053284750205171
990053284760205171
990053284770205171
990053284780205171
990053284790205171
990053284800205171
990053284810205171
990053284820205171
990053284830205171
990053284840205171
990053284850205171
990053284860205171
990053284870205171
990053284880205171
990053284890205171
990053284900205171
990053284910205171
990053284920205171
990053284930205171
990053284940205171
990053284950205171
990053284960205171
990053284970205171
990053284980205171
990053284990205171
990053285000205171
990053285010205171
990053285020205171
990053285030205171
990053285040205171
990053285050205171
990053285060205171
990053285070205171
990053285080205171
990053285090205171
990053285100205171
990053285110205171
990053285120205171
990053285130205171
990053285140205171
990053285150205171
990053285160205171
990053285170205171
990053285180205171
990053285190205171
990053285200205171
990053285210205171
990053285220205171
990053285230205171
990053285240205171
990053285250205171
990053285260205171
990053285270205171
990053285280205171
990053285290205171
990053285300205171
990053285310205171
990053285320205171
990053285330205171
990053285340205171
990053285350205171
990053285360205171
990053285370205171
990053285380205171
990053285390205171
990053285400205171
990053285410205171
990053285420205171
990053285430205171
990053285440205171
990053285450205171
990053285460205171
990053285470205171
990053285480205171
990053285490205171
990053285500205171
990053285510205171
990053285520205171
990053285530205171
990053285540205171
990053285640205171
990053285650205171
990053285660205171
990053285670205171
990053285680205171
990053285690205171
990053285700205171
990053285710205171
990053285720205171
990053285730205171
990053285740205171
990053285810205171
990053286010205171
990053286170205171
990053286210205171
990053286500205171
990053286510205171
990053286520205171
990053286530205171
990053286540205171
990053286550205171
990053286560205171
990053286570205171
990053286580205171
990053286590205171
990053286640205171
990053286780205171
990053286920205171
990053286960205171
990053286970205171
990053287020205171
990053287160205171
990053287190205171
990053287230205171
990053287240205171
990053287260205171
990053287370205171
990053287410205171
990053287520205171
990053287530205171
990053287540205171
990053287550205171
990053287560205171
990053287570205171
990053287580205171
990053287590205171
990053287600205171
990053287610205171
990053287620205171
990053287630205171
990053287640205171
990053287650205171
990053287660205171
990053287670205171
990053287680205171
990053287690205171
990053287700205171
990053287710205171
990053287720205171
990053287900205171
990053288150205171
990053288160205171
990053288170205171
990053288220205171
990053288230205171
990053288240205171
990053288250205171
990053288270205171
990053288290205171
990053288300205171
990053288310205171
990053288320205171
990053288330205171
990053288340205171
990053288350205171
990053288360205171
990053288370205171
990053288380205171
990053288590205171
990053288700205171
990053288870205171
990053288940205171
990053289240205171
990053289600205171
990053289700205171
990053289710205171
990053289950205171
990053289980205171
990053289990205171
990053290220205171
990053290410205171
990053290420205171
990053290430205171
990053290460205171
990053290620205171
990053290860205171
990053290970205171
990053291130205171
990053291140205171
990053291150205171
990053291160205171
990053291190205171
990053291300205171
990053291310205171
990053291320205171
990053291330205171
990053291340205171
990053291350205171
990053291360205171
990053291370205171
990053291380205171
990053291490205171
990053291500205171
990053291510205171
990053291520205171
990053291530205171
990053291540205171
990053291550205171
990053291560205171
990053291570205171
990053291660205171
990053291670205171
990053291680205171
990053291690205171
990053291700205171
990053291710205171
990053291720205171
990053291730205171
990053291830205171
990053291840205171
990053291850205171
990053291860205171
990053291870205171
990053291880205171
990053291890205171
990053291900205171
990053291910205171
990053291920205171
990053291930205171
990053292240205171
990053292540205171
990053292570205171
990053292610205171
990053292890205171
990053293000205171
990053293040205171
990053293190205171
990053293540205171
990053293620205171
990053293630205171
990053293650205171
990053293660205171
990053293710205171
990053294330205171
990053294470205171
990053294480205171
990053294530205171
990053294730205171
990053294740205171
990053294750205171
990053294800205171
990053294830205171
990053294840205171
990053295090205171
990053295210205171
990053295390205171
990053295640205171
990053296020205171
990053297480205171
990053297720205171
990053298440205171
990053298470205171
990053298630205171
990053298670205171
990053298950205171
990053299010205171
990053299070205171
990053299480205171
990053299930205171
990053299950205171
990053299960205171
990053300260205171
990053300600205171
990053300760205171
990053300820205171
990053300890205171
990053301840205171
990053301930205171
990053302040205171
990053302080205171
990053302910205171
990053303800205171
990053303850205171
990053304430205171
990053305120205171
990053305140205171
990053305700205171
990053305760205171
990053305770205171
990053305780205171
990053306090205171
990053306150205171
990053306300205171
990053306450205171
990053306620205171
990053306670205171
990053306930205171
990053307000205171
990053307070205171
990053307130205171
990053307230205171
990053307820205171
990053308820205171
990053309000205171
990053309100205171
990053309250205171
990053309260205171
990053309270205171
990053309280205171
990053309290205171
990053309300205171
990053309310205171
990053309320205171
990053309330205171
990053309340205171
990053309350205171
990053309360205171
990053309370205171
990053309380205171
990053309390205171
990053309400205171
990053309410205171
990053309420205171
990053309430205171
990053309440205171
990053309450205171
990053309460205171
990053309470205171
990053309480205171
990053309490205171
990053309640205171
990053309650205171
990053309670205171
990053309680205171
990053309690205171
990053309700205171
990053309710205171
990053309720205171
990053309730205171
990053309740205171
990053309980205171
990053310060205171
990053310100205171
990053310130205171
990053310170205171
990053310230205171
990053310260205171
990053310280205171
990053310380205171
990053310400205171
990053310440205171
990053310450205171
990053310460205171
990053310470205171
990053310500205171
990053310630205171
990053310650205171
990053310800205171
990053310820205171
990053310850205171
990053310930205171
990053311310205171
990053311320205171
990053311360205171
990053311450205171
990053311650205171
990053311870205171
990053311880205171
990053311890205171
990053312030205171
990053312080205171
990053312190205171
990053312200205171
990053312250205171
990053312290205171
990053312300205171
990053312320205171
990053312330205171
990053312340205171
990053312590205171
990053312650205171
990053312730205171
990053312740205171
990053312750205171
990053312780205171
990053312850205171
990053312870205171
990053313060205171
990053313180205171
990053313280205171
990053313290205171
990053313410205171
990053313490205171
990053313980205171
990053314050205171
990053314090205171
990053314120205171
990053314260205171
990053314450205171
990053314480205171
990053314490205171
990053314640205171
990053314660205171
990053314690205171
990053314700205171
990053314760205171
990053314790205171
990053314800205171
990053314830205171
990053315030205171
990053315060205171
990053315070205171
990053315090205171
990053315100205171
990053315360205171
990053315370205171
990053315460205171
990053315550205171
990053315560205171
990053315730205171
990053316150205171
990053316170205171
990053316180205171
990053316340205171
990053316510205171
990053316570205171
990053316580205171
990053316620205171
990053316640205171
990053316810205171
990053316890205171
990053316940205171
990053317130205171
990053317140205171
990053317200205171
990053317240205171
990053317250205171
990053317270205171
990053317280205171
990053317310205171
990053317320205171
990053317330205171
990053317340205171
990053317360205171
990053317390205171
990053317400205171
990053317410205171
990053317430205171
990053317440205171
990053317450205171
990053317460205171
990053317480205171
990053317490205171
990053317600205171
990053317700205171
990053317720205171
990053317730205171
990053317790205171
990053317800205171
990053317840205171
990053317860205171
990053317900205171
990053317930205171
990053317960205171
990053317970205171
990053317990205171
990053318000205171
990053318020205171
990053318030205171
990053318050205171
990053318060205171
990053318070205171
990053318080205171
990053318090205171
990053318100205171
990053318110205171
990053318120205171
990053318140205171
990053318150205171
990053318170205171
990053318220205171
990053318230205171
990053318250205171
990053318280205171
990053318300205171
990053318310205171
990053318320205171
990053318330205171
990053318340205171
990053318350205171
990053318360205171
990053318370205171
990053318380205171
990053318390205171
990053318400205171
990053318430205171
990053318470205171
990053318500205171
990053318530205171
990053318570205171
990053318580205171
990053318590205171
990053318600205171
990053318610205171
990053318640205171
990053318650205171
990053318670205171
990053318680205171
990053318690205171
990053318700205171
990053318730205171
990053318740205171
990053318760205171
990053318780205171
990053318810205171
990053318830205171
990053318880205171
990053318900205171
990053318910205171
990053318920205171
990053318930205171
990053318940205171
990053318970205171
990053318980205171
990053318990205171
990053319000205171
990053319010205171
990053319020205171
990053319030205171
990053319040205171
990053319050205171
990053319060205171
990053319080205171
990053319090205171
990053319100205171
990053319120205171
990053319130205171
990053319140205171
990053319150205171
990053319160205171
990053319170205171
990053319210205171
990053319230205171
990053319250205171
990053319260205171
990053319270205171
990053319280205171
990053319290205171
990053319300205171
990053319310205171
990053319320205171
990053319330205171
990053319340205171
990053319350205171
990053319360205171
990053319370205171
990053319380205171
990053319390205171
990053319400205171
990053319410205171
990053319420205171
990053319550205171
990053319580205171
990053319600205171
990053319690205171
990053319740205171
990053319890205171
990053320250205171
990053320280205171
990053320290205171
990053320960205171
990053321140205171
990053321250205171
990053321440205171
990053321450205171
990053321470205171
990053321520205171
990053321530205171
990053321720205171
990053321770205171
990053321870205171
990053321880205171
990053322020205171
990053322350205171
990053322500205171
990053322530205171
990053322580205171
990053322590205171
990053322600205171
990053322610205171
990053322620205171
990053322630205171
990053322640205171
990053322650205171
990053322660205171
990053322670205171
990053322680205171
990053322690205171
990053322700205171
990053322710205171
990053323350205171
990053323360205171
990053323370205171
990053323380205171
990053323390205171
990053323400205171
990053323410205171
990053323420205171
990053323430205171
990053323440205171
990053324090205171
990053324100205171
990053324110205171
990053324120205171
990053324130205171
990053324140205171
990053324150205171
990053324160205171
990053324170205171
990053324180205171
990053324190205171
990053324200205171
990053324210205171
990053324220205171
990053324230205171
990053324240205171
990053324250205171
990053324260205171
990053324270205171
990053324280205171
990053324290205171
990053324300205171
990053324310205171
990053324320205171
990053324330205171
990053324340205171
990053324350205171
990053324360205171
990053324370205171
990053324380205171
990053324390205171
990053324400205171
990053324410205171
990053324420205171
990053324430205171
990053324440205171
990053324450205171
990053324460205171
990053324470205171
990053324480205171
990053324490205171
990053324500205171
990053324510205171
990053324520205171
990053324530205171
990053324540205171
990053324550205171
990053324560205171
990053324570205171
990053324580205171
990053324590205171
990053324600205171
990053324610205171
990053324620205171
990053324630205171
990053324640205171
990053324650205171
990053324880205171
990053324890205171
990053324900205171
990053324920205171
990053325040205171
990053325160205171
990053325190205171
990053325200205171
990053325330205171
990053325340205171
990053325350205171
990053325390205171
990053325400205171
990053325840205171
990053325910205171
990053325920205171
990053325990205171
990053326110205171
990053326130205171
990053326300205171
990053326310205171
990053326320205171
990053326330205171
990053326340205171
990053326350205171
990053326360205171
990053326370205171
990053326380205171
990053326390205171
990053326400205171
990053326410205171
990053326420205171
990053326430205171
990053326440205171
990053326450205171
990053326460205171
990053326470205171
990053326480205171
990053326490205171
990053326500205171
990053326510205171
990053326520205171
990053326530205171
990053326540205171
990053326550205171
990053326560205171
990053326570205171
990053326580205171
990053326590205171
990053326600205171
990053326610205171
990053326620205171
990053326630205171
990053326640205171
990053326650205171
990053326660205171
990053326670205171
990053326680205171
990053326690205171
990053326700205171
990053326710205171
990053326720205171
990053326730205171
990053326740205171
990053326750205171
990053326760205171
990053326770205171
990053326780205171
990053326790205171
990053326800205171
990053326810205171
990053326820205171
990053326830205171
990053326840205171
990053326850205171
990053326860205171
990053326870205171
990053326880205171
990053326890205171
990053326900205171
990053326910205171
990053326920205171
990053326930205171
990053326940205171
990053326950205171
990053326960205171
990053326970205171
990053326980205171
990053326990205171
990053327000205171
990053327010205171
990053327020205171
990053327030205171
990053327040205171
990053327050205171
990053327060205171
990053327070205171
990053327080205171
990053327090205171
990053327100205171
990053327110205171
990053327120205171
990053327130205171
990053327140205171
990053327150205171
990053327160205171
990053327170205171
990053327180205171
990053327190205171
990053327200205171
990053327210205171
990053327220205171
990053327230205171
990053327240205171
990053327250205171
990053327260205171
990053327270205171
990053327280205171
990053327290205171
990053327300205171
990053327310205171
990053327320205171
990053327330205171
990053327340205171
990053327350205171
990053327360205171
990053327370205171
990053327380205171
990053327390205171
990053327400205171
990053327410205171
990053327420205171
990053327430205171
990053327440205171
990053327450205171
990053327460205171
990053327470205171
990053327480205171
990053327490205171
990053327500205171
990053327510205171
990053327520205171
990053327530205171
990053327540205171
990053327550205171
990053327560205171
990053327570205171
990053327580205171
990053327590205171
990053327600205171
990053327610205171
990053327620205171
990053327630205171
990053327640205171
990053327650205171
990053327660205171
990053327670205171
990053327680205171
990053327690205171
990053327700205171
990053327710205171
990053327720205171
990053327730205171
990053327740205171
990053327750205171
990053327760205171
990053327770205171
990053327780205171
990053327790205171
990053327800205171
990053327810205171
990053327820205171
990053327830205171
990053327840205171
990053327850205171
990053327860205171
990053327870205171
990053327880205171
990053327890205171
990053327900205171
990053327910205171
990053327920205171
990053327930205171
990053327940205171
990053327950205171
990053327960205171
990053327970205171
990053327980205171
990053327990205171
990053328000205171
990053328010205171
990053328020205171
990053328030205171
990053328040205171
990053328050205171
990053328060205171
990053328070205171
990053328080205171
990053328090205171
990053328100205171
990053328110205171
990053328120205171
990053328130205171
990053328140205171
990053328150205171
990053328160205171
990053328170205171
990053328180205171
990053328190205171
990053328200205171
990053328210205171
990053328220205171
990053328230205171
990053328240205171
990053328250205171
990053328260205171
990053328270205171
990053328280205171
990053328290205171
990053328300205171
990053328310205171
990053328320205171
990053328330205171
990053328340205171
990053328350205171
990053328360205171
990053328370205171
990053328380205171
990053328390205171
990053328400205171
990053328410205171
990053328420205171
990053328430205171
990053328440205171
990053328450205171
990053328460205171
990053328470205171
990053328480205171
990053328490205171
990053328500205171
990053328510205171
990053328520205171
990053328530205171
990053328540205171
990053328550205171
990053328560205171
990053328570205171
990053328580205171
990053328590205171
990053328600205171
990053328610205171
990053328620205171
990053328630205171
990053328640205171
990053328650205171
990053328660205171
990053328670205171
990053328680205171
990053328690205171
990053328700205171
990053328710205171
990053328720205171
990053328730205171
990053328740205171
990053328750205171
990053328760205171
990053328770205171
990053328780205171
990053328790205171
990053328800205171
990053328810205171
990053328820205171
990053328830205171
990053328840205171
990053328850205171
990053328860205171
990053328870205171
990053328880205171
990053328890205171
990053328900205171
990053328910205171
990053328920205171
990053328930205171
990053328940205171
990053328950205171
990053328960205171
990053328970205171
990053328980205171
990053328990205171
990053329000205171
990053329010205171
990053329020205171
990053329030205171
990053329040205171
990053329050205171
990053329060205171
990053329070205171
990053329080205171
990053329090205171
990053329100205171
990053329110205171
990053329120205171
990053329130205171
990053329140205171
990053329230205171
990053329260205171
990053329310205171
990053329810205171
990053330700205171
990053330710205171
990053330720205171
990053330730205171
990053330740205171
990053330750205171
990053330760205171
990053330770205171
990053330780205171
990053330790205171
990053330800205171
990053330810205171
990053330830205171
990053330840205171
990053330850205171
990053330860205171
990053330870205171
990053330880205171
990053330890205171
990053330900205171
990053330910205171
990053330920205171
990053330930205171
990053330940205171
990053330950205171
990053330960205171
990053330970205171
990053330980205171
990053330990205171
990053331000205171
990053331010205171
990053331020205171
990053331040205171
990053331050205171
990053331060205171
990053331070205171
990053331090205171
990053331100205171
990053331110205171
990053331120205171
990053331130205171
990053331140205171
990053331150205171
990053331160205171
990053331170205171
990053331180205171
990053331190205171
990053331200205171
990053331210205171
990053331220205171
990053331230205171
990053331240205171
990053331250205171
990053331260205171
990053331270205171
990053331280205171
990053331290205171
990053331300205171
990053331310205171
990053331320205171
990053331330205171
990053331340205171
990053331350205171
990053331360205171
990053331370205171
990053331380205171
990053331390205171
990053331400205171
990053331410205171
990053331420205171
990053331430205171
990053331440205171
990053331450205171
990053331460205171
990053331470205171
990053331480205171
990053331490205171
990053331500205171
990053331510205171
990053331520205171
990053331530205171
990053331540205171
990053331550205171
990053331560205171
990053331570205171
990053331580205171
990053331590205171
990053331600205171
990053331610205171
990053331620205171
990053331630205171
990053331640205171
990053331650205171
990053331660205171
990053331670205171
990053331680205171
990053331690205171
990053331700205171
990053331710205171
990053331720205171
990053331730205171
990053331740205171
990053331750205171
990053331760205171
990053331770205171
990053331780205171
990053331790205171
990053331800205171
990053331810205171
990053331820205171
990053331830205171
990053331840205171
990053331850205171
990053331860205171
990053331870205171
990053331880205171
990053331890205171
990053331900205171
990053331910205171
990053331920205171
990053331930205171
990053331940205171
990053331950205171
990053331960205171
990053331970205171
990053331980205171
990053331990205171
990053332000205171
990053332010205171
990053332020205171
990053332030205171
990053332040205171
990053332050205171
990053332060205171
990053332070205171
990053332080205171
990053332090205171
990053332100205171
990053332110205171
990053332120205171
990053332130205171
990053332140205171
990053332150205171
990053332160205171
990053332170205171
990053332180205171
990053332190205171
990053332200205171
990053332210205171
990053332220205171
990053332230205171
990053332240205171
990053332250205171
990053332260205171
990053332270205171
990053332280205171
990053332290205171
990053332300205171
990053332310205171
990053332320205171
990053332330205171
990053332340205171
990053332350205171
990053332360205171
990053332370205171
990053332380205171
990053332390205171
990053332400205171
990053332410205171
990053332420205171
990053332430205171
990053332440205171
990053332450205171
990053332460205171
990053332470205171
990053332480205171
990053332490205171
990053332500205171
990053332510205171
990053332520205171
990053332530205171
990053332540205171
990053332550205171
990053332560205171
990053332570205171
990053332580205171
990053332590205171
990053332600205171
990053332610205171
990053332620205171
990053332630205171
990053332640205171
990053332650205171
990053332660205171
990053332670205171
990053332680205171
990053332690205171
990053332700205171
990053332710205171
990053332720205171
990053332730205171
990053332740205171
990053332750205171
990053332760205171
990053332770205171
990053332780205171
990053332790205171
990053332800205171
990053332940205171
990053332950205171
990053332960205171
990053332970205171
990053332980205171
990053332990205171
990053333000205171
990053333010205171
990053333020205171
990053333030205171
990053333040205171
990053333050205171
990053333060205171
990053333070205171
990053333080205171
990053333090205171
990053333100205171
990053333110205171
990053333120205171
990053333130205171
990053333140205171
990053333150205171
990053333160205171
990053333170205171
990053333180205171
990053333190205171
990053333200205171
990053333210205171
990053333220205171
990053333230205171
990053333240205171
990053333250205171
990053333260205171
990053333270205171
990053333280205171
990053333290205171
990053333300205171
990053333310205171
990053333320205171
990053333330205171
990053333340205171
990053333350205171
990053333360205171
990053333370205171
990053333380205171
990053333390205171
990053333400205171
990053333410205171
990053333420205171
990053333430205171
990053333440205171
990053333450205171
990053333460205171
990053333470205171
990053333480205171
990053333490205171
990053333500205171
990053333510205171
990053333520205171
990053333530205171
990053333540205171
990053333550205171
990053333560205171
990053333570205171
990053333580205171
990053333590205171
990053333600205171
990053333610205171
990053333620205171
990053333630205171
990053333640205171
990053333650205171
990053333660205171
990053333670205171
990053333680205171
990053333690205171
990053333700205171
990053333710205171
990053333720205171
990053333730205171
990053333740205171
990053333750205171
990053333760205171
990053333770205171
990053333780205171
990053333790205171
990053333800205171
990053333810205171
990053333820205171
990053333830205171
990053333840205171
990053333850205171
990053333860205171
990053333870205171
990053333880205171
990053333890205171
990053333900205171
990053333910205171
990053333920205171
990053333930205171
990053333940205171
990053333950205171
990053333960205171
990053333970205171
990053333980205171
990053333990205171
990053334000205171
990053334010205171
990053334020205171
990053334030205171
990053334040205171
990053334050205171
990053334060205171
990053334070205171
990053334080205171
990053334090205171
990053334100205171
990053334110205171
990053334120205171
990053334130205171
990053334140205171
990053334150205171
990053334160205171
990053334170205171
990053334180205171
990053334190205171
990053334200205171
990053334210205171
990053334220205171
990053334230205171
990053334240205171
990053334250205171
990053334260205171
990053334270205171
990053334280205171
990053334290205171
990053334300205171
990053334310205171
990053334320205171
990053334330205171
990053334340205171
990053334350205171
990053334360205171
990053334370205171
990053334380205171
990053334390205171
990053334400205171
990053334410205171
990053334420205171
990053334430205171
990053334440205171
990053334450205171
990053334460205171
990053334470205171
990053334480205171
990053334490205171
990053334500205171
990053334510205171
990053334520205171
990053334530205171
990053334540205171
990053334550205171
990053334560205171
990053334570205171
990053334580205171
990053334590205171
990053334600205171
990053334610205171
990053334620205171
990053334630205171
990053334640205171
990053334650205171
990053334660205171
990053334670205171
990053334680205171
990053334690205171
990053334700205171
990053334710205171
990053334720205171
990053334730205171
990053334740205171
990053334750205171
990053334760205171
990053334770205171
990053334780205171
990053334790205171
990053334800205171
990053334810205171
990053334820205171
990053334830205171
990053334840205171
990053334850205171
990053334860205171
990053334870205171
990053334880205171
990053334890205171
990053334900205171
990053334910205171
990053334920205171
990053334930205171
990053334940205171
990053334950205171
990053334960205171
990053334970205171
990053334980205171
990053334990205171
990053335000205171
990053335010205171
990053335020205171
990053335030205171
990053335040205171
990053335050205171
990053335060205171
990053335070205171
990053335080205171
990053335090205171
990053335100205171
990053335110205171
990053335120205171
990053335130205171
990053335140205171
990053335150205171
990053335160205171
990053335170205171
990053335180205171
990053335190205171
990053335200205171
990053335210205171
990053335220205171
990053335230205171
990053335240205171
990053335250205171
990053335260205171
990053335270205171
990053335280205171
990053335290205171
990053335300205171
990053335310205171
990053335320205171
990053335330205171
990053335340205171
990053335350205171
990053335360205171
990053335370205171
990053335380205171
990053335390205171
990053335400205171
990053335410205171
990053335420205171
990053335430205171
990053335440205171
990053335450205171
990053335460205171
990053335470205171
990053335480205171
990053335490205171
990053335500205171
990053335510205171
990053335520205171
990053335530205171
990053335540205171
990053335550205171
990053335560205171
990053335570205171
990053335580205171
990053335590205171
990053335600205171
990053335610205171
990053335620205171
990053335630205171
990053335640205171
990053335650205171
990053335660205171
990053335670205171
990053335680205171
990053335690205171
990053335700205171
990053335710205171
990053335720205171
990053335730205171
990053335740205171
990053335750205171
990053335760205171
990053335770205171
990053335780205171
990053335790205171
990053335800205171
990053335810205171
990053335820205171
990053335830205171
990053335840205171
990053335850205171
990053335860205171
990053335870205171
990053335880205171
990053335890205171
990053335900205171
990053335910205171
990053335920205171
990053335930205171
990053335940205171
990053335950205171
990053335960205171
990053335970205171
990053335980205171
990053335990205171
990053336000205171
990053336010205171
990053336020205171
990053336030205171
990053336040205171
990053336050205171
990053336060205171
990053336070205171
990053336080205171
990053336090205171
990053336100205171
990053336110205171
990053336120205171
990053336860205171
990053336870205171
990053336880205171
990053336890205171
990053336900205171
990053336910205171
990053336920205171
990053336930205171
990053336940205171
990053336950205171
990053336960205171
990053336970205171
990053336980205171
990053336990205171
990053337000205171
990053337010205171
990053337020205171
990053337030205171
990053337040205171
990053337050205171
990053337060205171
990053337070205171
990053337080205171
990053337090205171
990053337100205171
990053337110205171
990053337120205171
990053337130205171
990053337140205171
990053337150205171
990053337160205171
990053337170205171
990053337180205171
990053337190205171
990053337200205171
990053337210205171
990053337220205171
990053337230205171
990053337240205171
990053337250205171
990053337260205171
990053337270205171
990053337280205171
990053337290205171
990053337300205171
990053337310205171
990053337320205171
990053337330205171
990053337340205171
990053337350205171
990053337360205171
990053337370205171
990053337380205171
990053337390205171
990053337400205171
990053337410205171
990053337420205171
990053337430205171
990053337440205171
990053337450205171
990053337460205171
990053337470205171
990053337480205171
990053337490205171
990053337500205171
990053337510205171
990053337520205171
990053337530205171
990053337540205171
990053337550205171
990053337560205171
990053337570205171
990053337580205171
990053337590205171
990053337600205171
990053337610205171
990053337620205171
990053337630205171
990053337640205171
990053337650205171
990053337660205171
990053337670205171
990053337680205171
990053337690205171
990053337700205171
990053337710205171
990053337720205171
990053337730205171
990053337740205171
990053337750205171
990053337760205171
990053337770205171
990053337780205171
990053337790205171
990053337800205171
990053337810205171
990053337820205171
990053337830205171
990053337840205171
990053337850205171
990053337860205171
990053337870205171
990053337880205171
990053337890205171
990053337900205171
990053337910205171
990053337920205171
990053337930205171
990053337940205171
990053337950205171
990053337960205171
990053337970205171
990053337980205171
990053337990205171
990053338000205171
990053338010205171
990053338020205171
990053338030205171
990053338040205171
990053338050205171
990053338060205171
990053338070205171
990053338080205171
990053338090205171
990053338100205171
990053338110205171
990053338120205171
990053338130205171
990053338140205171
990053338150205171
990053338160205171
990053338170205171
990053338180205171
990053338190205171
990053338200205171
990053338210205171
990053338220205171
990053338230205171
990053338240205171
990053338250205171
990053338260205171
990053338270205171
990053338280205171
990053338290205171
990053338300205171
990053338310205171
990053338320205171
990053338330205171
990053338340205171
990053338350205171
990053338360205171
990053338370205171
990053338380205171
990053338390205171
990053338400205171
990053338410205171
990053338420205171
990053338430205171
990053338440205171
990053338450205171
990053338460205171
990053338470205171
990053338480205171
990053338490205171
990053338500205171
990053338510205171
990053338520205171
990053338530205171
990053338540205171
990053338550205171
990053338560205171
990053338570205171
990053338580205171
990053338590205171
990053338600205171
990053338610205171
990053338620205171
990053338630205171
990053338640205171
990053338650205171
990053338660205171
990053338670205171
990053338680205171
990053338690205171
990053338700205171
990053338710205171
990053338720205171
990053338730205171
990053338740205171
990053338750205171
990053338760205171
990053338770205171
990053338780205171
990053338790205171
990053338800205171
990053338810205171
990053338820205171
990053338830205171
990053338840205171
990053338850205171
990053338860205171
990053338870205171
990053338880205171
990053338890205171
990053338900205171
990053338910205171
990053338920205171
990053338930205171
990053338940205171
990053338950205171
990053338960205171
990053338970205171
990053338980205171
990053338990205171
990053339000205171
990053339010205171
990053339020205171
990053339030205171
990053339040205171
990053339050205171
990053339060205171
990053339070205171
990053339080205171
990053339090205171
990053339100205171
990053339110205171
990053339120205171
990053339130205171
990053339140205171
990053339150205171
990053339160205171
990053339170205171
990053339180205171
990053339190205171
990053339200205171
990053339210205171
990053339220205171
990053339230205171
990053339240205171
990053339250205171
990053339260205171
990053339270205171
990053339280205171
990053339290205171
990053339300205171
990053339310205171
990053339320205171
990053339330205171
990053339340205171
990053339350205171
990053339360205171
990053339370205171
990053339380205171
990053339390205171
990053339400205171
990053339410205171
990053339420205171
990053339430205171
990053339440205171
990053339450205171
990053339460205171
990053339470205171
990053339480205171
990053339490205171
990053339500205171
990053339510205171
990053339520205171
990053339530205171
990053339540205171
990053339550205171
990053339560205171
990053339570205171
990053339580205171
990053339590205171
990053339600205171
990053339610205171
990053339620205171
990053339630205171
990053339640205171
990053339650205171
990053339660205171
990053339670205171
990053339680205171
990053339690205171
990053339700205171
990053339710205171
990053339720205171
990053339730205171
990053339740205171
990053339750205171
990053339760205171
990053339770205171
990053339780205171
990053339790205171
990053339800205171
990053339810205171
990053339820205171
990053339830205171
990053339840205171
990053339850205171
990053339860205171
990053339870205171
990053339880205171
990053339890205171
990053339900205171
990053339910205171
990053339920205171
990053339930205171
990053339940205171
990053339950205171
990053339960205171
990053339970205171
990053339980205171
990053339990205171
990053340000205171
990053340010205171
990053340020205171
990053340030205171
990053340040205171
990053340050205171
990053340060205171
990053340070205171
990053340080205171
990053340090205171
990053340100205171
990053340110205171
990053340120205171
990053340130205171
990053340140205171
990053340150205171
990053340160205171
990053340170205171
990053340180205171
990053340190205171
990053340200205171
990053340210205171
990053340220205171
990053340230205171
990053340240205171
990053340250205171
990053340260205171
990053340270205171
990053340280205171
990053340290205171
990053340300205171
990053340310205171
990053340320205171
990053340330205171
990053340340205171
990053340350205171
990053340360205171
990053340460205171
990053340470205171
990053340480205171
990053340490205171
990053340500205171
990053340510205171
990053340520205171
990053340530205171
990053340540205171
990053340550205171
990053340560205171
990053340570205171
990053340580205171
990053340590205171
990053340600205171
990053340610205171
990053340620205171
990053340630205171
990053340640205171
990053340650205171
990053340660205171
990053340670205171
990053340680205171
990053340710205171
990053340720205171
990053340730205171
990053340740205171
990053340750205171
990053340760205171
990053340770205171
990053340780205171
990053340790205171
990053340800205171
990053340810205171
990053340820205171
990053340830205171
990053340840205171
990053340850205171
990053340860205171
990053340870205171
990053340880205171
990053340890205171
990053340900205171
990053340910205171
990053340920205171
990053340930205171
990053340940205171
990053340950205171
990053340960205171
990053340970205171
990053340980205171
990053340990205171
990053341000205171
990053341010205171
990053341020205171
990053341030205171
990053341040205171
990053341050205171
990053341060205171
990053341070205171
990053341080205171
990053341090205171
990053341100205171
990053341110205171
990053341120205171
990053341130205171
990053341140205171
990053341150205171
990053341160205171
990053341170205171
990053341180205171
990053341190205171
990053341200205171
990053341210205171
990053341220205171
990053341230205171
990053341240205171
990053341250205171
990053341260205171
990053341270205171
990053341280205171
990053341290205171
990053341300205171
990053341310205171
990053341320205171
990053341330205171
990053341340205171
990053341350205171
990053341360205171
990053341370205171
990053341380205171
990053341390205171
990053341400205171
990053341410205171
990053341420205171
990053341430205171
990053341440205171
990053341450205171
990053341460205171
990053341470205171
990053341480205171
990053341490205171
990053341500205171
990053341510205171
990053341520205171
990053341530205171
990053341540205171
990053341550205171
990053341560205171
990053341570205171
990053341580205171
990053341590205171
990053341600205171
990053341610205171
990053341620205171
990053341630205171
990053341640205171
990053341650205171
990053341660205171
990053341670205171
990053341680205171
990053341690205171
990053341700205171
990053341710205171
990053341720205171
990053341730205171
990053341740205171
990053341750205171
990053341760205171
990053341770205171
990053341780205171
990053341790205171
990053341800205171
990053341810205171
990053341820205171
990053341830205171
990053341840205171
990053341850205171
990053341860205171
990053341870205171
990053341880205171
990053341890205171
990053341900205171
990053341910205171
990053341920205171
990053341930205171
990053341940205171
990053341950205171
990053341960205171
990053341970205171
990053341980205171
990053341990205171
990053342000205171
990053342010205171
990053342020205171
990053342030205171
990053342040205171
990053342050205171
990053342060205171
990053342070205171
990053342080205171
990053342090205171
990053342100205171
990053342110205171
990053342120205171
990053342130205171
990053342140205171
990053342150205171
990053342160205171
990053342170205171
990053342180205171
990053342190205171
990053342200205171
990053342210205171
990053342220205171
990053342230205171
990053342240205171
990053342250205171
990053342260205171
990053342270205171
990053342280205171
990053342290205171
990053342300205171
990053342310205171
990053342320205171
990053342330205171
990053342340205171
990053342350205171
990053342360205171
990053342370205171
990053342380205171
990053342390205171
990053342400205171
990053342410205171
990053342420205171
990053342430205171
990053342440205171
990053342450205171
990053342460205171
990053342470205171
990053342480205171
990053342490205171
990053342500205171
990053342510205171
990053342520205171
990053342530205171
990053342540205171
990053342550205171
990053342560205171
990053342570205171
990053342580205171
990053342590205171
990053342600205171
990053342610205171
990053342620205171
990053342630205171
990053342640205171
990053342650205171
990053342660205171
990053342670205171
990053342680205171
990053342690205171
990053342700205171
990053342710205171
990053342720205171
990053342730205171
990053342740205171
990053342750205171
990053342760205171
990053342770205171
990053342800205171
990053342810205171
990053342820205171
990053342830205171
990053342860205171
990053342870205171
990053342880205171
990053342890205171
990053342900205171
990053342910205171
990053342920205171
990053342930205171
990053342940205171
990053342950205171
990053342960205171
990053342970205171
990053343480205171
990053343490205171
990053343500205171
990053343510205171
990053343520205171
990053343530205171
990053343540205171
990053343550205171
990053343560205171
990053343570205171
990053343580205171
990053343590205171
990053343600205171
990053343610205171
990053343620205171
990053343630205171
990053343640205171
990053343650205171
990053343660205171
990053343670205171
990053343680205171
990053343690205171
990053343700205171
990053343710205171
990053343720205171
990053343730205171
990053343740205171
990053343750205171
990053343760205171
990053343770205171
990053343780205171
990053343790205171
990053343800205171
990053343810205171
990053343820205171
990053343940205171
990053343950205171
990053343960205171
990053343970205171
990053344010205171
990053344080205171
990053344090205171
990053344110205171
990053344120205171
990053344140205171
990053344150205171
990053344160205171
990053344170205171
990053344190205171
990053344200205171
990053344210205171
990053344220205171
990053344230205171
990053344240205171
990053344250205171
990053344260205171
990053344270205171
990053344280205171
990053344290205171
990053344300205171
990053344310205171
990053344320205171
990053344330205171
990053344340205171
990053344360205171
990053344390205171
990053344400205171
990053344410205171
990053344420205171
990053344430205171
990053344440205171
990053344450205171
990053344470205171
990053344510205171
990053344520205171
990053344580205171
990053344610205171
990053344620205171
990053344630205171
990053344640205171
990053344650205171
990053344660205171
990053344670205171
990053344680205171
990053344690205171
990053344760205171
990053344770205171
990053344780205171
990053344790205171
990053344800205171
990053344810205171
990053344860205171
990053344900205171
990053344920205171
990053344940205171
990053344950205171
990053344960205171
990053344970205171
990053344980205171
990053344990205171
990053345000205171
990053345010205171
990053345020205171
990053345030205171
990053345040205171
990053345050205171
990053345060205171
990053345150205171
990053345170205171
990053345180205171
990053345190205171
990053345200205171
990053345210205171
990053345220205171
990053345230205171
990053345250205171
990053345260205171
990053345270205171
990053345280205171
990053345300205171
990053345330205171
990053345350205171
990053345450205171
990053345490205171
990053345520205171
990053345530205171
990053345540205171
990053345550205171
990053345560205171
990053345570205171
990053345580205171
990053345590205171
990053345600205171
990053345610205171
990053345620205171
990053345640205171
990053345650205171
990053345670205171
990053345680205171
990053345690205171
990053345700205171
990053345710205171
990053345720205171
990053345730205171
990053345740205171
990053345750205171
990053345760205171
990053345770205171
990053345790205171
990053346100205171
990053346130205171
990053346140205171
990053346150205171
990053346160205171
990053346170205171
990053346180205171
990053346190205171
990053346200205171
990053346210205171
990053346220205171
990053346230205171
990053346240205171
990053346250205171
990053346260205171
990053346270205171
990053346280205171
990053346290205171
990053346300205171
990053346310205171
990053346320205171
990053346330205171
990053346340205171
990053346350205171
990053346360205171
990053346370205171
990053346380205171
990053346390205171
990053346400205171
990053346410205171
990053346420205171
990053346430205171
990053346440205171
990053346450205171
990053346460205171
990053346470205171
990053346480205171
990053346490205171
990053346500205171
990053346510205171
990053346520205171
990053346530205171
990053346540205171
990053346550205171
990053346560205171
990053346570205171
990053346580205171
990053346590205171
990053346600205171
990053346610205171
990053346620205171
990053346630205171
990053346640205171
990053346650205171
990053346660205171
990053346670205171
990053346680205171
990053346690205171
990053346700205171
990053346710205171
990053346720205171
990053346730205171
990053346740205171
990053346750205171
990053346760205171
990053346770205171
990053346780205171
990053346790205171
990053346800205171
990053346810205171
990053346820205171
990053346830205171
990053346840205171
990053346850205171
990053346860205171
990053346870205171
990053346880205171
990053346890205171
990053346900205171
990053346910205171
990053346920205171
990053346930205171
990053346940205171
990053346950205171
990053346960205171
990053346970205171
990053346980205171
990053346990205171
990053347000205171
990053347010205171
990053347020205171
990053347030205171
990053347040205171
990053347050205171
990053347060205171
990053347070205171
990053347080205171
990053347090205171
990053347100205171
990053347110205171
990053347120205171
990053347130205171
990053347140205171
990053347150205171
990053347160205171
990053347170205171
990053347180205171
990053347190205171
990053347200205171
990053347210205171
990053347220205171
990053347230205171
990053347240205171
990053347250205171
990053347260205171
990053347270205171
990053347280205171
990053347290205171
990053347440205171
990053347450205171
990053347460205171
990053347470205171
990053347480205171
990053347490205171
990053347500205171
990053347510205171
990053347520205171
990053347530205171
990053347540205171
990053347550205171
990053347560205171
990053347570205171
990053347580205171
990053347590205171
990053347600205171
990053347610205171
990053347620205171
990053347630205171
990053347640205171
990053347650205171
990053347660205171
990053347670205171
990053347680205171
990053347690205171
990053347700205171
990053347710205171
990053347720205171
990053347730205171
990053347740205171
990053347750205171
990053347760205171
990053347770205171
990053347780205171
990053347790205171
990053347800205171
990053347810205171
990053347820205171
990053347830205171
990053347840205171
990053347850205171
990053347860205171
990053347870205171
990053347880205171
990053347890205171
990053347990205171
990053348000205171
990053348010205171
990053348020205171
990053348030205171
990053348040205171
990053348050205171
990053348060205171
990053348070205171
990053348080205171
990053348090205171
990053348100205171
990053348110205171
990053348120205171
990053348130205171
990053348140205171
990053348150205171
990053348160205171
990053348170205171
990053348180205171
990053348190205171
990053348200205171
990053348210205171
990053348220205171
990053348230205171
990053348240205171
990053348250205171
990053348260205171
990053348270205171
990053348280205171
990053348290205171
990053348300205171
990053348310205171
990053348320205171
990053348330205171
990053348340205171
990053348350205171
990053348360205171
990053348370205171
990053348380205171
990053348390205171
990053348400205171
990053348420205171
990053348430205171
990053348440205171
990053348450205171
990053348460205171
990053348470205171
990053348480205171
990053348490205171
990053348500205171
990053348510205171
990053348520205171
990053348530205171
990053348540205171
990053348660205171
990053348670205171
990053348680205171
990053348690205171
990053348890205171
990053348900205171
990053348910205171
990053348920205171
990053348930205171
990053348940205171
990053348950205171
990053348960205171
990053348970205171
990053348980205171
990053348990205171
990053349000205171
990053349010205171
990053349020205171
990053349030205171
990053349040205171
990053349050205171
990053349060205171
990053349070205171
990053349080205171
990053349090205171
990053349100205171
990053349110205171
990053349120205171
990053349130205171
990053349300205171
990053349310205171
990053349320205171
990053349330205171
990053349340205171
990053349350205171
990053349360205171
990053349370205171
990053349380205171
990053349390205171
990053349400205171
990053349410205171
990053349420205171
990053349430205171
990053349440205171
990053349450205171
990053349460205171
990053349470205171
990053349480205171
990053349490205171
990053349500205171
990053349510205171
990053349520205171
990053349530205171
990053349540205171
990053349550205171
990053349560205171
990053349570205171
990053349580205171
990053349590205171
990053349600205171
990053349610205171
990053349620205171
990053349630205171
990053349640205171
990053349690205171
990053349700205171
990053349710205171
990053349720205171
990053349730205171
990053349740205171
990053349750205171
990053349760205171
990053349770205171
990053349780205171
990053349790205171
990053349800205171
990053349810205171
990053349820205171
990053349830205171
990053349840205171
990053349850205171
990053349860205171
990053349870205171
990053349880205171
990053349890205171
990053349900205171
990053349910205171
990053349920205171
990053349930205171
990053349940205171
990053349950205171
990053349960205171
990053349970205171
990053349980205171
990053349990205171
990053350000205171
990053350010205171
990053350020205171
990053350030205171
990053350040205171
990053350050205171
990053350060205171
990053350070205171
990053350080205171
990053350090205171
990053350100205171
990053350110205171
990053350120205171
990053350130205171
990053350140205171
990053350150205171
990053350160205171
990053350170205171
990053350180205171
990053350190205171
990053350200205171
990053350210205171
990053350870205171
990053350880205171
990053350890205171
990053350900205171
990053351240205171
990053351560205171
990053353710205171
990053353720205171
990053353730205171
990053353740205171
990053353750205171
990053353760205171
990053353770205171
990053353780205171
990053353790205171
990053353800205171
990053353810205171
990053353820205171
990053353830205171
990053353840205171
990053353850205171
990053353860205171
990053353870205171
990053353880205171
990053353890205171
990053353900205171
990053353910205171
990053354050205171
990053354090205171
990053354100205171
990053354110205171
990053354120205171
990053354130205171
990053354140205171
990053354150205171
990053354160205171
990053354170205171
990053354180205171
990053354190205171
990053354200205171
990053354210205171
990053354220205171
990053354230205171
990053354240205171
990053354250205171
990053354260205171
990053354270205171
990053354280205171
990053354290205171
990053354300205171
990053354310205171
990053354320205171
990053354330205171
990053354340205171
990053354350205171
990053354360205171
990053354370205171
990053354380205171
990053354390205171
990053354400205171
990053354410205171
990053354420205171
990053354430205171
990053354440205171
990053354450205171
990053354460205171
990053354470205171
990053354480205171
990053354490205171
990053354500205171
990053354510205171
990053354520205171
990053354530205171
990053354540205171
990053354550205171
990053354560205171
990053354570205171
990053354580205171
990053354590205171
990053354600205171
990053354610205171
990053354620205171
990053354630205171
990053354640205171
990053354650205171
990053354660205171
990053354670205171
990053354680205171
990053354690205171
990053354700205171
990053354710205171
990053354720205171
990053354730205171
990053354740205171
990053354750205171
990053354760205171
990053354770205171
990053354780205171
990053354790205171
990053354800205171
990053354810205171
990053354820205171
990053354830205171
990053354840205171
990053354850205171
990053354860205171
990053354870205171
990053354880205171
990053354890205171
990053354900205171
990053354910205171
990053354920205171
990053354930205171
990053354940205171
990053354950205171
990053354960205171
990053354970205171
990053354980205171
990053354990205171
990053355000205171
990053355010205171
990053355020205171
990053355030205171
990053355040205171
990053355050205171
990053355060205171
990053355070205171
990053355080205171
990053355090205171
990053355100205171
990053355110205171
990053355120205171
990053355130205171
990053355140205171
990053355150205171
990053355160205171
990053355170205171
990053355180205171
990053355190205171
990053355200205171
990053355210205171
990053355220205171
990053355230205171
990053355240205171
990053355250205171
990053355260205171
990053355270205171
990053355280205171
990053355290205171
990053355300205171
990053355310205171
990053355320205171
990053355330205171
990053355340205171
990053355580205171
990053356100205171
990053356110205171
990053356120205171
990053356130205171
990053356140205171
990053356150205171
990053356160205171
990053356170205171
990053356180205171
990053356190205171
990053356200205171
990053356210205171
990053356220205171
990053356230205171
990053356240205171
990053356250205171
990053356260205171
990053356270205171
990053356280205171
990053356290205171
990053356300205171
990053356310205171
990053356320205171
990053356330205171
990053356340205171
990053356350205171
990053356360205171
990053356370205171
990053356380205171
990053356390205171
990053356400205171
990053356410205171
990053356420205171
990053356430205171
990053356440205171
990053356450205171
990053356460205171
990053356470205171
990053356480205171
990053356490205171
990053356500205171
990053356510205171
990053356520205171
990053356530205171
990053356540205171
990053356550205171
990053356560205171
990053356570205171
990053356580205171
990053356590205171
990053356600205171
990053356610205171
990053356620205171
990053356630205171
990053356640205171
990053356650205171
990053356660205171
990053356670205171
990053356680205171
990053356690205171
990053356900205171
990053357080205171
990053357100205171
990053357120205171
990053357150205171
990053357170205171
990053357280205171
990053357290205171
990053357300205171
990053357310205171
990053357320205171
990053357330205171
990053357340205171
990053357350205171
990053357360205171
990053357370205171
990053357380205171
990053357390205171
990053357400205171
990053357410205171
990053357420205171
990053357430205171
990053357440205171
990053357450205171
990053357460205171
990053357470205171
990053357480205171
990053357490205171
990053357500205171
990053357510205171
990053357520205171
990053357530205171
990053357540205171
990053357550205171
990053357560205171
990053357570205171
990053357580205171
990053357590205171
990053357600205171
990053357610205171
990053357620205171
990053357630205171
990053357640205171
990053357650205171
990053357660205171
990053357670205171
990053357680205171
990053357690205171
990053357740205171
990053357750205171
990053357760205171
990053357770205171
990053357780205171
990053357790205171
990053357800205171
990053357810205171
990053357820205171
990053357830205171
990053357840205171
990053357850205171
990053357860205171
990053357870205171
990053357880205171
990053357890205171
990053357900205171
990053357910205171
990053357920205171
990053357930205171
990053357940205171
990053357950205171
990053357960205171
990053357970205171
990053357980205171
990053357990205171
990053358000205171
990053358010205171
990053358020205171
990053358030205171
990053358040205171
990053358050205171
990053358060205171
990053358070205171
990053358080205171
990053358090205171
990053358100205171
990053358110205171
990053358120205171
990053358130205171
990053358140205171
990053358150205171
990053358160205171
990053358170205171
990053358180205171
990053358190205171
990053358200205171
990053358210205171
990053358220205171
990053358230205171
990053358240205171
990053358250205171
990053358260205171
990053358270205171
990053358280205171
990053358290205171
990053358300205171
990053358310205171
990053358320205171
990053358330205171
990053358340205171
990053358350205171
990053358480205171
990053358490205171
990053358500205171
990053358510205171
990053358520205171
990053358530205171
990053358540205171
990053358550205171
990053358560205171
990053358570205171
990053358580205171
990053358590205171
990053358600205171
990053358610205171
990053358740205171
990053358750205171
990053358760205171
990053358770205171
990053358780205171
990053358790205171
990053358800205171
990053358810205171
990053358820205171
990053358830205171
990053358840205171
990053358850205171
990053358860205171
990053358870205171
990053358880205171
990053358890205171
990053358900205171
990053358910205171
990053358920205171
990053358930205171
990053358940205171
990053358950205171
990053358960205171
990053358970205171
990053358980205171
990053358990205171
990053359000205171
990053359010205171
990053359020205171
990053359030205171
990053359040205171
990053359050205171
990053359060205171
990053359070205171
990053359080205171
990053359090205171
990053359100205171
990053359110205171
990053359120205171
990053359130205171
990053359140205171
990053359150205171
990053359160205171
990053359170205171
990053359180205171
990053359190205171
990053359200205171
990053359210205171
990053359220205171
990053359230205171
990053359240205171
990053359250205171
990053359260205171
990053359270205171
990053359280205171
990053359290205171
990053359300205171
990053359310205171
990053359320205171
990053359330205171
990053359340205171
990053359350205171
990053359360205171
990053359370205171
990053359380205171
990053359390205171
990053359400205171
990053359410205171
990053359420205171
990053359430205171
990053359440205171
990053359450205171
990053359460205171
990053359470205171
990053359480205171
990053359490205171
990053359500205171
990053359510205171
990053359520205171
990053359530205171
990053359540205171
990053359550205171
990053359570205171
990053359580205171
990053359590205171
990053359600205171
990053359610205171
990053359620205171
990053359720205171
990053359880205171
990053359890205171
990053359900205171
990053359910205171
990053359920205171
990053359930205171
990053359940205171
990053359950205171
990053359960205171
990053359970205171
990053359980205171
990053359990205171
990053360000205171
990053360010205171
990053360020205171
990053360030205171
990053360040205171
990053360050205171
990053360060205171
990053360070205171
990053360080205171
990053360090205171
990053360100205171
990053360110205171
990053360120205171
990053360130205171
990053360140205171
990053360150205171
990053360160205171
990053360170205171
990053360180205171
990053360190205171
990053360200205171
990053360210205171
990053360220205171
990053360230205171
990053360240205171
990053360250205171
990053360260205171
990053360270205171
990053360280205171
990053360290205171
990053360300205171
990053360310205171
990053360320205171
990053360330205171
990053360340205171
990053360350205171
990053360360205171
990053360370205171
990053360410205171
990053360460205171
990053360480205171
990053360490205171
990053360500205171
990053360510205171
990053360520205171
990053360530205171
990053360540205171
990053360550205171
990053360560205171
990053360570205171
990053360580205171
990053360590205171
990053360600205171
990053360610205171
990053360620205171
990053360630205171
990053360640205171
990053360650205171
990053360660205171
990053360670205171
990053360680205171
990053360690205171
990053360700205171
990053360710205171
990053360720205171
990053360730205171
990053360740205171
990053360750205171
990053360760205171
990053360770205171
990053360780205171
990053360790205171
990053360800205171
990053360810205171
990053360820205171
990053360830205171
990053360840205171
990053360850205171
990053360860205171
990053360870205171
990053360900205171
990053361040205171
990053361060205171
990053361070205171
990053361080205171
990053361090205171
990053361100205171
990053361110205171
990053361120205171
990053361130205171
990053361140205171
990053361150205171
990053361160205171
990053361170205171
990053361180205171
990053361190205171
990053361200205171
990053361210205171
990053361220205171
990053361230205171
990053361240205171
990053361250205171
990053361260205171
990053361270205171
990053361280205171
990053361290205171
990053361300205171
990053361310205171
990053361320205171
990053361340205171
990053361360205171
990053361370205171
990053361380205171
990053361390205171
990053361400205171
990053361410205171
990053361420205171
990053361430205171
990053361440205171
990053361450205171
990053361460205171
990053361470205171
990053361480205171
990053361490205171
990053361500205171
990053361510205171
990053361520205171
990053361530205171
990053361540205171
990053361550205171
990053361560205171
990053361570205171
990053361580205171
990053361590205171
990053361600205171
990053361610205171
990053361620205171
990053361630205171
990053361640205171
990053361650205171
990053361660205171
990053361670205171
990053361680205171
990053361690205171
990053361700205171
990053361730205171
990053361950205171
990053361960205171
990053361970205171
990053361980205171
990053361990205171
990053362000205171
990053362010205171
990053362020205171
990053362030205171
990053362040205171
990053362050205171
990053362060205171
990053362070205171
990053362080205171
990053362090205171
990053362140205171
990053362160205171
990053362180205171
990053362190205171
990053362200205171
990053362210205171
990053362220205171
990053362230205171
990053362240205171
990053362250205171
990053362260205171
990053362270205171
990053362280205171
990053362290205171
990053362300205171
990053362310205171
990053362320205171
990053362330205171
990053362340205171
990053362350205171
990053362360205171
990053362370205171
990053362380205171
990053362390205171
990053362400205171
990053362410205171
990053362420205171
990053362430205171
990053362440205171
990053362450205171
990053362460205171
990053362470205171
990053362480205171
990053362490205171
990053362500205171
990053362510205171
990053362520205171
990053362530205171
990053362540205171
990053362550205171
990053362560205171
990053362570205171
990053362580205171
990053362590205171
990053362600205171
990053362610205171
990053362620205171
990053362630205171
990053362640205171
990053362650205171
990053362660205171
990053362690205171
990053362750205171
990053362760205171
990053362770205171
990053362780205171
990053362790205171
990053362800205171
990053362810205171
990053362820205171
990053362830205171
990053362840205171
990053362850205171
990053362860205171
990053362870205171
990053362880205171
990053362890205171
990053362900205171
990053362910205171
990053362920205171
990053362930205171
990053362940205171
990053362950205171
990053362960205171
990053362970205171
990053363020205171
990053363470205171
990053363720205171
990053363730205171
990053363750205171
990053363910205171
990053364200205171
990053365520205171
990053365530205171
990053365540205171
990053366960205171
990053366990205171
990053367190205171
990053367200205171
990053367260205171
990053367280205171
990053367310205171
990053367360205171
990053367380205171
990053367440205171
990053367480205171
990053367490205171
990053367520205171
990053367570205171
990053367760205171
990053367780205171
990053367830205171
990053367910205171
990053368020205171
990053368170205171
990053368180205171
990053368190205171
990053368200205171
990053368210205171
990053368220205171
990053368230205171
990053368240205171
990053368250205171
990053368260205171
990053368270205171
990053368280205171
990053368290205171
990053368300205171
990053368500205171
990053368530205171
990053368540205171
990053368550205171
990053368560205171
990053368570205171
990053368580205171
990053368590205171
990053368600205171
990053368720205171
990053368730205171
990053368770205171
990053368780205171
990053368790205171
990053368800205171
990053368810205171
990053368820205171
990053368830205171
990053368840205171
990053368850205171
990053368860205171
990053368870205171
990053368880205171
990053368890205171
990053368900205171
990053368910205171
990053368920205171
990053368930205171
990053368940205171
990053368950205171
990053368960205171
990053368970205171
990053368980205171
990053368990205171
990053369000205171
990053369020205171
990053369030205171
990053369040205171
990053369050205171
990053369060205171
990053369070205171
990053369080205171
990053369090205171
990053369100205171
990053369110205171
990053369120205171
990053369130205171
990053369140205171
990053369150205171
990053369160205171
990053369170205171
990053369180205171
990053369190205171
990053369200205171
990053369210205171
990053369220205171
990053369230205171
990053369240205171
990053369250205171
990053369260205171
990053369270205171
990053369280205171
990053369290205171
990053369300205171
990053369310205171
990053369320205171
990053369330205171
990053369340205171
990053369350205171
990053369360205171
990053369640205171
990053369660205171
990053369680205171
990053369720205171
990053369740205171
990053369750205171
990053369760205171
990053369770205171
990053369780205171
990053369790205171
990053369850205171
990053369860205171
990053369870205171
990053369880205171
990053369890205171
990053369900205171
990053369910205171
990053369920205171
990053369930205171
990053369940205171
990053369950205171
990053369960205171
990053369970205171
990053369980205171
990053369990205171
990053370000205171
990053370010205171
990053370020205171
990053370030205171
990053370040205171
990053370050205171
990053370060205171
990053370070205171
990053370080205171
990053370090205171
990053370100205171
990053370110205171
990053370120205171
990053370130205171
990053370140205171
990053370210205171
990053370220205171
990053370230205171
990053370240205171
990053370250205171
990053370260205171
990053370270205171
990053370280205171
990053370320205171
990053370330205171
990053370340205171
990053370350205171
990053370360205171
990053370370205171
990053370380205171
990053370390205171
990053370400205171
990053370410205171
990053370420205171
990053370430205171
990053370440205171
990053370450205171
990053370460205171
990053370470205171
990053370480205171
990053370490205171
990053370500205171
990053370510205171
990053370520205171
990053370530205171
990053370540205171
990053370550205171
990053370560205171
990053370570205171
990053370580205171
990053370590205171
990053370600205171
990053370610205171
990053370620205171
990053370630205171
990053370640205171
990053370650205171
990053370660205171
990053370670205171
990053370680205171
990053370690205171
990053370700205171
990053370710205171
990053370720205171
990053370730205171
990053370740205171
990053370750205171
990053370760205171
990053370770205171
990053370780205171
990053370790205171
990053370800205171
990053370810205171
990053370820205171
990053370830205171
990053370840205171
990053370850205171
990053370860205171
990053370870205171
990053370880205171
990053370890205171
990053370900205171
990053370910205171
990053370920205171
990053370930205171
990053370940205171
990053370980205171
990053370990205171
990053371000205171
990053371010205171
990053371020205171
990053371030205171
990053371040205171
990053371050205171
990053371060205171
990053371070205171
990053371080205171
990053371090205171
990053371100205171
990053371110205171
990053371120205171
990053371130205171
990053371140205171
990053371150205171
990053371160205171
990053371170205171
990053371180205171
990053371190205171
990053371200205171
990053371210205171
990053371220205171
990053371230205171
990053371240205171
990053371250205171
990053371260205171
990053371270205171
990053371280205171
990053371290205171
990053371340205171
990053371350205171
990053371360205171
990053371370205171
990053371380205171
990053371390205171
990053371400205171
990053371410205171
990053371420205171
990053371430205171
990053371440205171
990053371450205171
990053371460205171
990053371470205171
990053371480205171
990053371490205171
990053371500205171
990053371510205171
990053371660205171
990053371670205171
990053371680205171
990053371690205171
990053371700205171
990053371710205171
990053371720205171
990053371730205171
990053371740205171
990053371750205171
990053371760205171
990053371770205171
990053371780205171
990053371790205171
990053371800205171
990053371810205171
990053371820205171
990053371830205171
990053371840205171
990053371850205171
990053371860205171
990053371870205171
990053371880205171
990053371890205171
990053371900205171
990053371910205171
990053371920205171
990053371930205171
990053371940205171
990053371950205171
990053371960205171
990053371970205171
990053371980205171
990053371990205171
990053372000205171
990053372010205171
990053372020205171
990053372030205171
990053372040205171
990053372050205171
990053372060205171
990053372070205171
990053372080205171
990053372140205171
990053372280205171
990053372290205171
990053372310205171
990053372330205171
990053372480205171
990053372490205171
990053372900205171
990053372910205171
990053373120205171
990053373530205171
990053374040205171
990053374210205171
990053374400205171
990053374490205171
990053374500205171
990053374650205171
990053374990205171
990053375040205171
990053375050205171
990053375060205171
990053375070205171
990053375080205171
990053375090205171
990053375100205171
990053375110205171
990053375120205171
990053375130205171
990053375140205171
990053375150205171
990053375160205171
990053375170205171
990053375180205171
990053375190205171
990053375200205171
990053375210205171
990053375220205171
990053375230205171
990053375240205171
990053375250205171
990053375260205171
990053375270205171
990053375340205171
990053375550205171
990053376030205171
990053376200205171
990053376270205171
990053376580205171
990053376590205171
990053376820205171
990053376840205171
990053376860205171
990053376880205171
990053376900205171
990053376920205171
990053376940205171
990053376960205171
990053376980205171
990053377000205171
990053377020205171
990053377040205171
990053377060205171
990053377080205171
990053377100205171
990053377120205171
990053377140205171
990053377160205171
990053377180205171
990053377200205171
990053377220205171
990053377240205171
990053377260205171
990053377280205171
990053377300205171
990053377320205171
990053377340205171
990053377360205171
990053377380205171
990053377400205171
990053377420205171
990053377440205171
990053377460205171
990053377480205171
990053377500205171
990053377520205171
990053377540205171
990053377560205171
990053377580205171
990053377600205171
990053377620205171
990053377640205171
990053377660205171
990053377680205171
990053377700205171
990053377720205171
990053377740205171
990053377760205171
990053377780205171
990053377800205171
990053377820205171
990053377840205171
990053377860205171
990053377880205171
990053377900205171
990053377920205171
990053377940205171
990053377960205171
990053377970205171
990053377980205171
990053377990205171
990053378000205171
990053378010205171
990053378020205171
990053378030205171
990053378040205171
990053378050205171
990053378060205171
990053378070205171
990053378080205171
990053378090205171
990053378100205171
990053378110205171
990053378120205171
990053378140205171
990053378160205171
990053378170205171
990053378190205171
990053378210205171
990053378230205171
990053378240205171
990053378260205171
990053378280205171
990053378320205171
990053378340205171
990053378360205171
990053378380205171
990053378400205171
990053378440205171
990053378480205171
990053378520205171
990053378560205171
990053378580205171
990053378600205171
990053378640205171
990053378680205171
990053378720205171
990053378760205171
990053378800205171
990053378840205171
990053378880205171
990053378920205171
990053378960205171
990053379000205171
990053379040205171
990053379080205171
990053379120205171
990053379160205171
990053379200205171
990053379210205171
990053379240205171
990053379280205171
990053379320205171
990053379360205171
990053379400205171
990053379620205171
990053379630205171
990053379660205171
990053379670205171
990053379680205171
990053379700205171
990053379710205171
990053379720205171
990053379730205171
990053379740205171
990053379750205171
990053379770205171
990053379780205171
990053379810205171
990053379820205171
990053379850205171
990053379860205171
990053379890205171
990053379900205171
990053379930205171
990053379940205171
990053379970205171
990053379980205171
990053380010205171
990053380020205171
990053380050205171
990053380060205171
990053380090205171
990053380100205171
990053380130205171
990053380140205171
990053380170205171
990053380180205171
990053380210205171
990053380220205171
990053380230205171
990053380250205171
990053380260205171
990053380270205171
990053380290205171
990053380300205171
990053380310205171
990053380330205171
990053380340205171
990053380370205171
990053380380205171
990053380410205171
990053380420205171
990053380450205171
990053380460205171
990053380490205171
990053380500205171
990053380530205171
990053380540205171
990053380570205171
990053380580205171
990053380610205171
990053380620205171
990053380650205171
990053380660205171
990053380690205171
990053380700205171
990053380730205171
990053380740205171
990053380770205171
990053380780205171
990053380810205171
990053380820205171
990053380830205171
990053380850205171
990053380860205171
990053380890205171
990053380900205171
990053380930205171
990053380940205171
990053380970205171
990053380980205171
990053381010205171
990053381020205171
990053381030205171
990053381050205171
990053381060205171
990053381070205171
990053381090205171
990053381100205171
990053381110205171
990053381130205171
990053381140205171
990053381150205171
990053381170205171
990053381180205171
990053381190205171
990053381210205171
990053381220205171
990053381230205171
990053381250205171
990053381260205171
990053381290205171
990053381300205171
990053381330205171
990053381340205171
990053381380205171
990053381410205171
990053381450205171
990053381480205171
990053381510205171
990053381540205171
990053381570205171
990053381600205171
990053381630205171
990053381660205171
990053381690205171
990053381720205171
990053381750205171
990053381780205171
990053381810205171
990053381840205171
990053381870205171
990053381900205171
990053381930205171
990053381960205171
990053381990205171
990053382020205171
990053382050205171
990053382080205171
990053382110205171
990053382140205171
990053382170205171
990053382200205171
990053382230205171
990053382260205171
990053382290205171
990053382310205171
990053382320205171
990053382350205171
990053382380205171
990053382410205171
990053382420205171
990053382450205171
990053382480205171
990053382490205171
990053382510205171
990053382540205171
990053382570205171
990053382600205171
990053382620205171
990053382630205171
990053382660205171
990053382680205171
990053382690205171
990053382710205171
990053382720205171
990053382740205171
990053382750205171
990053382770205171
990053382780205171
990053382800205171
990053382810205171
990053382840205171
990053382860205171
990053382870205171
990053382890205171
990053382900205171
990053382920205171
990053382930205171
990053382950205171
990053382960205171
990053382980205171
990053382990205171
990053383010205171
990053383020205171
990053383040205171
990053383050205171
990053383070205171
990053383080205171
990053383100205171
990053383110205171
990053383130205171
990053383140205171
990053383160205171
990053383170205171
990053383190205171
990053383200205171
990053383220205171
990053383250205171
990053383280205171
990053383310205171
990053383340205171
990053383370205171
990053383400205171
990053383430205171
990053383460205171
990053383490205171
990053383520205171
990053383550205171
990053383580205171
990053383610205171
990053383640205171
990053383670205171
990053383690205171
990053383720205171
990053383750205171
990053383780205171
990053383810205171
990053383840205171
990053383870205171
990053383900205171
990053383920205171
990053383940205171
990053383960205171
990053383980205171
990053383990205171
990053384000205171
990053384010205171
990053384020205171
990053384030205171
990053384040205171
990053384050205171
990053384060205171
990053384070205171
990053384080205171
990053384090205171
990053384100205171
990053384110205171
990053384120205171
990053384130205171
990053384140205171
990053384150205171
990053384160205171
990053384170205171
990053384180205171
990053384200205171
990053384220205171
990053384240205171
990053384260205171
990053384280205171
990053384300205171
990053384320205171
990053384340205171
990053384360205171
990053384380205171
990053384400205171
990053385320205171
990053385330205171
990053385350205171
990053385380205171
990053385390205171
990053385400205171
990053385410205171
990053385430205171
990053385500205171
990053385510205171
990053385550205171
990053385570205171
990053385670205171
990053385680205171
990053385690205171
990053385700205171
990053385710205171
990053385720205171
990053385730205171
990053385740205171
990053385750205171
990053385760205171
990053385910205171
990053385950205171
990053385960205171
990053386190205171
990053386340205171
990053386470205171
990053386490205171
990053386500205171
990053386530205171
990053386550205171
990053386580205171
990053386590205171
990053386600205171
990053386610205171
990053386620205171
990053386630205171
990053386640205171
990053386650205171
990053386660205171
990053386670205171
990053386680205171
990053386690205171
990053386700205171
990053386710205171
990053387290205171
990053387390205171
990053387400205171
990053387410205171
990053387530205171
990053389820205171
990053389830205171
990053389840205171
990053389850205171
990053389860205171
990053389900205171
990053390040205171
990053390160205171
990053390400205171
990053390410205171
990053390810205171
990053390930205171
990053390940205171
990053390960205171
990053391020205171
990053391270205171
990053391450205171
990053391470205171
990053392020205171
990053392370205171
990053392380205171
990053392390205171
990053392400205171
990053392410205171
990053392420205171
990053392430205171
990053393490205171
990053393750205171
990053393760205171
990053393780205171
990053393970205171
990053394150205171
990053394160205171
990053394170205171
990053394180205171
990053394190205171
990053394200205171
990053394210205171
990053394220205171
990053394230205171
990053394250205171
990053394260205171
990053394270205171
990053394280205171
990053394290205171
990053394300205171
990053394310205171
990053394320205171
990053394330205171
990053394340205171
990053394350205171
990053394360205171
990053394370205171
990053394380205171
990053394390205171
990053394400205171
990053394410205171
990053394420205171
990053394430205171
990053394440205171
990053394450205171
990053394460205171
990053394470205171
990053394480205171
990053394490205171
990053394500205171
990053394510205171
990053394520205171
990053394530205171
990053394540205171
990053394550205171
990053394560205171
990053394570205171
990053394580205171
990053394590205171
990053396900205171
990053396910205171
990053397000205171
990053397010205171
990053397020205171
990053397030205171
990053397040205171
990053397050205171
990053397060205171
990053397070205171
990053397080205171
990053397090205171
990053397100205171
990053397110205171
990053397120205171
990053397130205171
990053397140205171
990053397410205171
990053397420205171
990053397430205171
990053397440205171
990053397450205171
990053397460205171
990053397470205171
990053397480205171
990053397490205171
990053398160205171
990053398170205171
990053398180205171
990053398410205171
990053398420205171
990053399190205171
990053399230205171
990053399420205171
990053399430205171
990053399550205171
990053399800205171
990053399810205171
990053400010205171
990053400380205171
990053400730205171
990053400750205171
990053400830205171
990053400840205171
990053400910205171
990053400920205171
990053400930205171
990053400940205171
990053400950205171
990053400960205171
990053400970205171
990053400980205171
990053400990205171
990053401000205171
990053401010205171
990053401040205171
990053401050205171
990053404000205171
990053404010205171
990053404020205171
990053406250205171
990053406340205171
990053406520205171
990053410280205171
990053410290205171
990053410320205171
990053410330205171
990053410340205171
990053410350205171
990053410360205171
990053410370205171
990053410380205171
990053410390205171
990053410400205171
990053410410205171
990053410420205171
990053410430205171
990053410440205171
990053410450205171
990053410460205171
990053410470205171
990053410500205171
990053410720205171
990053412880205171
990053414380205171
990053415300205171
990053415520205171
990053415530205171
990053415540205171
990053417010205171
990053417480205171
990053417490205171
990053418010205171
990053418020205171
990053418140205171
990053418490205171
990053418500205171
990053418510205171
990053418520205171
990053418530205171
990053418560205171
990053418570205171
990053418580205171
990053418590205171
990053418600205171
990053418610205171
990053418620205171
990053418630205171
990053419360205171
990053419410205171
990053419880205171
990053420000205171
990053420190205171
990053420370205171
990053420700205171
990053420820205171
990053421320205171
990053421720205171
990053423780205171
990053423970205171
990053424070205171
990053424090205171
990053424110205171
990053424610205171
990053424740205171
990053424990205171
990053425260205171
990053426060205171
990053426070205171
990053426290205171
990053429470205171
990053429480205171
990053429490205171
990053439100205171
990053439180205171
990053439310205171
990053439320205171
990053439330205171
990053439340205171
990053439350205171
990053439360205171
990053439370205171
990053439380205171
990053440660205171
990053440780205171
990053440790205171
990053440800205171
990053441010205171
990053445400205171
990053445410205171
990053445420205171
990053445430205171
990053445440205171
990053445450205171
990053445460205171
990053445590205171
990053445690205171
990053446880205171
990053447940205171
990053449210205171
990053449240205171
990053449250205171
990053450050205171
990053450060205171
990053450070205171
990053450080205171
990053450210205171
990053450640205171
990053451410205171
990053451420205171
990053451950205171
990053451970205171
990053451980205171
990053452030205171
990053452040205171
990053452050205171
990053452070205171
990053453260205171
990053453760205171
990053454070205171
990053454100205171
990053454220205171
990053454370205171
990053455340205171
990053455410205171
990053455510205171
990053455820205171
990053455930205171
990053455950205171
990053456080205171
990053456370205171
990053456380205171
990053456680205171
990053456790205171
990053456810205171
990053458100205171
990053458140205171
990053458790205171
990053459110205171
990053459460205171
990053459630205171
990053459680205171
990053459690205171
990053459730205171
990053459760205171
990053459840205171
990053459850205171
990053459860205171
990053459870205171
990053459880205171
990053459890205171
990053459900205171
990053459910205171
990053459920205171
990053460230205171
990053460390205171
990053460410205171
990053460460205171
990053460720205171
990053460730205171
990053462260205171
990053462540205171
990053462710205171
990053462720205171
990053462730205171
990053462740205171
990053463410205171
990053463540205171
990053463550205171
990053463560205171
990053463570205171
990053463600205171
990053463700205171
990053464740205171
990053465160205171
990053465720205171
990053465930205171
990053466910205171
990053466920205171
990053467730205171
990053470330205171
990053470990205171
990053471060205171
990053471720205171
990053471730205171
990053471740205171
990053472180205171
990053473210205171
990053476500205171
990053477340205171
990053478260205171
990053479380205171
990053479750205171
990053480600205171
990053481120205171
990053481160205171
990053481210205171
990053481640205171
990053481950205171
990053482050205171
990053482370205171
990053482860205171
990053483550205171
990053483800205171
990053484120205171
990053485260205171
990053485750205171
990053485890205171
990053485910205171
990053486030205171
990053486230205171
990053486380205171
990053487270205171
990053487280205171
990053488400205171
990053488750205171
990053488760205171
990053488920205171
990053488940205171
990053488980205171
990053489050205171
990053489540205171
990053490630205171
990053490640205171
990053491350205171
990053491360205171
990053491510205171
990053491640205171
990053491650205171
990053491660205171
990053491670205171
990053491680205171
990053491690205171
990053491700205171
990053491710205171
990053491720205171
990053491730205171
990053491740205171
990053492120205171
990053492350205171
990053492400205171
990053492410205171
990053492420205171
990053492790205171
990053492950205171
990053493100205171
990053493120205171
990053493310205171
990053493330205171
990053493340205171
990053493350205171
990053493400205171
990053493480205171
990053493510205171
990053493550205171
990053493570205171
990053493620205171
990053493740205171
990053493760205171
990053493790205171
990053493810205171
990053493850205171
990053493870205171
990053493890205171
990053493920205171
990053493940205171
990053493960205171
990053493980205171
990053494000205171
990053494020205171
990053494040205171
990053494070205171
990053494130205171
990053494150205171
990053494170205171
990053494190205171
990053494210205171
990053494230205171
990053494330205171
990053494370205171
990053494400205171
990053494440205171
990053494470205171
990053494490205171
990053494540205171
990053494570205171
990053494590205171
990053494610205171
990053494640205171
990053494690205171
990053494710205171
990053494750205171
990053494760205171
990053494770205171
990053494780205171
990053494790205171
990053494800205171
990053494810205171
990053494820205171
990053494830205171
990053494840205171
990053494850205171
990053494860205171
990053494870205171
990053494880205171
990053494890205171
990053494900205171
990053494910205171
990053494920205171
990053494930205171
990053494940205171
990053494950205171
990053494960205171
990053494970205171
990053494990205171
990053495010205171
990053495040205171
990053497080205171
990053497640205171
990053497660205171
990053497680205171
990053497720205171
990053497750205171
990053499090205171
990053499850205171
990053499870205171
990053499880205171
990053500010205171
990053500020205171
990053500230205171
990053500240205171
990053500250205171
990053500260205171
990053500270205171
990053500280205171
990053500290205171
990053500300205171
990053500310205171
990053500320205171
990053500330205171
990053500340205171
990053500350205171
990053500370205171
990053500380205171
990053501310205171
990053503050205171
990053504300205171
990053504600205171
990053504660205171
990053505580205171
990053505590205171
990053505630205171
990053505770205171
990053505780205171
990053505790205171
990053505800205171
990053505810205171
990053505820205171
990053505830205171
990053505840205171
990053505850205171
990053505870205171
990053505880205171
990053505890205171
990053505910205171
990053505920205171
990053505930205171
990053505940205171
990053505950205171
990053505960205171
990053505970205171
990053505980205171
990053505990205171
990053506000205171
990053506010205171
990053506020205171
990053506030205171
990053506040205171
990053506050205171
990053506060205171
990053506070205171
990053506080205171
990053506090205171
990053506110205171
990053506120205171
990053506130205171
990053506140205171
990053506150205171
990053506160205171
990053506170205171
990053506180205171
990053506190205171
990053506200205171
990053506210205171
990053506230205171
990053506240205171
990053506250205171
990053506260205171
990053506270205171
990053506280205171
990053506290205171
990053506300205171
990053506310205171
990053506320205171
990053506330205171
990053506340205171
990053506350205171
990053506360205171
990053506370205171
990053506380205171
990053506390205171
990053506400205171
990053506410205171
990053506420205171
990053506430205171
990053506440205171
990053506450205171
990053506460205171
990053506470205171
990053506480205171
990053506490205171
990053506500205171
990053506510205171
990053506520205171
990053506530205171
990053506540205171
990053506550205171
990053506560205171
990053506580205171
990053506590205171
990053507880205171
990053507960205171
990053508180205171
990053508280205171
990053508780205171
990053508790205171
990053508970205171
990053509700205171
990053510030205171
990053510560205171
990053510580205171
990053510590205171
990053510600205171
990053510630205171
990053510670205171
990053510680205171
990053510830205171
990053510940205171
990053510950205171
990053510960205171
990053511190205171
990053511780205171
990053511820205171
990053511830205171
990053512290205171
990053512380205171
990053512390205171
990053512840205171
990053512860205171
990053512870205171
990053512880205171
990053512890205171
990053512900205171
990053512910205171
990053512920205171
990053512930205171
990053512940205171
990053512950205171
990053512960205171
990053512970205171
990053512980205171
990053512990205171
990053513000205171
990053513010205171
990053513020205171
990053513030205171
990053513040205171
990053513050205171
990053513100205171
990053513110205171
990053513120205171
990053513130205171
990053513350205171
990053513600205171
990053514100205171
990053515110205171
990053515120205171
990053516670205171
990053516850205171
990053516860205171
990053516910205171
990053516930205171
990053516970205171
990053517700205171
990053518410205171
990053518460205171
990053518890205171
990053519110205171
990053519790205171
990053520500205171
990053521300205171
990053521530205171
990053521580205171
990053521920205171
990053521940205171
990053521950205171
990053521960205171
990053521980205171
990053522660205171
990053522900205171
990053522950205171
990053523860205171
990053523870205171
990053523880205171
990053523890205171
990053523900205171
990053523910205171
990053523920205171
990053523930205171
990053523940205171
990053523950205171
990053523960205171
990053523970205171
990053523980205171
990053523990205171
990053524000205171
990053524010205171
990053524020205171
990053524030205171
990053524040205171
990053524050205171
990053524060205171
990053524070205171
990053524080205171
990053524090205171
990053524100205171
990053524110205171
990053524120205171
990053524130205171
990053524140205171
990053524150205171
990053524160205171
990053524170205171
990053524180205171
990053524190205171
990053524200205171
990053524210205171
990053524220205171
990053524230205171
990053524240205171
990053524250205171
990053524260205171
990053524270205171
990053524280205171
990053524290205171
990053524300205171
990053524310205171
990053524320205171
990053524330205171
990053524340205171
990053524350205171
990053524360205171
990053524370205171
990053524380205171
990053524390205171
990053524400205171
990053524410205171
990053524420205171
990053524430205171
990053524440205171
990053524450205171
990053524460205171
990053524470205171
990053524480205171
990053524490205171
990053524500205171
990053524910205171
990053525240205171
990053525420205171
990053525920205171
990053526140205171
990053526310205171
990053526550205171
990053526720205171
990053526960205171
990053527080205171
990053527240205171
990053527310205171
990053527380205171
990053527530205171
990053527670205171
990053527760205171
990053528730205171
990053528760205171
990053528880205171
990053529100205171
990053529230205171
990053529500205171
990053530030205171
990053530170205171
990053530830205171
990053531230205171
990053531360205171
990053531610205171
990053531760205171
990053531860205171
990053531890205171
990053532230205171
990053532480205171
990053532510205171
990053532870205171
990053533020205171
990053533180205171
990053533430205171
990053533550205171
990053534300205171
990053534370205171
990053534640205171
990053534840205171
990053535870205171
990053538290205171
990053538690205171
990053538730205171
990053538740205171
990053539230205171
990053540030205171
990053540070205171
990053540080205171
990053540180205171
990053540190205171
990053540230205171
990053540260205171
990053540280205171
990053540300205171
990053540320205171
990053540380205171
990053540790205171
990053540820205171
990053541110205171
990053541180205171
990053541200205171
990053541210205171
990053541220205171
990053541230205171
990053541240205171
990053541250205171
990053541260205171
990053541270205171
990053541280205171
990053541290205171
990053541300205171
990053541310205171
990053541320205171
990053541330205171
990053541340205171
990053541350205171
990053541360205171
990053541370205171
990053541380205171
990053541390205171
990053541400205171
990053541410205171
990053541420205171
990053541430205171
990053541440205171
990053541450205171
990053541460205171
990053541470205171
990053541480205171
990053541490205171
990053541500205171
990053541510205171
990053541520205171
990053541530205171
990053541540205171
990053541550205171
990053541560205171
990053541570205171
990053541580205171
990053541590205171
990053541600205171
990053541610205171
990053541620205171
990053541630205171
990053541640205171
990053541650205171
990053541660205171
990053541670205171
990053541680205171
990053541690205171
990053541700205171
990053541710205171
990053541720205171
990053541730205171
990053541740205171
990053541750205171
990053541760205171
990053541770205171
990053541780205171
990053541790205171
990053541800205171
990053541810205171
990053541820205171
990053541830205171
990053541840205171
990053541850205171
990053541860205171
990053541870205171
990053541880205171
990053541890205171
990053541900205171
990053541910205171
990053541920205171
990053541930205171
990053541940205171
990053541950205171
990053541960205171
990053541970205171
990053541980205171
990053541990205171
990053542000205171
990053542010205171
990053542020205171
990053542030205171
990053542040205171
990053542050205171
990053542060205171
990053542070205171
990053542080205171
990053542090205171
990053542100205171
990053542110205171
990053542120205171
990053542130205171
990053542140205171
990053542150205171
990053542160205171
990053542170205171
990053542180205171
990053542190205171
990053542200205171
990053542210205171
990053542220205171
990053542230205171
990053542240205171
990053542250205171
990053542260205171
990053542270205171
990053542280205171
990053542290205171
990053542300205171
990053542310205171
990053542320205171
990053542330205171
990053542340205171
990053542350205171
990053542360205171
990053542370205171
990053542380205171
990053542390205171
990053542400205171
990053542410205171
990053542420205171
990053542430205171
990053542440205171
990053542450205171
990053542460205171
990053542470205171
990053542480205171
990053542490205171
990053542500205171
990053542510205171
990053542520205171
990053542530205171
990053542540205171
990053542550205171
990053542560205171
990053542570205171
990053542580205171
990053542590205171
990053542600205171
990053542610205171
990053542620205171
990053542630205171
990053542640205171
990053542650205171
990053542660205171
990053542670205171
990053542680205171
990053542690205171
990053542700205171
990053542710205171
990053542720205171
990053542730205171
990053542740205171
990053542750205171
990053542760205171
990053542770205171
990053542780205171
990053542790205171
990053542800205171
990053542810205171
990053542820205171
990053542830205171
990053542840205171
990053542850205171
990053542860205171
990053542870205171
990053542880205171
990053542890205171
990053542900205171
990053542910205171
990053542920205171
990053542930205171
990053542940205171
990053542950205171
990053542960205171
990053542970205171
990053542980205171
990053542990205171
990053543000205171
990053543010205171
990053543020205171
990053543030205171
990053543040205171
990053543050205171
990053543060205171
990053543070205171
990053543080205171
990053543090205171
990053543100205171
990053543110205171
990053543120205171
990053543130205171
990053543140205171
990053543150205171
990053543160205171
990053543170205171
990053543180205171
990053543190205171
990053543200205171
990053543210205171
990053543220205171
990053543230205171
990053543240205171
990053543250205171
990053543260205171
990053543270205171
990053543280205171
990053543290205171
990053543300205171
990053543310205171
990053543320205171
990053543330205171
990053543340205171
990053543350205171
990053543360205171
990053543370205171
990053543380205171
990053543390205171
990053543400205171
990053543410205171
990053543420205171
990053543430205171
990053543440205171
990053543450205171
990053543460205171
990053543470205171
990053543480205171
990053543490205171
990053543500205171
990053543510205171
990053543520205171
990053543530205171
990053543540205171
990053543550205171
990053543560205171
990053543570205171
990053543580205171
990053543590205171
990053543600205171
990053543610205171
990053543620205171
990053543630205171
990053543640205171
990053543650205171
990053543660205171
990053543670205171
990053543680205171
990053543690205171
990053543700205171
990053543710205171
990053543720205171
990053543730205171
990053543740205171
990053543750205171
990053543760205171
990053543770205171
990053543780205171
990053543790205171
990053543800205171
990053543810205171
990053543820205171
990053543830205171
990053543840205171
990053543850205171
990053543860205171
990053543870205171
990053543880205171
990053543890205171
990053543900205171
990053543910205171
990053543920205171
990053543930205171
990053543940205171
990053543950205171
990053543960205171
990053543970205171
990053543980205171
990053543990205171
990053544000205171
990053544010205171
990053544020205171
990053544030205171
990053544040205171
990053544050205171
990053544060205171
990053544070205171
990053544080205171
990053544090205171
990053544100205171
990053544110205171
990053544120205171
990053544130205171
990053544140205171
990053544150205171
990053544160205171
990053544170205171
990053544180205171
990053544190205171
990053544200205171
990053544210205171
990053544220205171
990053544230205171
990053544240205171
990053544250205171
990053544260205171
990053544270205171
990053544280205171
990053544290205171
990053544300205171
990053544310205171
990053544320205171
990053544330205171
990053544340205171
990053544350205171
990053544360205171
990053544370205171
990053544380205171
990053544390205171
990053544400205171
990053544410205171
990053544420205171
990053544430205171
990053544440205171
990053544450205171
990053544460205171
990053544470205171
990053544480205171
990053544490205171
990053544500205171
990053544510205171
990053544520205171
990053544530205171
990053544540205171
990053544550205171
990053544560205171
990053544570205171
990053544590205171
990053544600205171
990053544610205171
990053544620205171
990053544630205171
990053544640205171
990053544650205171
990053544660205171
990053544670205171
990053544680205171
990053544690205171
990053544700205171
990053544710205171
990053544720205171
990053544730205171
990053544740205171
990053544750205171
990053544760205171
990053544770205171
990053544780205171
990053544790205171
990053544800205171
990053544810205171
990053544820205171
990053544830205171
990053544840205171
990053544850205171
990053544860205171
990053544870205171
990053544880205171
990053544890205171
990053544900205171
990053544910205171
990053544920205171
990053544930205171
990053544940205171
990053544950205171
990053544960205171
990053544970205171
990053544980205171
990053544990205171
990053545000205171
990053545010205171
990053545020205171
990053545030205171
990053545040205171
990053545050205171
990053545060205171
990053545070205171
990053545080205171
990053545090205171
990053545100205171
990053545110205171
990053545120205171
990053545130205171
990053545140205171
990053545150205171
990053545160205171
990053545170205171
990053545180205171
990053545190205171
990053545200205171
990053545210205171
990053545220205171
990053545230205171
990053545240205171
990053545250205171
990053545260205171
990053545270205171
990053545280205171
990053545290205171
990053545300205171
990053545310205171
990053545320205171
990053545330205171
990053545340205171
990053545350205171
990053545360205171
990053545370205171
990053545380205171
990053545390205171
990053545400205171
990053545410205171
990053545420205171
990053545430205171
990053545440205171
990053545450205171
990053545460205171
990053545470205171
990053545480205171
990053545490205171
990053545500205171
990053545510205171
990053545520205171
990053545530205171
990053545540205171
990053545550205171
990053545560205171
990053545570205171
990053545580205171
990053545590205171
990053545600205171
990053545610205171
990053545620205171
990053545630205171
990053545640205171
990053545650205171
990053545660205171
990053545670205171
990053545680205171
990053545690205171
990053545700205171
990053545710205171
990053545720205171
990053545730205171
990053545740205171
990053545750205171
990053545760205171
990053545770205171
990053545780205171
990053545790205171
990053545800205171
990053545810205171
990053545820205171
990053545830205171
990053545840205171
990053545850205171
990053545860205171
990053545870205171
990053545880205171
990053545890205171
990053545900205171
990053545910205171
990053545920205171
990053545930205171
990053545940205171
990053545950205171
990053545960205171
990053545970205171
990053545980205171
990053545990205171
990053546000205171
990053546010205171
990053546020205171
990053546030205171
990053546040205171
990053546050205171
990053546060205171
990053546070205171
990053546080205171
990053546090205171
990053546100205171
990053546110205171
990053546120205171
990053546130205171
990053546140205171
990053546150205171
990053546160205171
990053546170205171
990053546180205171
990053546190205171
990053546200205171
990053546210205171
990053546220205171
990053546230205171
990053546240205171
990053546250205171
990053546260205171
990053546270205171
990053546280205171
990053546290205171
990053546300205171
990053546310205171
990053546320205171
990053546330205171
990053546340205171
990053546350205171
990053546360205171
990053546370205171
990053546380205171
990053546390205171
990053546400205171
990053546410205171
990053546420205171
990053546430205171
990053546440205171
990053546450205171
990053546460205171
990053546470205171
990053546480205171
990053546490205171
990053546500205171
990053546510205171
990053546520205171
990053546530205171
990053546540205171
990053546550205171
990053546560205171
990053546570205171
990053546580205171
990053546590205171
990053546600205171
990053546610205171
990053546620205171
990053546630205171
990053546640205171
990053546650205171
990053546660205171
990053546670205171
990053546680205171
990053546690205171
990053546700205171
990053546710205171
990053546720205171
990053546730205171
990053546740205171
990053546750205171
990053546760205171
990053546770205171
990053546780205171
990053546790205171
990053546800205171
990053546810205171
990053546820205171
990053546830205171
990053546840205171
990053546850205171
990053546860205171
990053546870205171
990053546880205171
990053546890205171
990053546900205171
990053546910205171
990053546920205171
990053546930205171
990053546940205171
990053546950205171
990053546960205171
990053546970205171
990053546980205171
990053546990205171
990053547000205171
990053547010205171
990053547020205171
990053547030205171
990053547040205171
990053547050205171
990053547060205171
990053547070205171
990053547080205171
990053547090205171
990053547100205171
990053547110205171
990053547120205171
990053547130205171
990053547140205171
990053547150205171
990053547160205171
990053547170205171
990053547180205171
990053547190205171
990053547200205171
990053547210205171
990053547220205171
990053547230205171
990053547240205171
990053547250205171
990053547260205171
990053547270205171
990053547280205171
990053547290205171
990053547300205171
990053547310205171
990053547320205171
990053547330205171
990053547340205171
990053547350205171
990053547360205171
990053547370205171
990053547380205171
990053547390205171
990053547400205171
990053547410205171
990053547420205171
990053547430205171
990053547440205171
990053547450205171
990053547460205171
990053547470205171
990053547480205171
990053547490205171
990053547500205171
990053547510205171
990053547520205171
990053547530205171
990053547540205171
990053547550205171
990053547560205171
990053547570205171
990053547580205171
990053547590205171
990053547600205171
990053547610205171
990053547620205171
990053547630205171
990053547640205171
990053547650205171
990053547660205171
990053547670205171
990053547680205171
990053547690205171
990053547700205171
990053547710205171
990053547720205171
990053547730205171
990053547740205171
990053547750205171
990053547760205171
990053547770205171
990053547780205171
990053547790205171
990053547800205171
990053547810205171
990053547820205171
990053547830205171
990053547840205171
990053547850205171
990053547860205171
990053547870205171
990053547880205171
990053547890205171
990053547900205171
990053547910205171
990053547920205171
990053547930205171
990053547940205171
990053547950205171
990053547960205171
990053547970205171
990053547980205171
990053547990205171
990053548000205171
990053548010205171
990053548020205171
990053548030205171
990053548040205171
990053548050205171
990053548060205171
990053548070205171
990053548080205171
990053548090205171
990053548100205171
990053548110205171
990053548120205171
990053548130205171
990053548140205171
990053548150205171
990053548160205171
990053548170205171
990053548180205171
990053548190205171
990053548200205171
990053548210205171
990053548220205171
990053548230205171
990053548240205171
990053548250205171
990053548260205171
990053548270205171
990053548280205171
990053548290205171
990053548300205171
990053548310205171
990053548320205171
990053548330205171
990053548340205171
990053548350205171
990053548360205171
990053548370205171
990053548380205171
990053548390205171
990053548400205171
990053548410205171
990053548420205171
990053548430205171
990053548440205171
990053548450205171
990053548460205171
990053548470205171
990053548480205171
990053548490205171
990053548500205171
990053548510205171
990053548520205171
990053548530205171
990053548540205171
990053548550205171
990053548560205171
990053548570205171
990053548580205171
990053548590205171
990053548600205171
990053548610205171
990053548620205171
990053548630205171
990053548640205171
990053548650205171
990053548660205171
990053548670205171
990053548680205171
990053548690205171
990053548700205171
990053548710205171
990053548720205171
990053548730205171
990053548740205171
990053548750205171
990053548760205171
990053548770205171
990053548780205171
990053548790205171
990053548800205171
990053548810205171
990053548820205171
990053548830205171
990053548840205171
990053548850205171
990053548860205171
990053548870205171
990053548880205171
990053548890205171
990053548900205171
990053548910205171
990053548920205171
990053548930205171
990053548940205171
990053548950205171
990053548960205171
990053548970205171
990053548980205171
990053548990205171
990053549000205171
990053549010205171
990053549020205171
990053549030205171
990053549040205171
990053549050205171
990053549060205171
990053549070205171
990053549080205171
990053549090205171
990053549100205171
990053549110205171
990053549120205171
990053549130205171
990053549140205171
990053549150205171
990053549160205171
990053549170205171
990053549180205171
990053549190205171
990053549200205171
990053549210205171
990053549220205171
990053549230205171
990053549240205171
990053549250205171
990053549260205171
990053549270205171
990053549280205171
990053549290205171
990053549300205171
990053549310205171
990053549320205171
990053549330205171
990053549340205171
990053549350205171
990053549360205171
990053549370205171
990053549380205171
990053549390205171
990053549400205171
990053549410205171
990053549420205171
990053549430205171
990053549440205171
990053549450205171
990053549460205171
990053549470205171
990053549480205171
990053549490205171
990053549500205171
990053549510205171
990053549520205171
990053549530205171
990053549540205171
990053549550205171
990053549560205171
990053549570205171
990053549580205171
990053549590205171
990053549600205171
990053549610205171
990053549620205171
990053549630205171
990053549640205171
990053549650205171
990053549660205171
990053549670205171
990053549680205171
990053549690205171
990053549700205171
990053549710205171
990053549720205171
990053549730205171
990053549740205171
990053549750205171
990053549760205171
990053549770205171
990053549780205171
990053549790205171
990053549800205171
990053549810205171
990053549820205171
990053549830205171
990053549840205171
990053549850205171
990053549860205171
990053549870205171
990053549880205171
990053549890205171
990053549900205171
990053549910205171
990053549920205171
990053549930205171
990053549940205171
990053549950205171
990053549960205171
990053549970205171
990053549980205171
990053549990205171
990053550000205171
990053550010205171
990053550020205171
990053550030205171
990053550040205171
990053550050205171
990053550060205171
990053550070205171
990053550080205171
990053550090205171
990053550100205171
990053550110205171
990053550120205171
990053550130205171
990053550140205171
990053550150205171
990053550160205171
990053550170205171
990053550180205171
990053550190205171
990053550200205171
990053550210205171
990053550220205171
990053550230205171
990053550240205171
990053550250205171
990053550260205171
990053550270205171
990053550280205171
990053550290205171
990053550300205171
990053550310205171
990053550320205171
990053550330205171
990053550340205171
990053550350205171
990053550360205171
990053550370205171
990053550380205171
990053550390205171
990053550400205171
990053550410205171
990053550420205171
990053550430205171
990053550440205171
990053550450205171
990053550460205171
990053550470205171
990053550480205171
990053550490205171
990053550500205171
990053550510205171
990053550520205171
990053550530205171
990053550540205171
990053550550205171
990053550560205171
990053550570205171
990053550580205171
990053550590205171
990053550600205171
990053550610205171
990053550620205171
990053550630205171
990053550640205171
990053550650205171
990053550660205171
990053550670205171
990053550680205171
990053550690205171
990053550700205171
990053550710205171
990053550720205171
990053550730205171
990053550740205171
990053550750205171
990053550760205171
990053550770205171
990053550780205171
990053550790205171
990053550800205171
990053550810205171
990053550820205171
990053550830205171
990053550840205171
990053550850205171
990053550860205171
990053550870205171
990053550880205171
990053550890205171
990053550900205171
990053550910205171
990053550920205171
990053550930205171
990053550940205171
990053550950205171
990053550960205171
990053550970205171
990053550980205171
990053550990205171
990053551000205171
990053551010205171
990053551020205171
990053551030205171
990053551040205171
990053551050205171
990053551060205171
990053551070205171
990053551080205171
990053551090205171
990053551100205171
990053551110205171
990053551120205171
990053551130205171
990053551140205171
990053551150205171
990053551160205171
990053551170205171
990053551180205171
990053551190205171
990053551200205171
990053551210205171
990053551220205171
990053551230205171
990053551240205171
990053551250205171
990053551260205171
990053551270205171
990053551280205171
990053551290205171
990053551300205171
990053551310205171
990053551320205171
990053551330205171
990053551340205171
990053551350205171
990053551360205171
990053551370205171
990053551380205171
990053551390205171
990053551400205171
990053551410205171
990053551420205171
990053551430205171
990053551440205171
990053551450205171
990053551460205171
990053551470205171
990053551480205171
990053551490205171
990053551500205171
990053551510205171
990053551520205171
990053551530205171
990053551540205171
990053551550205171
990053551560205171
990053551570205171
990053551580205171
990053551590205171
990053551600205171
990053551610205171
990053551620205171
990053551630205171
990053551640205171
990053551650205171
990053551660205171
990053551670205171
990053551680205171
990053551690205171
990053551700205171
990053551710205171
990053551720205171
990053551730205171
990053551740205171
990053551750205171
990053551760205171
990053551770205171
990053551780205171
990053551790205171
990053551800205171
990053551810205171
990053551820205171
990053551830205171
990053551840205171
990053551850205171
990053551860205171
990053551870205171
990053551880205171
990053551890205171
990053551900205171
990053551910205171
990053551920205171
990053551930205171
990053551940205171
990053551950205171
990053551960205171
990053551970205171
990053551980205171
990053551990205171
990053552000205171
990053552010205171
990053552020205171
990053552030205171
990053552040205171
990053552050205171
990053552060205171
990053552070205171
990053552080205171
990053552090205171
990053552100205171
990053552110205171
990053552120205171
990053552130205171
990053552140205171
990053552150205171
990053552160205171
990053552170205171
990053552180205171
990053552190205171
990053552200205171
990053552210205171
990053552220205171
990053552230205171
990053552240205171
990053552250205171
990053552260205171
990053552270205171
990053552280205171
990053552290205171
990053552300205171
990053552310205171
990053552320205171
990053552330205171
990053552340205171
990053552350205171
990053552360205171
990053552370205171
990053552380205171
990053552390205171
990053552400205171
990053552410205171
990053552420205171
990053552430205171
990053552440205171
990053552450205171
990053552460205171
990053552470205171
990053552480205171
990053552490205171
990053552500205171
990053552510205171
990053552520205171
990053552530205171
990053552540205171
990053552550205171
990053552560205171
990053552570205171
990053552580205171
990053552590205171
990053552600205171
990053552610205171
990053552620205171
990053552630205171
990053552640205171
990053552650205171
990053552660205171
990053552670205171
990053552680205171
990053552690205171
990053552700205171
990053552710205171
990053552720205171
990053552730205171
990053552740205171
990053552750205171
990053552760205171
990053552770205171
990053552780205171
990053552790205171
990053552800205171
990053552810205171
990053552820205171
990053552830205171
990053552840205171
990053552850205171
990053552860205171
990053552870205171
990053552880205171
990053552890205171
990053552900205171
990053552910205171
990053552920205171
990053552930205171
990053552940205171
990053552950205171
990053552960205171
990053552970205171
990053552980205171
990053552990205171
990053553000205171
990053553010205171
990053553020205171
990053553030205171
990053553040205171
990053553050205171
990053553060205171
990053553070205171
990053553080205171
990053553090205171
990053553100205171
990053553110205171
990053553120205171
990053553130205171
990053553140205171
990053553150205171
990053553160205171
990053553170205171
990053553180205171
990053553190205171
990053553200205171
990053553210205171
990053553220205171
990053553230205171
990053553240205171
990053553250205171
990053553260205171
990053553270205171
990053553280205171
990053553290205171
990053553300205171
990053553310205171
990053553320205171
990053553330205171
990053553340205171
990053553350205171
990053553360205171
990053553370205171
990053553380205171
990053553390205171
990053553400205171
990053553410205171
990053553420205171
990053553430205171
990053553440205171
990053553450205171
990053553460205171
990053553470205171
990053553480205171
990053553490205171
990053553500205171
990053553510205171
990053553520205171
990053553530205171
990053553540205171
990053553550205171
990053553560205171
990053553570205171
990053553580205171
990053553590205171
990053553600205171
990053553610205171
990053553620205171
990053553630205171
990053553640205171
990053553650205171
990053553660205171
990053553670205171
990053553680205171
990053553690205171
990053553700205171
990053553710205171
990053553720205171
990053553730205171
990053553740205171
990053553750205171
990053553760205171
990053553770205171
990053553780205171
990053553790205171
990053553800205171
990053553810205171
990053553820205171
990053553830205171
990053553840205171
990053553850205171
990053553860205171
990053553870205171
990053553880205171
990053553890205171
990053553900205171
990053553910205171
990053553920205171
990053553930205171
990053553940205171
990053553950205171
990053553960205171
990053553970205171
990053553980205171
990053553990205171
990053554000205171
990053554010205171
990053554020205171
990053554030205171
990053554040205171
990053554050205171
990053554060205171
990053554070205171
990053554080205171
990053554090205171
990053554100205171
990053554110205171
990053554120205171
990053554130205171
990053554140205171
990053554150205171
990053554160205171
990053554170205171
990053554180205171
990053554190205171
990053554200205171
990053554210205171
990053554220205171
990053554230205171
990053554240205171
990053554250205171
990053554260205171
990053554270205171
990053554280205171
990053554290205171
990053554300205171
990053554310205171
990053554320205171
990053554330205171
990053554340205171
990053554350205171
990053554360205171
990053554370205171
990053554380205171
990053554390205171
990053554400205171
990053554410205171
990053554420205171
990053554430205171
990053554440205171
990053554450205171
990053554460205171
990053554470205171
990053554480205171
990053554490205171
990053554500205171
990053554510205171
990053554520205171
990053554530205171
990053554540205171
990053554550205171
990053554560205171
990053554570205171
990053554580205171
990053554590205171
990053554600205171
990053554610205171
990053554620205171
990053554630205171
990053554640205171
990053554650205171
990053554660205171
990053554670205171
990053554680205171
990053554700205171
990053554710205171
990053554720205171
990053554730205171
990053554740205171
990053554750205171
990053554760205171
990053554770205171
990053554780205171
990053554790205171
990053554800205171
990053554810205171
990053554820205171
990053554830205171
990053554840205171
990053554850205171
990053554860205171
990053554870205171
990053554880205171
990053554890205171
990053554900205171
990053554910205171
990053554920205171
990053554930205171
990053554940205171
990053554950205171
990053554960205171
990053554970205171
990053554980205171
990053554990205171
990053555000205171
990053555010205171
990053555020205171
990053555030205171
990053555040205171
990053555050205171
990053555060205171
990053555070205171
990053555090205171
990053555100205171
990053555110205171
990053555120205171
990053555130205171
990053555140205171
990053555150205171
990053555160205171
990053555170205171
990053555180205171
990053555190205171
990053555200205171
990053555210205171
990053555220205171
990053555230205171
990053555240205171
990053555250205171
990053555260205171
990053555270205171
990053555280205171
990053555290205171
990053555300205171
990053555310205171
990053555320205171
990053555330205171
990053555340205171
990053555350205171
990053555360205171
990053555370205171
990053555380205171
990053555390205171
990053555400205171
990053555410205171
990053555420205171
990053555430205171
990053555440205171
990053555450205171
990053555460205171
990053555470205171
990053555480205171
990053555490205171
990053555500205171
990053555510205171
990053555520205171
990053555530205171
990053555540205171
990053555550205171
990053555560205171
990053555570205171
990053555580205171
990053555590205171
990053555600205171
990053555610205171
990053555620205171
990053555630205171
990053555640205171
990053555650205171
990053555660205171
990053555670205171
990053555680205171
990053555690205171
990053555700205171
990053555710205171
990053555720205171
990053555730205171
990053555740205171
990053555750205171
990053555760205171
990053555770205171
990053555780205171
990053555790205171
990053555800205171
990053555810205171
990053555820205171
990053555830205171
990053555840205171
990053555850205171
990053555860205171
990053555870205171
990053555880205171
990053555890205171
990053555900205171
990053555910205171
990053555920205171
990053555930205171
990053555940205171
990053555950205171
990053555960205171
990053555970205171
990053555980205171
990053555990205171
990053556000205171
990053556010205171
990053556020205171
990053556030205171
990053556040205171
990053556050205171
990053556060205171
990053556070205171
990053556080205171
990053556090205171
990053556100205171
990053556110205171
990053556120205171
990053556130205171
990053556140205171
990053556150205171
990053556160205171
990053556170205171
990053556180205171
990053556190205171
990053556200205171
990053556210205171
990053556220205171
990053556230205171
990053556240205171
990053556250205171
990053556260205171
990053556270205171
990053556280205171
990053556290205171
990053556300205171
990053556310205171
990053556320205171
990053556330205171
990053556340205171
990053556350205171
990053556360205171
990053556370205171
990053556380205171
990053556390205171
990053556400205171
990053556410205171
990053556420205171
990053556430205171
990053556440205171
990053556450205171
990053556460205171
990053556470205171
990053556480205171
990053556490205171
990053556500205171
990053556510205171
990053556520205171
990053556530205171
990053556540205171
990053556550205171
990053556560205171
990053556570205171
990053556580205171
990053556590205171
990053556600205171
990053556610205171
990053556620205171
990053556630205171
990053556640205171
990053556650205171
990053556660205171
990053556670205171
990053556680205171
990053556690205171
990053556700205171
990053556710205171
990053556720205171
990053556730205171
990053556740205171
990053556750205171
990053556760205171
990053556770205171
990053556780205171
990053556790205171
990053556800205171
990053556810205171
990053556820205171
990053556830205171
990053556840205171
990053556850205171
990053556860205171
990053556870205171
990053556880205171
990053556890205171
990053556900205171
990053556910205171
990053556920205171
990053556930205171
990053556940205171
990053556950205171
990053556960205171
990053556970205171
990053556980205171
990053556990205171
990053557000205171
990053557010205171
990053557020205171
990053557030205171
990053557040205171
990053557050205171
990053557060205171
990053557070205171
990053557080205171
990053557090205171
990053557100205171
990053557110205171
990053557120205171
990053557130205171
990053557140205171
990053557150205171
990053557160205171
990053557170205171
990053557180205171
990053557190205171
990053557200205171
990053557210205171
990053557220205171
990053557230205171
990053557240205171
990053557250205171
990053557260205171
990053557270205171
990053557280205171
990053557290205171
990053557300205171
990053557310205171
990053557320205171
990053557330205171
990053557340205171
990053557350205171
990053557360205171
990053557380205171
990053557390205171
990053557400205171
990053557410205171
990053557420205171
990053557430205171
990053557440205171
990053557450205171
990053557460205171
990053557470205171
990053557480205171
990053557490205171
990053557500205171
990053557510205171
990053557520205171
990053557530205171
990053557540205171
990053557550205171
990053557560205171
990053557570205171
990053557580205171
990053557590205171
990053557600205171
990053557610205171
990053557620205171
990053557630205171
990053557640205171
990053557650205171
990053557660205171
990053557670205171
990053557680205171
990053557690205171
990053557700205171
990053557710205171
990053557720205171
990053557730205171
990053557740205171
990053557750205171
990053557760205171
990053557770205171
990053557780205171
990053557790205171
990053557800205171
990053557810205171
990053557820205171
990053557830205171
990053557840205171
990053557850205171
990053557860205171
990053557870205171
990053557880205171
990053557890205171
990053557900205171
990053557910205171
990053557920205171
990053557930205171
990053557940205171
990053557950205171
990053557960205171
990053557970205171
990053557980205171
990053557990205171
990053558000205171
990053558010205171
990053558020205171
990053558030205171
990053558620205171
990053558630205171
990053558640205171
990053558650205171
990053558720205171
990053558730205171
990053558740205171
990053558750205171
990053558760205171
990053558770205171
990053558780205171
990053558790205171
990053558800205171
990053558810205171
990053558820205171
990053558830205171
990053558840205171
990053558850205171
990053558860205171
990053558870205171
990053558880205171
990053558890205171
990053558900205171
990053558910205171
990053559270205171
990053559870205171
990053559880205171
990053560550205171
990053561220205171
990053561230205171
990053561240205171
990053561250205171
990053561260205171
990053561270205171
990053561280205171
990053561290205171
990053561300205171
990053561310205171
990053561320205171
990053561330205171
990053561340205171
990053561350205171
990053561360205171
990053561370205171
990053561380205171
990053561390205171
990053561400205171
990053561410205171
990053561420205171
990053561430205171
990053561440205171
990053561450205171
990053561460205171
990053561470205171
990053561480205171
990053561490205171
990053561500205171
990053561510205171
990053561520205171
990053561600205171
990053561610205171
990053561620205171
990053561640205171
990053561650205171
990053561660205171
990053561670205171
990053561680205171
990053562230205171
990053562590205171
990053562600205171
990053562610205171
990053562620205171
990053562630205171
990053562640205171
990053562650205171
990053562660205171
990053562670205171
990053562680205171
990053562690205171
990053562700205171
990053562710205171
990053562720205171
990053562730205171
990053562740205171
990053562750205171
990053562760205171
990053562770205171
990053562780205171
990053562790205171
990053562800205171
990053562810205171
990053562820205171
990053562830205171
990053562840205171
990053562850205171
990053562860205171
990053562870205171
990053562880205171
990053562890205171
990053562900205171
990053562940205171
990053563350205171
990053563360205171
990053564720205171
990053564730205171
990053565320205171
990053565330205171
990053565340205171
990053565350205171
990053565360205171
990053565380205171
990053565390205171
990053565400205171
990053565410205171
990053565420205171
990053565430205171
990053565440205171
990053565450205171
990053565460205171
990053565470205171
990053565480205171
990053565490205171
990053565500205171
990053565510205171
990053565520205171
990053565530205171
990053565540205171
990053565550205171
990053565560205171
990053565570205171
990053565580205171
990053565590205171
990053565600205171
990053565610205171
990053565620205171
990053565630205171
990053565640205171
990053565650205171
990053565660205171
990053565670205171
990053565680205171
990053565690205171
990053565700205171
990053565710205171
990053565720205171
990053565730205171
990053565740205171
990053565750205171
990053565760205171
990053565770205171
990053565780205171
990053565790205171
990053565800205171
990053565810205171
990053565820205171
990053565830205171
990053565840205171
990053565850205171
990053565860205171
990053566280205171
990053566290205171
990053566330205171
990053566350205171
990053566360205171
990053566370205171
990053566380205171
990053566390205171
990053566420205171
990053566450205171
990053566910205171
990053566960205171
990053566970205171
990053566980205171
990053566990205171
990053567120205171
990053567180205171
990053567190205171
990053567210205171
990053567320205171
990053567350205171
990053567450205171
990053567530205171
990053567560205171
990053567770205171
990053567900205171
990053567940205171
990053568000205171
990053568020205171
990053568220205171
990053568680205171
990053569070205171
990053569080205171
990053569090205171
990053569100205171
990053569110205171
990053569120205171
990053569130205171
990053569140205171
990053569150205171
990053569160205171
990053569170205171
990053569280205171
990053569290205171
990053569300205171
990053569310205171
990053569320205171
990053569330205171
990053569340205171
990053569350205171
990053569360205171
990053569370205171
990053569380205171
990053569390205171
990053569400205171
990053569410205171
990053569420205171
990053569430205171
990053569440205171
990053569450205171
990053569460205171
990053569470205171
990053569480205171
990053569490205171
990053569500205171
990053569510205171
990053569520205171
990053569530205171
990053569540205171
990053569550205171
990053569560205171
990053569570205171
990053569580205171
990053569590205171
990053569600205171
990053569610205171
990053569620205171
990053569630205171
990053569640205171
990053569650205171
990053569660205171
990053569670205171
990053569680205171
990053569690205171
990053569700205171
990053569710205171
990053569720205171
990053569730205171
990053569740205171
990053569750205171
990053569760205171
990053569770205171
990053569780205171
990053569790205171
990053569800205171
990053569810205171
990053569820205171
990053569830205171
990053569840205171
990053569850205171
990053569860205171
990053569870205171
990053569880205171
990053569890205171
990053569900205171
990053569910205171
990053569920205171
990053569930205171
990053569940205171
990053569950205171
990053569960205171
990053569970205171
990053569980205171
990053569990205171
990053570000205171
990053570010205171
990053570020205171
990053570030205171
990053570040205171
990053570050205171
990053570060205171
990053570070205171
990053570080205171
990053570090205171
990053570100205171
990053570110205171
990053570120205171
990053570130205171
990053570140205171
990053570150205171
990053570160205171
990053570170205171
990053570180205171
990053570190205171
990053570200205171
990053570210205171
990053570220205171
990053570230205171
990053570240205171
990053570250205171
990053570260205171
990053570270205171
990053570280205171
990053570290205171
990053570330205171
990053570510205171
990053570520205171
990053570530205171
990053570540205171
990053570550205171
990053570560205171
990053570570205171
990053570580205171
990053570590205171
990053570600205171
990053570610205171
990053570620205171
990053570630205171
990053570640205171
990053570650205171
990053570660205171
990053570670205171
990053570680205171
990053570690205171
990053570700205171
990053570710205171
990053570720205171
990053570730205171
990053570740205171
990053570750205171
990053570760205171
990053570770205171
990053570780205171
990053570790205171
990053570800205171
990053570810205171
990053570820205171
990053570830205171
990053570840205171
990053570850205171
990053570860205171
990053570870205171
990053570880205171
990053570890205171
990053570900205171
990053570910205171
990053570920205171
990053570930205171
990053570940205171
990053571320205171
990053571330205171
990053571340205171
990053571350205171
990053571360205171
990053571370205171
990053571380205171
990053571390205171
990053571400205171
990053571410205171
990053571420205171
990053571430205171
990053571480205171
990053571620205171
990053571750205171
990053571940205171
990053571960205171
990053572590205171
990053572600205171
990053572610205171
990053573250205171
990053573560205171
990053573570205171
990053573580205171
990053573590205171
990053573600205171
990053573610205171
990053573620205171
990053573630205171
990053573640205171
990053573650205171
990053573660205171
990053573670205171
990053573680205171
990053573690205171
990053573700205171
990053573710205171
990053573720205171
990053573730205171
990053573740205171
990053573750205171
990053573760205171
990053573770205171
990053573780205171
990053573790205171
990053573800205171
990053573810205171
990053573820205171
990053573830205171
990053573840205171
990053573850205171
990053573860205171
990053573870205171
990053573880205171
990053573890205171
990053573900205171
990053573910205171
990053573920205171
990053573930205171
990053573940205171
990053573950205171
990053573960205171
990053573970205171
990053573980205171
990053573990205171
990053574000205171
990053574010205171
990053574020205171
990053574030205171
990053574040205171
990053574050205171
990053574060205171
990053574070205171
990053574080205171
990053574090205171
990053574100205171
990053574110205171
990053574120205171
990053574130205171
990053574140205171
990053574150205171
990053574160205171
990053574170205171
990053574180205171
990053574190205171
990053574200205171
990053574210205171
990053574220205171
990053574230205171
990053574240205171
990053574250205171
990053574260205171
990053574270205171
990053574280205171
990053574290205171
990053574300205171
990053574310205171
990053574320205171
990053574330205171
990053574340205171
990053574350205171
990053574360205171
990053574370205171
990053574380205171
990053574390205171
990053574410205171
990053574420205171
990053574430205171
990053574440205171
990053574450205171
990053574460205171
990053574470205171
990053574480205171
990053574490205171
990053574500205171
990053574510205171
990053574520205171
990053574530205171
990053574540205171
990053574550205171
990053574560205171
990053574570205171
990053574580205171
990053574590205171
990053574600205171
990053574610205171
990053574620205171
990053574630205171
990053574640205171
990053574650205171
990053574660205171
990053574670205171
990053574680205171
990053574690205171
990053574700205171
990053574710205171
990053574720205171
990053574730205171
990053574740205171
990053574750205171
990053574760205171
990053574770205171
990053574780205171
990053574790205171
990053574800205171
990053574810205171
990053574820205171
990053574830205171
990053574840205171
990053574850205171
990053574860205171
990053574870205171
990053574880205171
990053574890205171
990053574900205171
990053574910205171
990053574920205171
990053574930205171
990053574940205171
990053574950205171
990053574960205171
990053574970205171
990053574980205171
990053574990205171
990053575000205171
990053575010205171
990053575020205171
990053575030205171
990053575040205171
990053575050205171
990053575060205171
990053575070205171
990053575080205171
990053575090205171
990053575100205171
990053575110205171
990053575120205171
990053575130205171
990053575140205171
990053575860205171
990053575870205171
990053576310205171
990053576320205171
990053576330205171
990053576340205171
990053576350205171
990053576360205171
990053576370205171
990053576380205171
990053576390205171
990053576400205171
990053576560205171
990053577430205171
990053578050205171
990053578060205171
990053578070205171
990053578080205171
990053578090205171
990053578100205171
990053578110205171
990053578120205171
990053578130205171
990053578140205171
990053578150205171
990053578160205171
990053578170205171
990053578180205171
990053578190205171
990053578200205171
990053578210205171
990053578220205171
990053578230205171
990053578240205171
990053578250205171
990053578260205171
990053578270205171
990053578280205171
990053578290205171
990053578300205171
990053578310205171
990053578320205171
990053578330205171
990053578340205171
990053578350205171
990053578360205171
990053578370205171
990053578380205171
990053578390205171
990053578400205171
990053578410205171
990053578420205171
990053578470205171
990053578480205171
990053578490205171
990053578500205171
990053578510205171
990053578680205171
990053578690205171
990053578700205171
990053578710205171
990053578720205171
990053578730205171
990053578990205171
990053579060205171
990053579120205171
990053579370205171
990053579490205171
990053579700205171
990053579890205171
990053579900205171
990053579970205171
990053580810205171
990053580820205171
990053580830205171
990053580840205171
990053580850205171
990053580860205171
990053580870205171
990053580880205171
990053580890205171
990053580900205171
990053580910205171
990053580920205171
990053580930205171
990053580940205171
990053580950205171
990053580960205171
990053580970205171
990053580980205171
990053580990205171
990053581000205171
990053581010205171
990053581020205171
990053581030205171
990053581040205171
990053581050205171
990053581060205171
990053581070205171
990053581080205171
990053581090205171
990053581100205171
990053581110205171
990053581120205171
990053581130205171
990053581370205171
990053581380205171
990053581420205171
990053581430205171
990053582630205171
990053582640205171
990053582650205171
990053582660205171
990053582670205171
990053582680205171
990053582710205171
990053582890205171
990053582900205171
990053582910205171
990053582920205171
990053583320205171
990053583640205171
990053583650205171
990053583660205171
990053583670205171
990053583680205171
990053583690205171
990053583700205171
990053584250205171
990053584260205171
990053584270205171
990053584280205171
990053584290205171
990053584330205171
990053584340205171
990053584350205171
990053584540205171
990053584550205171
990053584880205171
990053585130205171
990053585280205171
990053585840205171
990053585850205171
990053585860205171
990053585870205171
990053585920205171
990053586150205171
990053586160205171
990053586170205171
990053586180205171
990053586950205171
990053586960205171
990053586970205171
990053587160205171
990053587510205171
990053587580205171
990053587900205171
990053587910205171
990053587990205171
990053588040205171
990053588360205171
990053588630205171
990053589290205171
990053589400205171
990053589560205171
990053589620205171
990053590250205171
990053590500205171
990053590820205171
990053590830205171
990053591100205171
990053591120205171
990053591180205171
990053591750205171
990053592100205171
990053592110205171
990053592120205171
990053592130205171
990053592140205171
990053592150205171
990053592260205171
990053592270205171
990053592950205171
990053592960205171
990053592970205171
990053593160205171
990053593300205171
990053593310205171
990053593320205171
990053593330205171
990053593740205171
990053593750205171
990053593760205171
990053593770205171
990053593800205171
990053593820205171
990053593950205171
990053594500205171
990053594750205171
990053595140205171
990053595420205171
990053595430205171
990053595440205171
990053595450205171
990053595460205171
990053595470205171
990053595660205171
990053595670205171
990053595950205171
990053597420205171
990053597470205171
990053597870205171
990053598590205171
990053598680205171
990053598700205171
990053598710205171
990053599030205171
990053599280205171
990053599290205171
990053599320205171
990053600210205171
990053600480205171
990053600590205171
990053600690205171
990053600760205171
990053600800205171
990053601160205171
990053601240205171
990053601360205171
990053601450205171
990053601490205171
990053601630205171
990053601760205171
990053601950205171
990053602130205171
990053602140205171
990053602240205171
990053602250205171
990053602260205171
990053602270205171
990053602280205171
990053602290205171
990053602300205171
990053602310205171
990053602320205171
990053602330205171
990053602340205171
990053602520205171
990053602590205171
990053602820205171
990053602950205171
990053603280205171
990053603850205171
990053605510205171
990053606020205171
990053606050205171
990053606540205171
990053606830205171
990053606840205171
990053606850205171
990053606860205171
990053606900205171
990053607490205171
990053609220205171
990053609450205171
990053609460205171
990053609470205171
990053609480205171
990053609490205171
990053609500205171
990053609510205171
990053609520205171
990053609530205171
990053609540205171
990053609550205171
990053609560205171
990053609570205171
990053609580205171
990053609590205171
990053609600205171
990053609610205171
990053609620205171
990053609630205171
990053609660205171
990053609670205171
990053609680205171
990053609690205171
990053609700205171
990053609710205171
990053609720205171
990053609730205171
990053609740205171
990053609750205171
990053609760205171
990053609810205171
990053609880205171
990053609890205171
990053609900205171
990053609910205171
990053609920205171
990053609930205171
990053609940205171
990053609950205171
990053609960205171
990053609970205171
990053609980205171
990053609990205171
990053610000205171
990053610010205171
990053610020205171
990053610030205171
990053610040205171
990053610050205171
990053610060205171
990053610070205171
990053610080205171
990053610090205171
990053610100205171
990053610110205171
990053610120205171
990053610130205171
990053610140205171
990053610150205171
990053610160205171
990053610170205171
990053610180205171
990053610190205171
990053610200205171
990053610210205171
990053610220205171
990053610230205171
990053610240205171
990053610250205171
990053610260205171
990053610270205171
990053610280205171
990053610290205171
990053610300205171
990053610310205171
990053610320205171
990053610330205171
990053610340205171
990053610350205171
990053610360205171
990053610370205171
990053610380205171
990053610390205171
990053610400205171
990053610410205171
990053610420205171
990053610430205171
990053610440205171
990053610450205171
990053610460205171
990053610470205171
990053610480205171
990053610490205171
990053610500205171
990053610510205171
990053610520205171
990053610530205171
990053610540205171
990053610550205171
990053610560205171
990053610570205171
990053610580205171
990053610590205171
990053610600205171
990053610610205171
990053610620205171
990053610630205171
990053610640205171
990053610650205171
990053610660205171
990053610670205171
990053610680205171
990053610690205171
990053610700205171
990053610710205171
990053610720205171
990053610730205171
990053610740205171
990053610750205171
990053610760205171
990053610770205171
990053610780205171
990053610790205171
990053610800205171
990053610810205171
990053610820205171
990053610830205171
990053610840205171
990053610850205171
990053610860205171
990053610870205171
990053610880205171
990053610890205171
990053610900205171
990053610910205171
990053610920205171
990053610930205171
990053610940205171
990053610950205171
990053610960205171
990053610970205171
990053610980205171
990053610990205171
990053611000205171
990053611010205171
990053611020205171
990053611030205171
990053611040205171
990053611050205171
990053611060205171
990053611070205171
990053611080205171
990053611090205171
990053611100205171
990053611110205171
990053611120205171
990053611130205171
990053611140205171
990053611150205171
990053611160205171
990053611170205171
990053611180205171
990053611190205171
990053611200205171
990053611210205171
990053611220205171
990053611230205171
990053611240205171
990053611250205171
990053611260205171
990053611270205171
990053611280205171
990053611290205171
990053611300205171
990053611310205171
990053611320205171
990053611330205171
990053611340205171
990053611350205171
990053611360205171
990053611370205171
990053611380205171
990053611390205171
990053611400205171
990053611410205171
990053611420205171
990053611430205171
990053611440205171
990053611450205171
990053611460205171
990053611470205171
990053611480205171
990053611490205171
990053611500205171
990053611510205171
990053611520205171
990053611530205171
990053611540205171
990053611550205171
990053611560205171
990053611570205171
990053611580205171
990053611590205171
990053611600205171
990053611610205171
990053611840205171
990053611850205171
990053611860205171
990053611870205171
990053611880205171
990053611890205171
990053611900205171
990053611910205171
990053611920205171
990053611930205171
990053611940205171
990053611950205171
990053611960205171
990053611970205171
990053611980205171
990053611990205171
990053612000205171
990053612010205171
990053612020205171
990053612030205171
990053612040205171
990053612050205171
990053612060205171
990053612070205171
990053612080205171
990053612130205171
990053612140205171
990053612150205171
990053612160205171
990053612170205171
990053612180205171
990053612190205171
990053612200205171
990053612210205171
990053612220205171
990053612230205171
990053612240205171
990053612250205171
990053612260205171
990053612270205171
990053612280205171
990053612290205171
990053612300205171
990053612310205171
990053612320205171
990053612330205171
990053612340205171
990053612350205171
990053612360205171
990053612370205171
990053612380205171
990053612390205171
990053612400205171
990053612410205171
990053612420205171
990053612430205171
990053612440205171
990053612450205171
990053612530205171
990053612540205171
990053612550205171
990053612600205171
990053612610205171
990053612620205171
990053612630205171
990053612640205171
990053612650205171
990053612660205171
990053612670205171
990053612680205171
990053612690205171
990053612770205171
990053612780205171
990053612790205171
990053612800205171
990053612810205171
990053612820205171
990053612830205171
990053612840205171
990053612850205171
990053612860205171
990053612870205171
990053612880205171
990053612890205171
990053612900205171
990053612910205171
990053612920205171
990053612930205171
990053612940205171
990053612950205171
990053612960205171
990053612970205171
990053612980205171
990053612990205171
990053613000205171
990053613010205171
990053613020205171
990053613030205171
990053613040205171
990053613050205171
990053613060205171
990053613070205171
990053613080205171
990053613090205171
990053613100205171
990053613110205171
990053613120205171
990053613130205171
990053613140205171
990053613150205171
990053613160205171
990053613170205171
990053613180205171
990053613190205171
990053613200205171
990053613210205171
990053613220205171
990053613230205171
990053613240205171
990053613250205171
990053613260205171
990053613270205171
990053613280205171
990053613290205171
990053613300205171
990053613310205171
990053613320205171
990053613330205171
990053613340205171
990053613350205171
990053613360205171
990053613370205171
990053613380205171
990053613390205171
990053613400205171
990053613410205171
990053613420205171
990053613430205171
990053613440205171
990053613450205171
990053613460205171
990053613470205171
990053613480205171
990053613490205171
990053613500205171
990053613510205171
990053613520205171
990053613530205171
990053613540205171
990053613550205171
990053613560205171
990053613570205171
990053613580205171
990053613590205171
990053613600205171
990053613610205171
990053613620205171
990053613630205171
990053613640205171
990053613650205171
990053613660205171
990053613670205171
990053613680205171
990053613690205171
990053613700205171
990053613710205171
990053613720205171
990053613730205171
990053613740205171
990053613750205171
990053613760205171
990053613770205171
990053613780205171
990053613790205171
990053613800205171
990053613810205171
990053613820205171
990053613830205171
990053613840205171
990053613850205171
990053613860205171
990053613870205171
990053613880205171
990053613890205171
990053613900205171
990053613910205171
990053613920205171
990053613930205171
990053613940205171
990053613950205171
990053613960205171
990053613970205171
990053613980205171
990053613990205171
990053614000205171
990053614010205171
990053614020205171
990053614030205171
990053614040205171
990053614050205171
990053614060205171
990053614070205171
990053614080205171
990053614090205171
990053614100205171
990053614110205171
990053614120205171
990053614130205171
990053614140205171
990053614150205171
990053614160205171
990053614170205171
990053614180205171
990053614190205171
990053614200205171
990053614210205171
990053614220205171
990053614230205171
990053614240205171
990053614250205171
990053614260205171
990053614270205171
990053614280205171
990053614290205171
990053614300205171
990053614310205171
990053614320205171
990053614330205171
990053614340205171
990053614350205171
990053614360205171
990053614370205171
990053614380205171
990053614390205171
990053614400205171
990053614410205171
990053614420205171
990053614430205171
990053614440205171
990053614450205171
990053614460205171
990053614470205171
990053614480205171
990053614490205171
990053614500205171
990053614510205171
990053614520205171
990053614530205171
990053614540205171
990053614550205171
990053614560205171
990053614570205171
990053614580205171
990053614590205171
990053614600205171
990053614650205171
990053614660205171
990053614670205171
990053614680205171
990053614690205171
990053614700205171
990053614710205171
990053614720205171
990053614730205171
990053614740205171
990053614750205171
990053614760205171
990053614770205171
990053614780205171
990053614790205171
990053614800205171
990053614810205171
990053614820205171
990053614830205171
990053614840205171
990053614850205171
990053614860205171
990053614870205171
990053614880205171
990053614890205171
990053614900205171
990053614910205171
990053614920205171
990053614930205171
990053614940205171
990053614950205171
990053614960205171
990053614970205171
990053614980205171
990053614990205171
990053615000205171
990053615010205171
990053615020205171
990053615030205171
990053615040205171
990053615050205171
990053615060205171
990053615070205171
990053615080205171
990053615090205171
990053615100205171
990053615110205171
990053615120205171
990053615130205171
990053615140205171
990053615150205171
990053615160205171
990053615170205171
990053615180205171
990053615190205171
990053615200205171
990053615210205171
990053615220205171
990053615230205171
990053615240205171
990053615250205171
990053615260205171
990053615270205171
990053615280205171
990053615290205171
990053615300205171
990053615310205171
990053615320205171
990053615330205171
990053615340205171
990053615350205171
990053615550205171
990053615560205171
990053615570205171
990053615580205171
990053615590205171
990053615600205171
990053615610205171
990053615620205171
990053615630205171
990053615640205171
990053615650205171
990053615660205171
990053615670205171
990053615680205171
990053615690205171
990053615700205171
990053615710205171
990053615720205171
990053615730205171
990053615740205171
990053615830205171
990053615840205171
990053615850205171
990053615860205171
990053615870205171
990053615880205171
990053615890205171
990053615900205171
990053615910205171
990053615920205171
990053615930205171
990053615940205171
990053615950205171
990053615960205171
990053615970205171
990053615980205171
990053615990205171
990053616000205171
990053616010205171
990053616020205171
990053616030205171
990053616040205171
990053616050205171
990053616060205171
990053616070205171
990053616080205171
990053616090205171
990053616100205171
990053616110205171
990053616120205171
990053616130205171
990053616140205171
990053616150205171
990053616770205171
990053616780205171
990053616790205171
990053616800205171
990053616810205171
990053616860205171
990053616870205171
990053616880205171
990053616890205171
990053616900205171
990053616910205171
990053616920205171
990053616930205171
990053616940205171
990053617340205171
990053617460205171
990053617470205171
990053617500205171
990053617510205171
990053617520205171
990053617530205171
990053617540205171
990053617550205171
990053617560205171
990053617570205171
990053617660205171
990053617690205171
990053617700205171
990053617710205171
990053617720205171
990053617730205171
990053617740205171
990053617750205171
990053617760205171
990053617770205171
990053617780205171
990053617790205171
990053617800205171
990053617810205171
990053617820205171
990053617830205171
990053617840205171
990053617850205171
990053617860205171
990053617870205171
990053617880205171
990053617890205171
990053617900205171
990053617910205171
990053617920205171
990053617930205171
990053617940205171
990053617950205171
990053617960205171
990053617970205171
990053617980205171
990053617990205171
990053618000205171
990053618010205171
990053618020205171
990053618030205171
990053618040205171
990053618050205171
990053618060205171
990053618070205171
990053618080205171
990053618090205171
990053618100205171
990053618110205171
990053618120205171
990053618130205171
990053618140205171
990053618150205171
990053618160205171
990053618170205171
990053618180205171
990053618190205171
990053618200205171
990053618210205171
990053618220205171
990053618230205171
990053618240205171
990053618250205171
990053618260205171
990053618270205171
990053618280205171
990053618290205171
990053618300205171
990053618310205171
990053618320205171
990053618330205171
990053618340205171
990053618350205171
990053618360205171
990053618370205171
990053618380205171
990053618390205171
990053618400205171
990053618410205171
990053618420205171
990053618430205171
990053618440205171
990053618450205171
990053618460205171
990053618470205171
990053618480205171
990053618490205171
990053618500205171
990053618510205171
990053618520205171
990053618530205171
990053618540205171
990053618550205171
990053618560205171
990053618570205171
990053618580205171
990053618590205171
990053618600205171
990053618610205171
990053618620205171
990053618630205171
990053618700205171
990053618810205171
990053619230205171
990053619300205171
990053620170205171
990053622610205171
990053622680205171
990053623850205171
990053623860205171
990053624570205171
990053624580205171
990053624690205171
990053624750205171
990053625590205171
990053626080205171
990053626840205171
990053626850205171
990053627020205171
990053627030205171
990053627040205171
990053627050205171
990053627510205171
990053627520205171
990053628540205171
990053628800205171
990053629870205171
990053629950205171
990053630100205171
990053630160205171
990053630190205171
990053630200205171
990053630210205171
990053630400205171
990053630470205171
990053630480205171
990053630660205171
990053631980205171
990053633180205171
990053633360205171
990053633660205171
990053635010205171
990053635950205171
990053638040205171
990053638060205171
990053638070205171
990053638080205171
990053638100205171
990053638110205171
990053638120205171
990053638130205171
990053638140205171
990053638150205171
990053638160205171
990053638170205171
990053638180205171
990053638190205171
990053638200205171
990053638210205171
990053638220205171
990053638230205171
990053638240205171
990053638250205171
990053638260205171
990053638270205171
990053638280205171
990053638290205171
990053638300205171
990053638310205171
990053638320205171
990053638330205171
990053638350205171
990053638370205171
990053638420205171
990053638440205171
990053638460205171
990053638470205171
990053638480205171
990053638490205171
990053638500205171
990053638510205171
990053638520205171
990053638530205171
990053638540205171
990053638550205171
990053638560205171
990053638570205171
990053638580205171
990053638590205171
990053638600205171
990053638610205171
990053638620205171
990053638630205171
990053638640205171
990053638650205171
990053638660205171
990053638670205171
990053638680205171
990053638690205171
990053638700205171
990053638710205171
990053638720205171
990053638730205171
990053638740205171
990053638750205171
990053638760205171
990053638770205171
990053638780205171
990053638790205171
990053638800205171
990053638810205171
990053638820205171
990053638830205171
990053638840205171
990053638850205171
990053638860205171
990053638870205171
990053638880205171
990053638890205171
990053638900205171
990053638910205171
990053638920205171
990053638930205171
990053638950205171
990053638960205171
990053638970205171
990053638980205171
990053638990205171
990053639000205171
990053639010205171
990053639020205171
990053639030205171
990053639040205171
990053639060205171
990053639070205171
990053639080205171
990053639110205171
990053639770205171
990053641160205171
990053641200205171
990053642030205171
990053642040205171
990053642060205171
990053642080205171
990053642120205171
990053642140205171
990053642160205171
990053642290205171
990053643410205171
990053646510205171
990053648910205171
990053648920205171
990053650360205171
990053650370205171
990053650380205171
990053650390205171
990053650400205171
990053650410205171
990053650420205171
990053650430205171
990053650720205171
990053650730205171
990053650740205171
990053650750205171
990053650760205171
990053650770205171
990053650780205171
990053650790205171
990053650800205171
990053650810205171
990053650840205171
990053650870205171
990053651130205171
990053651150205171
990053651160205171
990053651200205171
990053651210205171
990053651410205171
990053651770205171
990053651930205171
990053652010205171
990053652040205171
990053655160205171
990053655470205171
990053655480205171
990053655490205171
990053655500205171
990053655940205171
990053655950205171
990053655960205171
990053655970205171
990053655980205171
990053655990205171
990053656000205171
990053656010205171
990053656020205171
990053656030205171
990053656040205171
990053656050205171
990053656060205171
990053656070205171
990053656080205171
990053656090205171
990053656100205171
990053656110205171
990053656120205171
990053656130205171
990053656140205171
990053656150205171
990053656160205171
990053656170205171
990053656180205171
990053656190205171
990053656200205171
990053656210205171
990053656220205171
990053656230205171
990053656240205171
990053656250205171
990053656260205171
990053656270205171
990053656280205171
990053656290205171
990053656300205171
990053656310205171
990053656320205171
990053656330205171
990053656340205171
990053656350205171
990053656360205171
990053656370205171
990053656380205171
990053656390205171
990053656400205171
990053656410205171
990053656420205171
990053656430205171
990053656440205171
990053656450205171
990053656460205171
990053656470205171
990053656480205171
990053656490205171
990053656500205171
990053656510205171
990053656520205171
990053656530205171
990053656540205171
990053656550205171
990053656560205171
990053656570205171
990053656580205171
990053656590205171
990053656600205171
990053656610205171
990053656620205171
990053656630205171
990053656640205171
990053656650205171
990053656660205171
990053656670205171
990053656680205171
990053656690205171
990053656700205171
990053656710205171
990053656720205171
990053656730205171
990053656740205171
990053656750205171
990053656760205171
990053656770205171
990053656780205171
990053656790205171
990053656800205171
990053656810205171
990053656820205171
990053656830205171
990053656840205171
990053656850205171
990053656860205171
990053656870205171
990053656880205171
990053656890205171
990053656900205171
990053656910205171
990053656920205171
990053656930205171
990053656940205171
990053656950205171
990053656960205171
990053656970205171
990053656980205171
990053656990205171
990053657000205171
990053657010205171
990053657020205171
990053657030205171
990053657040205171
990053657050205171
990053657060205171
990053657070205171
990053657080205171
990053657090205171
990053657100205171
990053657110205171
990053657120205171
990053657130205171
990053657140205171
990053657150205171
990053657160205171
990053657170205171
990053657180205171
990053657190205171
990053657200205171
990053657210205171
990053657220205171
990053657230205171
990053657240205171
990053657250205171
990053657260205171
990053657270205171
990053657280205171
990053657290205171
990053657300205171
990053657310205171
990053657320205171
990053657330205171
990053657340205171
990053657350205171
990053657360205171
990053657370205171
990053657380205171
990053657390205171
990053657400205171
990053657410205171
990053657420205171
990053657430205171
990053657440205171
990053657450205171
990053657460205171
990053657470205171
990053657480205171
990053657490205171
990053657500205171
990053657510205171
990053657520205171
990053657530205171
990053657540205171
990053657550205171
990053657560205171
990053657570205171
990053657580205171
990053657590205171
990053657600205171
990053657610205171
990053657620205171
990053657630205171
990053657640205171
990053657650205171
990053657660205171
990053657670205171
990053657680205171
990053657690205171
990053657700205171
990053657710205171
990053657720205171
990053657730205171
990053657740205171
990053657750205171
990053657760205171
990053657770205171
990053657780205171
990053657790205171
990053657800205171
990053657810205171
990053657820205171
990053657830205171
990053657840205171
990053657850205171
990053657860205171
990053657870205171
990053657880205171
990053657890205171
990053657900205171
990053657910205171
990053657920205171
990053657930205171
990053657940205171
990053657950205171
990053657960205171
990053657970205171
990053657980205171
990053657990205171
990053658000205171
990053658010205171
990053658020205171
990053658030205171
990053658040205171
990053658050205171
990053658060205171
990053658070205171
990053658080205171
990053658090205171
990053658100205171
990053658110205171
990053658120205171
990053658130205171
990053658140205171
990053658150205171
990053658160205171
990053658170205171
990053658180205171
990053658190205171
990053658200205171
990053658210205171
990053658220205171
990053658230205171
990053658240205171
990053658250205171
990053658260205171
990053658270205171
990053658280205171
990053658290205171
990053658300205171
990053658310205171
990053658320205171
990053658330205171
990053658340205171
990053658350205171
990053658360205171
990053658370205171
990053658380205171
990053658390205171
990053658400205171
990053658410205171
990053658420205171
990053658430205171
990053658440205171
990053658450205171
990053658460205171
990053658470205171
990053658480205171
990053658490205171
990053658500205171
990053658510205171
990053658520205171
990053658530205171
990053658540205171
990053658550205171
990053658560205171
990053658570205171
990053658580205171
990053658590205171
990053658600205171
990053658610205171
990053658620205171
990053658630205171
990053658640205171
990053658650205171
990053658660205171
990053658670205171
990053658680205171
990053658690205171
990053658700205171
990053658710205171
990053658720205171
990053658730205171
990053658740205171
990053658750205171
990053658760205171
990053658770205171
990053658780205171
990053658790205171
990053658800205171
990053658810205171
990053658820205171
990053658830205171
990053658840205171
990053658850205171
990053658860205171
990053658870205171
990053658880205171
990053658890205171
990053658900205171
990053658910205171
990053658920205171
990053658930205171
990053658940205171
990053658950205171
990053658960205171
990053658970205171
990053658980205171
990053658990205171
990053659000205171
990053659010205171
990053659020205171
990053659030205171
990053659040205171
990053659050205171
990053659060205171
990053659070205171
990053659080205171
990053659090205171
990053659100205171
990053659110205171
990053659120205171
990053659130205171
990053659140205171
990053659150205171
990053659160205171
990053659170205171
990053659180205171
990053659190205171
990053659200205171
990053659210205171
990053659220205171
990053659230205171
990053659240205171
990053659250205171
990053659260205171
990053659270205171
990053659280205171
990053659290205171
990053659300205171
990053659310205171
990053659320205171
990053659330205171
990053659340205171
990053659350205171
990053659360205171
990053659370205171
990053659380205171
990053659390205171
990053659400205171
990053659410205171
990053659420205171
990053659430205171
990053659440205171
990053659450205171
990053659460205171
990053659470205171
990053659480205171
990053659490205171
990053659500205171
990053659510205171
990053659520205171
990053659530205171
990053659540205171
990053659550205171
990053659560205171
990053659570205171
990053659580205171
990053659590205171
990053659600205171
990053659610205171
990053659620205171
990053659630205171
990053659640205171
990053659650205171
990053659660205171
990053659670205171
990053659680205171
990053659690205171
990053659700205171
990053659710205171
990053659720205171
990053659730205171
990053659740205171
990053659750205171
990053659760205171
990053659770205171
990053659780205171
990053659790205171
990053659800205171
990053659810205171
990053659820205171
990053659830205171
990053659840205171
990053659850205171
990053659860205171
990053659870205171
990053659880205171
990053659890205171
990053659900205171
990053659910205171
990053659920205171
990053659930205171
990053659940205171
990053659950205171
990053659960205171
990053659970205171
990053659980205171
990053659990205171
990053660000205171
990053660010205171
990053660020205171
990053660030205171
990053660040205171
990053660050205171
990053660060205171
990053660070205171
990053660080205171
990053660090205171
990053660100205171
990053660110205171
990053660120205171
990053660130205171
990053660140205171
990053660150205171
990053660160205171
990053660170205171
990053660180205171
990053660190205171
990053660200205171
990053660210205171
990053660220205171
990053660230205171
990053660240205171
990053660250205171
990053660260205171
990053660270205171
990053660280205171
990053660290205171
990053660300205171
990053660310205171
990053660320205171
990053660330205171
990053660340205171
990053660350205171
990053660360205171
990053660370205171
990053660380205171
990053660390205171
990053660400205171
990053660410205171
990053660420205171
990053660430205171
990053660440205171
990053660450205171
990053660460205171
990053660470205171
990053660480205171
990053660490205171
990053660500205171
990053660510205171
990053660520205171
990053660530205171
990053660540205171
990053660550205171
990053660560205171
990053660570205171
990053660580205171
990053660590205171
990053660600205171
990053660610205171
990053660620205171
990053660630205171
990053660640205171
990053660650205171
990053660660205171
990053660670205171
990053660680205171
990053660690205171
990053660700205171
990053660710205171
990053660720205171
990053660730205171
990053660740205171
990053660750205171
990053660760205171
990053660770205171
990053660780205171
990053660790205171
990053660800205171
990053660810205171
990053660820205171
990053660830205171
990053660840205171
990053660850205171
990053660860205171
990053660870205171
990053660880205171
990053660890205171
990053660900205171
990053660910205171
990053660920205171
990053660930205171
990053660940205171
990053660950205171
990053660960205171
990053660970205171
990053660980205171
990053660990205171
990053661000205171
990053661010205171
990053661020205171
990053661030205171
990053661040205171
990053661050205171
990053661060205171
990053661070205171
990053661080205171
990053661090205171
990053661100205171
990053661110205171
990053661120205171
990053661130205171
990053661140205171
990053661150205171
990053661160205171
990053661170205171
990053661180205171
990053661190205171
990053661200205171
990053661210205171
990053661220205171
990053661230205171
990053661240205171
990053661250205171
990053661260205171
990053661270205171
990053661280205171
990053661290205171
990053661300205171
990053661310205171
990053661320205171
990053661330205171
990053661340205171
990053661350205171
990053661360205171
990053661370205171
990053661380205171
990053661390205171
990053661400205171
990053661410205171
990053661420205171
990053661430205171
990053661440205171
990053661450205171
990053661460205171
990053661470205171
990053661480205171
990053661490205171
990053661500205171
990053661510205171
990053661520205171
990053661530205171
990053661540205171
990053661910205171
990053662150205171
990053662160205171
990053662170205171
990053662180205171
990053662190205171
990053662200205171
990053662210205171
990053662220205171
990053662230205171
990053662240205171
990053662250205171
990053662260205171
990053662270205171
990053662280205171
990053662290205171
990053662300205171
990053662310205171
990053662320205171
990053662360205171
990053662370205171
990053662380205171
990053662390205171
990053662400205171
990053662410205171
990053662420205171
990053662520205171
990053662530205171
990053662540205171
990053662550205171
990053662620205171
990053662640205171
990053662650205171
990053662670205171
990053672330205171
990053672340205171
990053672820205171
990053672870205171
990053672900205171
990053673040205171
990053673070205171
990053673140205171
990053673230205171
990053673330205171
990053673680205171
990053673910205171
990053673950205171
990053674150205171
990053674160205171
990053674170205171
990053674250205171
990053674270205171
990053674470205171
990053674500205171
990053674920205171
990053675140205171
990053675200205171
990053675400205171
990053675460205171
990053675510205171
990053675700205171
990053676070205171
990053676880205171
990053676910205171
990053676960205171
990053677010205171
990053677290205171
990053677510205171
990053677720205171
990053677880205171
990053678050205171
990053678060205171
990053678090205171
990053678500205171
990053678540205171
990053678580205171
990053678770205171
990053678850205171
990053678870205171
990053678920205171
990053678930205171
990053678990205171
990053679330205171
990053679730205171
990053679860205171
990053679920205171
990053680070205171
990053680140205171
990053680480205171
990053680680205171
990053680710205171
990053680960205171
990053681040205171
990053681080205171
990053681180205171
990053681350205171
990053681460205171
990053681580205171
990053681660205171
990053681810205171
990053681820205171
990053682150205171
990053682290205171
990053682350205171
990053682840205171
990053682900205171
990053682960205171
990053683160205171
990053683190205171
990053683200205171
990053683340205171
990053683380205171
990053683460205171
990053683720205171
990053683850205171
990053683990205171
990053684050205171
990053684080205171
990053684090205171
990053684220205171
990053684350205171
990053684490205171
990053684580205171
990053684660205171
990053684740205171
990053684810205171
990053684940205171
990053684980205171
990053685100205171
990053685140205171
990053685180205171
990053685360205171
990053685380205171
990053685580205171
990053685610205171
990053685640205171
990053685650205171
990053685810205171
990053685870205171
990053686010205171
990053686020205171
990053686150205171
990053686210205171
990053686360205171
990053686650205171
990053686730205171
990053686770205171
990053686830205171
990053686920205171
990053687330205171
990053687380205171
990053687500205171
990053687540205171
990053687660205171
990053687790205171
990053687810205171
990053688000205171
990053688040205171
990053688080205171
990053688240205171
990053688300205171
990053688420205171
990053688790205171
990053688870205171
990053688950205171
990053689020205171
990053689680205171
990053689800205171
990053690080205171
990053690160205171
990053690410205171
990053690790205171
990053690950205171
990053691420205171
990053691680205171
990053691740205171
990053691910205171
990053692040205171
990053692230205171
990053692310205171
990053692400205171
990053692620205171
990053692630205171
990053692790205171
990053692800205171
990053692820205171
990053693020205171
990053693030205171
990053693130205171
990053693250205171
990053693310205171
990053693560205171
990053693670205171
990053693680205171
990053694120205171
990053694130205171
990053694150205171
990053694230205171
990053694350205171
990053694540205171
990053694660205171
990053694780205171
990053694810205171
990053694900205171
990053694930205171
990053694970205171
990053695080205171
990053695490205171
990053695760205171
990053695800205171
990053695810205171
990053695820205171
990053695920205171
990053695940205171
990053696040205171
990053696880205171
990053697110205171
990053697290205171
990053697320205171
990053697330205171
990053697340205171
990053697350205171
990053697360205171
990053697370205171
990053697380205171
990053697390205171
990053697400205171
990053697410205171
990053697420205171
990053697430205171
990053697440205171
990053697450205171
990053697460205171
990053697470205171
990053697480205171
990053697490205171
990053697500205171
990053697510205171
990053697520205171
990053697530205171
990053697540205171
990053697560205171
990053697570205171
990053697580205171
990053697590205171
990053697600205171
990053697610205171
990053697620205171
990053697630205171
990053697640205171
990053697650205171
990053697660205171
990053697670205171
990053697680205171
990053697690205171
990053697700205171
990053697710205171
990053697730205171
990053697740205171
990053697750205171
990053697760205171
990053697770205171
990053697780205171
990053697790205171
990053697800205171
990053697810205171
990053697820205171
990053697830205171
990053697840205171
990053697850205171
990053697910205171
990053698020205171
990053698050205171
990053698160205171
990053698190205171
990053698200205171
990053698330205171
990053698350205171
990053698360205171
990053698410205171
990053698450205171
990053698520205171
990053698530205171
990053698590205171
990053698610205171
990053698790205171
990053698910205171
990053698920205171
990053698960205171
990053699080205171
990053699430205171
990053699760205171
990053699800205171
990053699860205171
990053700060205171
990053700360205171
990053700450205171
990053700520205171
990053700620205171
990053700720205171
990053700730205171
990053700790205171
990053700920205171
990053701130205171
990053701210205171
990053701560205171
990053701710205171
990053701820205171
990053701890205171
990053702490205171
990053702700205171
990053702840205171
990053702850205171
990053702860205171
990053702910205171
990053702970205171
990053703010205171
990053703040205171
990053703370205171
990053703760205171
990053703930205171
990053703990205171
990053704420205171
990053704520205171
990053704750205171
990053704800205171
990053704850205171
990053704870205171
990053704970205171
990053705000205171
990053705230205171
990053705360205171
990053706010205171
990053706460205171
990053706580205171
990053706880205171
990053707200205171
990053707420205171
990053707430205171
990053707490205171
990053707790205171
990053707830205171
990053707990205171
990053708030205171
990053708100205171
990053708110205171
990053708180205171
990053708360205171
990053708490205171
990053708570205171
990053708750205171
990053708900205171
990053709200205171
990053709260205171
990053709470205171
990053709500205171
990053709870205171
990053710040205171
990053710070205171
990053710200205171
990053710430205171
990053710540205171
990053710640205171
990053710700205171
990053710730205171
990053710870205171
990053711060205171
990053711240205171
990053711250205171
990053711350205171
990053711440205171
990053711520205171
990053711610205171
990053711660205171
990053711770205171
990053711960205171
990053712090205171
990053712280205171
990053712360205171
990053712420205171
990053712520205171
990053712580205171
990053712590205171
990053712690205171
990053712720205171
990053712820205171
990053713060205171
990053713070205171
990053713090205171
990053713170205171
990053713340205171
990053713360205171
990053713450205171
990053713510205171
990053713660205171
990053713790205171
990053713800205171
990053713960205171
990053714030205171
990053714120205171
990053714130205171
990053714290205171
990053714410205171
990053714440205171
990053714470205171
990053714510205171
990053714570205171
990053714640205171
990053714680205171
990053714830205171
990053714880205171
990053715120205171
990053715510205171
990053715750205171
990053715860205171
990053716150205171
990053716160205171
990053716400205171
990053716440205171
990053716510205171
990053716680205171
990053716740205171
990053716880205171
990053717060205171
990053717310205171
990053717650205171
990053717670205171
990053718100205171
990053718150205171
990053718170205171
990053718220205171
990053718300205171
990053718360205171
990053718520205171
990053718710205171
990053718820205171
990053719130205171
990053719450205171
990053719620205171
990053719700205171
990053719720205171
990053719790205171
990053720080205171
990053720710205171
990053720720205171
990053721080205171
990053721090205171
990053721150205171
990053721210205171
990053721240205171
990053721310205171
990053721360205171
990053721490205171
990053721680205171
990053721740205171
990053721900205171
990053721960205171
990053722080205171
990053722290205171
990053722370205171
990053722380205171
990053722420205171
990053722520205171
990053722680205171
990053722960205171
990053723000205171
990053723010205171
990053724110205171
990053724420205171
990053724430205171
990053724440205171
990053724630205171
990053724860205171
990053724880205171
990053724950205171
990053725300205171
990053725460205171
990053725770205171
990053726310205171
990053726530205171
990053726820205171
990053726980205171
990053727080205171
990053727200205171
990053727780205171
990053727800205171
990053728120205171
990053728200205171
990053728690205171
990053728820205171
990053728840205171
990053728920205171
990053729160205171
990053729300205171
990053729310205171
990053729640205171
990053729750205171
990053729960205171
990053730340205171
990053730420205171
990053731270205171
990053731280205171
990053731290205171
990053731980205171
990053731990205171
990053732270205171
990053732800205171
990053732990205171
990053733080205171
990053733150205171
990053733510205171
990053733560205171
990053733670205171
990053733770205171
990053733980205171
990053734180205171
990053734190205171
990053734320205171
990053734350205171
990053734370205171
990053734560205171
990053736060205171
990053736310205171
990053736570205171
990053736640205171
990053736920205171
990053737170205171
990053737320205171
990053737450205171
990053737470205171
990053737640205171
990053737700205171
990053737750205171
990053737860205171
990053737900205171
990053737980205171
990053738820205171
990053738960205171
990053738990205171
990053739720205171
990053739810205171
990053739910205171
990053739920205171
990053739940205171
990053740040205171
990053740350205171
990053740490205171
990053740610205171
990053740640205171
990053740740205171
990053740770205171
990053740860205171
990053740920205171
990053741010205171
990053741620205171
990053742010205171
990053742160205171
990053742310205171
990053742470205171
990053742610205171
990053742770205171
990053742890205171
990053743020205171
990053743050205171
990053743060205171
990053743100205171
990053743260205171
990053743460205171
990053743560205171
990053743650205171
990053743730205171
990053743890205171
990053743930205171
990053744130205171
990053744200205171
990053744290205171
990053744310205171
990053744510205171
990053744520205171
990053744540205171
990053744860205171
990053745130205171
990053745170205171
990053745180205171
990053745240205171
990053745290205171
990053745400205171
990053745690205171
990053745720205171
990053745780205171
990053745790205171
990053745840205171
990053746120205171
990053746160205171
990053746170205171
990053746190205171
990053746220205171
990053746270205171
990053746280205171
990053746310205171
990053746390205171
990053746420205171
990053746450205171
990053746460205171
990053746490205171
990053746500205171
990053746520205171
990053746540205171
990053746550205171
990053746570205171
990053746630205171
990053746660205171
990053746680205171
990053746690205171
990053746730205171
990053746790205171
990053746810205171
990053746830205171
990053746840205171
990053746900205171
990053746920205171
990053746930205171
990053746950205171
990053746960205171
990053746990205171
990053747010205171
990053747030205171
990053747050205171
990053747070205171
990053747080205171
990053747100205171
990053747130205171
990053747140205171
990053747150205171
990053747180205171
990053747210205171
990053747220205171
990053747290205171
990053747300205171
990053747310205171
990053747380205171
990053747390205171
990053747400205171
990053747410205171
990053747420205171
990053747440205171
990053747460205171
990053747470205171
990053747500205171
990053747530205171
990053747540205171
990053747550205171
990053747580205171
990053747590205171
990053747620205171
990053747660205171
990053747670205171
990053747680205171
990053747690205171
990053747700205171
990053747710205171
990053747720205171
990053747730205171
990053747770205171
990053747780205171
990053747800205171
990053747810205171
990053747830205171
990053747840205171
990053747850205171
990053747890205171
990053747900205171
990053747920205171
990053747940205171
990053747950205171
990053747980205171
990053748000205171
990053748040205171
990053748050205171
990053748060205171
990053748100205171
990053748110205171
990053748130205171
990053748140205171
990053748160205171
990053748170205171
990053748200205171
990053748280205171
990053748290205171
990053748320205171
990053748340205171
990053748350205171
990053748360205171
990053748370205171
990053748380205171
990053748430205171
990053748440205171
990053748480205171
990053748490205171
990053748500205171
990053748510205171
990053748530205171
990053748550205171
990053748560205171
990053748570205171
990053748620205171
990053748630205171
990053748660205171
990053748690205171
990053748700205171
990053748710205171
990053748720205171
990053748790205171
990053748800205171
990053748810205171
990053748850205171
990053748860205171
990053748870205171
990053748880205171
990053748890205171
990053748900205171
990053748940205171
990053748950205171
990053748960205171
990053748970205171
990053748980205171
990053748990205171
990053749000205171
990053749030205171
990053749070205171
990053749080205171
990053749090205171
990053749100205171
990053749110205171
990053749120205171
990053749130205171
990053749140205171
990053749150205171
990053749160205171
990053749170205171
990053749230205171
990053749250205171
990053749280205171
990053749290205171
990053749320205171
990053749340205171
990053749360205171
990053749370205171
990053749380205171
990053749410205171
990053749440205171
990053749480205171
990053749490205171
990053749500205171
990053749550205171
990053749560205171
990053749580205171
990053749590205171
990053749620205171
990053749640205171
990053749650205171
990053749700205171
990053749710205171
990053749760205171
990053749770205171
990053749780205171
990053749790205171
990053749800205171
990053749820205171
990053749830205171
990053749860205171
990053749900205171
990053749910205171
990053749920205171
990053749930205171
990053749940205171
990053749950205171
990053749990205171
990053750000205171
990053750010205171
990053750030205171
990053750040205171
990053750050205171
990053750060205171
990053750070205171
990053750090205171
990053750100205171
990053750110205171
990053750120205171
990053750210205171
990053750250205171
990053750260205171
990053750270205171
990053750310205171
990053750320205171
990053750330205171
990053750340205171
990053750350205171
990053750360205171
990053750390205171
990053750400205171
990053750410205171
990053750420205171
990053750450205171
990053750520205171
990053750530205171
990053750540205171
990053750560205171
990053750570205171
990053750580205171
990053750590205171
990053750610205171
990053750620205171
990053750630205171
990053750640205171
990053750650205171
990053750710205171
990053750740205171
990053750790205171
990053750800205171
990053750810205171
990053750820205171
990053750830205171
990053750840205171
990053750850205171
990053750860205171
990053750870205171
990053750880205171
990053750890205171
990053750950205171
990053750960205171
990053750970205171
990053750980205171
990053750990205171
990053751000205171
990053751010205171
990053751020205171
990053751030205171
990053751040205171
990053751070205171
990053751090205171
990053751100205171
990053751110205171
990053751120205171
990053751130205171
990053751150205171
990053751160205171
990053751190205171
990053751200205171
990053751210205171
990053751220205171
990053751240205171
990053751250205171
990053751260205171
990053751270205171
990053751280205171
990053751290205171
990053751300205171
990053751310205171
990053751340205171
990053751360205171
990053751370205171
990053751400205171
990053751410205171
990053751420205171
990053751430205171
990053751460205171
990053751490205171
990053751530205171
990053751540205171
990053751550205171
990053751580205171
990053751600205171
990053751610205171
990053751640205171
990053751650205171
990053751660205171
990053751670205171
990053751680205171
990053751730205171
990053751760205171
990053751770205171
990053751780205171
990053751790205171
990053751800205171
990053751810205171
990053751820205171
990053751840205171
990053751850205171
990053751860205171
990053751880205171
990053751900205171
990053751910205171
990053751930205171
990053751940205171
990053751970205171
990053751990205171
990053752000205171
990053752030205171
990053752060205171
990053752080205171
990053752100205171
990053752110205171
990053752120205171
990053752130205171
990053752160205171
990053752200205171
990053752210205171
990053752220205171
990053752240205171
990053752250205171
990053752280205171
990053752290205171
990053752300205171
990053752310205171
990053752350205171
990053752360205171
990053752370205171
990053752450205171
990053752460205171
990053752470205171
990053752480205171
990053752490205171
990053752540205171
990053752550205171
990053752560205171
990053752570205171
990053752580205171
990053752590205171
990053752600205171
990053752610205171
990053752670205171
990053752680205171
990053752690205171
990053752700205171
990053752710205171
990053752720205171
990053752730205171
990053752760205171
990053752790205171
990053752800205171
990053752810205171
990053752820205171
990053752830205171
990053752840205171
990053752850205171
990053752890205171
990053752900205171
990053752910205171
990053752930205171
990053752940205171
990053752970205171
990053752980205171
990053752990205171
990053753000205171
990053753030205171
990053753050205171
990053753060205171
990053753100205171
990053753110205171
990053753120205171
990053753150205171
990053753160205171
990053753190205171
990053753210205171
990053753220205171
990053753250205171
990053753260205171
990053753270205171
990053753300205171
990053753310205171
990053753340205171
990053753350205171
990053753380205171
990053753440205171
990053753450205171
990053753460205171
990053753470205171
990053753500205171
990053753530205171
990053753560205171
990053753570205171
990053753580205171
990053753590205171
990053753620205171
990053753640205171
990053753650205171
990053753680205171
990053753690205171
990053753700205171
990053753710205171
990053753740205171
990053753750205171
990053753760205171
990053753770205171
990053753780205171
990053753790205171
990053753800205171
990053753810205171
990053753820205171
990053753830205171
990053753840205171
990053753850205171
990053753860205171
990053753870205171
990053753880205171
990053753890205171
990053753900205171
990053753960205171
990053753970205171
990053753980205171
990053753990205171
990053754020205171
990053754050205171
990053754060205171
990053754070205171
990053754080205171
990053754090205171
990053754100205171
990053754120205171
990053754130205171
990053754150205171
990053754160205171
990053754170205171
990053754180205171
990053754190205171
990053754220205171
990053754240205171
990053754250205171
990053754260205171
990053754270205171
990053754280205171
990053754290205171
990053754300205171
990053754310205171
990053754320205171
990053754330205171
990053754340205171
990053754360205171
990053754370205171
990053754390205171
990053754400205171
990053754420205171
990053754430205171
990053754460205171
990053754490205171
990053754520205171
990053754560205171
990053754570205171
990053754580205171
990053754620205171
990053754630205171
990053754640205171
990053754670205171
990053754690205171
990053754710205171
990053754720205171
990053754730205171
990053754740205171
990053754750205171
990053754760205171
990053754800205171
990053754810205171
990053754820205171
990053754860205171
990053754870205171
990053754880205171
990053754890205171
990053754900205171
990053754910205171
990053754950205171
990053754960205171
990053754970205171
990053755010205171
990053755030205171
990053755060205171
990053755070205171
990053755080205171
990053755090205171
990053755100205171
990053755110205171
990053755120205171
990053755130205171
990053755260205171
990053755270205171
990053755280205171
990053755290205171
990053755300205171
990053755310205171
990053755330205171
990053755340205171
990053755350205171
990053755360205171
990053755370205171
990053755380205171
990053755390205171
990053755400205171
990053755410205171
990053755420205171
990053755430205171
990053755440205171
990053755450205171
990053755490205171
990053755500205171
990053755510205171
990053755550205171
990053755560205171
990053755570205171
990053755610205171
990053755640205171
990053755650205171
990053755660205171
990053755700205171
990053755710205171
990053755720205171
990053755780205171
990053755790205171
990053755800205171
990053755810205171
990053755830205171
990053755850205171
990053755860205171
990053755870205171
990053755880205171
990053755890205171
990053755900205171
990053755930205171
990053755940205171
990053755950205171
990053755960205171
990053756040205171
990053756050205171
990053756100205171
990053756110205171
990053756120205171
990053756150205171
990053756180205171
990053756190205171
990053756200205171
990053756210205171
990053756220205171
990053756230205171
990053756260205171
990053756270205171
990053756280205171
990053756290205171
990053756310205171
990053756320205171
990053756350205171
990053756360205171
990053756370205171
990053756380205171
990053756390205171
990053756400205171
990053756410205171
990053756430205171
990053756440205171
990053756470205171
990053756520205171
990053756530205171
990053756540205171
990053756550205171
990053756560205171
990053756580205171
990053756590205171
990053756630205171
990053756650205171
990053756670205171
990053756680205171
990053756710205171
990053756730205171
990053756740205171
990053756770205171
990053756800205171
990053756830205171
990053756860205171
990053756870205171
990053756900205171
990053756920205171
990053756930205171
990053756950205171
990053756960205171
990053756980205171
990053756990205171
990053757000205171
990053757010205171
990053757020205171
990053757030205171
990053757040205171
990053757060205171
990053757070205171
990053757090205171
990053757100205171
990053757130205171
990053757150205171
990053757160205171
990053757190205171
990053757210205171
990053757220205171
990053757240205171
990053757250205171
990053757300205171
990053757310205171
990053757350205171
990053757360205171
990053757370205171
990053757400205171
990053757420205171
990053757430205171
990053757460205171
990053757470205171
990053757480205171
990053757490205171
990053757520205171
990053757540205171
990053757550205171
990053757580205171
990053757600205171
990053757610205171
990053757630205171
990053757640205171
990053757670205171
990053757690205171
990053757700205171
990053757720205171
990053757730205171
990053757750205171
990053757760205171
990053757780205171
990053757790205171
990053757810205171
990053757820205171
990053757840205171
990053757850205171
990053757870205171
990053757880205171
990053757920205171
990053757930205171
990053757940205171
990053757950205171
990053757960205171
990053757970205171
990053757990205171
990053758000205171
990053758020205171
990053758030205171
990053758070205171
990053758090205171
990053758100205171
990053758120205171
990053758130205171
990053758150205171
990053758160205171
990053758180205171
990053758190205171
990053758210205171
990053758220205171
990053758240205171
990053758250205171
990053758260205171
990053758270205171
990053758280205171
990053758290205171
990053758300205171
990053758310205171
990053758330205171
990053758340205171
990053758360205171
990053758370205171
990053758400205171
990053758420205171
990053758430205171
990053758450205171
990053758460205171
990053758480205171
990053758490205171
990053758500205171
990053758510205171
990053758520205171
990053758550205171
990053758580205171
990053758600205171
990053758610205171
990053758630205171
990053758640205171
990053758660205171
990053758670205171
990053758700205171
990053758720205171
990053758730205171
990053758750205171
990053758760205171
990053758780205171
990053758790205171
990053758810205171
990053758820205171
990053758830205171
990053758840205171
990053758850205171
990053758860205171
990053758870205171
990053758880205171
990053758890205171
990053758920205171
990053758930205171
990053758940205171
990053758970205171
990053758990205171
990053759000205171
990053759010205171
990053759020205171
990053759030205171
990053759050205171
990053759060205171
990053759080205171
990053759090205171
990053759110205171
990053759120205171
990053759140205171
990053759150205171
990053759170205171
990053759180205171
990053759210205171
990053759230205171
990053759240205171
990053759260205171
990053759270205171
990053759300205171
990053759310205171
990053759320205171
990053759330205171
990053759340205171
990053759390205171
990053759440205171
990053759450205171
990053759460205171
990053759470205171
990053759480205171
990053759510205171
990053759540205171
990053759550205171
990053759560205171
990053759570205171
990053759580205171
990053759600205171
990053759630205171
990053759680205171
990053759700205171
990053760200205171
990053760270205171
990053760430205171
990053760710205171
990053760750205171
990053760880205171
990053760920205171
990053761020205171
990053761060205171
990053761170205171
990053761210205171
990053761340205171
990053761500205171
990053761670205171
990053761710205171
990053761720205171
990053761740205171
990053761750205171
990053761760205171
990053761810205171
990053761870205171
990053762080205171
990053762370205171
990053762550205171
990053762660205171
990053762690205171
990053762710205171
990053763040205171
990053763140205171
990053763230205171
990053763620205171
990053763640205171
990053763870205171
990053764000205171
990053764010205171
990053764080205171
990053764230205171
990053764300205171
990053764490205171
990053764630205171
990053764690205171
990053764790205171
990053764800205171
990053764810205171
990053764850205171
990053764860205171
990053764900205171
990053765250205171
990053765320205171
990053765400205171
990053765420205171
990053765440205171
990053765450205171
990053765500205171
990053765520205171
990053765740205171
990053765810205171
990053765960205171
990053766110205171
990053766190205171
990053766270205171
990053766480205171
990053766510205171
990053766630205171
990053766790205171
990053767110205171
990053767170205171
990053767230205171
990053767480205171
990053767490205171
990053767590205171
990053767700205171
990053767940205171
990053767990205171
990053768010205171
990053768170205171
990053768210205171
990053768440205171
990053768490205171
990053768510205171
990053768520205171
990053768550205171
990053768770205171
990053768830205171
990053768880205171
990053768960205171
990053769030205171
990053769050205171
990053769060205171
990053769070205171
990053769120205171
990053769160205171
990053769200205171
990053769210205171
990053769260205171
990053769320205171
990053769330205171
990053769350205171
990053769390205171
990053769530205171
990053769580205171
990053769620205171
990053769760205171
990053769960205171
990053769970205171
990053770000205171
990053770020205171
990053770060205171
990053770310205171
990053770350205171
990053770400205171
990053770430205171
990053770620205171
990053770750205171
990053770850205171
990053770950205171
990053771090205171
990053771120205171
990053771320205171
990053772380205171
990053772580205171
990053772880205171
990053772890205171
990053772900205171
990053772910205171
990053772920205171
990053772930205171
990053772940205171
990053772950205171
990053772960205171
990053773060205171
990053773070205171
990053773080205171
990053773090205171
990053773100205171
990053773110205171
990053773120205171
990053773130205171
990053773180205171
990053773480205171
990053773490205171
990053773500205171
990053773510205171
990053773520205171
990053773530205171
990053773540205171
990053773620205171
990053773690205171
990053773780205171
990053773800205171
990053773820205171
990053773830205171
990053773840205171
990053773850205171
990053773860205171
990053773870205171
990053773880205171
990053773890205171
990053773900205171
990053773910205171
990053773930205171
990053773940205171
990053773970205171
990053773980205171
990053773990205171
990053774000205171
990053774010205171
990053774020205171
990053774030205171
990053774040205171
990053774050205171
990053774060205171
990053774090205171
990053774100205171
990053774110205171
990053774120205171
990053774140205171
990053774150205171
990053774160205171
990053774170205171
990053774190205171
990053774200205171
990053774210205171
990053774220205171
990053774230205171
990053774240205171
990053774250205171
990053774310205171
990053774370205171
990053774470205171
990053774550205171
990053774640205171
990053774650205171
990053774680205171
990053774740205171
990053774840205171
990053774900205171
990053774950205171
990053775040205171
990053775060205171
990053775070205171
990053775090205171
990053775120205171
990053775130205171
990053775140205171
990053775250205171
990053775320205171
990053775380205171
990053775470205171
990053775540205171
990053775670205171
990053775680205171
990053775750205171
990053775900205171
990053775970205171
990053776120205171
990053776160205171
990053776180205171
990053776450205171
990053776510205171
990053776530205171
990053776540205171
990053776780205171
990053776800205171
990053776840205171
990053776950205171
990053777030205171
990053777120205171
990053777200205171
990053777420205171
990053777440205171
990053777510205171
990053777520205171
990053777560205171
990053777660205171
990053777770205171
990053777930205171
990053778020205171
990053778150205171
990053778220205171
990053778310205171
990053779310205171
990053780590205171
990053780900205171
990053781260205171
990053781960205171
990053782180205171
990053782200205171
990053782280205171
990053783030205171
990053783090205171
990053783120205171
990053784450205171
990053784500205171
990053784930205171
990053784940205171
990053785190205171
990053785800205171
990053785810205171
990053785870205171
990053785890205171
990053785990205171
990053786050205171
990053786170205171
990053786180205171
990053786250205171
990053786610205171
990053786660205171
990053786710205171
990053786720205171
990053786730205171
990053786740205171
990053786750205171
990053786760205171
990053786770205171
990053786780205171
990053786790205171
990053786800205171
990053786810205171
990053786820205171
990053786830205171
990053786840205171
990053786850205171
990053786860205171
990053786870205171
990053786880205171
990053786890205171
990053786900205171
990053786910205171
990053786920205171
990053786930205171
990053786940205171
990053786950205171
990053786960205171
990053786970205171
990053786980205171
990053787000205171
990053787030205171
990053787040205171
990053787050205171
990053787060205171
990053787070205171
990053787080205171
990053787090205171
990053787100205171
990053787110205171
990053787120205171
990053787130205171
990053787140205171
990053787150205171
990053787160205171
990053787170205171
990053787180205171
990053787190205171
990053787210205171
990053787220205171
990053787230205171
990053787260205171
990053787280205171
990053787290205171
990053787300205171
990053787340205171
990053787350205171
990053787400205171
990053787480205171
990053787520205171
990053787530205171
990053787560205171
990053787570205171
990053787620205171
990053787630205171
990053787670205171
990053787690205171
990053787710205171
990053787830205171
990053787870205171
990053787950205171
990053788090205171
990053788110205171
990053788200205171
990053788320205171
990053788370205171
990053788380205171
990053788440205171
990053788450205171
990053788480205171
990053788520205171
990053788560205171
990053788590205171
990053789000205171
990053789320205171
990053789510205171
990053789890205171
990053789910205171
990053790010205171
990053790020205171
990053790060205171
990053790720205171
990053791700205171
990053795080205171
990053795710205171
990053795860205171
990053795920205171
990053795960205171
990053796350205171
990053796360205171
990053796400205171
990053796630205171
990053796640205171
990053796730205171
990053796740205171
990053796950205171
990053797240205171
990053797270205171
990053797280205171
990053797630205171
990053797650205171
990053797660205171
990053797670205171
990053797680205171
990053797690205171
990053797700205171
990053797710205171
990053797720205171
990053797730205171
990053797740205171
990053797750205171
990053797760205171
990053797770205171
990053797780205171
990053797790205171
990053797800205171
990053797810205171
990053797820205171
990053797830205171
990053797840205171
990053797850205171
990053797860205171
990053797870205171
990053797880205171
990053797890205171
990053797900205171
990053797910205171
990053797950205171
990053798000205171
990053798160205171
990053798170205171
990053798420205171
990053798560205171
990053798690205171
990053798700205171
990053798720205171
990053798800205171
990053798810205171
990053798820205171
990053799040205171
990053799060205171
990053799070205171
990053799080205171
990053799090205171
990053799100205171
990053799110205171
990053799120205171
990053799130205171
990053799140205171
990053799150205171
990053799160205171
990053799170205171
990053799180205171
990053799190205171
990053799200205171
990053799210205171
990053799220205171
990053799230205171
990053799260205171
990053799300205171
990053799310205171
990053799320205171
990053799330205171
990053799350205171
990053799360205171
990053799370205171
990053799380205171
990053799390205171
990053799400205171
990053799410205171
990053799420205171
990053799440205171
990053799470205171
990053799480205171
990053799490205171
990053799500205171
990053799510205171
990053799520205171
990053799540205171
990053799550205171
990053799560205171
990053799570205171
990053799580205171
990053799590205171
990053799600205171
990053799610205171
990053799620205171
990053799630205171
990053799640205171
990053799660205171
990053799670205171
990053799680205171
990053799690205171
990053799700205171
990053799710205171
990053799720205171
990053799730205171
990053799750205171
990053799760205171
990053799770205171
990053799780205171
990053799790205171
990053799800205171
990053799810205171
990053799820205171
990053799840205171
990053799850205171
990053799860205171
990053799870205171
990053799880205171
990053799890205171
990053799900205171
990053799910205171
990053799920205171
990053799940205171
990053799970205171
990053799990205171
990053800000205171
990053800030205171
990053800050205171
990053800090205171
990053800100205171
990053800120205171
990053800130205171
990053800170205171
990053800180205171
990053800190205171
990053800200205171
990053800250205171
990053800260205171
990053800270205171
990053800280205171
990053800290205171
990053800330205171
990053800340205171
990053800350205171
990053800360205171
990053800370205171
990053800380205171
990053800390205171
990053800400205171
990053800410205171
990053800420205171
990053800430205171
990053800440205171
990053800450205171
990053800460205171
990053800470205171
990053800500205171
990053800560205171
990053800570205171
990053800580205171
990053800590205171
990053800600205171
990053800630205171
990053800640205171
990053800660205171
990053800670205171
990053800710205171
990053800720205171
990053800730205171
990053800740205171
990053800750205171
990053800760205171
990053800780205171
990053800810205171
990053800820205171
990053800830205171
990053800840205171
990053800850205171
990053800860205171
990053800870205171
990053800880205171
990053800890205171
990053800900205171
990053800910205171
990053800920205171
990053800930205171
990053800940205171
990053800950205171
990053800960205171
990053800970205171
990053800990205171
990053801000205171
990053801030205171
990053801040205171
990053801070205171
990053801110205171
990053801120205171
990053801130205171
990053801140205171
990053801150205171
990053801160205171
990053801170205171
990053801180205171
990053801190205171
990053801200205171
990053801210205171
990053801220205171
990053801230205171
990053801250205171
990053801290205171
990053801310205171
990053801320205171
990053801340205171
990053801350205171
990053801360205171
990053801370205171
990053801380205171
990053801390205171
990053801430205171
990053801470205171
990053801480205171
990053801490205171
990053801500205171
990053801610205171
990053801630205171
990053801640205171
990053801680205171
990053801690205171
990053801720205171
990053801740205171
990053801750205171
990053801880205171
990053801890205171
990053801920205171
990053801960205171
990053802010205171
990053802040205171
990053802050205171
990053802060205171
990053802080205171
990053802120205171
990053802130205171
990053802140205171
990053802150205171
990053802180205171
990053802190205171
990053802200205171
990053802230205171
990053802260205171
990053802290205171
990053802300205171
990053802310205171
990053802410205171
990053802420205171
990053802430205171
990053802440205171
990053802450205171
990053802460205171
990053802470205171
990053802480205171
990053802490205171
990053802500205171
990053802520205171
990053802530205171
990053802540205171
990053802550205171
990053802560205171
990053802570205171
990053802580205171
990053802590205171
990053802600205171
990053802610205171
990053802620205171
990053802630205171
990053802640205171
990053802650205171
990053802660205171
990053802670205171
990053802680205171
990053802690205171
990053802700205171
990053802710205171
990053802720205171
990053802760205171
990053802770205171
990053802780205171
990053802790205171
990053802800205171
990053802810205171
990053802820205171
990053802830205171
990053802840205171
990053802850205171
990053802860205171
990053802870205171
990053802880205171
990053802890205171
990053802900205171
990053802910205171
990053802920205171
990053802930205171
990053802940205171
990053802950205171
990053802960205171
990053802970205171
990053802980205171
990053802990205171
990053803000205171
990053803010205171
990053803020205171
990053803030205171
990053803040205171
990053803050205171
990053803060205171
990053803070205171
990053803080205171
990053803090205171
990053803100205171
990053803130205171
990053803140205171
990053803150205171
990053803160205171
990053803170205171
990053803180205171
990053803190205171
990053803200205171
990053803210205171
990053803220205171
990053803230205171
990053803240205171
990053803250205171
990053803260205171
990053803270205171
990053803280205171
990053803290205171
990053803300205171
990053803310205171
990053803350205171
990053803360205171
990053803370205171
990053803380205171
990053803390205171
990053803400205171
990053803410205171
990053803420205171
990053803430205171
990053803440205171
990053803450205171
990053803460205171
990053803490205171
990053803500205171
990053803510205171
990053803520205171
990053803540205171
990053803590205171
990053803610205171
990053803620205171
990053803660205171
990053803720205171
990053803730205171
990053803740205171
990053803760205171
990053803770205171
990053803780205171
990053803800205171
990053803810205171
990053803820205171
990053803830205171
990053803840205171
990053803850205171
990053803860205171
990053803870205171
990053803880205171
990053803890205171
990053803900205171
990053803910205171
990053803920205171
990053803930205171
990053803940205171
990053803950205171
990053803960205171
990053803970205171
990053803990205171
990053804010205171
990053804070205171
990053804080205171
990053804090205171
990053804110205171
990053804760205171
990053806290205171
990053806300205171
990053806320205171
990053806330205171
990053806340205171
990053806350205171
990053806360205171
990053806370205171
990053806380205171
990053806390205171
990053806400205171
990053806410205171
990053806420205171
990053806430205171
990053806440205171
990053806450205171
990053806460205171
990053806470205171
990053806480205171
990053806490205171
990053806500205171
990053806510205171
990053806520205171
990053806530205171
990053806540205171
990053806550205171
990053806560205171
990053806570205171
990053806580205171
990053806590205171
990053806600205171
990053806610205171
990053806620205171
990053806630205171
990053806640205171
990053806650205171
990053806680205171
990053806690205171
990053806700205171
990053806710205171
990053806720205171
990053806730205171
990053806740205171
990053806750205171
990053806760205171
990053806770205171
990053806780205171
990053806790205171
990053806800205171
990053806810205171
990053806820205171
990053806830205171
990053806840205171
990053806850205171
990053806860205171
990053806870205171
990053806880205171
990053806890205171
990053806900205171
990053806910205171
990053806920205171
990053806930205171
990053806940205171
990053806950205171
990053806960205171
990053806970205171
990053806980205171
990053806990205171
990053807000205171
990053807010205171
990053807020205171
990053807030205171
990053807040205171
990053807050205171
990053807060205171
990053807070205171
990053807080205171
990053807090205171
990053807100205171
990053807110205171
990053807120205171
990053807130205171
990053807140205171
990053807150205171
990053807160205171
990053807170205171
990053807180205171
990053807190205171
990053807200205171
990053807210205171
990053807220205171
990053807230205171
990053807240205171
990053807250205171
990053807260205171
990053807270205171
990053807280205171
990053807290205171
990053807300205171
990053807310205171
990053807320205171
990053807330205171
990053807340205171
990053807350205171
990053807360205171
990053807370205171
990053807380205171
990053807390205171
990053807400205171
990053807410205171
990053807420205171
990053807430205171
990053807440205171
990053807450205171
990053807460205171
990053807470205171
990053807480205171
990053807490205171
990053807500205171
990053807510205171
990053807520205171
990053807530205171
990053807540205171
990053807550205171
990053807560205171
990053807570205171
990053807580205171
990053807590205171
990053807600205171
990053807610205171
990053807620205171
990053807630205171
990053807640205171
990053807650205171
990053807660205171
990053807670205171
990053807680205171
990053807690205171
990053807700205171
990053807710205171
990053807720205171
990053807730205171
990053807740205171
990053807750205171
990053807760205171
990053807770205171
990053807780205171
990053807790205171
990053807800205171
990053807810205171
990053807820205171
990053807830205171
990053807840205171
990053807850205171
990053807860205171
990053807870205171
990053807880205171
990053807890205171
990053807900205171
990053807910205171
990053807920205171
990053807930205171
990053807940205171
990053807950205171
990053807960205171
990053807970205171
990053807980205171
990053807990205171
990053808000205171
990053808010205171
990053808020205171
990053808030205171
990053808040205171
990053808050205171
990053808060205171
990053808070205171
990053808080205171
990053808090205171
990053808100205171
990053808110205171
990053808120205171
990053808130205171
990053808140205171
990053808150205171
990053808160205171
990053808170205171
990053808180205171
990053808190205171
990053808200205171
990053808210205171
990053808220205171
990053808230205171
990053808240205171
990053808250205171
990053808260205171
990053808270205171
990053808280205171
990053808290205171
990053808300205171
990053808310205171
990053808320205171
990053808330205171
990053808340205171
990053808350205171
990053808360205171
990053808370205171
990053808380205171
990053808390205171
990053808400205171
990053808410205171
990053808420205171
990053808430205171
990053808440205171
990053808450205171
990053808460205171
990053808470205171
990053808480205171
990053808490205171
990053808500205171
990053808510205171
990053808520205171
990053808530205171
990053808540205171
990053808550205171
990053808560205171
990053808570205171
990053808580205171
990053808590205171
990053808600205171
990053808610205171
990053808620205171
990053808630205171
990053808640205171
990053808650205171
990053808660205171
990053808670205171
990053808680205171
990053808690205171
990053808700205171
990053808710205171
990053808720205171
990053808730205171
990053808740205171
990053808750205171
990053808760205171
990053808770205171
990053808790205171
990053808800205171
990053808810205171
990053808820205171
990053808830205171
990053808840205171
990053808850205171
990053808860205171
990053808870205171
990053808880205171
990053808890205171
990053808900205171
990053808910205171
990053808920205171
990053808930205171
990053808940205171
990053808950205171
990053808960205171
990053808970205171
990053808980205171
990053808990205171
990053809000205171
990053809010205171
990053809020205171
990053809030205171
990053809040205171
990053809050205171
990053809060205171
990053809070205171
990053809080205171
990053809090205171
990053809100205171
990053809110205171
990053809120205171
990053809130205171
990053809140205171
990053809150205171
990053809160205171
990053809170205171
990053809180205171
990053809190205171
990053809200205171
990053809210205171
990053809220205171
990053809230205171
990053809240205171
990053809250205171
990053809260205171
990053809270205171
990053809280205171
990053809290205171
990053809300205171
990053809310205171
990053809320205171
990053809330205171
990053809340205171
990053809350205171
990053809360205171
990053809370205171
990053809380205171
990053809390205171
990053809400205171
990053809410205171
990053809420205171
990053809450205171
990053809460205171
990053809470205171
990053809480205171
990053809490205171
990053809500205171
990053809510205171
990053809520205171
990053809530205171
990053809540205171
990053809550205171
990053809560205171
990053809570205171
990053809580205171
990053809590205171
990053809600205171
990053809610205171
990053809620205171
990053809630205171
990053809640205171
990053809650205171
990053809660205171
990053809670205171
990053809680205171
990053809690205171
990053809700205171
990053809710205171
990053809720205171
990053809730205171
990053809740205171
990053809750205171
990053809760205171
990053809770205171
990053809780205171
990053809790205171
990053809800205171
990053809810205171
990053809820205171
990053809830205171
990053809840205171
990053809850205171
990053809860205171
990053809870205171
990053809880205171
990053809890205171
990053809900205171
990053809910205171
990053809920205171
990053809930205171
990053809940205171
990053809950205171
990053809960205171
990053809970205171
990053809980205171
990053809990205171
990053810000205171
990053810010205171
990053810020205171
990053810030205171
990053810040205171
990053810050205171
990053810060205171
990053810070205171
990053810080205171
990053810090205171
990053810100205171
990053810110205171
990053810120205171
990053810130205171
990053810140205171
990053810150205171
990053810160205171
990053810170205171
990053810180205171
990053810190205171
990053810200205171
990053810210205171
990053810220205171
990053810230205171
990053810240205171
990053810260205171
990053810270205171
990053810280205171
990053810290205171
990053810300205171
990053810310205171
990053810320205171
990053810330205171
990053810340205171
990053810350205171
990053810360205171
990053810370205171
990053810380205171
990053810390205171
990053810400205171
990053810410205171
990053810420205171
990053810430205171
990053810440205171
990053810450205171
990053810460205171
990053810470205171
990053810480205171
990053810490205171
990053810500205171
990053810510205171
990053810520205171
990053810530205171
990053810540205171
990053810550205171
990053810560205171
990053810570205171
990053810580205171
990053810590205171
990053810600205171
990053810610205171
990053810620205171
990053810630205171
990053810640205171
990053810650205171
990053810660205171
990053810670205171
990053810680205171
990053810690205171
990053810700205171
990053810710205171
990053810730205171
990053810750205171
990053810760205171
990053810770205171
990053810780205171
990053810790205171
990053810800205171
990053810810205171
990053810820205171
990053810830205171
990053810840205171
990053810850205171
990053810860205171
990053810870205171
990053810880205171
990053810890205171
990053810900205171
990053810940205171
990053810950205171
990053810960205171
990053810970205171
990053810980205171
990053810990205171
990053811000205171
990053811010205171
990053811020205171
990053811030205171
990053811040205171
990053811050205171
990053811070205171
990053811080205171
990053811090205171
990053811100205171
990053811110205171
990053811120205171
990053811130205171
990053811140205171
990053811150205171
990053811160205171
990053811170205171
990053811180205171
990053811190205171
990053811200205171
990053811210205171
990053811220205171
990053811230205171
990053811240205171
990053811250205171
990053811260205171
990053811270205171
990053811280205171
990053811290205171
990053811300205171
990053811310205171
990053811320205171
990053811330205171
990053811340205171
990053811350205171
990053811360205171
990053811370205171
990053811380205171
990053811390205171
990053811400205171
990053811410205171
990053811420205171
990053811430205171
990053811440205171
990053811450205171
990053811460205171
990053811470205171
990053811480205171
990053811490205171
990053811500205171
990053811510205171
990053811520205171
990053811530205171
990053811540205171
990053811550205171
990053811560205171
990053811570205171
990053811580205171
990053811590205171
990053811600205171
990053811610205171
990053811620205171
990053811630205171
990053811640205171
990053811650205171
990053811660205171
990053811670205171
990053811680205171
990053811690205171
990053811700205171
990053811710205171
990053811720205171
990053811730205171
990053811740205171
990053811750205171
990053811760205171
990053811770205171
990053811780205171
990053811790205171
990053811800205171
990053811810205171
990053811820205171
990053811830205171
990053811840205171
990053811850205171
990053811860205171
990053811870205171
990053811880205171
990053811890205171
990053811900205171
990053811910205171
990053811920205171
990053811930205171
990053811940205171
990053811950205171
990053811960205171
990053811970205171
990053811980205171
990053811990205171
990053812000205171
990053812010205171
990053812020205171
990053812030205171
990053812040205171
990053812050205171
990053812060205171
990053812070205171
990053812080205171
990053812090205171
990053812100205171
990053812110205171
990053812120205171
990053812130205171
990053812140205171
990053812150205171
990053812160205171
990053812170205171
990053812180205171
990053812190205171
990053812200205171
990053812210205171
990053812220205171
990053812230205171
990053812240205171
990053812250205171
990053812260205171
990053812270205171
990053812280205171
990053812290205171
990053812300205171
990053812310205171
990053812320205171
990053812330205171
990053812340205171
990053812350205171
990053812360205171
990053812370205171
990053812380205171
990053812390205171
990053812400205171
990053812410205171
990053812420205171
990053812430205171
990053812440205171
990053812450205171
990053812460205171
990053812470205171
990053812480205171
990053812490205171
990053812500205171
990053812510205171
990053812520205171
990053812530205171
990053812540205171
990053812550205171
990053812560205171
990053812570205171
990053812580205171
990053812590205171
990053812600205171
990053812610205171
990053812620205171
990053812630205171
990053812640205171
990053812650205171
990053812660205171
990053812670205171
990053812680205171
990053812690205171
990053812700205171
990053812710205171
990053812720205171
990053812730205171
990053812740205171
990053812750205171
990053812760205171
990053812770205171
990053812780205171
990053812790205171
990053812800205171
990053812810205171
990053812820205171
990053812830205171
990053812840205171
990053812850205171
990053812860205171
990053812870205171
990053812880205171
990053812890205171
990053812900205171
990053812910205171
990053812920205171
990053812930205171
990053812940205171
990053812950205171
990053812960205171
990053812970205171
990053812980205171
990053812990205171
990053813000205171
990053813010205171
990053813020205171
990053813030205171
990053813040205171
990053813050205171
990053813060205171
990053813070205171
990053813080205171
990053813090205171
990053813100205171
990053813110205171
990053813120205171
990053813130205171
990053813140205171
990053813150205171
990053813160205171
990053813170205171
990053813180205171
990053813190205171
990053813200205171
990053813210205171
990053813220205171
990053813230205171
990053813240205171
990053813250205171
990053813260205171
990053813270205171
990053813280205171
990053813290205171
990053813300205171
990053813310205171
990053813320205171
990053813330205171
990053813340205171
990053813350205171
990053813360205171
990053813370205171
990053813380205171
990053813390205171
990053813400205171
990053813410205171
990053813420205171
990053813430205171
990053813440205171
990053813450205171
990053813460205171
990053813470205171
990053813480205171
990053813490205171
990053813500205171
990053813510205171
990053813520205171
990053813530205171
990053813540205171
990053813550205171
990053813560205171
990053813570205171
990053813580205171
990053813590205171
990053813600205171
990053813610205171
990053813620205171
990053813630205171
990053813640205171
990053813650205171
990053813660205171
990053813670205171
990053813680205171
990053813690205171
990053813700205171
990053813710205171
990053813720205171
990053813730205171
990053813740205171
990053813750205171
990053813760205171
990053813770205171
990053813780205171
990053813790205171
990053813800205171
990053813810205171
990053813820205171
990053813830205171
990053813840205171
990053813850205171
990053813860205171
990053813870205171
990053813880205171
990053813890205171
990053813900205171
990053813910205171
990053813920205171
990053813930205171
990053813940205171
990053813950205171
990053813960205171
990053813970205171
990053813980205171
990053813990205171
990053814000205171
990053814010205171
990053814020205171
990053814030205171
990053814040205171
990053814050205171
990053814060205171
990053814070205171
990053814080205171
990053814090205171
990053814100205171
990053814110205171
990053814120205171
990053814130205171
990053814140205171
990053814150205171
990053814160205171
990053814170205171
990053814180205171
990053814190205171
990053814200205171
990053814210205171
990053814220205171
990053814230205171
990053814240205171
990053814250205171
990053814260205171
990053814270205171
990053814280205171
990053814290205171
990053814300205171
990053814310205171
990053814320205171
990053814330205171
990053814340205171
990053814350205171
990053814360205171
990053814370205171
990053814380205171
990053814390205171
990053814400205171
990053814410205171
990053814420205171
990053814430205171
990053814440205171
990053814450205171
990053814460205171
990053814470205171
990053814480205171
990053814490205171
990053814500205171
990053814510205171
990053814520205171
990053814530205171
990053814540205171
990053814550205171
990053814560205171
990053814570205171
990053814580205171
990053814590205171
990053814600205171
990053814610205171
990053814620205171
990053814630205171
990053814640205171
990053814650205171
990053814660205171
990053814670205171
990053814680205171
990053814690205171
990053814700205171
990053814710205171
990053814720205171
990053814730205171
990053814740205171
990053814750205171
990053814760205171
990053814770205171
990053814780205171
990053814790205171
990053814800205171
990053814810205171
990053814820205171
990053814830205171
990053814840205171
990053814850205171
990053814860205171
990053814870205171
990053814880205171
990053814890205171
990053814900205171
990053814910205171
990053814920205171
990053814930205171
990053814940205171
990053814950205171
990053814960205171
990053814970205171
990053814980205171
990053814990205171
990053815000205171
990053815010205171
990053815020205171
990053815030205171
990053815040205171
990053815050205171
990053815060205171
990053815070205171
990053815080205171
990053815090205171
990053815100205171
990053815110205171
990053815120205171
990053815130205171
990053815140205171
990053815150205171
990053815160205171
990053815170205171
990053815180205171
990053815200205171
990053815210205171
990053815220205171
990053815230205171
990053815240205171
990053815250205171
990053815260205171
990053815270205171
990053815280205171
990053815290205171
990053815300205171
990053815310205171
990053815320205171
990053815330205171
990053815340205171
990053815350205171
990053815360205171
990053815370205171
990053815380205171
990053815390205171
990053815400205171
990053815410205171
990053815420205171
990053815430205171
990053815440205171
990053815450205171
990053815460205171
990053815470205171
990053815480205171
990053815490205171
990053815500205171
990053815510205171
990053815520205171
990053815530205171
990053815540205171
990053815550205171
990053815560205171
990053815570205171
990053815580205171
990053815590205171
990053815600205171
990053815610205171
990053815620205171
990053815630205171
990053815640205171
990053815650205171
990053815660205171
990053815670205171
990053815680205171
990053815690205171
990053815700205171
990053815710205171
990053815720205171
990053815730205171
990053815740205171
990053815750205171
990053815760205171
990053815770205171
990053815780205171
990053815790205171
990053815800205171
990053815810205171
990053815820205171
990053815830205171
990053815840205171
990053815850205171
990053815860205171
990053815870205171
990053815880205171
990053815890205171
990053815900205171
990053815910205171
990053815920205171
990053815930205171
990053815940205171
990053815950205171
990053815960205171
990053815970205171
990053815980205171
990053815990205171
990053816000205171
990053816010205171
990053816020205171
990053816030205171
990053816040205171
990053816050205171
990053816060205171
990053816070205171
990053816080205171
990053816090205171
990053816100205171
990053816110205171
990053816120205171
990053816130205171
990053816140205171
990053816150205171
990053816160205171
990053816180205171
990053816190205171
990053816200205171
990053816220205171
990053816240205171
990053816260205171
990053816270205171
990053816280205171
990053816290205171
990053816300205171
990053816310205171
990053816320205171
990053816330205171
990053816340205171
990053816350205171
990053816360205171
990053816370205171
990053816380205171
990053816390205171
990053816400205171
990053816410205171
990053816420205171
990053816430205171
990053816440205171
990053816450205171
990053816460205171
990053816470205171
990053816480205171
990053816490205171
990053816500205171
990053816510205171
990053816520205171
990053816530205171
990053816540205171
990053816550205171
990053816560205171
990053816570205171
990053816580205171
990053816590205171
990053816600205171
990053816610205171
990053816620205171
990053816630205171
990053816640205171
990053816650205171
990053816660205171
990053816670205171
990053816680205171
990053816690205171
990053816710205171
990053816720205171
990053816730205171
990053816740205171
990053816750205171
990053816760205171
990053816770205171
990053816780205171
990053816790205171
990053816800205171
990053816810205171
990053816820205171
990053816830205171
990053816840205171
990053816850205171
990053816860205171
990053816870205171
990053816880205171
990053816890205171
990053816900205171
990053816910205171
990053816920205171
990053816930205171
990053816940205171
990053816950205171
990053816960205171
990053816970205171
990053816980205171
990053816990205171
990053817000205171
990053817010205171
990053817020205171
990053817030205171
990053817040205171
990053817050205171
990053817060205171
990053817070205171
990053817080205171
990053817090205171
990053817100205171
990053817110205171
990053817120205171
990053817130205171
990053817140205171
990053817150205171
990053817160205171
990053817170205171
990053817180205171
990053817190205171
990053817200205171
990053817210205171
990053817220205171
990053817230205171
990053817240205171
990053817250205171
990053817260205171
990053817270205171
990053817280205171
990053817290205171
990053817300205171
990053817310205171
990053817320205171
990053817330205171
990053817340205171
990053817350205171
990053817360205171
990053817370205171
990053817380205171
990053817390205171
990053817400205171
990053817410205171
990053817420205171
990053817430205171
990053817440205171
990053817450205171
990053817460205171
990053817470205171
990053817480205171
990053817510205171
990053817520205171
990053817530205171
990053817540205171
990053817550205171
990053817560205171
990053817570205171
990053817580205171
990053817590205171
990053817600205171
990053817610205171
990053817620205171
990053817630205171
990053817640205171
990053817650205171
990053817660205171
990053817670205171
990053817680205171
990053817690205171
990053817700205171
990053817710205171
990053817720205171
990053817730205171
990053817740205171
990053817750205171
990053817760205171
990053817770205171
990053817780205171
990053817790205171
990053817800205171
990053817810205171
990053817820205171
990053817830205171
990053817840205171
990053817850205171
990053817860205171
990053817870205171
990053817880205171
990053817890205171
990053817900205171
990053817910205171
990053817920205171
990053817930205171
990053817940205171
990053817950205171
990053817960205171
990053817970205171
990053817980205171
990053817990205171
990053818000205171
990053818010205171
990053818020205171
990053818030205171
990053818040205171
990053818050205171
990053818060205171
990053818070205171
990053818080205171
990053818090205171
990053818100205171
990053818110205171
990053818120205171
990053818130205171
990053818140205171
990053818150205171
990053818160205171
990053818170205171
990053818180205171
990053818190205171
990053818200205171
990053818210205171
990053818220205171
990053818230205171
990053818240205171
990053818250205171
990053818260205171
990053818270205171
990053818280205171
990053818290205171
990053818300205171
990053818310205171
990053818320205171
990053818330205171
990053818340205171
990053818350205171
990053818360205171
990053818370205171
990053818380205171
990053818390205171
990053818400205171
990053818410205171
990053818420205171
990053818430205171
990053818440205171
990053818450205171
990053818460205171
990053818470205171
990053818480205171
990053818490205171
990053818500205171
990053818510205171
990053818520205171
990053818530205171
990053818540205171
990053818550205171
990053818560205171
990053818570205171
990053818580205171
990053818590205171
990053818600205171
990053818610205171
990053818620205171
990053818630205171
990053818640205171
990053818650205171
990053818660205171
990053818670205171
990053818680205171
990053818690205171
990053818700205171
990053818710205171
990053818720205171
990053818730205171
990053818740205171
990053818750205171
990053818760205171
990053818770205171
990053818780205171
990053818790205171
990053818800205171
990053818810205171
990053818820205171
990053818830205171
990053818840205171
990053818850205171
990053818860205171
990053818870205171
990053818880205171
990053818890205171
990053818900205171
990053818910205171
990053818920205171
990053818930205171
990053818940205171
990053818950205171
990053818960205171
990053818970205171
990053818980205171
990053818990205171
990053819000205171
990053819010205171
990053819020205171
990053819030205171
990053819040205171
990053819050205171
990053819060205171
990053819070205171
990053819080205171
990053819090205171
990053819100205171
990053819110205171
990053819120205171
990053819130205171
990053819140205171
990053819150205171
990053819160205171
990053819170205171
990053819180205171
990053819190205171
990053819200205171
990053819210205171
990053819220205171
990053819230205171
990053819240205171
990053819250205171
990053819260205171
990053819270205171
990053819280205171
990053819290205171
990053819300205171
990053819310205171
990053819320205171
990053819330205171
990053819340205171
990053819350205171
990053819360205171
990053819370205171
990053819380205171
990053819390205171
990053819400205171
990053819410205171
990053819420205171
990053819430205171
990053819440205171
990053819450205171
990053819460205171
990053819470205171
990053819480205171
990053819490205171
990053819500205171
990053819510205171
990053819520205171
990053819530205171
990053819540205171
990053819550205171
990053819560205171
990053819570205171
990053819580205171
990053819590205171
990053819600205171
990053819610205171
990053819620205171
990053819630205171
990053819640205171
990053819650205171
990053819660205171
990053819670205171
990053819680205171
990053819690205171
990053819700205171
990053819710205171
990053819720205171
990053819730205171
990053819740205171
990053819750205171
990053819760205171
990053819770205171
990053819780205171
990053819790205171
990053819800205171
990053819810205171
990053819820205171
990053819830205171
990053819840205171
990053819850205171
990053819860205171
990053819870205171
990053819880205171
990053819890205171
990053819900205171
990053819910205171
990053819920205171
990053819930205171
990053819940205171
990053819950205171
990053819960205171
990053819970205171
990053819980205171
990053819990205171
990053820000205171
990053820010205171
990053820020205171
990053820030205171
990053820040205171
990053820050205171
990053820060205171
990053820070205171
990053820080205171
990053820090205171
990053820100205171
990053820110205171
990053820120205171
990053820130205171
990053820140205171
990053820150205171
990053820160205171
990053820170205171
990053820180205171
990053820190205171
990053820200205171
990053820210205171
990053820220205171
990053820230205171
990053820240205171
990053820250205171
990053820260205171
990053820270205171
990053820280205171
990053820290205171
990053820300205171
990053820310205171
990053820320205171
990053820330205171
990053820340205171
990053820350205171
990053820360205171
990053820370205171
990053820380205171
990053820390205171
990053820400205171
990053820410205171
990053820420205171
990053820430205171
990053820440205171
990053820450205171
990053820460205171
990053820470205171
990053820480205171
990053820490205171
990053820500205171
990053820510205171
990053820520205171
990053820530205171
990053820540205171
990053820550205171
990053820560205171
990053820570205171
990053820580205171
990053820590205171
990053820600205171
990053820610205171
990053820620205171
990053820630205171
990053820640205171
990053820650205171
990053820660205171
990053820670205171
990053820680205171
990053820690205171
990053820700205171
990053820710205171
990053820720205171
990053820730205171
990053820740205171
990053820750205171
990053820760205171
990053820770205171
990053820780205171
990053820790205171
990053820800205171
990053820810205171
990053820820205171
990053820830205171
990053820840205171
990053820850205171
990053820860205171
990053820870205171
990053820880205171
990053820890205171
990053820900205171
990053820910205171
990053820920205171
990053820930205171
990053820940205171
990053820950205171
990053820960205171
990053820970205171
990053820980205171
990053820990205171
990053821000205171
990053821010205171
990053821020205171
990053821030205171
990053821040205171
990053821050205171
990053821060205171
990053821070205171
990053821080205171
990053821090205171
990053821100205171
990053821110205171
990053821120205171
990053821130205171
990053821140205171
990053821150205171
990053821160205171
990053821170205171
990053821180205171
990053821190205171
990053821200205171
990053821210205171
990053821220205171
990053821230205171
990053821240205171
990053821250205171
990053821260205171
990053821270205171
990053821280205171
990053821290205171
990053821300205171
990053821310205171
990053821320205171
990053821330205171
990053821340205171
990053821350205171
990053821360205171
990053821370205171
990053821380205171
990053821390205171
990053821400205171
990053821410205171
990053821420205171
990053821430205171
990053821440205171
990053821450205171
990053821460205171
990053821470205171
990053821480205171
990053821490205171
990053821500205171
990053821510205171
990053821520205171
990053821530205171
990053821540205171
990053821550205171
990053821560205171
990053821570205171
990053821580205171
990053821590205171
990053821600205171
990053821610205171
990053821620205171
990053821630205171
990053821640205171
990053821650205171
990053821660205171
990053821670205171
990053821680205171
990053821690205171
990053821700205171
990053821710205171
990053821720205171
990053821730205171
990053821740205171
990053821750205171
990053821760205171
990053821770205171
990053821780205171
990053821790205171
990053821800205171
990053821810205171
990053821820205171
990053821830205171
990053821840205171
990053821850205171
990053821860205171
990053821870205171
990053821880205171
990053821890205171
990053821900205171
990053821910205171
990053821920205171
990053821930205171
990053821940205171
990053821950205171
990053821960205171
990053821970205171
990053821980205171
990053821990205171
990053822000205171
990053822010205171
990053822020205171
990053822030205171
990053822040205171
990053822050205171
990053822060205171
990053822070205171
990053822080205171
990053822090205171
990053822100205171
990053822110205171
990053822120205171
990053822130205171
990053822140205171
990053822150205171
990053822160205171
990053822170205171
990053822180205171
990053822190205171
990053822200205171
990053822210205171
990053822220205171
990053822230205171
990053822240205171
990053822250205171
990053822260205171
990053822270205171
990053822280205171
990053822290205171
990053822300205171
990053822310205171
990053822320205171
990053822330205171
990053822340205171
990053822350205171
990053822360205171
990053822370205171
990053822380205171
990053822390205171
990053822400205171
990053822410205171
990053822420205171
990053822430205171
990053822440205171
990053822450205171
990053822460205171
990053822470205171
990053822480205171
990053822490205171
990053822500205171
990053822510205171
990053822520205171
990053822530205171
990053822540205171
990053822550205171
990053822560205171
990053822570205171
990053822580205171
990053822590205171
990053822600205171
990053822610205171
990053822620205171
990053822630205171
990053822640205171
990053822650205171
990053822660205171
990053822670205171
990053822680205171
990053822690205171
990053822700205171
990053822710205171
990053822720205171
990053822730205171
990053822740205171
990053822750205171
990053822760205171
990053822770205171
990053822780205171
990053822790205171
990053822800205171
990053822810205171
990053822820205171
990053822830205171
990053822840205171
990053822850205171
990053822860205171
990053822870205171
990053822880205171
990053822890205171
990053822900205171
990053822910205171
990053822920205171
990053822930205171
990053822940205171
990053822950205171
990053822960205171
990053822970205171
990053822980205171
990053822990205171
990053823000205171
990053823010205171
990053823020205171
990053823030205171
990053823040205171
990053823050205171
990053823060205171
990053823070205171
990053823080205171
990053823090205171
990053823100205171
990053823110205171
990053823120205171
990053823130205171
990053823140205171
990053823150205171
990053823160205171
990053823170205171
990053823180205171
990053823190205171
990053823200205171
990053823210205171
990053823220205171
990053823230205171
990053823240205171
990053823250205171
990053823260205171
990053823270205171
990053823280205171
990053823290205171
990053823300205171
990053823310205171
990053823320205171
990053823330205171
990053823340205171
990053823350205171
990053823360205171
990053823370205171
990053823380205171
990053823390205171
990053823400205171
990053823410205171
990053823420205171
990053823430205171
990053823440205171
990053823450205171
990053823460205171
990053823470205171
990053823480205171
990053823490205171
990053823500205171
990053823510205171
990053823520205171
990053823530205171
990053823540205171
990053823550205171
990053823560205171
990053823570205171
990053823580205171
990053823590205171
990053823600205171
990053823610205171
990053823620205171
990053823630205171
990053823640205171
990053823650205171
990053823660205171
990053823670205171
990053823680205171
990053823690205171
990053823700205171
990053823710205171
990053823720205171
990053823730205171
990053823740205171
990053823750205171
990053823760205171
990053823770205171
990053823780205171
990053823790205171
990053823800205171
990053823810205171
990053823820205171
990053823830205171
990053823840205171
990053823850205171
990053823860205171
990053823870205171
990053823880205171
990053823890205171
990053823900205171
990053823910205171
990053823920205171
990053823930205171
990053823940205171
990053823950205171
990053823960205171
990053823970205171
990053823980205171
990053823990205171
990053824000205171
990053824010205171
990053824020205171
990053824030205171
990053824040205171
990053824050205171
990053824060205171
990053824070205171
990053824080205171
990053824090205171
990053824100205171
990053824110205171
990053824120205171
990053824130205171
990053824140205171
990053824150205171
990053824160205171
990053824170205171
990053824180205171
990053824190205171
990053824200205171
990053824210205171
990053824220205171
990053824230205171
990053824250205171
990053824260205171
990053824270205171
990053824280205171
990053824290205171
990053824300205171
990053824310205171
990053824320205171
990053824330205171
990053824340205171
990053824350205171
990053824360205171
990053824370205171
990053824380205171
990053824390205171
990053824400205171
990053824410205171
990053824420205171
990053824430205171
990053824440205171
990053824450205171
990053824460205171
990053824470205171
990053824480205171
990053824490205171
990053824500205171
990053824510205171
990053824520205171
990053824530205171
990053824540205171
990053824550205171
990053824560205171
990053824570205171
990053824580205171
990053824590205171
990053824600205171
990053824610205171
990053824620205171
990053824630205171
990053824640205171
990053824650205171
990053824660205171
990053824670205171
990053824680205171
990053824690205171
990053824700205171
990053824710205171
990053824720205171
990053824730205171
990053824740205171
990053824750205171
990053824760205171
990053824770205171
990053824780205171
990053824790205171
990053824800205171
990053824810205171
990053824820205171
990053824830205171
990053824840205171
990053824850205171
990053824860205171
990053824870205171
990053824880205171
990053824890205171
990053824900205171
990053824910205171
990053824920205171
990053824930205171
990053824940205171
990053824950205171
990053824960205171
990053824970205171
990053824980205171
990053824990205171
990053825000205171
990053825010205171
990053825020205171
990053825030205171
990053825040205171
990053825050205171
990053825060205171
990053825070205171
990053825080205171
990053825090205171
990053825100205171
990053825110205171
990053825120205171
990053825130205171
990053825140205171
990053825150205171
990053825160205171
990053825170205171
990053825180205171
990053825190205171
990053825200205171
990053825210205171
990053825220205171
990053825230205171
990053825240205171
990053825250205171
990053825260205171
990053825270205171
990053825280205171
990053825290205171
990053825300205171
990053825310205171
990053825320205171
990053825330205171
990053825340205171
990053825350205171
990053825360205171
990053825370205171
990053825380205171
990053825390205171
990053825400205171
990053825410205171
990053825420205171
990053825430205171
990053825440205171
990053825450205171
990053825460205171
990053825470205171
990053825480205171
990053825490205171
990053825500205171
990053825510205171
990053825520205171
990053825530205171
990053825540205171
990053825550205171
990053825560205171
990053825570205171
990053825580205171
990053825590205171
990053825600205171
990053825610205171
990053825620205171
990053825630205171
990053825640205171
990053825650205171
990053825660205171
990053825670205171
990053825680205171
990053825690205171
990053825700205171
990053825710205171
990053825720205171
990053825730205171
990053825740205171
990053825750205171
990053825760205171
990053825770205171
990053825780205171
990053825790205171
990053825800205171
990053825810205171
990053825820205171
990053825830205171
990053825840205171
990053825850205171
990053825860205171
990053825870205171
990053825880205171
990053825890205171
990053825900205171
990053825910205171
990053825920205171
990053825930205171
990053825940205171
990053825950205171
990053825960205171
990053825970205171
990053825980205171
990053825990205171
990053826000205171
990053826010205171
990053826020205171
990053826030205171
990053826040205171
990053826050205171
990053826060205171
990053826070205171
990053826080205171
990053826090205171
990053826100205171
990053826110205171
990053826120205171
990053826130205171
990053826140205171
990053826150205171
990053826160205171
990053826170205171
990053826180205171
990053826190205171
990053826200205171
990053826210205171
990053826220205171
990053826230205171
990053826240205171
990053826250205171
990053826260205171
990053826270205171
990053826280205171
990053826290205171
990053826300205171
990053826310205171
990053826320205171
990053826330205171
990053826340205171
990053826350205171
990053826360205171
990053826370205171
990053826380205171
990053826390205171
990053826400205171
990053826410205171
990053826420205171
990053826430205171
990053826440205171
990053826450205171
990053826460205171
990053826470205171
990053826480205171
990053826490205171
990053826500205171
990053826510205171
990053826520205171
990053826530205171
990053826540205171
990053826550205171
990053826560205171
990053826570205171
990053826580205171
990053826590205171
990053826600205171
990053826610205171
990053826620205171
990053826630205171
990053826640205171
990053826650205171
990053826660205171
990053826670205171
990053826680205171
990053826690205171
990053826700205171
990053826710205171
990053826720205171
990053826730205171
990053826740205171
990053826750205171
990053826760205171
990053826770205171
990053826780205171
990053826790205171
990053826800205171
990053826810205171
990053826820205171
990053826830205171
990053826840205171
990053826850205171
990053826860205171
990053826870205171
990053826880205171
990053826890205171
990053826900205171
990053826910205171
990053826920205171
990053826930205171
990053826940205171
990053826950205171
990053826960205171
990053826970205171
990053826980205171
990053826990205171
990053827000205171
990053827010205171
990053827020205171
990053827030205171
990053827040205171
990053827050205171
990053827060205171
990053827070205171
990053827080205171
990053827090205171
990053827100205171
990053827110205171
990053827120205171
990053827130205171
990053827140205171
990053827150205171
990053827160205171
990053827170205171
990053827180205171
990053827190205171
990053827200205171
990053827210205171
990053827220205171
990053827230205171
990053827240205171
990053827250205171
990053827260205171
990053827270205171
990053827280205171
990053827290205171
990053827300205171
990053827310205171
990053827320205171
990053827330205171
990053827340205171
990053827350205171
990053827360205171
990053827370205171
990053827380205171
990053827390205171
990053827400205171
990053827410205171
990053827420205171
990053827430205171
990053827440205171
990053827450205171
990053827460205171
990053827470205171
990053827480205171
990053827490205171
990053827500205171
990053827510205171
990053827520205171
990053827530205171
990053827540205171
990053827550205171
990053827560205171
990053827570205171
990053827580205171
990053827590205171
990053827600205171
990053827610205171
990053827620205171
990053827630205171
990053827640205171
990053827650205171
990053827660205171
990053827670205171
990053827680205171
990053827690205171
990053827700205171
990053827710205171
990053827720205171
990053827730205171
990053827740205171
990053827750205171
990053827760205171
990053827770205171
990053827780205171
990053827790205171
990053827800205171
990053827810205171
990053827820205171
990053827830205171
990053827840205171
990053827850205171
990053827860205171
990053827870205171
990053827880205171
990053827890205171
990053827900205171
990053827910205171
990053827920205171
990053827930205171
990053827940205171
990053827950205171
990053827960205171
990053827970205171
990053827980205171
990053827990205171
990053828000205171
990053828010205171
990053828020205171
990053828030205171
990053828040205171
990053828050205171
990053828060205171
990053828070205171
990053828080205171
990053828090205171
990053828100205171
990053828110205171
990053828120205171
990053828130205171
990053828140205171
990053828150205171
990053828160205171
990053828170205171
990053828180205171
990053828190205171
990053828200205171
990053828210205171
990053828220205171
990053828230205171
990053828240205171
990053828250205171
990053828260205171
990053828270205171
990053828280205171
990053828290205171
990053828300205171
990053828310205171
990053828320205171
990053828330205171
990053828340205171
990053828350205171
990053828360205171
990053828370205171
990053828380205171
990053828390205171
990053828400205171
990053828410205171
990053828420205171
990053828430205171
990053828440205171
990053828450205171
990053828460205171
990053828470205171
990053828480205171
990053828490205171
990053828500205171
990053828510205171
990053828520205171
990053828530205171
990053828540205171
990053828550205171
990053828560205171
990053828570205171
990053828580205171
990053828590205171
990053828600205171
990053828610205171
990053828620205171
990053828630205171
990053828640205171
990053828650205171
990053828660205171
990053828670205171
990053828680205171
990053828690205171
990053828700205171
990053828710205171
990053828720205171
990053828730205171
990053828740205171
990053828750205171
990053828760205171
990053828770205171
990053828780205171
990053828790205171
990053828800205171
990053828810205171
990053828820205171
990053828830205171
990053828840205171
990053828850205171
990053828860205171
990053828870205171
990053828880205171
990053828890205171
990053828900205171
990053828910205171
990053828920205171
990053828930205171
990053828940205171
990053828950205171
990053828960205171
990053828970205171
990053828980205171
990053828990205171
990053829000205171
990053829010205171
990053829020205171
990053829030205171
990053829040205171
990053829050205171
990053829060205171
990053829070205171
990053829080205171
990053829090205171
990053829100205171
990053829110205171
990053829120205171
990053829130205171
990053829140205171
990053829150205171
990053829160205171
990053829170205171
990053829180205171
990053829190205171
990053829200205171
990053829210205171
990053829220205171
990053829230205171
990053829240205171
990053829250205171
990053829260205171
990053829270205171
990053829280205171
990053829290205171
990053829300205171
990053829310205171
990053829320205171
990053829330205171
990053829340205171
990053829350205171
990053829360205171
990053829370205171
990053829380205171
990053829390205171
990053829400205171
990053829410205171
990053829420205171
990053829430205171
990053829440205171
990053829450205171
990053829460205171
990053829470205171
990053829480205171
990053829490205171
990053829500205171
990053829510205171
990053829520205171
990053829530205171
990053829540205171
990053829550205171
990053829560205171
990053829570205171
990053829580205171
990053829590205171
990053829600205171
990053829610205171
990053829620205171
990053829630205171
990053829640205171
990053829650205171
990053829660205171
990053829670205171
990053829680205171
990053829690205171
990053829700205171
990053829710205171
990053829720205171
990053829730205171
990053829740205171
990053829750205171
990053829760205171
990053829770205171
990053829780205171
990053829790205171
990053829800205171
990053829810205171
990053829820205171
990053829830205171
990053829840205171
990053829850205171
990053829860205171
990053829870205171
990053829880205171
990053829890205171
990053829900205171
990053829910205171
990053829920205171
990053829930205171
990053829940205171
990053829950205171
990053829960205171
990053829970205171
990053829980205171
990053829990205171
990053830000205171
990053830010205171
990053830020205171
990053830030205171
990053830040205171
990053830050205171
990053830060205171
990053830070205171
990053830080205171
990053830090205171
990053830100205171
990053830110205171
990053830120205171
990053830130205171
990053830140205171
990053830150205171
990053830160205171
990053830170205171
990053830180205171
990053830190205171
990053830200205171
990053830210205171
990053830220205171
990053830230205171
990053830240205171
990053830250205171
990053830260205171
990053830270205171
990053830280205171
990053830290205171
990053830300205171
990053830310205171
990053830320205171
990053830330205171
990053830340205171
990053830350205171
990053830360205171
990053830370205171
990053830380205171
990053830390205171
990053830400205171
990053830410205171
990053830420205171
990053830430205171
990053830440205171
990053830450205171
990053830460205171
990053830470205171
990053830480205171
990053830490205171
990053830500205171
990053830510205171
990053830520205171
990053830530205171
990053830540205171
990053830550205171
990053830560205171
990053830570205171
990053830580205171
990053830590205171
990053830600205171
990053830610205171
990053830620205171
990053830630205171
990053830640205171
990053830650205171
990053830660205171
990053830670205171
990053830680205171
990053830690205171
990053830700205171
990053830710205171
990053830720205171
990053830730205171
990053830740205171
990053830750205171
990053830760205171
990053830770205171
990053830780205171
990053830790205171
990053830800205171
990053830810205171
990053830820205171
990053830830205171
990053830840205171
990053830850205171
990053830860205171
990053830870205171
990053830880205171
990053830890205171
990053830900205171
990053830910205171
990053830920205171
990053830930205171
990053830940205171
990053830950205171
990053830960205171
990053830970205171
990053830980205171
990053830990205171
990053831000205171
990053831010205171
990053831020205171
990053831030205171
990053831040205171
990053831050205171
990053831060205171
990053831070205171
990053831080205171
990053831090205171
990053831100205171
990053831110205171
990053831120205171
990053831130205171
990053831140205171
990053831150205171
990053831160205171
990053831170205171
990053831180205171
990053831190205171
990053831200205171
990053831210205171
990053831220205171
990053831230205171
990053831240205171
990053831250205171
990053831260205171
990053831270205171
990053831280205171
990053831290205171
990053831300205171
990053831310205171
990053831320205171
990053831330205171
990053831340205171
990053831350205171
990053831360205171
990053831370205171
990053831380205171
990053831390205171
990053831400205171
990053831410205171
990053831420205171
990053831430205171
990053831440205171
990053831450205171
990053831460205171
990053831470205171
990053831480205171
990053831490205171
990053831500205171
990053831510205171
990053831520205171
990053831530205171
990053831540205171
990053831550205171
990053831560205171
990053831570205171
990053831580205171
990053831590205171
990053831600205171
990053831610205171
990053831620205171
990053831630205171
990053831640205171
990053831650205171
990053831660205171
990053831670205171
990053831680205171
990053831690205171
990053831700205171
990053831710205171
990053831720205171
990053831730205171
990053831740205171
990053831750205171
990053831760205171
990053831770205171
990053831780205171
990053831790205171
990053831800205171
990053831810205171
990053831820205171
990053831830205171
990053831840205171
990053831850205171
990053831860205171
990053831870205171
990053831880205171
990053831890205171
990053831900205171
990053831910205171
990053831920205171
990053831930205171
990053831940205171
990053831950205171
990053831960205171
990053831970205171
990053831980205171
990053831990205171
990053832000205171
990053832010205171
990053832020205171
990053832030205171
990053832040205171
990053832050205171
990053832060205171
990053832070205171
990053832080205171
990053832090205171
990053832100205171
990053832110205171
990053832120205171
990053832130205171
990053832140205171
990053832150205171
990053832160205171
990053832170205171
990053832180205171
990053832190205171
990053832200205171
990053832210205171
990053832220205171
990053832230205171
990053832240205171
990053832250205171
990053832260205171
990053832270205171
990053832280205171
990053832290205171
990053832300205171
990053832310205171
990053832320205171
990053832350205171
990053832370205171
990053832380205171
990053832390205171
990053832400205171
990053832410205171
990053832420205171
990053832440205171
990053832450205171
990053832460205171
990053832470205171
990053832480205171
990053832490205171
990053832500205171
990053832510205171
990053832520205171
990053832530205171
990053832540205171
990053832550205171
990053832560205171
990053832570205171
990053832580205171
990053832730205171
990053832740205171
990053832750205171
990053832930205171
990053833000205171
990053833010205171
990053833050205171
990053833080205171
990053833110205171
990053833120205171
990053833270205171
990053833390205171
990053833490205171
990053833560205171
990053833660205171
990053833830205171
990053833970205171
990053834050205171
990053834090205171
990053834100205171
990053834110205171
990053834130205171
990053834150205171
990053834430205171
990053834450205171
990053834510205171
990053834530205171
990053834790205171
990053835000205171
990053835030205171
990053835120205171
990053835130205171
990053835140205171
990053835170205171
990053835400205171
990053835520205171
990053835540205171
990053835610205171
990053835780205171
990053835920205171
990053836100205171
990053836140205171
990053836150205171
990053836220205171
990053836270205171
990053836370205171
990053836380205171
990053836390205171
990053836400205171
990053836500205171
990053836560205171
990053836610205171
990053836640205171
990053836740205171
990053836770205171
990053836950205171
990053836990205171
990053837020205171
990053837030205171
990053837040205171
990053837190205171
990053837200205171
990053837230205171
990053837250205171
990053837310205171
990053837350205171
990053837370205171
990053837440205171
990053837860205171
990053837870205171
990053837890205171
990053837960205171
990053837970205171
990053838030205171
990053838040205171
990053838200205171
990053838240205171
990053838390205171
990053838430205171
990053838560205171
990053838770205171
990053838780205171
990053838790205171
990053839190205171
990053839330205171
990053839370205171
990053839480205171
990053839520205171
990053839850205171
990053840160205171
990053840190205171
990053840240205171
990053840270205171
990053840280205171
990053840290205171
990053840350205171
990053840360205171
990053840380205171
990053840390205171
990053840410205171
990053840420205171
990053840430205171
990053840440205171
990053840450205171
990053840460205171
990053840470205171
990053840480205171
990053840490205171
990053840500205171
990053840510205171
990053840520205171
990053840530205171
990053840540205171
990053840550205171
990053840560205171
990053840580205171
990053840650205171
990053840680205171
990053840710205171
990053840730205171
990053840800205171
990053840890205171
990053840970205171
990053840980205171
990053840990205171
990053841000205171
990053841010205171
990053841050205171
990053841060205171
990053841070205171
990053841080205171
990053841090205171
990053841100205171
990053841120205171
990053841130205171
990053841140205171
990053841150205171
990053841160205171
990053841190205171
990053841210205171
990053841230205171
990053841270205171
990053841320205171
990053841370205171
990053841480205171
990053841490205171
990053841510205171
990053841580205171
990053841670205171
990053841700205171
990053841710205171
990053841790205171
990053841800205171
990053841810205171
990053841820205171
990053841830205171
990053841900205171
990053841920205171
990053842030205171
990053842190205171
990053842260205171
990053842310205171
990053842320205171
990053842470205171
990053842520205171
990053842580205171
990053842600205171
990053842680205171
990053842780205171
990053842820205171
990053842850205171
990053842980205171
990053843000205171
990053843040205171
990053843100205171
990053843160205171
990053843180205171
990053843200205171
990053843530205171
990053843550205171
990053843620205171
990053843760205171
990053843940205171
990053843970205171
990053844110205171
990053844190205171
990053844200205171
990053844210205171
990053844220205171
990053844240205171
990053844270205171
990053844290205171
990053844310205171
990053844320205171
990053844340205171
990053844350205171
990053844400205171
990053844410205171
990053844430205171
990053844440205171
990053844450205171
990053844460205171
990053844470205171
990053844480205171
990053844490205171
990053844500205171
990053844510205171
990053844520205171
990053844530205171
990053844540205171
990053844550205171
990053844560205171
990053844570205171
990053844580205171
990053844590205171
990053844600205171
990053844610205171
990053844620205171
990053844630205171
990053844640205171
990053844650205171
990053844660205171
990053844670205171
990053844680205171
990053844690205171
990053844700205171
990053844710205171
990053844720205171
990053844790205171
990053844800205171
990053844810205171
990053844820205171
990053844830205171
990053844840205171
990053844850205171
990053844860205171
990053844870205171
990053844890205171
990053844970205171
990053845000205171
990053845040205171
990053845050205171
990053845060205171
990053845070205171
990053845080205171
990053845090205171
990053845100205171
990053845110205171
990053845130205171
990053845140205171
990053845160205171
990053845180205171
990053845190205171
990053845220205171
990053845250205171
990053845270205171
990053845280205171
990053845290205171
990053845320205171
990053845330205171
990053845350205171
990053845360205171
990053845400205171
990053845610205171
990053845690205171
990053845900205171
990053845940205171
990053845950205171
990053846020205171
990053846100205171
990053846110205171
990053846120205171
990053846200205171
990053846270205171
990053846340205171
990053846480205171
990053846530205171
990053846580205171
990053846660205171
990053846700205171
990053846710205171
990053846810205171
990053846930205171
990053847000205171
990053847010205171
990053847040205171
990053847050205171
990053847070205171
990053847100205171
990053847170205171
990053847440205171
990053847510205171
990053847530205171
990053847580205171
990053847590205171
990053847600205171
990053847610205171
990053847620205171
990053847630205171
990053847650205171
990053847680205171
990053847700205171
990053847710205171
990053847770205171
990053847790205171
990053847800205171
990053847810205171
990053847850205171
990053847860205171
990053847890205171
990053847940205171
990053847980205171
990053848020205171
990053848030205171
990053848050205171
990053848060205171
990053848120205171
990053848140205171
990053848150205171
990053848170205171
990053848550205171
990053849030205171
990053849090205171
990053849140205171
990053849210205171
990053849220205171
990053849240205171
990053849250205171
990053849260205171
990053849360205171
990053849370205171
990053849380205171
990053849390205171
990053849400205171
990053849410205171
990053849420205171
990053849430205171
990053849440205171
990053849460205171
990053849470205171
990053849480205171
990053849490205171
990053849500205171
990053849510205171
990053849520205171
990053849530205171
990053849540205171
990053849570205171
990053849580205171
990053849590205171
990053849600205171
990053849610205171
990053849620205171
990053849630205171
990053849640205171
990053849650205171
990053849660205171
990053849670205171
990053849680205171
990053849690205171
990053849700205171
990053849710205171
990053849720205171
990053849760205171
990053849790205171
990053849800205171
990053849810205171
990053849820205171
990053849830205171
990053849840205171
990053849850205171
990053849860205171
990053849870205171
990053849880205171
990053849890205171
990053849900205171
990053849910205171
990053849920205171
990053849930205171
990053849940205171
990053849950205171
990053849960205171
990053849970205171
990053849980205171
990053849990205171
990053850000205171
990053850010205171
990053850040205171
990053850070205171
990053850130205171
990053850250205171
990053850260205171
990053850270205171
990053850280205171
990053850290205171
990053850300205171
990053850310205171
990053850320205171
990053850330205171
990053850340205171
990053850350205171
990053850400205171
990053850570205171
990053850630205171
990053850640205171
990053850650205171
990053850690205171
990053850720205171
990053850730205171
990053850770205171
990053850820205171
990053850890205171
990053850930205171
990053850980205171
990053851020205171
990053851030205171
990053851040205171
990053851050205171
990053851100205171
990053851290205171
990053851340205171
990053851350205171
990053851510205171
990053851580205171
990053851710205171
990053851730205171
990053851840205171
990053851850205171
990053852050205171
990053852220205171
990053852260205171
990053852280205171
990053852310205171
990053852340205171
990053852400205171
990053852420205171
990053852490205171
990053852510205171
990053852520205171
990053852540205171
990053852740205171
990053852830205171
990053852860205171
990053853070205171
990053853190205171
990053853280205171
990053853290205171
990053853310205171
990053853380205171
990053853460205171
990053853530205171
990053853590205171
990053853600205171
990053853610205171
990053853650205171
990053853970205171
990053854050205171
990053854120205171
990053854130205171
990053854140205171
990053854150205171
990053854160205171
990053854170205171
990053854180205171
990053854190205171
990053854200205171
990053854210205171
990053854220205171
990053854230205171
990053854240205171
990053854250205171
990053854260205171
990053854270205171
990053854280205171
990053854290205171
990053854300205171
990053854310205171
990053854320205171
990053854330205171
990053854340205171
990053854350205171
990053854360205171
990053854370205171
990053854380205171
990053854390205171
990053854400205171
990053854410205171
990053854420205171
990053854440205171
990053854960205171
990053855300205171
990053855380205171
990053855620205171
990053855640205171
990053855650205171
990053855660205171
990053855670205171
990053855680205171
990053855710205171
990053855720205171
990053855730205171
990053855790205171
990053855850205171
990053855930205171
990053855940205171
990053856270205171
990053856420205171
990053856430205171
990053856440205171
990053856450205171
990053856530205171
990053856580205171
990053856760205171
990053856810205171
990053856830205171
990053856880205171
990053856960205171
990053857010205171
990053857150205171
990053857360205171
990053857380205171
990053857420205171
990053857490205171
990053857670205171
990053857740205171
990053857750205171
990053857780205171
990053857800205171
990053857930205171
990053858090205171
990053858210205171
990053858240205171
990053858400205171
990053858440205171
990053858510205171
990053858530205171
990053858790205171
990053858860205171
990053859090205171
990053859100205171
990053859110205171
990053859120205171
990053859130205171
990053859140205171
990053859150205171
990053859160205171
990053859240205171
990053859260205171
990053859290205171
990053859490205171
990053859520205171
990053859610205171
990053859720205171
990053859910205171
990053859940205171
990053859950205171
990053859980205171
990053859990205171
990053860120205171
990053860220205171
990053860370205171
990053860420205171
990053860520205171
990053860560205171
990053860600205171
990053860620205171
990053860650205171
990053860750205171
990053861170205171
990053861200205171
990053861610205171
990053861740205171
990053861790205171
990053861870205171
990053862000205171
990053862020205171
990053862220205171
990053862300205171
990053862360205171
990053862600205171
990053862830205171
990053862910205171
990053862940205171
990053862980205171
990053862990205171
990053863030205171
990053863100205171
990053863110205171
990053863120205171
990053863230205171
990053863250205171
990053863260205171
990053863320205171
990053863350205171
990053863400205171
990053863550205171
990053863570205171
990053863580205171
990053863590205171
990053863600205171
990053863610205171
990053863620205171
990053863630205171
990053863640205171
990053863650205171
990053863660205171
990053863670205171
990053863680205171
990053863690205171
990053863700205171
990053863710205171
990053863720205171
990053863730205171
990053863740205171
990053863750205171
990053863760205171
990053863770205171
990053863780205171
990053863790205171
990053863800205171
990053863810205171
990053863820205171
990053863830205171
990053863840205171
990053863850205171
990053863860205171
990053863870205171
990053863880205171
990053863890205171
990053863900205171
990053863910205171
990053863920205171
990053863930205171
990053863940205171
990053863950205171
990053863960205171
990053863970205171
990053863980205171
990053863990205171
990053864000205171
990053864010205171
990053864020205171
990053864030205171
990053864040205171
990053864050205171
990053864060205171
990053864070205171
990053864080205171
990053864090205171
990053864100205171
990053864110205171
990053864120205171
990053864130205171
990053864140205171
990053864150205171
990053864160205171
990053864170205171
990053864180205171
990053864190205171
990053864200205171
990053864210205171
990053864220205171
990053864230205171
990053864240205171
990053864250205171
990053864260205171
990053864270205171
990053864280205171
990053864290205171
990053864300205171
990053864310205171
990053864320205171
990053864330205171
990053864340205171
990053864350205171
990053864360205171
990053864370205171
990053864380205171
990053864390205171
990053864400205171
990053864410205171
990053864420205171
990053864430205171
990053864440205171
990053864450205171
990053864460205171
990053864470205171
990053864480205171
990053864490205171
990053864500205171
990053864510205171
990053864520205171
990053864530205171
990053864540205171
990053864550205171
990053864560205171
990053864570205171
990053864580205171
990053864590205171
990053864600205171
990053864610205171
990053864620205171
990053864630205171
990053864640205171
990053864650205171
990053864660205171
990053864670205171
990053864680205171
990053864690205171
990053864700205171
990053864710205171
990053864720205171
990053864730205171
990053864740205171
990053864750205171
990053864760205171
990053864770205171
990053864780205171
990053864790205171
990053864800205171
990053864830205171
990053864840205171
990053864850205171
990053864860205171
990053864870205171
990053864880205171
990053864890205171
990053864900205171
990053864910205171
990053864920205171
990053864930205171
990053864940205171
990053864950205171
990053864960205171
990053864970205171
990053864980205171
990053864990205171
990053865000205171
990053865010205171
990053865020205171
990053865030205171
990053865040205171
990053865050205171
990053865060205171
990053865070205171
990053865080205171
990053865090205171
990053865100205171
990053865110205171
990053865120205171
990053865130205171
990053865140205171
990053865150205171
990053865160205171
990053865170205171
990053865180205171
990053865190205171
990053865200205171
990053865210205171
990053865220205171
990053865230205171
990053865240205171
990053865250205171
990053865260205171
990053865270205171
990053865280205171
990053865290205171
990053865300205171
990053865310205171
990053865320205171
990053865330205171
990053865340205171
990053865350205171
990053865360205171
990053865370205171
990053865380205171
990053865390205171
990053865400205171
990053865410205171
990053865420205171
990053865430205171
990053865440205171
990053865450205171
990053865460205171
990053865470205171
990053865480205171
990053865490205171
990053865500205171
990053866120205171
990053866360205171
990053866520205171
990053866650205171
990053866690205171
990053866720205171
990053866730205171
990053866750205171
990053866760205171
990053866780205171
990053866790205171
990053866800205171
990053866810205171
990053866820205171
990053866830205171
990053866850205171
990053866860205171
990053866890205171
990053866900205171
990053866910205171
990053866920205171
990053866930205171
990053866950205171
990053866960205171
990053866970205171
990053867010205171
990053867020205171
990053867030205171
990053867060205171
990053867080205171
990053867090205171
990053867110205171
990053867120205171
990053867130205171
990053867140205171
990053867160205171
990053867170205171
990053867190205171
990053867210205171
990053867240205171
990053867260205171
990053867290205171
990053867300205171
990053867310205171
990053867330205171
990053867340205171
990053867350205171
990053867550205171
990053867560205171
990053867570205171
990053867580205171
990053867590205171
990053867600205171
990053867610205171
990053867620205171
990053867630205171
990053867640205171
990053867650205171
990053867660205171
990053867670205171
990053867690205171
990053867700205171
990053867710205171
990053867720205171
990053867730205171
990053867740205171
990053867750205171
990053867760205171
990053867770205171
990053867790205171
990053867800205171
990053867810205171
990053867820205171
990053867830205171
990053867840205171
990053867850205171
990053867860205171
990053867870205171
990053867880205171
990053867890205171
990053867900205171
990053867910205171
990053867920205171
990053867930205171
990053867940205171
990053867960205171
990053867970205171
990053868000205171
990053868020205171
990053868030205171
990053868040205171
990053868060205171
990053868070205171
990053868090205171
990053868110205171
990053868120205171
990053868170205171
990053868190205171
990053868200205171
990053868210205171
990053868340205171
990053868680205171
990053869060205171
990053869120205171
990053869130205171
990053869140205171
990053869150205171
990053869160205171
990053869170205171
990053869180205171
990053869190205171
990053869200205171
990053869210205171
990053869220205171
990053869230205171
990053869240205171
990053869250205171
990053869260205171
990053869270205171
990053869280205171
990053869290205171
990053869300205171
990053869310205171
990053869320205171
990053869330205171
990053869340205171
990053869350205171
990053869360205171
990053869370205171
990053869380205171
990053869390205171
990053869400205171
990053869410205171
990053869420205171
990053869430205171
990053869440205171
990053869450205171
990053869460205171
990053869470205171
990053869480205171
990053869490205171
990053869500205171
990053869510205171
990053869520205171
990053869530205171
990053869540205171
990053869550205171
990053869560205171
990053869570205171
990053869580205171
990053869590205171
990053869600205171
990053869610205171
990053869620205171
990053869630205171
990053869640205171
990053869650205171
990053869660205171
990053869670205171
990053869680205171
990053869690205171
990053869700205171
990053869710205171
990053869720205171
990053869730205171
990053869740205171
990053869750205171
990053869760205171
990053869770205171
990053869780205171
990053869790205171
990053869800205171
990053869810205171
990053869820205171
990053869830205171
990053869840205171
990053869850205171
990053869860205171
990053869870205171
990053869880205171
990053869890205171
990053869900205171
990053869910205171
990053869920205171
990053869930205171
990053869940205171
990053869950205171
990053869960205171
990053869970205171
990053869980205171
990053869990205171
990053870000205171
990053870010205171
990053870020205171
990053870030205171
990053870040205171
990053870050205171
990053870060205171
990053870070205171
990053870080205171
990053870090205171
990053870100205171
990053870110205171
990053870120205171
990053870130205171
990053870140205171
990053870150205171
990053870160205171
990053870170205171
990053870180205171
990053870190205171
990053870200205171
990053870210205171
990053870220205171
990053870230205171
990053870240205171
990053870250205171
990053870260205171
990053870270205171
990053870280205171
990053870290205171
990053870300205171
990053870310205171
990053870320205171
990053870330205171
990053870350205171
990053870360205171
990053870370205171
990053870380205171
990053870390205171
990053870400205171
990053870410205171
990053870420205171
990053870430205171
990053870440205171
990053870450205171
990053870460205171
990053870470205171
990053870480205171
990053870500205171
990053870510205171
990053870520205171
990053870530205171
990053870540205171
990053870550205171
990053870560205171
990053870570205171
990053870580205171
990053870590205171
990053870600205171
990053870610205171
990053870620205171
990053870640205171
990053870650205171
990053870660205171
990053870670205171
990053870680205171
990053870690205171
990053870700205171
990053870710205171
990053870720205171
990053870730205171
990053870740205171
990053870750205171
990053870760205171
990053870770205171
990053870780205171
990053870790205171
990053870800205171
990053870810205171
990053870820205171
990053870830205171
990053870840205171
990053870850205171
990053870860205171
990053870870205171
990053870880205171
990053870890205171
990053870900205171
990053870910205171
990053870920205171
990053870930205171
990053870940205171
990053870950205171
990053870960205171
990053870970205171
990053870980205171
990053870990205171
990053871000205171
990053871010205171
990053871020205171
990053871030205171
990053871040205171
990053871050205171
990053871060205171
990053871070205171
990053871080205171
990053871090205171
990053871100205171
990053871110205171
990053871120205171
990053871130205171
990053871140205171
990053871150205171
990053871160205171
990053871170205171
990053871180205171
990053871200205171
990053871210205171
990053871220205171
990053871230205171
990053871240205171
990053871250205171
990053871260205171
990053871270205171
990053871280205171
990053871290205171
990053871300205171
990053871310205171
990053871320205171
990053871330205171
990053871340205171
990053871350205171
990053871360205171
990053871370205171
990053871380205171
990053871390205171
990053871400205171
990053871410205171
990053871420205171
990053871430205171
990053871440205171
990053871450205171
990053871460205171
990053871470205171
990053871480205171
990053871490205171
990053871500205171
990053871510205171
990053871520205171
990053871530205171
990053871540205171
990053871550205171
990053871560205171
990053871570205171
990053871580205171
990053871590205171
990053871600205171
990053871610205171
990053871620205171
990053871630205171
990053871640205171
990053871650205171
990053871660205171
990053871670205171
990053871680205171
990053871690205171
990053871700205171
990053871710205171
990053871720205171
990053871730205171
990053871740205171
990053871750205171
990053871760205171
990053871770205171
990053871780205171
990053871790205171
990053871800205171
990053871810205171
990053871820205171
990053871830205171
990053871840205171
990053871850205171
990053871860205171
990053871870205171
990053871880205171
990053871890205171
990053871900205171
990053871910205171
990053871920205171
990053871930205171
990053871940205171
990053871950205171
990053871960205171
990053871970205171
990053871980205171
990053871990205171
990053872000205171
990053872010205171
990053872020205171
990053872030205171
990053872040205171
990053872050205171
990053872060205171
990053872070205171
990053872080205171
990053872090205171
990053872100205171
990053872110205171
990053872120205171
990053872130205171
990053872140205171
990053872150205171
990053872160205171
990053872170205171
990053872180205171
990053872190205171
990053872200205171
990053872210205171
990053872220205171
990053872230205171
990053872240205171
990053872250205171
990053872260205171
990053872270205171
990053872280205171
990053872290205171
990053872300205171
990053872310205171
990053872320205171
990053872330205171
990053872340205171
990053872350205171
990053872360205171
990053872370205171
990053872380205171
990053872390205171
990053872400205171
990053872410205171
990053872420205171
990053872430205171
990053872440205171
990053872450205171
990053872460205171
990053872470205171
990053872480205171
990053872490205171
990053872500205171
990053872510205171
990053872520205171
990053872530205171
990053872540205171
990053872550205171
990053872560205171
990053872570205171
990053872580205171
990053872590205171
990053872600205171
990053872610205171
990053872620205171
990053872630205171
990053872640205171
990053872650205171
990053872660205171
990053872670205171
990053872680205171
990053872690205171
990053872700205171
990053872710205171
990053872720205171
990053872730205171
990053872740205171
990053872750205171
990053872760205171
990053872770205171
990053872780205171
990053872790205171
990053872800205171
990053872810205171
990053872820205171
990053872830205171
990053872840205171
990053872850205171
990053872860205171
990053872870205171
990053872880205171
990053872890205171
990053872900205171
990053872910205171
990053872920205171
990053872930205171
990053872940205171
990053872950205171
990053872960205171
990053872970205171
990053872980205171
990053872990205171
990053873000205171
990053873010205171
990053873020205171
990053873030205171
990053873040205171
990053873050205171
990053873060205171
990053873070205171
990053873080205171
990053873090205171
990053873100205171
990053873110205171
990053873120205171
990053873130205171
990053873140205171
990053873150205171
990053873160205171
990053873170205171
990053873180205171
990053873190205171
990053873200205171
990053873210205171
990053873220205171
990053873230205171
990053873240205171
990053873250205171
990053873260205171
990053873270205171
990053873280205171
990053873290205171
990053873300205171
990053873310205171
990053873320205171
990053873330205171
990053873340205171
990053873350205171
990053873360205171
990053873370205171
990053873380205171
990053873390205171
990053873400205171
990053873410205171
990053873420205171
990053873430205171
990053873440205171
990053873450205171
990053873460205171
990053873470205171
990053873480205171
990053873490205171
990053873500205171
990053873510205171
990053873520205171
990053873530205171
990053873540205171
990053873550205171
990053873560205171
990053873570205171
990053873580205171
990053873590205171
990053873600205171
990053873610205171
990053873620205171
990053873630205171
990053873640205171
990053873650205171
990053873660205171
990053873670205171
990053873680205171
990053873690205171
990053873700205171
990053873710205171
990053873720205171
990053873730205171
990053873740205171
990053873750205171
990053873760205171
990053873770205171
990053873780205171
990053873790205171
990053873800205171
990053873810205171
990053873820205171
990053873830205171
990053873840205171
990053873850205171
990053873860205171
990053873870205171
990053873880205171
990053873890205171
990053873900205171
990053873910205171
990053873920205171
990053873930205171
990053873940205171
990053873950205171
990053873960205171
990053873970205171
990053873980205171
990053873990205171
990053874000205171
990053874010205171
990053874020205171
990053874030205171
990053874040205171
990053874050205171
990053874060205171
990053874070205171
990053874080205171
990053874090205171
990053874100205171
990053874110205171
990053874120205171
990053874130205171
990053874140205171
990053874150205171
990053874160205171
990053874170205171
990053874180205171
990053874190205171
990053874200205171
990053874210205171
990053874220205171
990053874230205171
990053874240205171
990053874250205171
990053874260205171
990053874270205171
990053874280205171
990053874290205171
990053874300205171
990053874310205171
990053874320205171
990053874330205171
990053874340205171
990053874350205171
990053874360205171
990053874370205171
990053874380205171
990053874390205171
990053874400205171
990053874410205171
990053874420205171
990053874430205171
990053874440205171
990053874450205171
990053874460205171
990053874470205171
990053874480205171
990053874490205171
990053874500205171
990053874510205171
990053874520205171
990053874530205171
990053874540205171
990053874550205171
990053874560205171
990053874570205171
990053874580205171
990053874590205171
990053874600205171
990053874610205171
990053874620205171
990053874630205171
990053874640205171
990053874650205171
990053874660205171
990053874670205171
990053874680205171
990053874690205171
990053874700205171
990053874710205171
990053874720205171
990053874730205171
990053874740205171
990053874750205171
990053874760205171
990053874770205171
990053874780205171
990053874790205171
990053874800205171
990053874810205171
990053874820205171
990053874830205171
990053874840205171
990053874850205171
990053874860205171
990053874870205171
990053874880205171
990053874890205171
990053874900205171
990053874910205171
990053874920205171
990053874930205171
990053874940205171
990053874950205171
990053874960205171
990053874970205171
990053874980205171
990053874990205171
990053875000205171
990053875010205171
990053875020205171
990053875030205171
990053875040205171
990053875050205171
990053875060205171
990053875070205171
990053875080205171
990053875090205171
990053875100205171
990053875110205171
990053875120205171
990053875130205171
990053875140205171
990053875150205171
990053875160205171
990053875170205171
990053875180205171
990053875190205171
990053875200205171
990053875210205171
990053875220205171
990053875230205171
990053875240205171
990053875250205171
990053875260205171
990053875270205171
990053875280205171
990053875290205171
990053875300205171
990053875310205171
990053875320205171
990053875330205171
990053875340205171
990053875350205171
990053875360205171
990053875370205171
990053875380205171
990053875390205171
990053875400205171
990053875410205171
990053875420205171
990053875430205171
990053875440205171
990053875450205171
990053875460205171
990053875470205171
990053875480205171
990053875490205171
990053875500205171
990053875510205171
990053875520205171
990053875530205171
990053875540205171
990053875550205171
990053875560205171
990053875570205171
990053875580205171
990053875590205171
990053875600205171
990053875610205171
990053875620205171
990053875630205171
990053875640205171
990053875650205171
990053875660205171
990053875670205171
990053875680205171
990053875690205171
990053875700205171
990053875710205171
990053875720205171
990053875730205171
990053875740205171
990053875750205171
990053875760205171
990053875770205171
990053875780205171
990053875790205171
990053875800205171
990053875810205171
990053875820205171
990053875830205171
990053875840205171
990053875850205171
990053875860205171
990053875870205171
990053875880205171
990053875890205171
990053875900205171
990053875910205171
990053875920205171
990053875930205171
990053875940205171
990053875950205171
990053875960205171
990053875970205171
990053875980205171
990053875990205171
990053876000205171
990053876010205171
990053876020205171
990053876030205171
990053876040205171
990053876050205171
990053876060205171
990053876070205171
990053876080205171
990053876090205171
990053876100205171
990053876110205171
990053876120205171
990053876130205171
990053876140205171
990053876150205171
990053876160205171
990053876170205171
990053876180205171
990053876190205171
990053876200205171
990053876210205171
990053876220205171
990053876230205171
990053876240205171
990053876250205171
990053876260205171
990053876270205171
990053876280205171
990053876290205171
990053876300205171
990053876310205171
990053876320205171
990053876330205171
990053876340205171
990053876350205171
990053876360205171
990053876370205171
990053876380205171
990053876390205171
990053876400205171
990053876410205171
990053876420205171
990053876430205171
990053876440205171
990053876450205171
990053876460205171
990053876470205171
990053876480205171
990053876490205171
990053876500205171
990053876510205171
990053876520205171
990053876530205171
990053876540205171
990053876550205171
990053876560205171
990053876570205171
990053876580205171
990053876590205171
990053876600205171
990053876610205171
990053876620205171
990053876630205171
990053876640205171
990053876650205171
990053876660205171
990053876670205171
990053876680205171
990053876690205171
990053876700205171
990053876710205171
990053876720205171
990053876730205171
990053876740205171
990053876750205171
990053876760205171
990053876770205171
990053876780205171
990053876790205171
990053876800205171
990053876810205171
990053876820205171
990053876830205171
990053876840205171
990053876850205171
990053876860205171
990053876870205171
990053876880205171
990053876890205171
990053876900205171
990053876910205171
990053876920205171
990053876930205171
990053876940205171
990053876950205171
990053876960205171
990053876970205171
990053876980205171
990053876990205171
990053877000205171
990053877010205171
990053877020205171
990053877030205171
990053877040205171
990053877050205171
990053877060205171
990053877070205171
990053877080205171
990053877090205171
990053877100205171
990053877110205171
990053877120205171
990053877130205171
990053877140205171
990053877150205171
990053877160205171
990053877170205171
990053877180205171
990053877190205171
990053877200205171
990053877210205171
990053877220205171
990053877230205171
990053877240205171
990053877250205171
990053877260205171
990053877270205171
990053877280205171
990053877290205171
990053877300205171
990053877310205171
990053877320205171
990053877330205171
990053877340205171
990053877350205171
990053877360205171
990053877370205171
990053877380205171
990053877390205171
990053877400205171
990053877410205171
990053877420205171
990053877430205171
990053877440205171
990053877450205171
990053877460205171
990053877470205171
990053877480205171
990053877490205171
990053877500205171
990053877510205171
990053877520205171
990053877530205171
990053877540205171
990053877550205171
990053877560205171
990053877570205171
990053877580205171
990053877590205171
990053877600205171
990053877610205171
990053877620205171
990053877630205171
990053877640205171
990053877650205171
990053877660205171
990053877670205171
990053877680205171
990053877690205171
990053877700205171
990053877710205171
990053877720205171
990053877730205171
990053877740205171
990053877750205171
990053877760205171
990053877770205171
990053877780205171
990053877790205171
990053877800205171
990053877810205171
990053877820205171
990053877830205171
990053877840205171
990053877850205171
990053877860205171
990053877870205171
990053877880205171
990053877890205171
990053877900205171
990053877910205171
990053877920205171
990053877930205171
990053877940205171
990053877950205171
990053877960205171
990053877970205171
990053877980205171
990053877990205171
990053878000205171
990053878010205171
990053878020205171
990053878030205171
990053878040205171
990053878050205171
990053878060205171
990053878070205171
990053878080205171
990053878090205171
990053878100205171
990053878110205171
990053878120205171
990053878130205171
990053878140205171
990053878150205171
990053878160205171
990053878170205171
990053878180205171
990053878190205171
990053878200205171
990053878210205171
990053878220205171
990053878230205171
990053878240205171
990053878250205171
990053878260205171
990053878270205171
990053878280205171
990053878290205171
990053878300205171
990053878310205171
990053878320205171
990053878330205171
990053878340205171
990053878350205171
990053878360205171
990053878370205171
990053878380205171
990053878390205171
990053878400205171
990053878410205171
990053878420205171
990053878430205171
990053878440205171
990053878450205171
990053878460205171
990053878470205171
990053878480205171
990053878490205171
990053878500205171
990053878510205171
990053878520205171
990053878530205171
990053878540205171
990053878550205171
990053878560205171
990053878570205171
990053878580205171
990053878590205171
990053878600205171
990053878610205171
990053878620205171
990053878630205171
990053878640205171
990053878650205171
990053878660205171
990053878670205171
990053878680205171
990053878690205171
990053878700205171
990053878710205171
990053878720205171
990053878730205171
990053878740205171
990053878750205171
990053878760205171
990053878770205171
990053878780205171
990053878790205171
990053878800205171
990053878810205171
990053878820205171
990053878830205171
990053878840205171
990053878850205171
990053878860205171
990053878870205171
990053878880205171
990053878890205171
990053878900205171
990053878910205171
990053878920205171
990053878930205171
990053878940205171
990053878950205171
990053878960205171
990053878970205171
990053878980205171
990053878990205171
990053879000205171
990053879010205171
990053879020205171
990053879030205171
990053879040205171
990053879050205171
990053879060205171
990053879070205171
990053879080205171
990053879090205171
990053879100205171
990053879110205171
990053879120205171
990053879130205171
990053879140205171
990053879150205171
990053879160205171
990053879170205171
990053879180205171
990053879190205171
990053879200205171
990053879210205171
990053879220205171
990053879230205171
990053879240205171
990053879250205171
990053879260205171
990053879270205171
990053879280205171
990053879290205171
990053879300205171
990053879310205171
990053879320205171
990053879330205171
990053879340205171
990053879350205171
990053879360205171
990053879370205171
990053879380205171
990053879390205171
990053879400205171
990053879410205171
990053879420205171
990053879430205171
990053879440205171
990053879450205171
990053879460205171
990053879470205171
990053879480205171
990053879490205171
990053879500205171
990053879510205171
990053879520205171
990053879530205171
990053879540205171
990053879550205171
990053879560205171
990053879570205171
990053879580205171
990053879590205171
990053879600205171
990053879610205171
990053879620205171
990053879630205171
990053879640205171
990053879650205171
990053879660205171
990053879670205171
990053879680205171
990053879690205171
990053879700205171
990053879710205171
990053879720205171
990053879730205171
990053879740205171
990053879750205171
990053879760205171
990053879770205171
990053879780205171
990053879790205171
990053879800205171
990053879810205171
990053879820205171
990053879830205171
990053879840205171
990053879850205171
990053879860205171
990053879870205171
990053879880205171
990053879890205171
990053879900205171
990053879910205171
990053879920205171
990053879930205171
990053879940205171
990053879950205171
990053879960205171
990053879970205171
990053879980205171
990053879990205171
990053880000205171
990053880010205171
990053880020205171
990053880030205171
990053880040205171
990053880050205171
990053880060205171
990053880070205171
990053880080205171
990053880090205171
990053880100205171
990053880120205171
990053880130205171
990053880160205171
990053880170205171
990053880260205171
990053880440205171
990053880450205171
990053880520205171
990053880550205171
990053880680205171
990053880710205171
990053880850205171
990053880920205171
990053881010205171
990053881020205171
990053881100205171
990053881140205171
990053881150205171
990053881160205171
990053881220205171
990053881230205171
990053881280205171
990053881290205171
990053881300205171
990053881340205171
990053881410205171
990053881420205171
990053881430205171
990053881440205171
990053881450205171
990053881460205171
990053881480205171
990053881510205171
990053881520205171
990053881530205171
990053881540205171
990053881550205171
990053881570205171
990053881650205171
990053881890205171
990053881900205171
990053881910205171
990053881920205171
990053881930205171
990053881940205171
990053881950205171
990053881960205171
990053881970205171
990053881980205171
990053881990205171
990053882000205171
990053882010205171
990053882020205171
990053882030205171
990053882040205171
990053882050205171
990053882060205171
990053882080205171
990053882090205171
990053882100205171
990053882110205171
990053882120205171
990053882130205171
990053882140205171
990053882150205171
990053882160205171
990053882170205171
990053882180205171
990053882190205171
990053882200205171
990053882210205171
990053882220205171
990053882230205171
990053882240205171
990053882250205171
990053882260205171
990053882270205171
990053882280205171
990053882290205171
990053882300205171
990053882310205171
990053887860205171
990053889140205171
990053890380205171
990053890390205171
990053898000205171
990053899950205171
990053900210205171
990053900270205171
990053901810205171
990053907620205171
990053923060205171
990053923070205171
990053923400205171
990053923910205171
990053923960205171
990053923970205171
990053923980205171
990053924260205171
990053924270205171
990053924350205171
990053924360205171
990053924370205171
990053924410205171
990053924450205171
990053924550205171
990053924930205171
990053925060205171
990053925100205171
990053925120205171
990053925320205171
990053925750205171
990053926080205171
990053926410205171
990053926710205171
990053926720205171
990053926730205171
990053926780205171
990053926860205171
990053927130205171
990053927140205171
990053927360205171
990053927420205171
990053927600205171
990053927670205171
990053928050205171
990053928060205171
990053928090205171
990053928170205171
990053928380205171
990053928450205171
990053928580205171
990053928730205171
990053928780205171
990053928790205171
990053928810205171
990053928830205171
990053928840205171
990053928860205171
990053928900205171
990053928920205171
990053928990205171
990053929000205171
990053929010205171
990053929020205171
990053929040205171
990053929060205171
990053929070205171
990053929100205171
990053929120205171
990053929130205171
990053929140205171
990053929150205171
990053929190205171
990053929270205171
990053929360205171
990053929380205171
990053929460205171
990053929560205171
990053929610205171
990053929930205171
990053930110205171
990053930210205171
990053930250205171
990053930540205171
990053930630205171
990053930690205171
990053930720205171
990053930890205171
990053930910205171
990053930920205171
990053931360205171
990053931790205171
990053932220205171
990053932330205171
990053932360205171
990053932710205171
990053932730205171
990053932860205171
990053933140205171
990053933320205171
990053933350205171
990053933570205171
990053933590205171
990053933860205171
990053933930205171
990053934370205171
990053934380205171
990053934620205171
990053934830205171
990053935080205171
990053935090205171
990053935430205171
990053936090205171
990053936150205171
990053936200205171
990053936240205171
990053936290205171
990053936590205171
990053936730205171
990053936870205171
990053936910205171
990053936930205171
990053936940205171
990053937040205171
990053937130205171
990053937140205171
990053937160205171
990053937320205171
990053937710205171
990053937720205171
990053937750205171
990053937780205171
990053937810205171
990053937830205171
990053937840205171
990053937850205171
990053937860205171
990053937870205171
990053937880205171
990053937890205171
990053937900205171
990053937910205171
990053937940205171
990053937950205171
990053937960205171
990053937970205171
990053937980205171
990053937990205171
990053938000205171
990053938010205171
990053938020205171
990053938030205171
990053938040205171
990053938050205171
990053938060205171
990053938070205171
990053938080205171
990053938090205171
990053938100205171
990053938110205171
990053938120205171
990053938130205171
990053938140205171
990053938150205171
990053938160205171
990053938170205171
990053938180205171
990053938190205171
990053938490205171
990053938500205171
990053938510205171
990053938520205171
990053938530205171
990053938540205171
990053938550205171
990053938560205171
990053938570205171
990053938580205171
990053938590205171
990053938600205171
990053938610205171
990053938620205171
990053938630205171
990053938640205171
990053938650205171
990053938660205171
990053938670205171
990053938680205171
990053938690205171
990053938700205171
990053938710205171
990053938720205171
990053938730205171
990053938740205171
990053938750205171
990053938760205171
990053938770205171
990053938780205171
990053938790205171
990053938800205171
990053938810205171
990053938820205171
990053938830205171
990053938840205171
990053938850205171
990053938860205171
990053938870205171
990053938880205171
990053938890205171
990053938900205171
990053938910205171
990053938920205171
990053938930205171
990053938940205171
990053938950205171
990053938960205171
990053938970205171
990053938980205171
990053938990205171
990053939000205171
990053939010205171
990053939020205171
990053939030205171
990053939040205171
990053939050205171
990053939060205171
990053939070205171
990053939080205171
990053939090205171
990053939100205171
990053939110205171
990053939120205171
990053939130205171
990053939150205171
990053939320205171
990053939330205171
990053939340205171
990053939350205171
990053939360205171
990053939370205171
990053939380205171
990053939390205171
990053939400205171
990053939410205171
990053939420205171
990053939430205171
990053939440205171
990053939450205171
990053939460205171
990053939470205171
990053939480205171
990053939490205171
990053939500205171
990053939510205171
990053939520205171
990053939530205171
990053939540205171
990053939550205171
990053939560205171
990053939570205171
990053939580205171
990053939590205171
990053939600205171
990053939610205171
990053939620205171
990053939630205171
990053939640205171
990053939650205171
990053939660205171
990053939670205171
990053939680205171
990053939690205171
990053939700205171
990053939710205171
990053939720205171
990053939730205171
990053939740205171
990053939750205171
990053939760205171
990053939770205171
990053939780205171
990053939790205171
990053939800205171
990053939810205171
990053939820205171
990053939830205171
990053939840205171
990053939850205171
990053939860205171
990053939870205171
990053939880205171
990053939890205171
990053939900205171
990053939910205171
990053939920205171
990053939930205171
990053939940205171
990053939950205171
990053939960205171
990053939970205171
990053939980205171
990053939990205171
990053940000205171
990053940010205171
990053940020205171
990053940030205171
990053940040205171
990053940050205171
990053940060205171
990053940070205171
990053940340205171
990053940380205171
990053940710205171
990053942090205171
990053942420205171
990053942470205171
990053942490205171
990053942930205171
990053942940205171
990053942960205171
990053942970205171
990053942990205171
990053943000205171
990053943010205171
990053943020205171
990053943040205171
990053943050205171
990053943070205171
990053943130205171
990053943140205171
990053943190205171
990053943200205171
990053943290205171
990053943370205171
990053943380205171
990053943510205171
990053943520205171
990053943530205171
990053943540205171
990053943550205171
990053943560205171
990053943570205171
990053943580205171
990053943590205171
990053943600205171
990053943610205171
990053943620205171
990053943640205171
990053943650205171
990053943660205171
990053943670205171
990053943680205171
990053943690205171
990053943700205171
990053943710205171
990053943720205171
990053943730205171
990053943740205171
990053943760205171
990053943770205171
990053943780205171
990053943790205171
990053943800205171
990053943810205171
990053943820205171
990053943830205171
990053943840205171
990053943850205171
990053943860205171
990053943870205171
990053943880205171
990053943940205171
990053943950205171
990053943980205171
990053944040205171
990053944050205171
990053944060205171
990053944070205171
990053944110205171
990053944240205171
990053944270205171
990053944330205171
990053944410205171
990053944490205171
990053944500205171
990053944600205171
990053944610205171
990053944620205171
990053944630205171
990053944650205171
990053944690205171
990053944700205171
990053944750205171
990053944790205171
990053944800205171
990053944910205171
990053944990205171
990053945050205171
990053945180205171
990053945220205171
990053945240205171
990053945260205171
990053945280205171
990053945310205171
990053945330205171
990053945360205171
990053945390205171
990053945400205171
990053945430205171
990053945510205171
990053945520205171
990053945560205171
990053945570205171
990053945600205171
990053945660205171
990053945670205171
990053945700205171
990053945740205171
990053945750205171
990053945800205171
990053945830205171
990053945870205171
990053945900205171
990053945910205171
990053945970205171
990053946070205171
990053946080205171
990053946090205171
990053946100205171
990053946110205171
990053946120205171
990053946130205171
990053946140205171
990053946150205171
990053946160205171
990053946170205171
990053946180205171
990053946190205171
990053946200205171
990053946210205171
990053946220205171
990053946230205171
990053946240205171
990053946250205171
990053946260205171
990053946270205171
990053946280205171
990053946290205171
990053946300205171
990053946320205171
990053946330205171
990053946340205171
990053946350205171
990053946360205171
990053946370205171
990053946400205171
990053946410205171
990053946470205171
990053946520205171
990053946590205171
990053946600205171
990053946610205171
990053946830205171
990053947070205171
990053947460205171
990053947740205171
990053947770205171
990053947910205171
990053947930205171
990053947950205171
990053947990205171
990053948590205171
990053949460205171
990053949470205171
990053949770205171
990053950120205171
990053951300205171
990053951320205171
990053951420205171
990053951470205171
990053951890205171
990053951900205171
990053952400205171
990053952710205171
990053953410205171
990053953650205171
990053953660205171
990053953980205171
990053954040205171
990053954050205171
990053956250205171
990053956270205171
990053956290205171
990053956300205171
990053956310205171
990053956330205171
990053956370205171
990053956410205171
990053956420205171
990053956440205171
990053956520205171
990053956560205171
990053956730205171
990053956880205171
990053957710205171
990053958020205171
990053958360205171
990053958620205171
990053958840205171
990053958870205171
990053959120205171
990053959160205171
990053959190205171
990053959330205171
990053959340205171
990053959370205171
990053959400205171
990053959870205171
990053960020205171
990053960070205171
990053960120205171
990053960130205171
990053960180205171
990053960190205171
990053960200205171
990053960210205171
990053960220205171
990053960230205171
990053960240205171
990053960250205171
990053960260205171
990053960270205171
990053960280205171
990053960290205171
990053960300205171
990053960310205171
990053960320205171
990053960330205171
990053960340205171
990053960350205171
990053960360205171
990053960370205171
990053960380205171
990053960390205171
990053960400205171
990053960410205171
990053960420205171
990053960430205171
990053960440205171
990053960450205171
990053960460205171
990053960470205171
990053960480205171
990053960490205171
990053960500205171
990053960510205171
990053960520205171
990053960530205171
990053960540205171
990053960550205171
990053960560205171
990053960570205171
990053960580205171
990053960590205171
990053960600205171
990053960610205171
990053960620205171
990053960630205171
990053960640205171
990053960650205171
990053960660205171
990053960670205171
990053960680205171
990053960690205171
990053960700205171
990053960710205171
990053960720205171
990053960730205171
990053960740205171
990053960750205171
990053960760205171
990053960770205171
990053960780205171
990053960790205171
990053960800205171
990053960810205171
990053960820205171
990053960830205171
990053960840205171
990053960850205171
990053960860205171
990053960870205171
990053960880205171
990053960890205171
990053960900205171
990053960910205171
990053960920205171
990053960930205171
990053960940205171
990053960950205171
990053960960205171
990053960970205171
990053960980205171
990053960990205171
990053961000205171
990053961010205171
990053961020205171
990053961030205171
990053961040205171
990053961050205171
990053961060205171
990053961070205171
990053961080205171
990053961090205171
990053961100205171
990053961110205171
990053961120205171
990053961130205171
990053961140205171
990053961150205171
990053961160205171
990053961170205171
990053961180205171
990053961430205171
990053961440205171
990053961450205171
990053961460205171
990053961470205171
990053961480205171
990053961490205171
990053961500205171
990053961510205171
990053961530205171
990053961540205171
990053961550205171
990053961560205171
990053961570205171
990053961580205171
990053961590205171
990053961600205171
990053961610205171
990053961620205171
990053961630205171
990053961640205171
990053961650205171
990053961660205171
990053961670205171
990053961680205171
990053961690205171
990053961700205171
990053961710205171
990053961720205171
990053961730205171
990053961740205171
990053961750205171
990053961760205171
990053961770205171
990053961780205171
990053961790205171
990053961800205171
990053961810205171
990053961830205171
990053961940205171
990053962030205171
990053962840205171
990053963020205171
990053963070205171
990053963200205171
990053963570205171
990053963580205171
990053963600205171
990053963730205171
990053963740205171
990053963750205171
990053963760205171
990053964840205171
990053965280205171
990053965310205171
990053965470205171
990053965490205171
990053965500205171
990053965710205171
990053965720205171
990053965730205171
990053965740205171
990053965750205171
990053965760205171
990053965770205171
990053965780205171
990053965790205171
990053965800205171
990053965810205171
990053965820205171
990053965830205171
990053965840205171
990053965850205171
990053965860205171
990053965870205171
990053965880205171
990053965890205171
990053965900205171
990053965910205171
990053965920205171
990053965930205171
990053965940205171
990053965950205171
990053965960205171
990053965970205171
990053965980205171
990053965990205171
990053966000205171
990053966010205171
990053966020205171
990053966030205171
990053966040205171
990053966050205171
990053966060205171
990053974380205171
990053984230205171
990055552630205171
990055552980205171
990055553170205171
990055559990205171
990055565820205171
990055565940205171
990055566020205171
990055567380205171
990055568020205171
990055570160205171
990055570250205171
990055579040205171
990055619620205171
990055620200205171
990055620210205171
990055620220205171
990055620230205171
990055620240205171
990055620250205171
990055620260205171
990055620270205171
990055620280205171
990055620290205171
990055620300205171
990055620310205171
990055620320205171
990055620330205171
990055620340205171
990055620350205171
990055620360205171
990055620370205171
990055620380205171
990055620390205171
990055620400205171
990055620410205171
990055620420205171
990055620430205171
990055620440205171
990055620450205171
990055620460205171
990055620470205171
990055620480205171
990055620490205171
990055620600205171
990055620610205171
990055620620205171
990055620630205171
990055620640205171
990055620670205171
990055620680205171
990055620700205171
990055620710205171
990055620720205171
990055620730205171
990055620740205171
990055620750205171
990055620760205171
990055620770205171
990055620830205171
990055620840205171
990055620850205171
990055620860205171
990055620870205171
990055620880205171
990055620890205171
990055620900205171
990055620910205171
990055620950205171
990055620960205171
990055620970205171
990055620980205171
990055620990205171
990055621000205171
990055621010205171
990055621020205171
990055621030205171
990055621040205171
990055621050205171
990055621060205171
990055621160205171
990055621240205171
990055621250205171
990055621260205171
990055621270205171
990055621280205171
990055621290205171
990055621300205171
990055621310205171
990055621320205171
990055621330205171
990055621340205171
990055621350205171
990055621360205171
990055621370205171
990055621380205171
990055621390205171
990055621400205171
990055621410205171
990055621420205171
990055621430205171
990055621440205171
990055621450205171
990055621460205171
990055621470205171
990055621480205171
990055621490205171
990055621500205171
990055621510205171
990055621520205171
990055621530205171
990055621540205171
990055621550205171
990055621560205171
990055621570205171
990055621580205171
990055621590205171
990055621600205171
990055621610205171
990055621620205171
990055621630205171
990055621640205171
990055621650205171
990055621660205171
990055621670205171
990055621680205171
990055621690205171
990055621700205171
990055621710205171
990055621720205171
990055621730205171
990055621740205171
990055621750205171
990055621760205171
990055621770205171
990055621780205171
990055621790205171
990055621800205171
990055621810205171
990055621820205171
990055621830205171
990055621840205171
990055621850205171
990055621860205171
990055621870205171
990055621880205171
990055621890205171
990055621900205171
990055621910205171
990055621920205171
990055621930205171
990055621940205171
990055621950205171
990055621960205171
990055621970205171
990055621980205171
990055621990205171
990055622000205171
990055622040205171
990055622050205171
990055622060205171
990055622070205171
990055622080205171
990055622090205171
990055622100205171
990055622110205171
990055622120205171
990055622130205171
990055622140205171
990055622150205171
990055622160205171
990055622170205171
990055622180205171
990055622190205171
990055622200205171
990055622210205171
990055622220205171
990055622230205171
990055622240205171
997008209190005171
997008520988305171
997008520988505171
997008523588405171
997008707137505171
997008707152505171
997008707152905171
997008738478705171
997008739656705171
997008739656805171
997008739656905171
997008739657005171
997008739660205171
997008739660505171
997008739661905171
997008739663605171
997008739664105171
997008739664305171
997008739664405171
997008739666005171
997008739772005171
997008739772605171
997008739772705171
997008739772805171
997008739772905171
997008739773005171
997008739773105171
997008739773205171
997008739773305171
997008739773405171
997008739773505171
997008739773605171
997008739773705171
997008739773805171
997008739773905171
997008739774005171
997008739774105171
997008739774805171
997008739775005171
997008739775205171
997008739775305171
997008739775405171
997008739775505171
997008739775605171
997008739775705171
997008739775805171
997008739775905171
997008739776505171
997008739776605171
997008816873105171
997008816879005171
