cudl_label,manifest_url,normalized_shelfmark
MS-MOSSERI-I-00001,http://cudl.lib.cam.ac.uk/iiif/MS-MOSSERI-I-00001,mosserii1
MS-MOSSERI-I-00002,http://cudl.lib.cam.ac.uk/iiif/MS-MOSSERI-I-00002,mosserii2
MS-MOSSERI-I-00003-00001,http://cudl.lib.cam.ac.uk/iiif/MS-MOSSERI-I-00003-00001,mosserii3.1
MS-MOSSERI-I-00003-00002,http://cudl.lib.cam.ac.uk/iiif/MS-MOSSERI-I-00003-00002,mosserii3.2
MS-MOSSERI-I-00004,http://cudl.lib.cam.ac.uk/iiif/MS-MOSSERI-I-00004,mosserii4
MS-MOSSERI-I-00005-00001,http://cudl.lib.cam.ac.uk/iiif/MS-MOSSERI-I-00005-00001,mosserii5.1
MS-MOSSERI-I-00005-00002,http://cudl.lib.cam.ac.uk/iiif/MS-MOSSERI-I-00005-00002,mosserii5.2
MS-MOSSERI-I-00006-00001,http://cudl.lib.cam.ac.uk/iiif/MS-MOSSERI-I-00006-00001,mosserii6.1
MS-MOSSERI-I-00006-00002,http://cudl.lib.cam.ac.uk/iiif/MS-MOSSERI-I-00006-00002,mosserii6.2
MS-MOSSERI-I-00007,http://cudl.lib.cam.ac.uk/iiif/MS-MOSSERI-I-00007,mosserii7
MS-MOSSERI-I-00008-00001,http://cudl.lib.cam.ac.uk/iiif/MS-MOSSERI-I-00008-00001,mosserii8.1
MS-MOSSERI-I-00008-00002,http://cudl.lib.cam.ac.uk/iiif/MS-MOSSERI-I-00008-00002,mosserii8.2
MS-MOSSERI-I-00009-00001,http://cudl.lib.cam.ac.uk/iiif/MS-MOSSERI-I-00009-00001,mosserii9.1
MS-MOSSERI-I-00009-00002,http://cudl.lib.cam.ac.uk/iiif/MS-MOSSERI-I-00009-00002,mosserii9.2
MS-MOSSERI-I-00009-00003,http://cudl.lib.cam.ac.uk/iiif/MS-MOSSERI-I-00009-00003,mosserii9.3
MS-MOSSERI-I-00010-00001,http://cudl.lib.cam.ac.uk/iiif/MS-MOSSERI-I-00010-00001,mosserii10.1
MS-MOSSERI-I-00010-00002,http://cudl.lib.cam.ac.uk/iiif/MS-MOSSERI-I-00010-00002,mosserii10.2
MS-MOSSERI-I-00011-00001,http://cudl.lib.cam.ac.uk/iiif/MS-MOSSERI-I-00011-00001,mosserii11.1
MS-MOSSERI-I-00011-00002,http://cudl.lib.cam.ac.uk/iiif/MS-MOSSERI-I-00011-00002,mosserii11.2
MS-MOSSERI-I-00012-00001,http://cudl.lib.cam.ac.uk/iiif/MS-MOSSERI-I-00012-00001,mosserii12.1
MS-MOSSERI-I-00012-00002,http://cudl.lib.cam.ac.uk/iiif/MS-MOSSERI-I-00012-00002,mosserii12.2
MS-MOSSERI-I-00013-00001,http://cudl.lib.cam.ac.uk/iiif/MS-MOSSERI-I-00013-00001,mosserii13.1
MS-MOSSERI-I-00013-00002,http://cudl.lib.cam.ac.uk/iiif/MS-MOSSERI-I-00013-00002,mosserii13.2
MS-MOSSERI-I-00014,http://cudl.lib.cam.ac.uk/iiif/MS-MOSSERI-I-00014,mosserii14
MS-MOSSERI-I-00015,http://cudl.lib.cam.ac.uk/iiif/MS-MOSSERI-I-00015,mosserii15
MS-MOSSERI-I-00016,http://cudl.lib.cam.ac.uk/iiif/MS-MOSSERI-I-00016,mosserii16
MS-MOSSERI-I-00017-00001,http://cudl.lib.cam.ac.uk/iiif/MS-MOSSERI-I-00017-00001,mosserii17.1
MS-MOSSERI-I-00017-00002,http://cudl.lib.cam.ac.uk/iiif/MS-MOSSERI-I-00017-00002,mosserii17.2
MS-MOSSERI-I-00018-00001,http://cudl.lib.cam.ac.uk/iiif/MS-MOSSERI-I-00018-00001,mosserii18.1
MS-MOSSERI-I-00018-00002,http://cudl.lib.cam.ac.uk/iiif/MS-MOSSERI-I-00018-00002,mosserii18.2
MS-MOSSERI-I-00018-00003,http://cudl.lib.cam.ac.uk/iiif/MS-MOSSERI-I-00018-00003,mosserii18.3
MS-MOSSERI-I-00019-00001,http://cudl.lib.cam.ac.uk/iiif/MS-MOSSERI-I-00019-00001,mosserii19.1
MS-MOSSERI-I-00019-00002,http://cudl.lib.cam.ac.uk/iiif/MS-MOSSERI-I-00019-00002,mosserii19.2
MS-MOSSERI-I-00020-00001,http://cudl.lib.cam.ac.uk/iiif/MS-MOSSERI-I-00020-00001,mosserii20.1
MS-MOSSERI-I-00020-00002,http://cudl.lib.cam.ac.uk/iiif/MS-MOSSERI-I-00020-00002,mosserii20.2
MS-MOSSERI-I-00021-00001,http://cudl.lib.cam.ac.uk/iiif/MS-MOSSERI-I-00021-00001,mosserii21.1
MS-MOSSERI-I-00021-00002,http://cudl.lib.cam.ac.uk/iiif/MS-MOSSERI-I-00021-00002,mosserii21.2
MS-MOSSERI-I-00021-00003,http://cudl.lib.cam.ac.uk/iiif/MS-MOSSERI-I-00021-00003,mosserii21.3
MS-MOSSERI-I-00022-00001,http://cudl.lib.cam.ac.uk/iiif/MS-MOSSERI-I-00022-00001,mosserii22.1
MS-MOSSERI-I-00022-00002,http://cudl.lib.cam.ac.uk/iiif/MS-MOSSERI-I-00022-00002,mosserii22.2
MS-MOSSERI-I-00023-00001,http://cudl.lib.cam.ac.uk/iiif/MS-MOSSERI-I-00023-00001,mosserii23.1
MS-MOSSERI-I-00023-00002,http://cudl.lib.cam.ac.uk/iiif/MS-MOSSERI-I-00023-00002,mosserii23.2
MS-MOSSERI-I-00024,http://cudl.lib.cam.ac.uk/iiif/MS-MOSSERI-I-00024,mosserii24
MS-MOSSERI-I-00025,http://cudl.lib.cam.ac.uk/iiif/MS-MOSSERI-I-00025,mosserii25
MS-MOSSERI-I-00026-00001,http://cudl.lib.cam.ac.uk/iiif/MS-MOSSERI-I-00026-00001,mosserii26.1
MS-MOSSERI-I-00026-00002,http://cudl.lib.cam.ac.uk/iiif/MS-MOSSERI-I-00026-00002,mosserii26.2
MS-MOSSERI-I-00026-00003,http://cudl.lib.cam.ac.uk/iiif/MS-MOSSERI-I-00026-00003,mosserii26.3
MS-MOSSERI-I-00027-00001,http://cudl.lib.cam.ac.uk/iiif/MS-MOSSERI-I-00027-00001,mosserii27.1
MS-MOSSERI-I-00027-00002,http://cudl.lib.cam.ac.uk/iiif/MS-MOSSERI-I-00027-00002,mosserii27.2
MS-MOSSERI-I-00027-00003,http://cudl.lib.cam.ac.uk/iiif/MS-MOSSERI-I-00027-00003,mosserii27.3
MS-MOSSERI-I-00027-00004,http://cudl.lib.cam.ac.uk/iiif/MS-MOSSERI-I-00027-00004,mosserii27.4
MS-MOSSERI-I-00028-00001,http://cudl.lib.cam.ac.uk/iiif/MS-MOSSERI-I-00028-00001,mosserii28.1
MS-MOSSERI-I-00028-00002,http://cudl.lib.cam.ac.uk/iiif/MS-MOSSERI-I-00028-00002,mosserii28.2
MS-MOSSERI-I-00029,http://cudl.lib.cam.ac.uk/iiif/MS-MOSSERI-I-00029,mosserii29
MS-MOSSERI-I-00030-00001,http://cudl.lib.cam.ac.uk/iiif/MS-MOSSERI-I-00030-00001,mosserii30.1
MS-MOSSERI-I-00030-00002,http://cudl.lib.cam.ac.uk/iiif/MS-MOSSERI-I-00030-00002,mosserii30.2
MS-MOSSERI-I-00031-00001,http://cudl.lib.cam.ac.uk/iiif/MS-MOSSERI-I-00031-00001,mosserii31.1
MS-MOSSERI-I-00031-00002,http://cudl.lib.cam.ac.uk/iiif/MS-MOSSERI-I-00031-00002,mosserii31.2
MS-MOSSERI-I-00032-00001,http://cudl.lib.cam.ac.uk/iiif/MS-MOSSERI-I-00032-00001,mosserii32.1
MS-MOSSERI-I-00032-00002,http://cudl.lib.cam.ac.uk/iiif/MS-MOSSERI-I-00032-00002,mosserii32.2
MS-MOSSERI-I-00033-00001,http://cudl.lib.cam.ac.uk/iiif/MS-MOSSERI-I-00033-00001,mosserii33.1
MS-MOSSERI-I-00033-00002,http://cudl.lib.cam.ac.uk/iiif/MS-MOSSERI-I-00033-00002,mosserii33.2
MS-MOSSERI-I-00033-00003,http://cudl.lib.cam.ac.uk/iiif/MS-MOSSERI-I-00033-00003,mosserii33.3
MS-MOSSERI-I-00033-00004,http://cudl.lib.cam.ac.uk/iiif/MS-MOSSERI-I-00033-00004,mosserii33.4
MS-MOSSERI-I-00033-00005,http://cudl.lib.cam.ac.uk/iiif/MS-MOSSERI-I-00033-00005,mosserii33.5
MS-MOSSERI-I-00033-00006,http://cudl.lib.cam.ac.uk/iiif/MS-MOSSERI-I-00033-00006,mosserii33.6
MS-MOSSERI-I-00034,http://cudl.lib.cam.ac.uk/iiif/MS-MOSSERI-I-00034,mosserii34
MS-MOSSERI-I-00035,http://cudl.lib.cam.ac.uk/iiif/MS-MOSSERI-I-00035,mosserii35
MS-MOSSERI-I-00036,http://cudl.lib.cam.ac.uk/iiif/MS-MOSSERI-I-00036,mosserii36
MS-MOSSERI-I-00037,http://cudl.lib.cam.ac.uk/iiif/MS-MOSSERI-I-00037,mosserii37
MS-MOSSERI-I-00038,http://cudl.lib.cam.ac.uk/iiif/MS-MOSSERI-I-00038,mosserii38
MS-MOSSERI-I-00039-00001-A,http://cudl.lib.cam.ac.uk/iiif/MS-MOSSERI-I-00039-00001-A,mosserii39.1a
MS-MOSSERI-I-00039-00001-B,http://cudl.lib.cam.ac.uk/iiif/MS-MOSSERI-I-00039-00001-B,mosserii39.1b
MS-MOSSERI-I-00039-00002,http://cudl.lib.cam.ac.uk/iiif/MS-MOSSERI-I-00039-00002,mosserii39.2
MS-MOSSERI-I-00039-00003-A,http://cudl.lib.cam.ac.uk/iiif/MS-MOSSERI-I-00039-00003-A,mosserii39.3a
MS-MOSSERI-I-00039-00003-B,http://cudl.lib.cam.ac.uk/iiif/MS-MOSSERI-I-00039-00003-B,mosserii39.3b
MS-MOSSERI-I-00039-00004,http://cudl.lib.cam.ac.uk/iiif/MS-MOSSERI-I-00039-00004,mosserii39.4
MS-MOSSERI-I-00040,http://cudl.lib.cam.ac.uk/iiif/MS-MOSSERI-I-00040,mosserii40
MS-MOSSERI-I-00041-00001,http://cudl.lib.cam.ac.uk/iiif/MS-MOSSERI-I-00041-00001,mosserii41.1
MS-MOSSERI-I-00041-00002,http://cudl.lib.cam.ac.uk/iiif/MS-MOSSERI-I-00041-00002,mosserii41.2
MS-MOSSERI-I-00042,http://cudl.lib.cam.ac.uk/iiif/MS-MOSSERI-I-00042,mosserii42
MS-MOSSERI-I-00043,http://cudl.lib.cam.ac.uk/iiif/MS-MOSSERI-I-00043,mosserii43
MS-MOSSERI-I-00044,http://cudl.lib.cam.ac.uk/iiif/MS-MOSSERI-I-00044,mosserii44
MS-MOSSERI-I-00045,http://cudl.lib.cam.ac.uk/iiif/MS-MOSSERI-I-00045,mosserii45
MS-MOSSERI-I-00046-00001,http://cudl.lib.cam.ac.uk/iiif/MS-MOSSERI-I-00046-00001,mosserii46.1
MS-MOSSERI-I-00046-00002,http://cudl.lib.cam.ac.uk/iiif/MS-MOSSERI-I-00046-00002,mosserii46.2
MS-MOSSERI-I-00047-00001,http://cudl.lib.cam.ac.uk/iiif/MS-MOSSERI-I-00047-00001,mosserii47.1
MS-MOSSERI-I-00047-00002,http://cudl.lib.cam.ac.uk/iiif/MS-MOSSERI-I-00047-00002,mosserii47.2
MS-MOSSERI-I-00048-00001,http://cudl.lib.cam.ac.uk/iiif/MS-MOSSERI-I-00048-00001,mosserii48.1
MS-MOSSERI-I-00048-00002,http://cudl.lib.cam.ac.uk/iiif/MS-MOSSERI-I-00048-00002,mosserii48.2
MS-MOSSERI-I-00049,http://cudl.lib.cam.ac.uk/iiif/MS-MOSSERI-I-00049,mosserii49
MS-MOSSERI-I-00050,http://cudl.lib.cam.ac.uk/iiif/MS-MOSSERI-I-00050,mosserii50
MS-MOSSERI-I-00051,http://cudl.lib.cam.ac.uk/iiif/MS-MOSSERI-I-00051,mosserii51
MS-MOSSERI-I-00052,http://cudl.lib.cam.ac.uk/iiif/MS-MOSSERI-I-00052,mosserii52
MS-MOSSERI-I-00053-A,http://cudl.lib.cam.ac.uk/iiif/MS-MOSSERI-I-00053-A,mosserii53a
MS-MOSSERI-I-00053-B,http://cudl.lib.cam.ac.uk/iiif/MS-MOSSERI-I-00053-B,mosserii53b
MS-MOSSERI-I-00053-C,http://cudl.lib.cam.ac.uk/iiif/MS-MOSSERI-I-00053-C,mosserii53c
MS-MOSSERI-I-00053-D,http://cudl.lib.cam.ac.uk/iiif/MS-MOSSERI-I-00053-D,mosserii53d
MS-MOSSERI-I-00053-E,http://cudl.lib.cam.ac.uk/iiif/MS-MOSSERI-I-00053-E,mosserii53e
MS-MOSSERI-I-00054,http://cudl.lib.cam.ac.uk/iiif/MS-MOSSERI-I-00054,mosserii54
MS-MOSSERI-I-00055-00001-A,http://cudl.lib.cam.ac.uk/iiif/MS-MOSSERI-I-00055-00001-A,mosserii55.1a
MS-MOSSERI-I-00055-00001-B,http://cudl.lib.cam.ac.uk/iiif/MS-MOSSERI-I-00055-00001-B,mosserii55.1b
MS-MOSSERI-I-00055-00001-C,http://cudl.lib.cam.ac.uk/iiif/MS-MOSSERI-I-00055-00001-C,mosserii55.1c
MS-MOSSERI-I-00055-00002,http://cudl.lib.cam.ac.uk/iiif/MS-MOSSERI-I-00055-00002,mosserii55.2
MS-MOSSERI-I-00056,http://cudl.lib.cam.ac.uk/iiif/MS-MOSSERI-I-00056,mosserii56
MS-MOSSERI-I-00057-00001,http://cudl.lib.cam.ac.uk/iiif/MS-MOSSERI-I-00057-00001,mosserii57.1
MS-MOSSERI-I-00057-00002,http://cudl.lib.cam.ac.uk/iiif/MS-MOSSERI-I-00057-00002,mosserii57.2
MS-MOSSERI-I-00058-00001,http://cudl.lib.cam.ac.uk/iiif/MS-MOSSERI-I-00058-00001,mosserii58.1
MS-MOSSERI-I-00058-00002,http://cudl.lib.cam.ac.uk/iiif/MS-MOSSERI-I-00058-00002,mosserii58.2
MS-MOSSERI-I-00059-00001,http://cudl.lib.cam.ac.uk/iiif/MS-MOSSERI-I-00059-00001,mosserii59.1
MS-MOSSERI-I-00059-00002,http://cudl.lib.cam.ac.uk/iiif/MS-MOSSERI-I-00059-00002,mosserii59.2
MS-MOSSERI-I-00060-00001,http://cudl.lib.cam.ac.uk/iiif/MS-MOSSERI-I-00060-00001,mosserii60.1
MS-MOSSERI-I-00060-00002,http://cudl.lib.cam.ac.uk/iiif/MS-MOSSERI-I-00060-00002,mosserii60.2
MS-MOSSERI-I-00061-00001,http://cudl.lib.cam.ac.uk/iiif/MS-MOSSERI-I-00061-00001,mosserii61.1
MS-MOSSERI-I-00061-00002,http://cudl.lib.cam.ac.uk/iiif/MS-MOSSERI-I-00061-00002,mosserii61.2
MS-MOSSERI-I-00062,http://cudl.lib.cam.ac.uk/iiif/MS-MOSSERI-I-00062,mosserii62
MS-MOSSERI-I-00063,http://cudl.lib.cam.ac.uk/iiif/MS-MOSSERI-I-00063,mosserii63
MS-MOSSERI-I-00064-00001,http://cudl.lib.cam.ac.uk/iiif/MS-MOSSERI-I-00064-00001,mosserii64.1
MS-MOSSERI-I-00064-00002,http://cudl.lib.cam.ac.uk/iiif/MS-MOSSERI-I-00064-00002,mosserii64.2
MS-MOSSERI-I-00065,http://cudl.lib.cam.ac.uk/iiif/MS-MOSSERI-I-00065,mosserii65
MS-MOSSERI-I-00066-00001,http://cudl.lib.cam.ac.uk/iiif/MS-MOSSERI-I-00066-00001,mosserii66.1
MS-MOSSERI-I-00066-00002,http://cudl.lib.cam.ac.uk/iiif/MS-MOSSERI-I-00066-00002,mosserii66.2
MS-MOSSERI-I-00067,http://cudl.lib.cam.ac.uk/iiif/MS-MOSSERI-I-00067,mosserii67
MS-MOSSERI-I-00068,http://cudl.lib.cam.ac.uk/iiif/MS-MOSSERI-I-00068,mosserii68
MS-MOSSERI-I-00069-00001,http://cudl.lib.cam.ac.uk/iiif/MS-MOSSERI-I-00069-00001,mosserii69.1
MS-MOSSERI-I-00069-00002,http://cudl.lib.cam.ac.uk/iiif/MS-MOSSERI-I-00069-00002,mosserii69.2
MS-MOSSERI-I-00070-00001,http://cudl.lib.cam.ac.uk/iiif/MS-MOSSERI-I-00070-00001,mosserii70.1
MS-MOSSERI-I-00070-00002,http://cudl.lib.cam.ac.uk/iiif/MS-MOSSERI-I-00070-00002,mosserii70.2
MS-MOSSERI-I-00070-00003,http://cudl.lib.cam.ac.uk/iiif/MS-MOSSERI-I-00070-00003,mosserii70.3
MS-MOSSERI-I-00071-00001,http://cudl.lib.cam.ac.uk/iiif/MS-MOSSERI-I-00071-00001,mosserii71.1
MS-MOSSERI-I-00071-00002,http://cudl.lib.cam.ac.uk/iiif/MS-MOSSERI-I-00071-00002,mosserii71.2
MS-MOSSERI-I-00072,http://cudl.lib.cam.ac.uk/iiif/MS-MOSSERI-I-00072,mosserii72
MS-MOSSERI-I-00073-00001,http://cudl.lib.cam.ac.uk/iiif/MS-MOSSERI-I-00073-00001,mosserii73.1
MS-MOSSERI-I-00073-00002,http://cudl.lib.cam.ac.uk/iiif/MS-MOSSERI-I-00073-00002,mosserii73.2
MS-MOSSERI-I-00074-00001,http://cudl.lib.cam.ac.uk/iiif/MS-MOSSERI-I-00074-00001,mosserii74.1
MS-MOSSERI-I-00074-00002,http://cudl.lib.cam.ac.uk/iiif/MS-MOSSERI-I-00074-00002,mosserii74.2
MS-MOSSERI-I-00074-00003-A,http://cudl.lib.cam.ac.uk/iiif/MS-MOSSERI-I-00074-00003-A,mosserii74.3a
MS-MOSSERI-I-00074-00003-B,http://cudl.lib.cam.ac.uk/iiif/MS-MOSSERI-I-00074-00003-B,mosserii74.3b
MS-MOSSERI-I-00075-A,http://cudl.lib.cam.ac.uk/iiif/MS-MOSSERI-I-00075-A,mosserii75a
MS-MOSSERI-I-00075-B,http://cudl.lib.cam.ac.uk/iiif/MS-MOSSERI-I-00075-B,mosserii75b
MS-MOSSERI-I-00076-00001,http://cudl.lib.cam.ac.uk/iiif/MS-MOSSERI-I-00076-00001,mosserii76.1
MS-MOSSERI-I-00076-00002,http://cudl.lib.cam.ac.uk/iiif/MS-MOSSERI-I-00076-00002,mosserii76.2
MS-MOSSERI-I-00077,http://cudl.lib.cam.ac.uk/iiif/MS-MOSSERI-I-00077,mosserii77
MS-MOSSERI-I-00078-00001,http://cudl.lib.cam.ac.uk/iiif/MS-MOSSERI-I-00078-00001,mosserii78.1
MS-MOSSERI-I-00078-00002,http://cudl.lib.cam.ac.uk/iiif/MS-MOSSERI-I-00078-00002,mosserii78.2
MS-MOSSERI-I-00079,http://cudl.lib.cam.ac.uk/iiif/MS-MOSSERI-I-00079,mosserii79
MS-MOSSERI-I-00080-00001,http://cudl.lib.cam.ac.uk/iiif/MS-MOSSERI-I-00080-00001,mosserii80.1
MS-MOSSERI-I-00080-00002,http://cudl.lib.cam.ac.uk/iiif/MS-MOSSERI-I-00080-00002,mosserii80.2
MS-MOSSERI-I-00080-00003,http://cudl.lib.cam.ac.uk/iiif/MS-MOSSERI-I-00080-00003,mosserii80.3
MS-MOSSERI-I-00081-A,http://cudl.lib.cam.ac.uk/iiif/MS-MOSSERI-I-00081-A,mosserii81a
MS-MOSSERI-I-00081-B,http://cudl.lib.cam.ac.uk/iiif/MS-MOSSERI-I-00081-B,mosserii81b
MS-MOSSERI-I-00081-C,http://cudl.lib.cam.ac.uk/iiif/MS-MOSSERI-I-00081-C,mosserii81c
MS-MOSSERI-I-00081-D,http://cudl.lib.cam.ac.uk/iiif/MS-MOSSERI-I-00081-D,mosserii81d
MS-MOSSERI-I-00082-00001,http://cudl.lib.cam.ac.uk/iiif/MS-MOSSERI-I-00082-00001,mosserii82.1
MS-MOSSERI-I-00082-00002,http://cudl.lib.cam.ac.uk/iiif/MS-MOSSERI-I-00082-00002,mosserii82.2
MS-MOSSERI-I-00083-00001,http://cudl.lib.cam.ac.uk/iiif/MS-MOSSERI-I-00083-00001,mosserii83.1
MS-MOSSERI-I-00083-00002,http://cudl.lib.cam.ac.uk/iiif/MS-MOSSERI-I-00083-00002,mosserii83.2
MS-MOSSERI-I-00084-00001,http://cudl.lib.cam.ac.uk/iiif/MS-MOSSERI-I-00084-00001,mosserii84.1
MS-MOSSERI-I-00084-00002,http://cudl.lib.cam.ac.uk/iiif/MS-MOSSERI-I-00084-00002,mosserii84.2
MS-MOSSERI-I-00085,http://cudl.lib.cam.ac.uk/iiif/MS-MOSSERI-I-00085,mosserii85
MS-MOSSERI-I-00086-00001,http://cudl.lib.cam.ac.uk/iiif/MS-MOSSERI-I-00086-00001,mosserii86.1
MS-MOSSERI-I-00086-00002,http://cudl.lib.cam.ac.uk/iiif/MS-MOSSERI-I-00086-00002,mosserii86.2
MS-MOSSERI-I-00086-00003,http://cudl.lib.cam.ac.uk/iiif/MS-MOSSERI-I-00086-00003,mosserii86.3
MS-MOSSERI-I-00087-00001,http://cudl.lib.cam.ac.uk/iiif/MS-MOSSERI-I-00087-00001,mosserii87.1
MS-MOSSERI-I-00087-00002,http://cudl.lib.cam.ac.uk/iiif/MS-MOSSERI-I-00087-00002,mosserii87.2
MS-MOSSERI-I-00088,http://cudl.lib.cam.ac.uk/iiif/MS-MOSSERI-I-00088,mosserii88
MS-MOSSERI-I-00089,http://cudl.lib.cam.ac.uk/iiif/MS-MOSSERI-I-00089,mosserii89
MS-MOSSERI-I-00090,http://cudl.lib.cam.ac.uk/iiif/MS-MOSSERI-I-00090,mosserii90
MS-MOSSERI-I-00093,http://cudl.lib.cam.ac.uk/iiif/MS-MOSSERI-I-00093,mosserii93
MS-MOSSERI-I-00094-00001,http://cudl.lib.cam.ac.uk/iiif/MS-MOSSERI-I-00094-00001,mosserii94.1
MS-MOSSERI-I-00094-00002,http://cudl.lib.cam.ac.uk/iiif/MS-MOSSERI-I-00094-00002,mosserii94.2
MS-MOSSERI-I-00095,http://cudl.lib.cam.ac.uk/iiif/MS-MOSSERI-I-00095,mosserii95
MS-MOSSERI-I-00096-00001,http://cudl.lib.cam.ac.uk/iiif/MS-MOSSERI-I-00096-00001,mosserii96.1
MS-MOSSERI-I-00096-00002,http://cudl.lib.cam.ac.uk/iiif/MS-MOSSERI-I-00096-00002,mosserii96.2
MS-MOSSERI-I-00097,http://cudl.lib.cam.ac.uk/iiif/MS-MOSSERI-I-00097,mosserii97
MS-MOSSERI-I-00098-00001,http://cudl.lib.cam.ac.uk/iiif/MS-MOSSERI-I-00098-00001,mosserii98.1
MS-MOSSERI-I-00099,http://cudl.lib.cam.ac.uk/iiif/MS-MOSSERI-I-00099,mosserii99
MS-MOSSERI-I-00100-00001,http://cudl.lib.cam.ac.uk/iiif/MS-MOSSERI-I-00100-00001,mosserii100.1
MS-MOSSERI-I-00100-00002,http://cudl.lib.cam.ac.uk/iiif/MS-MOSSERI-I-00100-00002,mosserii100.2
MS-MOSSERI-I-00101,http://cudl.lib.cam.ac.uk/iiif/MS-MOSSERI-I-00101,mosserii101
MS-MOSSERI-I-00102,http://cudl.lib.cam.ac.uk/iiif/MS-MOSSERI-I-00102,mosserii102
MS-MOSSERI-I-00103-00001,http://cudl.lib.cam.ac.uk/iiif/MS-MOSSERI-I-00103-00001,mosserii103.1
MS-MOSSERI-I-00103-00002,http://cudl.lib.cam.ac.uk/iiif/MS-MOSSERI-I-00103-00002,mosserii103.2
MS-MOSSERI-I-00104-00001,http://cudl.lib.cam.ac.uk/iiif/MS-MOSSERI-I-00104-00001,mosserii104.1
MS-MOSSERI-I-00104-00002,http://cudl.lib.cam.ac.uk/iiif/MS-MOSSERI-I-00104-00002,mosserii104.2
MS-MOSSERI-I-00105,http://cudl.lib.cam.ac.uk/iiif/MS-MOSSERI-I-00105,mosserii105
MS-MOSSERI-I-00106-00001,http://cudl.lib.cam.ac.uk/iiif/MS-MOSSERI-I-00106-00001,mosserii106.1
MS-MOSSERI-I-00106-00002,http://cudl.lib.cam.ac.uk/iiif/MS-MOSSERI-I-00106-00002,mosserii106.2
MS-MOSSERI-I-00107-00001,http://cudl.lib.cam.ac.uk/iiif/MS-MOSSERI-I-00107-00001,mosserii107.1
MS-MOSSERI-I-00107-00002,http://cudl.lib.cam.ac.uk/iiif/MS-MOSSERI-I-00107-00002,mosserii107.2
MS-MOSSERI-I-00108,http://cudl.lib.cam.ac.uk/iiif/MS-MOSSERI-I-00108,mosserii108
MS-MOSSERI-I-00109,http://cudl.lib.cam.ac.uk/iiif/MS-MOSSERI-I-00109,mosserii109
MS-MOSSERI-I-00110,http://cudl.lib.cam.ac.uk/iiif/MS-MOSSERI-I-00110,mosserii110
MS-MOSSERI-I-00111,http://cudl.lib.cam.ac.uk/iiif/MS-MOSSERI-I-00111,mosserii111
MS-MOSSERI-I-00112,http://cudl.lib.cam.ac.uk/iiif/MS-MOSSERI-I-00112,mosserii112
MS-MOSSERI-I-00113,http://cudl.lib.cam.ac.uk/iiif/MS-MOSSERI-I-00113,mosserii113
MS-MOSSERI-I-00114-00001,http://cudl.lib.cam.ac.uk/iiif/MS-MOSSERI-I-00114-00001,mosserii114.1
MS-MOSSERI-I-00114-00002,http://cudl.lib.cam.ac.uk/iiif/MS-MOSSERI-I-00114-00002,mosserii114.2
MS-MOSSERI-I-00115-00001,http://cudl.lib.cam.ac.uk/iiif/MS-MOSSERI-I-00115-00001,mosserii115.1
MS-MOSSERI-I-00115-00002,http://cudl.lib.cam.ac.uk/iiif/MS-MOSSERI-I-00115-00002,mosserii115.2
MS-MOSSERI-I-00116,http://cudl.lib.cam.ac.uk/iiif/MS-MOSSERI-I-00116,mosserii116
MS-MOSSERI-I-00117,http://cudl.lib.cam.ac.uk/iiif/MS-MOSSERI-I-00117,mosserii117
MS-MOSSERI-I-00118-00001-A,http://cudl.lib.cam.ac.uk/iiif/MS-MOSSERI-I-00118-00001-A,mosserii118.1a
MS-MOSSERI-I-00118-00001-B,http://cudl.lib.cam.ac.uk/iiif/MS-MOSSERI-I-00118-00001-B,mosserii118.1b
MS-MOSSERI-I-00118-00001-C,http://cudl.lib.cam.ac.uk/iiif/MS-MOSSERI-I-00118-00001-C,mosserii118.1c
MS-MOSSERI-I-00118-00002,http://cudl.lib.cam.ac.uk/iiif/MS-MOSSERI-I-00118-00002,mosserii118.2
MS-MOSSERI-I-00118-00003,http://cudl.lib.cam.ac.uk/iiif/MS-MOSSERI-I-00118-00003,mosserii118.3
MS-MOSSERI-I-00118-00004,http://cudl.lib.cam.ac.uk/iiif/MS-MOSSERI-I-00118-00004,mosserii118.4
MS-MOSSERI-I-00119,http://cudl.lib.cam.ac.uk/iiif/MS-MOSSERI-I-00119,mosserii119
MS-MOSSERI-I-00120-00001,http://cudl.lib.cam.ac.uk/iiif/MS-MOSSERI-I-00120-00001,mosserii120.1
MS-MOSSERI-I-00120-00002,http://cudl.lib.cam.ac.uk/iiif/MS-MOSSERI-I-00120-00002,mosserii120.2
MS-MOSSERI-I-00121-00001,http://cudl.lib.cam.ac.uk/iiif/MS-MOSSERI-I-00121-00001,mosserii121.1
MS-MOSSERI-I-00121-00002,http://cudl.lib.cam.ac.uk/iiif/MS-MOSSERI-I-00121-00002,mosserii121.2
MS-MOSSERI-I-00122-00001,http://cudl.lib.cam.ac.uk/iiif/MS-MOSSERI-I-00122-00001,mosserii122.1
MS-MOSSERI-I-00122-00002,http://cudl.lib.cam.ac.uk/iiif/MS-MOSSERI-I-00122-00002,mosserii122.2
MS-MOSSERI-I-00123-00001,http://cudl.lib.cam.ac.uk/iiif/MS-MOSSERI-I-00123-00001,mosserii123.1
MS-MOSSERI-I-00123-00002,http://cudl.lib.cam.ac.uk/iiif/MS-MOSSERI-I-00123-00002,mosserii123.2
MS-MOSSERI-I-00123-00003,http://cudl.lib.cam.ac.uk/iiif/MS-MOSSERI-I-00123-00003,mosserii123.3
MS-MOSSERI-I-00124-00001,http://cudl.lib.cam.ac.uk/iiif/MS-MOSSERI-I-00124-00001,mosserii124.1
MS-MOSSERI-I-00124-00002,http://cudl.lib.cam.ac.uk/iiif/MS-MOSSERI-I-00124-00002,mosserii124.2
MS-MOSSERI-I-00125,http://cudl.lib.cam.ac.uk/iiif/MS-MOSSERI-I-00125,mosserii125
MS-MOSSERI-I-00126-00001,http://cudl.lib.cam.ac.uk/iiif/MS-MOSSERI-I-00126-00001,mosserii126.1
MS-MOSSERI-I-00126-00002,http://cudl.lib.cam.ac.uk/iiif/MS-MOSSERI-I-00126-00002,mosserii126.2
MS-MOSSERI-I-00127-00001,http://cudl.lib.cam.ac.uk/iiif/MS-MOSSERI-I-00127-00001,mosserii127.1
MS-MOSSERI-I-00127-00002,http://cudl.lib.cam.ac.uk/iiif/MS-MOSSERI-I-00127-00002,mosserii127.2
MS-MOSSERI-I-00128-00001,http://cudl.lib.cam.ac.uk/iiif/MS-MOSSERI-I-00128-00001,mosserii128.1
MS-MOSSERI-I-00128-00002,http://cudl.lib.cam.ac.uk/iiif/MS-MOSSERI-I-00128-00002,mosserii128.2
MS-MOSSERI-I-00129-00001,http://cudl.lib.cam.ac.uk/iiif/MS-MOSSERI-I-00129-00001,mosserii129.1
MS-MOSSERI-I-00129-00002,http://cudl.lib.cam.ac.uk/iiif/MS-MOSSERI-I-00129-00002,mosserii129.2
MS-MOSSERI-I-00130,http://cudl.lib.cam.ac.uk/iiif/MS-MOSSERI-I-00130,mosserii130
MS-MOSSERI-I-00131-00001,http://cudl.lib.cam.ac.uk/iiif/MS-MOSSERI-I-00131-00001,mosserii131.1
MS-MOSSERI-I-00131-00002,http://cudl.lib.cam.ac.uk/iiif/MS-MOSSERI-I-00131-00002,mosserii131.2
MS-MOSSERI-I-00132-00001,http://cudl.lib.cam.ac.uk/iiif/MS-MOSSERI-I-00132-00001,mosserii132.1
MS-MOSSERI-I-00132-00002,http://cudl.lib.cam.ac.uk/iiif/MS-MOSSERI-I-00132-00002,mosserii132.2
MS-MOSSERI-I-00133-00001,http://cudl.lib.cam.ac.uk/iiif/MS-MOSSERI-I-00133-00001,mosserii133.1
MS-MOSSERI-I-00133-00002,http://cudl.lib.cam.ac.uk/iiif/MS-MOSSERI-I-00133-00002,mosserii133.2
MS-MOSSERI-I-00133-00003,http://cudl.lib.cam.ac.uk/iiif/MS-MOSSERI-I-00133-00003,mosserii133.3
MS-MOSSERI-I-00134,http://cudl.lib.cam.ac.uk/iiif/MS-MOSSERI-I-00134,mosserii134
MS-MOSSERI-I-00135-00001,http://cudl.lib.cam.ac.uk/iiif/MS-MOSSERI-I-00135-00001,mosserii135.1
MS-MOSSERI-I-00135-00002,http://cudl.lib.cam.ac.uk/iiif/MS-MOSSERI-I-00135-00002,mosserii135.2
MS-MOSSERI-I-00136,http://cudl.lib.cam.ac.uk/iiif/MS-MOSSERI-I-00136,mosserii136
MS-MOSSERI-I-00137,http://cudl.lib.cam.ac.uk/iiif/MS-MOSSERI-I-00137,mosserii137
MS-MOSSERI-I-00138,http://cudl.lib.cam.ac.uk/iiif/MS-MOSSERI-I-00138,mosserii138
MS-MOSSERI-IA-00002,http://cudl.lib.cam.ac.uk/iiif/MS-MOSSERI-IA-00002,mosseriia2
MS-MOSSERI-IA-00001-00001,http://cudl.lib.cam.ac.uk/iiif/MS-MOSSERI-IA-00001-00001,mosseriia1.1
MS-MOSSERI-IA-00001-00002,http://cudl.lib.cam.ac.uk/iiif/MS-MOSSERI-IA-00001-00002,mosseriia1.2
MS-MOSSERI-IA-00001-00003,http://cudl.lib.cam.ac.uk/iiif/MS-MOSSERI-IA-00001-00003,mosseriia1.3
MS-MOSSERI-IA-00003,http://cudl.lib.cam.ac.uk/iiif/MS-MOSSERI-IA-00003,mosseriia3
MS-MOSSERI-IA-00004,http://cudl.lib.cam.ac.uk/iiif/MS-MOSSERI-IA-00004,mosseriia4
MS-MOSSERI-IA-00005,http://cudl.lib.cam.ac.uk/iiif/MS-MOSSERI-IA-00005,mosseriia5
MS-MOSSERI-IA-00006,http://cudl.lib.cam.ac.uk/iiif/MS-MOSSERI-IA-00006,mosseriia6
MS-MOSSERI-IA-00007,http://cudl.lib.cam.ac.uk/iiif/MS-MOSSERI-IA-00007,mosseriia7
MS-MOSSERI-IA-00008,http://cudl.lib.cam.ac.uk/iiif/MS-MOSSERI-IA-00008,mosseriia8
MS-MOSSERI-IA-00009,http://cudl.lib.cam.ac.uk/iiif/MS-MOSSERI-IA-00009,mosseriia9
MS-MOSSERI-IA-00010-00001,http://cudl.lib.cam.ac.uk/iiif/MS-MOSSERI-IA-00010-00001,mosseriia10.1
MS-MOSSERI-IA-00010-00002,http://cudl.lib.cam.ac.uk/iiif/MS-MOSSERI-IA-00010-00002,mosseriia10.2
MS-MOSSERI-IA-00011,http://cudl.lib.cam.ac.uk/iiif/MS-MOSSERI-IA-00011,mosseriia11
MS-MOSSERI-IA-00012-00001,http://cudl.lib.cam.ac.uk/iiif/MS-MOSSERI-IA-00012-00001,mosseriia12.1
MS-MOSSERI-IA-00012-00002,http://cudl.lib.cam.ac.uk/iiif/MS-MOSSERI-IA-00012-00002,mosseriia12.2
MS-MOSSERI-IA-00013-00001,http://cudl.lib.cam.ac.uk/iiif/MS-MOSSERI-IA-00013-00001,mosseriia13.1
MS-MOSSERI-IA-00013-00002,http://cudl.lib.cam.ac.uk/iiif/MS-MOSSERI-IA-00013-00002,mosseriia13.2
MS-MOSSERI-IA-00014,http://cudl.lib.cam.ac.uk/iiif/MS-MOSSERI-IA-00014,mosseriia14
MS-MOSSERI-IA-00015,http://cudl.lib.cam.ac.uk/iiif/MS-MOSSERI-IA-00015,mosseriia15
MS-MOSSERI-IA-00016,http://cudl.lib.cam.ac.uk/iiif/MS-MOSSERI-IA-00016,mosseriia16
MS-MOSSERI-IA-00017,http://cudl.lib.cam.ac.uk/iiif/MS-MOSSERI-IA-00017,mosseriia17
MS-MOSSERI-IA-00018,http://cudl.lib.cam.ac.uk/iiif/MS-MOSSERI-IA-00018,mosseriia18
MS-MOSSERI-IA-00019,http://cudl.lib.cam.ac.uk/iiif/MS-MOSSERI-IA-00019,mosseriia19
MS-MOSSERI-IA-00020-00001,http://cudl.lib.cam.ac.uk/iiif/MS-MOSSERI-IA-00020-00001,mosseriia20.1
MS-MOSSERI-IA-00020-00002,http://cudl.lib.cam.ac.uk/iiif/MS-MOSSERI-IA-00020-00002,mosseriia20.2
MS-MOSSERI-IA-00021,http://cudl.lib.cam.ac.uk/iiif/MS-MOSSERI-IA-00021,mosseriia21
MS-MOSSERI-IA-00022-00001,http://cudl.lib.cam.ac.uk/iiif/MS-MOSSERI-IA-00022-00001,mosseriia22.1
MS-MOSSERI-IA-00022-00002,http://cudl.lib.cam.ac.uk/iiif/MS-MOSSERI-IA-00022-00002,mosseriia22.2
MS-MOSSERI-IA-00023,http://cudl.lib.cam.ac.uk/iiif/MS-MOSSERI-IA-00023,mosseriia23
MS-MOSSERI-IA-00024,http://cudl.lib.cam.ac.uk/iiif/MS-MOSSERI-IA-00024,mosseriia24
MS-MOSSERI-IA-00025,http://cudl.lib.cam.ac.uk/iiif/MS-MOSSERI-IA-00025,mosseriia25
MS-MOSSERI-IA-00026-00001,http://cudl.lib.cam.ac.uk/iiif/MS-MOSSERI-IA-00026-00001,mosseriia26.1
MS-MOSSERI-IA-00026-00002,http://cudl.lib.cam.ac.uk/iiif/MS-MOSSERI-IA-00026-00002,mosseriia26.2
MS-MOSSERI-IA-00027,http://cudl.lib.cam.ac.uk/iiif/MS-MOSSERI-IA-00027,mosseriia27
MS-MOSSERI-IA-00028,http://cudl.lib.cam.ac.uk/iiif/MS-MOSSERI-IA-00028,mosseriia28
MS-MOSSERI-IA-00029,http://cudl.lib.cam.ac.uk/iiif/MS-MOSSERI-IA-00029,mosseriia29
MS-MOSSERI-IA-00030,http://cudl.lib.cam.ac.uk/iiif/MS-MOSSERI-IA-00030,mosseriia30
MS-MOSSERI-IA-00031-00001,http://cudl.lib.cam.ac.uk/iiif/MS-MOSSERI-IA-00031-00001,mosseriia31.1
MS-MOSSERI-IA-00031-00002,http://cudl.lib.cam.ac.uk/iiif/MS-MOSSERI-IA-00031-00002,mosseriia31.2
MS-MOSSERI-IA-00032,http://cudl.lib.cam.ac.uk/iiif/MS-MOSSERI-IA-00032,mosseriia32
MS-MOSSERI-IA-00033-00001,http://cudl.lib.cam.ac.uk/iiif/MS-MOSSERI-IA-00033-00001,mosseriia33.1
MS-MOSSERI-IA-00033-00002,http://cudl.lib.cam.ac.uk/iiif/MS-MOSSERI-IA-00033-00002,mosseriia33.2
MS-MOSSERI-IA-00034,http://cudl.lib.cam.ac.uk/iiif/MS-MOSSERI-IA-00034,mosseriia34
MS-MOSSERI-IA-00035-00001,http://cudl.lib.cam.ac.uk/iiif/MS-MOSSERI-IA-00035-00001,mosseriia35.1
MS-MOSSERI-IA-00035-00002,http://cudl.lib.cam.ac.uk/iiif/MS-MOSSERI-IA-00035-00002,mosseriia35.2
MS-MOSSERI-IA-00036,http://cudl.lib.cam.ac.uk/iiif/MS-MOSSERI-IA-00036,mosseriia36
MS-MOSSERI-IA-00037,http://cudl.lib.cam.ac.uk/iiif/MS-MOSSERI-IA-00037,mosseriia37
MS-MOSSERI-IA-00038-00001,http://cudl.lib.cam.ac.uk/iiif/MS-MOSSERI-IA-00038-00001,mosseriia38.1
MS-MOSSERI-IA-00038-00002,http://cudl.lib.cam.ac.uk/iiif/MS-MOSSERI-IA-00038-00002,mosseriia38.2
MS-MOSSERI-IA-00039-00001,http://cudl.lib.cam.ac.uk/iiif/MS-MOSSERI-IA-00039-00001,mosseriia39.1
MS-MOSSERI-IA-00039-00002,http://cudl.lib.cam.ac.uk/iiif/MS-MOSSERI-IA-00039-00002,mosseriia39.2
MS-MOSSERI-IA-00040,http://cudl.lib.cam.ac.uk/iiif/MS-MOSSERI-IA-00040,mosseriia40
MS-MOSSERI-IA-00041,http://cudl.lib.cam.ac.uk/iiif/MS-MOSSERI-IA-00041,mosseriia41
MS-MOSSERI-IA-00042,http://cudl.lib.cam.ac.uk/iiif/MS-MOSSERI-IA-00042,mosseriia42
MS-MOSSERI-II-00001,http://cudl.lib.cam.ac.uk/iiif/MS-MOSSERI-II-00001,mosseriii1
MS-MOSSERI-II-00002,http://cudl.lib.cam.ac.uk/iiif/MS-MOSSERI-II-00002,mosseriii2
MS-MOSSERI-II-00003,http://cudl.lib.cam.ac.uk/iiif/MS-MOSSERI-II-00003,mosseriii3
MS-MOSSERI-II-00004-A,http://cudl.lib.cam.ac.uk/iiif/MS-MOSSERI-II-00004-A,mosseriii4a
MS-MOSSERI-II-00004-B,http://cudl.lib.cam.ac.uk/iiif/MS-MOSSERI-II-00004-B,mosseriii4b
MS-MOSSERI-II-00005,http://cudl.lib.cam.ac.uk/iiif/MS-MOSSERI-II-00005,mosseriii5
MS-MOSSERI-II-00006,http://cudl.lib.cam.ac.uk/iiif/MS-MOSSERI-II-00006,mosseriii6
MS-MOSSERI-II-00007-00001,http://cudl.lib.cam.ac.uk/iiif/MS-MOSSERI-II-00007-00001,mosseriii7.1
MS-MOSSERI-II-00007-00002,http://cudl.lib.cam.ac.uk/iiif/MS-MOSSERI-II-00007-00002,mosseriii7.2
MS-MOSSERI-II-00007-00003,http://cudl.lib.cam.ac.uk/iiif/MS-MOSSERI-II-00007-00003,mosseriii7.3
MS-MOSSERI-II-00008-00001,http://cudl.lib.cam.ac.uk/iiif/MS-MOSSERI-II-00008-00001,mosseriii8.1
MS-MOSSERI-II-00008-00002,http://cudl.lib.cam.ac.uk/iiif/MS-MOSSERI-II-00008-00002,mosseriii8.2
MS-MOSSERI-II-00009-00001,http://cudl.lib.cam.ac.uk/iiif/MS-MOSSERI-II-00009-00001,mosseriii9.1
MS-MOSSERI-II-00009-00002,http://cudl.lib.cam.ac.uk/iiif/MS-MOSSERI-II-00009-00002,mosseriii9.2
MS-MOSSERI-II-00009-00003,http://cudl.lib.cam.ac.uk/iiif/MS-MOSSERI-II-00009-00003,mosseriii9.3
MS-MOSSERI-II-00010,http://cudl.lib.cam.ac.uk/iiif/MS-MOSSERI-II-00010,mosseriii10
MS-MOSSERI-II-00011-00001,http://cudl.lib.cam.ac.uk/iiif/MS-MOSSERI-II-00011-00001,mosseriii11.1
MS-MOSSERI-II-00011-00002,http://cudl.lib.cam.ac.uk/iiif/MS-MOSSERI-II-00011-00002,mosseriii11.2
MS-MOSSERI-II-00012,http://cudl.lib.cam.ac.uk/iiif/MS-MOSSERI-II-00012,mosseriii12
MS-MOSSERI-II-00013,http://cudl.lib.cam.ac.uk/iiif/MS-MOSSERI-II-00013,mosseriii13
MS-MOSSERI-II-00014-00001,http://cudl.lib.cam.ac.uk/iiif/MS-MOSSERI-II-00014-00001,mosseriii14.1
MS-MOSSERI-II-00014-00002,http://cudl.lib.cam.ac.uk/iiif/MS-MOSSERI-II-00014-00002,mosseriii14.2
MS-MOSSERI-II-00015,http://cudl.lib.cam.ac.uk/iiif/MS-MOSSERI-II-00015,mosseriii15
MS-MOSSERI-II-00016-00001,http://cudl.lib.cam.ac.uk/iiif/MS-MOSSERI-II-00016-00001,mosseriii16.1
MS-MOSSERI-II-00016-00002,http://cudl.lib.cam.ac.uk/iiif/MS-MOSSERI-II-00016-00002,mosseriii16.2
MS-MOSSERI-II-00016-00003,http://cudl.lib.cam.ac.uk/iiif/MS-MOSSERI-II-00016-00003,mosseriii16.3
MS-MOSSERI-II-00017-00001,http://cudl.lib.cam.ac.uk/iiif/MS-MOSSERI-II-00017-00001,mosseriii17.1
MS-MOSSERI-II-00017-00002,http://cudl.lib.cam.ac.uk/iiif/MS-MOSSERI-II-00017-00002,mosseriii17.2
MS-MOSSERI-II-00018,http://cudl.lib.cam.ac.uk/iiif/MS-MOSSERI-II-00018,mosseriii18
MS-MOSSERI-II-00019-00001,http://cudl.lib.cam.ac.uk/iiif/MS-MOSSERI-II-00019-00001,mosseriii19.1
MS-MOSSERI-II-00019-00002,http://cudl.lib.cam.ac.uk/iiif/MS-MOSSERI-II-00019-00002,mosseriii19.2
MS-MOSSERI-II-00020,http://cudl.lib.cam.ac.uk/iiif/MS-MOSSERI-II-00020,mosseriii20
MS-MOSSERI-II-00021,http://cudl.lib.cam.ac.uk/iiif/MS-MOSSERI-II-00021,mosseriii21
MS-MOSSERI-II-00022,http://cudl.lib.cam.ac.uk/iiif/MS-MOSSERI-II-00022,mosseriii22
MS-MOSSERI-II-00023-00001,http://cudl.lib.cam.ac.uk/iiif/MS-MOSSERI-II-00023-00001,mosseriii23.1
MS-MOSSERI-II-00023-00002,http://cudl.lib.cam.ac.uk/iiif/MS-MOSSERI-II-00023-00002,mosseriii23.2
MS-MOSSERI-II-00024,http://cudl.lib.cam.ac.uk/iiif/MS-MOSSERI-II-00024,mosseriii24
MS-MOSSERI-II-00025,http://cudl.lib.cam.ac.uk/iiif/MS-MOSSERI-II-00025,mosseriii25
MS-MOSSERI-II-00026,http://cudl.lib.cam.ac.uk/iiif/MS-MOSSERI-II-00026,mosseriii26
MS-MOSSERI-II-00027-00001,http://cudl.lib.cam.ac.uk/iiif/MS-MOSSERI-II-00027-00001,mosseriii27.1
MS-MOSSERI-II-00027-00002,http://cudl.lib.cam.ac.uk/iiif/MS-MOSSERI-II-00027-00002,mosseriii27.2
MS-MOSSERI-II-00028-00001,http://cudl.lib.cam.ac.uk/iiif/MS-MOSSERI-II-00028-00001,mosseriii28.1
MS-MOSSERI-II-00028-00002,http://cudl.lib.cam.ac.uk/iiif/MS-MOSSERI-II-00028-00002,mosseriii28.2
MS-MOSSERI-II-00029,http://cudl.lib.cam.ac.uk/iiif/MS-MOSSERI-II-00029,mosseriii29
MS-MOSSERI-II-00030,http://cudl.lib.cam.ac.uk/iiif/MS-MOSSERI-II-00030,mosseriii30
MS-MOSSERI-II-00031,http://cudl.lib.cam.ac.uk/iiif/MS-MOSSERI-II-00031,mosseriii31
MS-MOSSERI-II-00032,http://cudl.lib.cam.ac.uk/iiif/MS-MOSSERI-II-00032,mosseriii32
MS-MOSSERI-II-00033,http://cudl.lib.cam.ac.uk/iiif/MS-MOSSERI-II-00033,mosseriii33
MS-MOSSERI-II-00034,http://cudl.lib.cam.ac.uk/iiif/MS-MOSSERI-II-00034,mosseriii34
MS-MOSSERI-II-00035-00001,http://cudl.lib.cam.ac.uk/iiif/MS-MOSSERI-II-00035-00001,mosseriii35.1
MS-MOSSERI-II-00035-00002,http://cudl.lib.cam.ac.uk/iiif/MS-MOSSERI-II-00035-00002,mosseriii35.2
MS-MOSSERI-II-00036,http://cudl.lib.cam.ac.uk/iiif/MS-MOSSERI-II-00036,mosseriii36
MS-MOSSERI-II-00037-00001,http://cudl.lib.cam.ac.uk/iiif/MS-MOSSERI-II-00037-00001,mosseriii37.1
MS-MOSSERI-II-00037-00002,http://cudl.lib.cam.ac.uk/iiif/MS-MOSSERI-II-00037-00002,mosseriii37.2
MS-MOSSERI-II-00038,http://cudl.lib.cam.ac.uk/iiif/MS-MOSSERI-II-00038,mosseriii38
MS-MOSSERI-II-00039,http://cudl.lib.cam.ac.uk/iiif/MS-MOSSERI-II-00039,mosseriii39
MS-MOSSERI-II-00040,http://cudl.lib.cam.ac.uk/iiif/MS-MOSSERI-II-00040,mosseriii40
MS-MOSSERI-II-00041,http://cudl.lib.cam.ac.uk/iiif/MS-MOSSERI-II-00041,mosseriii41
MS-MOSSERI-II-00042-00001,http://cudl.lib.cam.ac.uk/iiif/MS-MOSSERI-II-00042-00001,mosseriii42.1
MS-MOSSERI-II-00042-00002,http://cudl.lib.cam.ac.uk/iiif/MS-MOSSERI-II-00042-00002,mosseriii42.2
MS-MOSSERI-II-00042-00003,http://cudl.lib.cam.ac.uk/iiif/MS-MOSSERI-II-00042-00003,mosseriii42.3
MS-MOSSERI-II-00043,http://cudl.lib.cam.ac.uk/iiif/MS-MOSSERI-II-00043,mosseriii43
MS-MOSSERI-II-00044-00001,http://cudl.lib.cam.ac.uk/iiif/MS-MOSSERI-II-00044-00001,mosseriii44.1
MS-MOSSERI-II-00044-00002,http://cudl.lib.cam.ac.uk/iiif/MS-MOSSERI-II-00044-00002,mosseriii44.2
MS-MOSSERI-II-00044-00003,http://cudl.lib.cam.ac.uk/iiif/MS-MOSSERI-II-00044-00003,mosseriii44.3
MS-MOSSERI-II-00044-00004,http://cudl.lib.cam.ac.uk/iiif/MS-MOSSERI-II-00044-00004,mosseriii44.4
MS-MOSSERI-II-00045,http://cudl.lib.cam.ac.uk/iiif/MS-MOSSERI-II-00045,mosseriii45
MS-MOSSERI-II-00046-00001,http://cudl.lib.cam.ac.uk/iiif/MS-MOSSERI-II-00046-00001,mosseriii46.1
MS-MOSSERI-II-00046-00002,http://cudl.lib.cam.ac.uk/iiif/MS-MOSSERI-II-00046-00002,mosseriii46.2
MS-MOSSERI-II-00047-00001,http://cudl.lib.cam.ac.uk/iiif/MS-MOSSERI-II-00047-00001,mosseriii47.1
MS-MOSSERI-II-00047-00002,http://cudl.lib.cam.ac.uk/iiif/MS-MOSSERI-II-00047-00002,mosseriii47.2
MS-MOSSERI-II-00047-00003,http://cudl.lib.cam.ac.uk/iiif/MS-MOSSERI-II-00047-00003,mosseriii47.3
MS-MOSSERI-II-00048-00001,http://cudl.lib.cam.ac.uk/iiif/MS-MOSSERI-II-00048-00001,mosseriii48.1
MS-MOSSERI-II-00048-00002,http://cudl.lib.cam.ac.uk/iiif/MS-MOSSERI-II-00048-00002,mosseriii48.2
MS-MOSSERI-II-00048-00003,http://cudl.lib.cam.ac.uk/iiif/MS-MOSSERI-II-00048-00003,mosseriii48.3
MS-MOSSERI-II-00048-00004,http://cudl.lib.cam.ac.uk/iiif/MS-MOSSERI-II-00048-00004,mosseriii48.4
MS-MOSSERI-II-00049-00001,http://cudl.lib.cam.ac.uk/iiif/MS-MOSSERI-II-00049-00001,mosseriii49.1
MS-MOSSERI-II-00049-00002,http://cudl.lib.cam.ac.uk/iiif/MS-MOSSERI-II-00049-00002,mosseriii49.2
MS-MOSSERI-II-00050-00001,http://cudl.lib.cam.ac.uk/iiif/MS-MOSSERI-II-00050-00001,mosseriii50.1
MS-MOSSERI-II-00050-00002,http://cudl.lib.cam.ac.uk/iiif/MS-MOSSERI-II-00050-00002,mosseriii50.2
MS-MOSSERI-II-00051-00001,http://cudl.lib.cam.ac.uk/iiif/MS-MOSSERI-II-00051-00001,mosseriii51.1
MS-MOSSERI-II-00051-00002,http://cudl.lib.cam.ac.uk/iiif/MS-MOSSERI-II-00051-00002,mosseriii51.2
MS-MOSSERI-II-00052-00001,http://cudl.lib.cam.ac.uk/iiif/MS-MOSSERI-II-00052-00001,mosseriii52.1
MS-MOSSERI-II-00052-00002,http://cudl.lib.cam.ac.uk/iiif/MS-MOSSERI-II-00052-00002,mosseriii52.2
MS-MOSSERI-II-00052-00003,http://cudl.lib.cam.ac.uk/iiif/MS-MOSSERI-II-00052-00003,mosseriii52.3
MS-MOSSERI-II-00053,http://cudl.lib.cam.ac.uk/iiif/MS-MOSSERI-II-00053,mosseriii53
MS-MOSSERI-II-00054-00001,http://cudl.lib.cam.ac.uk/iiif/MS-MOSSERI-II-00054-00001,mosseriii54.1
MS-MOSSERI-II-00054-00002,http://cudl.lib.cam.ac.uk/iiif/MS-MOSSERI-II-00054-00002,mosseriii54.2
MS-MOSSERI-II-00054-00003,http://cudl.lib.cam.ac.uk/iiif/MS-MOSSERI-II-00054-00003,mosseriii54.3
MS-MOSSERI-II-00055-00001,http://cudl.lib.cam.ac.uk/iiif/MS-MOSSERI-II-00055-00001,mosseriii55.1
MS-MOSSERI-II-00055-00002,http://cudl.lib.cam.ac.uk/iiif/MS-MOSSERI-II-00055-00002,mosseriii55.2
MS-MOSSERI-II-00056,http://cudl.lib.cam.ac.uk/iiif/MS-MOSSERI-II-00056,mosseriii56
MS-MOSSERI-II-00057,http://cudl.lib.cam.ac.uk/iiif/MS-MOSSERI-II-00057,mosseriii57
MS-MOSSERI-II-00058-00001,http://cudl.lib.cam.ac.uk/iiif/MS-MOSSERI-II-00058-00001,mosseriii58.1
MS-MOSSERI-II-00058-00002,http://cudl.lib.cam.ac.uk/iiif/MS-MOSSERI-II-00058-00002,mosseriii58.2
MS-MOSSERI-II-00059-00001,http://cudl.lib.cam.ac.uk/iiif/MS-MOSSERI-II-00059-00001,mosseriii59.1
MS-MOSSERI-II-00059-00002,http://cudl.lib.cam.ac.uk/iiif/MS-MOSSERI-II-00059-00002,mosseriii59.2
MS-MOSSERI-II-00060-00001,http://cudl.lib.cam.ac.uk/iiif/MS-MOSSERI-II-00060-00001,mosseriii60.1
MS-MOSSERI-II-00060-00002,http://cudl.lib.cam.ac.uk/iiif/MS-MOSSERI-II-00060-00002,mosseriii60.2
MS-MOSSERI-II-00061-00001,http://cudl.lib.cam.ac.uk/iiif/MS-MOSSERI-II-00061-00001,mosseriii61.1
MS-MOSSERI-II-00061-00002,http://cudl.lib.cam.ac.uk/iiif/MS-MOSSERI-II-00061-00002,mosseriii61.2
MS-MOSSERI-II-00062-00001-A,http://cudl.lib.cam.ac.uk/iiif/MS-MOSSERI-II-00062-00001-A,mosseriii62.1a
MS-MOSSERI-II-00062-00001-B,http://cudl.lib.cam.ac.uk/iiif/MS-MOSSERI-II-00062-00001-B,mosseriii62.1b
MS-MOSSERI-II-00062-00002,http://cudl.lib.cam.ac.uk/iiif/MS-MOSSERI-II-00062-00002,mosseriii62.2
MS-MOSSERI-II-00063,http://cudl.lib.cam.ac.uk/iiif/MS-MOSSERI-II-00063,mosseriii63
MS-MOSSERI-II-00064,http://cudl.lib.cam.ac.uk/iiif/MS-MOSSERI-II-00064,mosseriii64
MS-MOSSERI-II-00065,http://cudl.lib.cam.ac.uk/iiif/MS-MOSSERI-II-00065,mosseriii65
MS-MOSSERI-II-00066,http://cudl.lib.cam.ac.uk/iiif/MS-MOSSERI-II-00066,mosseriii66
MS-MOSSERI-II-00067,http://cudl.lib.cam.ac.uk/iiif/MS-MOSSERI-II-00067,mosseriii67
MS-MOSSERI-II-00068-00001,http://cudl.lib.cam.ac.uk/iiif/MS-MOSSERI-II-00068-00001,mosseriii68.1
MS-MOSSERI-II-00068-00002,http://cudl.lib.cam.ac.uk/iiif/MS-MOSSERI-II-00068-00002,mosseriii68.2
MS-MOSSERI-II-00068-00003,http://cudl.lib.cam.ac.uk/iiif/MS-MOSSERI-II-00068-00003,mosseriii68.3
MS-MOSSERI-II-00068-00004,http://cudl.lib.cam.ac.uk/iiif/MS-MOSSERI-II-00068-00004,mosseriii68.4
MS-MOSSERI-II-00069-00001,http://cudl.lib.cam.ac.uk/iiif/MS-MOSSERI-II-00069-00001,mosseriii69.1
MS-MOSSERI-II-00069-00002,http://cudl.lib.cam.ac.uk/iiif/MS-MOSSERI-II-00069-00002,mosseriii69.2
MS-MOSSERI-II-00070,http://cudl.lib.cam.ac.uk/iiif/MS-MOSSERI-II-00070,mosseriii70
MS-MOSSERI-II-00071,http://cudl.lib.cam.ac.uk/iiif/MS-MOSSERI-II-00071,mosseriii71
MS-MOSSERI-II-00072-00001,http://cudl.lib.cam.ac.uk/iiif/MS-MOSSERI-II-00072-00001,mosseriii72.1
MS-MOSSERI-II-00072-00002,http://cudl.lib.cam.ac.uk/iiif/MS-MOSSERI-II-00072-00002,mosseriii72.2
MS-MOSSERI-II-00074,http://cudl.lib.cam.ac.uk/iiif/MS-MOSSERI-II-00074,mosseriii74
MS-MOSSERI-II-00075,http://cudl.lib.cam.ac.uk/iiif/MS-MOSSERI-II-00075,mosseriii75
MS-MOSSERI-II-00076,http://cudl.lib.cam.ac.uk/iiif/MS-MOSSERI-II-00076,mosseriii76
MS-MOSSERI-II-00077,http://cudl.lib.cam.ac.uk/iiif/MS-MOSSERI-II-00077,mosseriii77
MS-MOSSERI-II-00078-00001,http://cudl.lib.cam.ac.uk/iiif/MS-MOSSERI-II-00078-00001,mosseriii78.1
MS-MOSSERI-II-00078-00002,http://cudl.lib.cam.ac.uk/iiif/MS-MOSSERI-II-00078-00002,mosseriii78.2
MS-MOSSERI-II-00078-00003,http://cudl.lib.cam.ac.uk/iiif/MS-MOSSERI-II-00078-00003,mosseriii78.3
MS-MOSSERI-II-00079,http://cudl.lib.cam.ac.uk/iiif/MS-MOSSERI-II-00079,mosseriii79
MS-MOSSERI-II-00080-00001,http://cudl.lib.cam.ac.uk/iiif/MS-MOSSERI-II-00080-00001,mosseriii80.1
MS-MOSSERI-II-00080-00002,http://cudl.lib.cam.ac.uk/iiif/MS-MOSSERI-II-00080-00002,mosseriii80.2
MS-MOSSERI-II-00081-00001,http://cudl.lib.cam.ac.uk/iiif/MS-MOSSERI-II-00081-00001,mosseriii81.1
MS-MOSSERI-II-00081-00002,http://cudl.lib.cam.ac.uk/iiif/MS-MOSSERI-II-00081-00002,mosseriii81.2
MS-MOSSERI-II-00082,http://cudl.lib.cam.ac.uk/iiif/MS-MOSSERI-II-00082,mosseriii82
MS-MOSSERI-II-00083-A,http://cudl.lib.cam.ac.uk/iiif/MS-MOSSERI-II-00083-A,mosseriii83a
MS-MOSSERI-II-00083-B,http://cudl.lib.cam.ac.uk/iiif/MS-MOSSERI-II-00083-B,mosseriii83b
MS-MOSSERI-II-00083-C,http://cudl.lib.cam.ac.uk/iiif/MS-MOSSERI-II-00083-C,mosseriii83c
MS-MOSSERI-II-00084-00001,http://cudl.lib.cam.ac.uk/iiif/MS-MOSSERI-II-00084-00001,mosseriii84.1
MS-MOSSERI-II-00084-00002,http://cudl.lib.cam.ac.uk/iiif/MS-MOSSERI-II-00084-00002,mosseriii84.2
MS-MOSSERI-II-00085-00001,http://cudl.lib.cam.ac.uk/iiif/MS-MOSSERI-II-00085-00001,mosseriii85.1
MS-MOSSERI-II-00085-00002,http://cudl.lib.cam.ac.uk/iiif/MS-MOSSERI-II-00085-00002,mosseriii85.2
MS-MOSSERI-II-00085-00003,http://cudl.lib.cam.ac.uk/iiif/MS-MOSSERI-II-00085-00003,mosseriii85.3
MS-MOSSERI-II-00085-00004,http://cudl.lib.cam.ac.uk/iiif/MS-MOSSERI-II-00085-00004,mosseriii85.4
MS-MOSSERI-II-00085-00005,http://cudl.lib.cam.ac.uk/iiif/MS-MOSSERI-II-00085-00005,mosseriii85.5
MS-MOSSERI-II-00085-00006,http://cudl.lib.cam.ac.uk/iiif/MS-MOSSERI-II-00085-00006,mosseriii85.6
MS-MOSSERI-II-00086-00001,http://cudl.lib.cam.ac.uk/iiif/MS-MOSSERI-II-00086-00001,mosseriii86.1
MS-MOSSERI-II-00086-00002,http://cudl.lib.cam.ac.uk/iiif/MS-MOSSERI-II-00086-00002,mosseriii86.2
MS-MOSSERI-II-00086-00003,http://cudl.lib.cam.ac.uk/iiif/MS-MOSSERI-II-00086-00003,mosseriii86.3
MS-MOSSERI-II-00087-00001,http://cudl.lib.cam.ac.uk/iiif/MS-MOSSERI-II-00087-00001,mosseriii87.1
MS-MOSSERI-II-00087-00002-A,http://cudl.lib.cam.ac.uk/iiif/MS-MOSSERI-II-00087-00002-A,mosseriii87.2a
MS-MOSSERI-II-00087-00002-B,http://cudl.lib.cam.ac.uk/iiif/MS-MOSSERI-II-00087-00002-B,mosseriii87.2b
MS-MOSSERI-II-00088-00001,http://cudl.lib.cam.ac.uk/iiif/MS-MOSSERI-II-00088-00001,mosseriii88.1
MS-MOSSERI-II-00088-00002,http://cudl.lib.cam.ac.uk/iiif/MS-MOSSERI-II-00088-00002,mosseriii88.2
MS-MOSSERI-II-00088-00003,http://cudl.lib.cam.ac.uk/iiif/MS-MOSSERI-II-00088-00003,mosseriii88.3
MS-MOSSERI-II-00088-00004,http://cudl.lib.cam.ac.uk/iiif/MS-MOSSERI-II-00088-00004,mosseriii88.4
MS-MOSSERI-II-00089,http://cudl.lib.cam.ac.uk/iiif/MS-MOSSERI-II-00089,mosseriii89
MS-MOSSERI-II-00090,http://cudl.lib.cam.ac.uk/iiif/MS-MOSSERI-II-00090,mosseriii90
MS-MOSSERI-II-00091-00001,http://cudl.lib.cam.ac.uk/iiif/MS-MOSSERI-II-00091-00001,mosseriii91.1
MS-MOSSERI-II-00091-00002,http://cudl.lib.cam.ac.uk/iiif/MS-MOSSERI-II-00091-00002,mosseriii91.2
MS-MOSSERI-II-00092-00001,http://cudl.lib.cam.ac.uk/iiif/MS-MOSSERI-II-00092-00001,mosseriii92.1
MS-MOSSERI-II-00092-00002,http://cudl.lib.cam.ac.uk/iiif/MS-MOSSERI-II-00092-00002,mosseriii92.2
MS-MOSSERI-II-00092-00003,http://cudl.lib.cam.ac.uk/iiif/MS-MOSSERI-II-00092-00003,mosseriii92.3
MS-MOSSERI-II-00093,http://cudl.lib.cam.ac.uk/iiif/MS-MOSSERI-II-00093,mosseriii93
MS-MOSSERI-II-00094-00001,http://cudl.lib.cam.ac.uk/iiif/MS-MOSSERI-II-00094-00001,mosseriii94.1
MS-MOSSERI-II-00094-00002,http://cudl.lib.cam.ac.uk/iiif/MS-MOSSERI-II-00094-00002,mosseriii94.2
MS-MOSSERI-II-00094-00003,http://cudl.lib.cam.ac.uk/iiif/MS-MOSSERI-II-00094-00003,mosseriii94.3
MS-MOSSERI-II-00095-00002,http://cudl.lib.cam.ac.uk/iiif/MS-MOSSERI-II-00095-00002,mosseriii95.2
MS-MOSSERI-II-00096-00001,http://cudl.lib.cam.ac.uk/iiif/MS-MOSSERI-II-00096-00001,mosseriii96.1
MS-MOSSERI-II-00096-00002,http://cudl.lib.cam.ac.uk/iiif/MS-MOSSERI-II-00096-00002,mosseriii96.2
MS-MOSSERI-II-00097-00001,http://cudl.lib.cam.ac.uk/iiif/MS-MOSSERI-II-00097-00001,mosseriii97.1
MS-MOSSERI-II-00097-00002,http://cudl.lib.cam.ac.uk/iiif/MS-MOSSERI-II-00097-00002,mosseriii97.2
MS-MOSSERI-II-00097-00003,http://cudl.lib.cam.ac.uk/iiif/MS-MOSSERI-II-00097-00003,mosseriii97.3
MS-MOSSERI-II-00098-00001,http://cudl.lib.cam.ac.uk/iiif/MS-MOSSERI-II-00098-00001,mosseriii98.1
MS-MOSSERI-II-00098-00002,http://cudl.lib.cam.ac.uk/iiif/MS-MOSSERI-II-00098-00002,mosseriii98.2
MS-MOSSERI-II-00099-00001,http://cudl.lib.cam.ac.uk/iiif/MS-MOSSERI-II-00099-00001,mosseriii99.1
MS-MOSSERI-II-00099-00002,http://cudl.lib.cam.ac.uk/iiif/MS-MOSSERI-II-00099-00002,mosseriii99.2
MS-MOSSERI-II-00099-00003,http://cudl.lib.cam.ac.uk/iiif/MS-MOSSERI-II-00099-00003,mosseriii99.3
MS-MOSSERI-II-00100-00001,http://cudl.lib.cam.ac.uk/iiif/MS-MOSSERI-II-00100-00001,mosseriii100.1
MS-MOSSERI-II-00100-00002,http://cudl.lib.cam.ac.uk/iiif/MS-MOSSERI-II-00100-00002,mosseriii100.2
MS-MOSSERI-II-00100-00003,http://cudl.lib.cam.ac.uk/iiif/MS-MOSSERI-II-00100-00003,mosseriii100.3
MS-MOSSERI-II-00101-00001,http://cudl.lib.cam.ac.uk/iiif/MS-MOSSERI-II-00101-00001,mosseriii101.1
MS-MOSSERI-II-00101-00002,http://cudl.lib.cam.ac.uk/iiif/MS-MOSSERI-II-00101-00002,mosseriii101.2
MS-MOSSERI-II-00102-00001,http://cudl.lib.cam.ac.uk/iiif/MS-MOSSERI-II-00102-00001,mosseriii102.1
MS-MOSSERI-II-00102-00002,http://cudl.lib.cam.ac.uk/iiif/MS-MOSSERI-II-00102-00002,mosseriii102.2
MS-MOSSERI-II-00103-00001,http://cudl.lib.cam.ac.uk/iiif/MS-MOSSERI-II-00103-00001,mosseriii103.1
MS-MOSSERI-II-00103-00002,http://cudl.lib.cam.ac.uk/iiif/MS-MOSSERI-II-00103-00002,mosseriii103.2
MS-MOSSERI-II-00104-00001,http://cudl.lib.cam.ac.uk/iiif/MS-MOSSERI-II-00104-00001,mosseriii104.1
MS-MOSSERI-II-00104-00002,http://cudl.lib.cam.ac.uk/iiif/MS-MOSSERI-II-00104-00002,mosseriii104.2
MS-MOSSERI-II-00105-00001,http://cudl.lib.cam.ac.uk/iiif/MS-MOSSERI-II-00105-00001,mosseriii105.1
MS-MOSSERI-II-00105-00002,http://cudl.lib.cam.ac.uk/iiif/MS-MOSSERI-II-00105-00002,mosseriii105.2
MS-MOSSERI-II-00106-00001,http://cudl.lib.cam.ac.uk/iiif/MS-MOSSERI-II-00106-00001,mosseriii106.1
MS-MOSSERI-II-00106-00002,http://cudl.lib.cam.ac.uk/iiif/MS-MOSSERI-II-00106-00002,mosseriii106.2
MS-MOSSERI-II-00107-00001,http://cudl.lib.cam.ac.uk/iiif/MS-MOSSERI-II-00107-00001,mosseriii107.1
MS-MOSSERI-II-00107-00002,http://cudl.lib.cam.ac.uk/iiif/MS-MOSSERI-II-00107-00002,mosseriii107.2
MS-MOSSERI-II-00107-00003,http://cudl.lib.cam.ac.uk/iiif/MS-MOSSERI-II-00107-00003,mosseriii107.3
MS-MOSSERI-II-00107-00004,http://cudl.lib.cam.ac.uk/iiif/MS-MOSSERI-II-00107-00004,mosseriii107.4
MS-MOSSERI-II-00107-00005,http://cudl.lib.cam.ac.uk/iiif/MS-MOSSERI-II-00107-00005,mosseriii107.5
MS-MOSSERI-II-00108-00001-A,http://cudl.lib.cam.ac.uk/iiif/MS-MOSSERI-II-00108-00001-A,mosseriii108.1a
MS-MOSSERI-II-00108-00001-B,http://cudl.lib.cam.ac.uk/iiif/MS-MOSSERI-II-00108-00001-B,mosseriii108.1b
MS-MOSSERI-II-00108-00001-C,http://cudl.lib.cam.ac.uk/iiif/MS-MOSSERI-II-00108-00001-C,mosseriii108.1c
MS-MOSSERI-II-00108-00002,http://cudl.lib.cam.ac.uk/iiif/MS-MOSSERI-II-00108-00002,mosseriii108.2
MS-MOSSERI-II-00108-00003,http://cudl.lib.cam.ac.uk/iiif/MS-MOSSERI-II-00108-00003,mosseriii108.3
MS-MOSSERI-II-00109-00001,http://cudl.lib.cam.ac.uk/iiif/MS-MOSSERI-II-00109-00001,mosseriii109.1
MS-MOSSERI-II-00109-00002,http://cudl.lib.cam.ac.uk/iiif/MS-MOSSERI-II-00109-00002,mosseriii109.2
MS-MOSSERI-II-00110-00001,http://cudl.lib.cam.ac.uk/iiif/MS-MOSSERI-II-00110-00001,mosseriii110.1
MS-MOSSERI-II-00110-00002,http://cudl.lib.cam.ac.uk/iiif/MS-MOSSERI-II-00110-00002,mosseriii110.2
MS-MOSSERI-II-00111-00001,http://cudl.lib.cam.ac.uk/iiif/MS-MOSSERI-II-00111-00001,mosseriii111.1
MS-MOSSERI-II-00111-00002,http://cudl.lib.cam.ac.uk/iiif/MS-MOSSERI-II-00111-00002,mosseriii111.2
MS-MOSSERI-II-00111-00003,http://cudl.lib.cam.ac.uk/iiif/MS-MOSSERI-II-00111-00003,mosseriii111.3
MS-MOSSERI-II-00112,http://cudl.lib.cam.ac.uk/iiif/MS-MOSSERI-II-00112,mosseriii112
MS-MOSSERI-II-00114,http://cudl.lib.cam.ac.uk/iiif/MS-MOSSERI-II-00114,mosseriii114
MS-MOSSERI-II-00115-00001,http://cudl.lib.cam.ac.uk/iiif/MS-MOSSERI-II-00115-00001,mosseriii115.1
MS-MOSSERI-II-00115-00002-A,http://cudl.lib.cam.ac.uk/iiif/MS-MOSSERI-II-00115-00002-A,mosseriii115.2a
MS-MOSSERI-II-00115-00002-B,http://cudl.lib.cam.ac.uk/iiif/MS-MOSSERI-II-00115-00002-B,mosseriii115.2b
MS-MOSSERI-II-00115-00003,http://cudl.lib.cam.ac.uk/iiif/MS-MOSSERI-II-00115-00003,mosseriii115.3
MS-MOSSERI-II-00115-00004,http://cudl.lib.cam.ac.uk/iiif/MS-MOSSERI-II-00115-00004,mosseriii115.4
MS-MOSSERI-II-00115-00005,http://cudl.lib.cam.ac.uk/iiif/MS-MOSSERI-II-00115-00005,mosseriii115.5
MS-MOSSERI-II-00116-00001,http://cudl.lib.cam.ac.uk/iiif/MS-MOSSERI-II-00116-00001,mosseriii116.1
MS-MOSSERI-II-00116-00002,http://cudl.lib.cam.ac.uk/iiif/MS-MOSSERI-II-00116-00002,mosseriii116.2
MS-MOSSERI-II-00116-00003,http://cudl.lib.cam.ac.uk/iiif/MS-MOSSERI-II-00116-00003,mosseriii116.3
MS-MOSSERI-II-00117-00001-A,http://cudl.lib.cam.ac.uk/iiif/MS-MOSSERI-II-00117-00001-A,mosseriii117.1a
MS-MOSSERI-II-00117-00001-B,http://cudl.lib.cam.ac.uk/iiif/MS-MOSSERI-II-00117-00001-B,mosseriii117.1b
MS-MOSSERI-II-00118,http://cudl.lib.cam.ac.uk/iiif/MS-MOSSERI-II-00118,mosseriii118
MS-MOSSERI-II-00119-00001,http://cudl.lib.cam.ac.uk/iiif/MS-MOSSERI-II-00119-00001,mosseriii119.1
MS-MOSSERI-II-00119-00002,http://cudl.lib.cam.ac.uk/iiif/MS-MOSSERI-II-00119-00002,mosseriii119.2
MS-MOSSERI-II-00119-00003,http://cudl.lib.cam.ac.uk/iiif/MS-MOSSERI-II-00119-00003,mosseriii119.3
MS-MOSSERI-II-00119-00004,http://cudl.lib.cam.ac.uk/iiif/MS-MOSSERI-II-00119-00004,mosseriii119.4
MS-MOSSERI-II-00119-00005,http://cudl.lib.cam.ac.uk/iiif/MS-MOSSERI-II-00119-00005,mosseriii119.5
MS-MOSSERI-II-00119-00006,http://cudl.lib.cam.ac.uk/iiif/MS-MOSSERI-II-00119-00006,mosseriii119.6
MS-MOSSERI-II-00119-00007,http://cudl.lib.cam.ac.uk/iiif/MS-MOSSERI-II-00119-00007,mosseriii119.7
MS-MOSSERI-II-00120-00001,http://cudl.lib.cam.ac.uk/iiif/MS-MOSSERI-II-00120-00001,mosseriii120.1
MS-MOSSERI-II-00120-00002,http://cudl.lib.cam.ac.uk/iiif/MS-MOSSERI-II-00120-00002,mosseriii120.2
MS-MOSSERI-II-00120-00003,http://cudl.lib.cam.ac.uk/iiif/MS-MOSSERI-II-00120-00003,mosseriii120.3
MS-MOSSERI-II-00120-00004,http://cudl.lib.cam.ac.uk/iiif/MS-MOSSERI-II-00120-00004,mosseriii120.4
MS-MOSSERI-II-00120-00005,http://cudl.lib.cam.ac.uk/iiif/MS-MOSSERI-II-00120-00005,mosseriii120.5
MS-MOSSERI-II-00120-00006,http://cudl.lib.cam.ac.uk/iiif/MS-MOSSERI-II-00120-00006,mosseriii120.6
MS-MOSSERI-II-00121-00001,http://cudl.lib.cam.ac.uk/iiif/MS-MOSSERI-II-00121-00001,mosseriii121.1
MS-MOSSERI-II-00121-00002,http://cudl.lib.cam.ac.uk/iiif/MS-MOSSERI-II-00121-00002,mosseriii121.2
MS-MOSSERI-II-00121-00003,http://cudl.lib.cam.ac.uk/iiif/MS-MOSSERI-II-00121-00003,mosseriii121.3
MS-MOSSERI-II-00121-00004,http://cudl.lib.cam.ac.uk/iiif/MS-MOSSERI-II-00121-00004,mosseriii121.4
MS-MOSSERI-II-00121-00005,http://cudl.lib.cam.ac.uk/iiif/MS-MOSSERI-II-00121-00005,mosseriii121.5
MS-MOSSERI-II-00121-00006,http://cudl.lib.cam.ac.uk/iiif/MS-MOSSERI-II-00121-00006,mosseriii121.6
MS-MOSSERI-II-00121-00007,http://cudl.lib.cam.ac.uk/iiif/MS-MOSSERI-II-00121-00007,mosseriii121.7
MS-MOSSERI-II-00121-00008,http://cudl.lib.cam.ac.uk/iiif/MS-MOSSERI-II-00121-00008,mosseriii121.8
MS-MOSSERI-II-00121-00009,http://cudl.lib.cam.ac.uk/iiif/MS-MOSSERI-II-00121-00009,mosseriii121.9
MS-MOSSERI-II-00122,http://cudl.lib.cam.ac.uk/iiif/MS-MOSSERI-II-00122,mosseriii122
MS-MOSSERI-II-00123-00001-00001,http://cudl.lib.cam.ac.uk/iiif/MS-MOSSERI-II-00123-00001-00001,mosseriii123.11
MS-MOSSERI-II-00123-00001-00002,http://cudl.lib.cam.ac.uk/iiif/MS-MOSSERI-II-00123-00001-00002,mosseriii123.12
MS-MOSSERI-II-00123-00002,http://cudl.lib.cam.ac.uk/iiif/MS-MOSSERI-II-00123-00002,mosseriii123.2
MS-MOSSERI-II-00124-00001,http://cudl.lib.cam.ac.uk/iiif/MS-MOSSERI-II-00124-00001,mosseriii124.1
MS-MOSSERI-II-00124-00002,http://cudl.lib.cam.ac.uk/iiif/MS-MOSSERI-II-00124-00002,mosseriii124.2
MS-MOSSERI-II-00124-00003,http://cudl.lib.cam.ac.uk/iiif/MS-MOSSERI-II-00124-00003,mosseriii124.3
MS-MOSSERI-II-00125-00001,http://cudl.lib.cam.ac.uk/iiif/MS-MOSSERI-II-00125-00001,mosseriii125.1
MS-MOSSERI-II-00125-00002,http://cudl.lib.cam.ac.uk/iiif/MS-MOSSERI-II-00125-00002,mosseriii125.2
MS-MOSSERI-II-00126-00001,http://cudl.lib.cam.ac.uk/iiif/MS-MOSSERI-II-00126-00001,mosseriii126.1
MS-MOSSERI-II-00126-00002,http://cudl.lib.cam.ac.uk/iiif/MS-MOSSERI-II-00126-00002,mosseriii126.2
MS-MOSSERI-II-00127-00001,http://cudl.lib.cam.ac.uk/iiif/MS-MOSSERI-II-00127-00001,mosseriii127.1
MS-MOSSERI-II-00127-00002,http://cudl.lib.cam.ac.uk/iiif/MS-MOSSERI-II-00127-00002,mosseriii127.2
MS-MOSSERI-II-00128,http://cudl.lib.cam.ac.uk/iiif/MS-MOSSERI-II-00128,mosseriii128
MS-MOSSERI-II-00129,http://cudl.lib.cam.ac.uk/iiif/MS-MOSSERI-II-00129,mosseriii129
MS-MOSSERI-II-00130,http://cudl.lib.cam.ac.uk/iiif/MS-MOSSERI-II-00130,mosseriii130
MS-MOSSERI-II-00131-00001,http://cudl.lib.cam.ac.uk/iiif/MS-MOSSERI-II-00131-00001,mosseriii131.1
MS-MOSSERI-II-00131-00002,http://cudl.lib.cam.ac.uk/iiif/MS-MOSSERI-II-00131-00002,mosseriii131.2
MS-MOSSERI-II-00132,http://cudl.lib.cam.ac.uk/iiif/MS-MOSSERI-II-00132,mosseriii132
MS-MOSSERI-II-00133,http://cudl.lib.cam.ac.uk/iiif/MS-MOSSERI-II-00133,mosseriii133
MS-MOSSERI-II-00134-00001,http://cudl.lib.cam.ac.uk/iiif/MS-MOSSERI-II-00134-00001,mosseriii134.1
MS-MOSSERI-II-00134-00002,http://cudl.lib.cam.ac.uk/iiif/MS-MOSSERI-II-00134-00002,mosseriii134.2
MS-MOSSERI-II-00135-00001,http://cudl.lib.cam.ac.uk/iiif/MS-MOSSERI-II-00135-00001,mosseriii135.1
MS-MOSSERI-II-00135-00002,http://cudl.lib.cam.ac.uk/iiif/MS-MOSSERI-II-00135-00002,mosseriii135.2
MS-MOSSERI-II-00135-00003,http://cudl.lib.cam.ac.uk/iiif/MS-MOSSERI-II-00135-00003,mosseriii135.3
MS-MOSSERI-II-00136,http://cudl.lib.cam.ac.uk/iiif/MS-MOSSERI-II-00136,mosseriii136
MS-MOSSERI-II-00137-00001,http://cudl.lib.cam.ac.uk/iiif/MS-MOSSERI-II-00137-00001,mosseriii137.1
MS-MOSSERI-II-00137-00002,http://cudl.lib.cam.ac.uk/iiif/MS-MOSSERI-II-00137-00002,mosseriii137.2
MS-MOSSERI-II-00138-00001,http://cudl.lib.cam.ac.uk/iiif/MS-MOSSERI-II-00138-00001,mosseriii138.1
MS-MOSSERI-II-00138-00002,http://cudl.lib.cam.ac.uk/iiif/MS-MOSSERI-II-00138-00002,mosseriii138.2
MS-MOSSERI-II-00139,http://cudl.lib.cam.ac.uk/iiif/MS-MOSSERI-II-00139,mosseriii139
MS-MOSSERI-II-00140,http://cudl.lib.cam.ac.uk/iiif/MS-MOSSERI-II-00140,mosseriii140
MS-MOSSERI-II-00141-00001,http://cudl.lib.cam.ac.uk/iiif/MS-MOSSERI-II-00141-00001,mosseriii141.1
MS-MOSSERI-II-00141-00002,http://cudl.lib.cam.ac.uk/iiif/MS-MOSSERI-II-00141-00002,mosseriii141.2
MS-MOSSERI-II-00141-00003,http://cudl.lib.cam.ac.uk/iiif/MS-MOSSERI-II-00141-00003,mosseriii141.3
MS-MOSSERI-II-00141-00004,http://cudl.lib.cam.ac.uk/iiif/MS-MOSSERI-II-00141-00004,mosseriii141.4
MS-MOSSERI-II-00141-00005,http://cudl.lib.cam.ac.uk/iiif/MS-MOSSERI-II-00141-00005,mosseriii141.5
MS-MOSSERI-II-00142-00001,http://cudl.lib.cam.ac.uk/iiif/MS-MOSSERI-II-00142-00001,mosseriii142.1
MS-MOSSERI-II-00142-00002,http://cudl.lib.cam.ac.uk/iiif/MS-MOSSERI-II-00142-00002,mosseriii142.2
MS-MOSSERI-II-00143-00001,http://cudl.lib.cam.ac.uk/iiif/MS-MOSSERI-II-00143-00001,mosseriii143.1
MS-MOSSERI-II-00143-00002,http://cudl.lib.cam.ac.uk/iiif/MS-MOSSERI-II-00143-00002,mosseriii143.2
MS-MOSSERI-II-00144-00001,http://cudl.lib.cam.ac.uk/iiif/MS-MOSSERI-II-00144-00001,mosseriii144.1
MS-MOSSERI-II-00144-00002,http://cudl.lib.cam.ac.uk/iiif/MS-MOSSERI-II-00144-00002,mosseriii144.2
MS-MOSSERI-II-00144-00003,http://cudl.lib.cam.ac.uk/iiif/MS-MOSSERI-II-00144-00003,mosseriii144.3
MS-MOSSERI-II-00145-00001,http://cudl.lib.cam.ac.uk/iiif/MS-MOSSERI-II-00145-00001,mosseriii145.1
MS-MOSSERI-II-00145-00002,http://cudl.lib.cam.ac.uk/iiif/MS-MOSSERI-II-00145-00002,mosseriii145.2
MS-MOSSERI-II-00145-00003,http://cudl.lib.cam.ac.uk/iiif/MS-MOSSERI-II-00145-00003,mosseriii145.3
MS-MOSSERI-II-00146-00001,http://cudl.lib.cam.ac.uk/iiif/MS-MOSSERI-II-00146-00001,mosseriii146.1
MS-MOSSERI-II-00146-00002,http://cudl.lib.cam.ac.uk/iiif/MS-MOSSERI-II-00146-00002,mosseriii146.2
MS-MOSSERI-II-00147-00001,http://cudl.lib.cam.ac.uk/iiif/MS-MOSSERI-II-00147-00001,mosseriii147.1
MS-MOSSERI-II-00147-00002,http://cudl.lib.cam.ac.uk/iiif/MS-MOSSERI-II-00147-00002,mosseriii147.2
MS-MOSSERI-II-00147-00003,http://cudl.lib.cam.ac.uk/iiif/MS-MOSSERI-II-00147-00003,mosseriii147.3
MS-MOSSERI-II-00148,http://cudl.lib.cam.ac.uk/iiif/MS-MOSSERI-II-00148,mosseriii148
MS-MOSSERI-II-00149,http://cudl.lib.cam.ac.uk/iiif/MS-MOSSERI-II-00149,mosseriii149
MS-MOSSERI-II-00150,http://cudl.lib.cam.ac.uk/iiif/MS-MOSSERI-II-00150,mosseriii150
MS-MOSSERI-II-00151-00001,http://cudl.lib.cam.ac.uk/iiif/MS-MOSSERI-II-00151-00001,mosseriii151.1
MS-MOSSERI-II-00151-00002,http://cudl.lib.cam.ac.uk/iiif/MS-MOSSERI-II-00151-00002,mosseriii151.2
MS-MOSSERI-II-00151-00003,http://cudl.lib.cam.ac.uk/iiif/MS-MOSSERI-II-00151-00003,mosseriii151.3
MS-MOSSERI-II-00152-00001,http://cudl.lib.cam.ac.uk/iiif/MS-MOSSERI-II-00152-00001,mosseriii152.1
MS-MOSSERI-II-00152-00002,http://cudl.lib.cam.ac.uk/iiif/MS-MOSSERI-II-00152-00002,mosseriii152.2
MS-MOSSERI-II-00153-00001,http://cudl.lib.cam.ac.uk/iiif/MS-MOSSERI-II-00153-00001,mosseriii153.1
MS-MOSSERI-II-00153-00002,http://cudl.lib.cam.ac.uk/iiif/MS-MOSSERI-II-00153-00002,mosseriii153.2
MS-MOSSERI-II-00153-00003,http://cudl.lib.cam.ac.uk/iiif/MS-MOSSERI-II-00153-00003,mosseriii153.3
MS-MOSSERI-II-00153-00004,http://cudl.lib.cam.ac.uk/iiif/MS-MOSSERI-II-00153-00004,mosseriii153.4
MS-MOSSERI-II-00153-00005,http://cudl.lib.cam.ac.uk/iiif/MS-MOSSERI-II-00153-00005,mosseriii153.5
MS-MOSSERI-II-00154-00001,http://cudl.lib.cam.ac.uk/iiif/MS-MOSSERI-II-00154-00001,mosseriii154.1
MS-MOSSERI-II-00154-00002,http://cudl.lib.cam.ac.uk/iiif/MS-MOSSERI-II-00154-00002,mosseriii154.2
MS-MOSSERI-II-00155-00001,http://cudl.lib.cam.ac.uk/iiif/MS-MOSSERI-II-00155-00001,mosseriii155.1
MS-MOSSERI-II-00155-00002,http://cudl.lib.cam.ac.uk/iiif/MS-MOSSERI-II-00155-00002,mosseriii155.2
MS-MOSSERI-II-00156-00001,http://cudl.lib.cam.ac.uk/iiif/MS-MOSSERI-II-00156-00001,mosseriii156.1
MS-MOSSERI-II-00156-00002,http://cudl.lib.cam.ac.uk/iiif/MS-MOSSERI-II-00156-00002,mosseriii156.2
MS-MOSSERI-II-00156-00003,http://cudl.lib.cam.ac.uk/iiif/MS-MOSSERI-II-00156-00003,mosseriii156.3
MS-MOSSERI-II-00156-00004,http://cudl.lib.cam.ac.uk/iiif/MS-MOSSERI-II-00156-00004,mosseriii156.4
MS-MOSSERI-II-00157,http://cudl.lib.cam.ac.uk/iiif/MS-MOSSERI-II-00157,mosseriii157
MS-MOSSERI-II-00158-00001,http://cudl.lib.cam.ac.uk/iiif/MS-MOSSERI-II-00158-00001,mosseriii158.1
MS-MOSSERI-II-00158-00002,http://cudl.lib.cam.ac.uk/iiif/MS-MOSSERI-II-00158-00002,mosseriii158.2
MS-MOSSERI-II-00158-00003,http://cudl.lib.cam.ac.uk/iiif/MS-MOSSERI-II-00158-00003,mosseriii158.3
MS-MOSSERI-II-00158-00004,http://cudl.lib.cam.ac.uk/iiif/MS-MOSSERI-II-00158-00004,mosseriii158.4
MS-MOSSERI-II-00158-00005,http://cudl.lib.cam.ac.uk/iiif/MS-MOSSERI-II-00158-00005,mosseriii158.5
MS-MOSSERI-II-00159-00001,http://cudl.lib.cam.ac.uk/iiif/MS-MOSSERI-II-00159-00001,mosseriii159.1
MS-MOSSERI-II-00159-00002,http://cudl.lib.cam.ac.uk/iiif/MS-MOSSERI-II-00159-00002,mosseriii159.2
MS-MOSSERI-II-00160,http://cudl.lib.cam.ac.uk/iiif/MS-MOSSERI-II-00160,mosseriii160
MS-MOSSERI-II-00161-00001,http://cudl.lib.cam.ac.uk/iiif/MS-MOSSERI-II-00161-00001,mosseriii161.1
MS-MOSSERI-II-00161-00002,http://cudl.lib.cam.ac.uk/iiif/MS-MOSSERI-II-00161-00002,mosseriii161.2
MS-MOSSERI-II-00162-00001,http://cudl.lib.cam.ac.uk/iiif/MS-MOSSERI-II-00162-00001,mosseriii162.1
MS-MOSSERI-II-00162-00002,http://cudl.lib.cam.ac.uk/iiif/MS-MOSSERI-II-00162-00002,mosseriii162.2
MS-MOSSERI-II-00163-00001,http://cudl.lib.cam.ac.uk/iiif/MS-MOSSERI-II-00163-00001,mosseriii163.1
MS-MOSSERI-II-00163-00002,http://cudl.lib.cam.ac.uk/iiif/MS-MOSSERI-II-00163-00002,mosseriii163.2
MS-MOSSERI-II-00163-00003,http://cudl.lib.cam.ac.uk/iiif/MS-MOSSERI-II-00163-00003,mosseriii163.3
MS-MOSSERI-II-00164-00001,http://cudl.lib.cam.ac.uk/iiif/MS-MOSSERI-II-00164-00001,mosseriii164.1
MS-MOSSERI-II-00164-00002,http://cudl.lib.cam.ac.uk/iiif/MS-MOSSERI-II-00164-00002,mosseriii164.2
MS-MOSSERI-II-00164-00003,http://cudl.lib.cam.ac.uk/iiif/MS-MOSSERI-II-00164-00003,mosseriii164.3
MS-MOSSERI-II-00164-00004-A,http://cudl.lib.cam.ac.uk/iiif/MS-MOSSERI-II-00164-00004-A,mosseriii164.4a
MS-MOSSERI-II-00164-00004-B,http://cudl.lib.cam.ac.uk/iiif/MS-MOSSERI-II-00164-00004-B,mosseriii164.4b
MS-MOSSERI-II-00164-00005,http://cudl.lib.cam.ac.uk/iiif/MS-MOSSERI-II-00164-00005,mosseriii164.5
MS-MOSSERI-II-00165-00001,http://cudl.lib.cam.ac.uk/iiif/MS-MOSSERI-II-00165-00001,mosseriii165.1
MS-MOSSERI-II-00165-00002,http://cudl.lib.cam.ac.uk/iiif/MS-MOSSERI-II-00165-00002,mosseriii165.2
MS-MOSSERI-II-00165-00003,http://cudl.lib.cam.ac.uk/iiif/MS-MOSSERI-II-00165-00003,mosseriii165.3
MS-MOSSERI-II-00166,http://cudl.lib.cam.ac.uk/iiif/MS-MOSSERI-II-00166,mosseriii166
MS-MOSSERI-II-00167,http://cudl.lib.cam.ac.uk/iiif/MS-MOSSERI-II-00167,mosseriii167
MS-MOSSERI-II-00168,http://cudl.lib.cam.ac.uk/iiif/MS-MOSSERI-II-00168,mosseriii168
MS-MOSSERI-II-00169,http://cudl.lib.cam.ac.uk/iiif/MS-MOSSERI-II-00169,mosseriii169
MS-MOSSERI-II-00170,http://cudl.lib.cam.ac.uk/iiif/MS-MOSSERI-II-00170,mosseriii170
MS-MOSSERI-II-00171,http://cudl.lib.cam.ac.uk/iiif/MS-MOSSERI-II-00171,mosseriii171
MS-MOSSERI-II-00172,http://cudl.lib.cam.ac.uk/iiif/MS-MOSSERI-II-00172,mosseriii172
MS-MOSSERI-II-00173,http://cudl.lib.cam.ac.uk/iiif/MS-MOSSERI-II-00173,mosseriii173
MS-MOSSERI-II-00174,http://cudl.lib.cam.ac.uk/iiif/MS-MOSSERI-II-00174,mosseriii174
MS-MOSSERI-II-00175-00001,http://cudl.lib.cam.ac.uk/iiif/MS-MOSSERI-II-00175-00001,mosseriii175.1
MS-MOSSERI-II-00175-00002,http://cudl.lib.cam.ac.uk/iiif/MS-MOSSERI-II-00175-00002,mosseriii175.2
MS-MOSSERI-II-00176-00001,http://cudl.lib.cam.ac.uk/iiif/MS-MOSSERI-II-00176-00001,mosseriii176.1
MS-MOSSERI-II-00176-00002,http://cudl.lib.cam.ac.uk/iiif/MS-MOSSERI-II-00176-00002,mosseriii176.2
MS-MOSSERI-II-00177,http://cudl.lib.cam.ac.uk/iiif/MS-MOSSERI-II-00177,mosseriii177
MS-MOSSERI-II-00178,http://cudl.lib.cam.ac.uk/iiif/MS-MOSSERI-II-00178,mosseriii178
MS-MOSSERI-II-00179,http://cudl.lib.cam.ac.uk/iiif/MS-MOSSERI-II-00179,mosseriii179
MS-MOSSERI-II-00180,http://cudl.lib.cam.ac.uk/iiif/MS-MOSSERI-II-00180,mosseriii180
MS-MOSSERI-II-00181,http://cudl.lib.cam.ac.uk/iiif/MS-MOSSERI-II-00181,mosseriii181
MS-MOSSERI-II-00182,http://cudl.lib.cam.ac.uk/iiif/MS-MOSSERI-II-00182,mosseriii182
MS-MOSSERI-II-00183-00001,http://cudl.lib.cam.ac.uk/iiif/MS-MOSSERI-II-00183-00001,mosseriii183.1
MS-MOSSERI-II-00183-00002,http://cudl.lib.cam.ac.uk/iiif/MS-MOSSERI-II-00183-00002,mosseriii183.2
MS-MOSSERI-II-00184,http://cudl.lib.cam.ac.uk/iiif/MS-MOSSERI-II-00184,mosseriii184
MS-MOSSERI-II-00185-00001,http://cudl.lib.cam.ac.uk/iiif/MS-MOSSERI-II-00185-00001,mosseriii185.1
MS-MOSSERI-II-00185-00002,http://cudl.lib.cam.ac.uk/iiif/MS-MOSSERI-II-00185-00002,mosseriii185.2
MS-MOSSERI-II-00186-00001,http://cudl.lib.cam.ac.uk/iiif/MS-MOSSERI-II-00186-00001,mosseriii186.1
MS-MOSSERI-II-00186-00002,http://cudl.lib.cam.ac.uk/iiif/MS-MOSSERI-II-00186-00002,mosseriii186.2
MS-MOSSERI-II-00187-00001,http://cudl.lib.cam.ac.uk/iiif/MS-MOSSERI-II-00187-00001,mosseriii187.1
MS-MOSSERI-II-00187-00002,http://cudl.lib.cam.ac.uk/iiif/MS-MOSSERI-II-00187-00002,mosseriii187.2
MS-MOSSERI-II-00188-00001,http://cudl.lib.cam.ac.uk/iiif/MS-MOSSERI-II-00188-00001,mosseriii188.1
MS-MOSSERI-II-00188-00002,http://cudl.lib.cam.ac.uk/iiif/MS-MOSSERI-II-00188-00002,mosseriii188.2
MS-MOSSERI-II-00189,http://cudl.lib.cam.ac.uk/iiif/MS-MOSSERI-II-00189,mosseriii189
MS-MOSSERI-II-00190,http://cudl.lib.cam.ac.uk/iiif/MS-MOSSERI-II-00190,mosseriii190
MS-MOSSERI-II-00191,http://cudl.lib.cam.ac.uk/iiif/MS-MOSSERI-II-00191,mosseriii191
MS-MOSSERI-II-00192,http://cudl.lib.cam.ac.uk/iiif/MS-MOSSERI-II-00192,mosseriii192
MS-MOSSERI-II-00193,http://cudl.lib.cam.ac.uk/iiif/MS-MOSSERI-II-00193,mosseriii193
MS-MOSSERI-II-00194-00001,http://cudl.lib.cam.ac.uk/iiif/MS-MOSSERI-II-00194-00001,mosseriii194.1
MS-MOSSERI-II-00194-00002,http://cudl.lib.cam.ac.uk/iiif/MS-MOSSERI-II-00194-00002,mosseriii194.2
MS-MOSSERI-II-00194-00003,http://cudl.lib.cam.ac.uk/iiif/MS-MOSSERI-II-00194-00003,mosseriii194.3
MS-MOSSERI-II-00194-00004,http://cudl.lib.cam.ac.uk/iiif/MS-MOSSERI-II-00194-00004,mosseriii194.4
MS-MOSSERI-II-00195,http://cudl.lib.cam.ac.uk/iiif/MS-MOSSERI-II-00195,mosseriii195
MS-MOSSERI-II-00196-00001,http://cudl.lib.cam.ac.uk/iiif/MS-MOSSERI-II-00196-00001,mosseriii196.1
MS-MOSSERI-II-00196-00002,http://cudl.lib.cam.ac.uk/iiif/MS-MOSSERI-II-00196-00002,mosseriii196.2
MS-MOSSERI-II-00197-00001,http://cudl.lib.cam.ac.uk/iiif/MS-MOSSERI-II-00197-00001,mosseriii197.1
MS-MOSSERI-II-00197-00002,http://cudl.lib.cam.ac.uk/iiif/MS-MOSSERI-II-00197-00002,mosseriii197.2
MS-MOSSERI-II-00198,http://cudl.lib.cam.ac.uk/iiif/MS-MOSSERI-II-00198,mosseriii198
MS-MOSSERI-II-00199,http://cudl.lib.cam.ac.uk/iiif/MS-MOSSERI-II-00199,mosseriii199
MS-MOSSERI-II-00200,http://cudl.lib.cam.ac.uk/iiif/MS-MOSSERI-II-00200,mosseriii200
MS-MOSSERI-II-00201,http://cudl.lib.cam.ac.uk/iiif/MS-MOSSERI-II-00201,mosseriii201
MS-MOSSERI-II-00202,http://cudl.lib.cam.ac.uk/iiif/MS-MOSSERI-II-00202,mosseriii202
MS-MOSSERI-II-00203,http://cudl.lib.cam.ac.uk/iiif/MS-MOSSERI-II-00203,mosseriii203
MS-MOSSERI-II-00205,http://cudl.lib.cam.ac.uk/iiif/MS-MOSSERI-II-00205,mosseriii205
MS-MOSSERI-II-00206,http://cudl.lib.cam.ac.uk/iiif/MS-MOSSERI-II-00206,mosseriii206
MS-MOSSERI-II-00207,http://cudl.lib.cam.ac.uk/iiif/MS-MOSSERI-II-00207,mosseriii207
MS-MOSSERI-II-00208,http://cudl.lib.cam.ac.uk/iiif/MS-MOSSERI-II-00208,mosseriii208
MS-MOSSERI-II-00209-00001-A,http://cudl.lib.cam.ac.uk/iiif/MS-MOSSERI-II-00209-00001-A,mosseriii209.1a
MS-MOSSERI-II-00209-00001-B,http://cudl.lib.cam.ac.uk/iiif/MS-MOSSERI-II-00209-00001-B,mosseriii209.1b
MS-MOSSERI-II-00209-00002-A,http://cudl.lib.cam.ac.uk/iiif/MS-MOSSERI-II-00209-00002-A,mosseriii209.2a
MS-MOSSERI-II-00209-00002-B,http://cudl.lib.cam.ac.uk/iiif/MS-MOSSERI-II-00209-00002-B,mosseriii209.2b
MS-MOSSERI-II-00209-00002-C,http://cudl.lib.cam.ac.uk/iiif/MS-MOSSERI-II-00209-00002-C,mosseriii209.2c
MS-MOSSERI-II-00209-00002-D,http://cudl.lib.cam.ac.uk/iiif/MS-MOSSERI-II-00209-00002-D,mosseriii209.2d
MS-MOSSERI-II-00209-00002-E,http://cudl.lib.cam.ac.uk/iiif/MS-MOSSERI-II-00209-00002-E,mosseriii209.2e
MS-MOSSERI-II-00209-00002-F,http://cudl.lib.cam.ac.uk/iiif/MS-MOSSERI-II-00209-00002-F,mosseriii209.2f
MS-MOSSERI-II-00210,http://cudl.lib.cam.ac.uk/iiif/MS-MOSSERI-II-00210,mosseriii210
MS-MOSSERI-II-00211,http://cudl.lib.cam.ac.uk/iiif/MS-MOSSERI-II-00211,mosseriii211
MS-MOSSERI-II-00212,http://cudl.lib.cam.ac.uk/iiif/MS-MOSSERI-II-00212,mosseriii212
MS-MOSSERI-II-00213,http://cudl.lib.cam.ac.uk/iiif/MS-MOSSERI-II-00213,mosseriii213
MS-MOSSERI-II-00214,http://cudl.lib.cam.ac.uk/iiif/MS-MOSSERI-II-00214,mosseriii214
MS-MOSSERI-II-00215-00001,http://cudl.lib.cam.ac.uk/iiif/MS-MOSSERI-II-00215-00001,mosseriii215.1
MS-MOSSERI-II-00215-00002,http://cudl.lib.cam.ac.uk/iiif/MS-MOSSERI-II-00215-00002,mosseriii215.2
MS-MOSSERI-II-00216,http://cudl.lib.cam.ac.uk/iiif/MS-MOSSERI-II-00216,mosseriii216
MS-MOSSERI-II-00217-00001,http://cudl.lib.cam.ac.uk/iiif/MS-MOSSERI-II-00217-00001,mosseriii217.1
MS-MOSSERI-II-00217-00002,http://cudl.lib.cam.ac.uk/iiif/MS-MOSSERI-II-00217-00002,mosseriii217.2
MS-MOSSERI-II-00218,http://cudl.lib.cam.ac.uk/iiif/MS-MOSSERI-II-00218,mosseriii218
MS-MOSSERI-II-00219-00001,http://cudl.lib.cam.ac.uk/iiif/MS-MOSSERI-II-00219-00001,mosseriii219.1
MS-MOSSERI-II-00219-00002,http://cudl.lib.cam.ac.uk/iiif/MS-MOSSERI-II-00219-00002,mosseriii219.2
MS-MOSSERI-II-00220,http://cudl.lib.cam.ac.uk/iiif/MS-MOSSERI-II-00220,mosseriii220
MS-MOSSERI-II-00221-00001,http://cudl.lib.cam.ac.uk/iiif/MS-MOSSERI-II-00221-00001,mosseriii221.1
MS-MOSSERI-II-00221-00002,http://cudl.lib.cam.ac.uk/iiif/MS-MOSSERI-II-00221-00002,mosseriii221.2
MS-MOSSERI-II-00222,http://cudl.lib.cam.ac.uk/iiif/MS-MOSSERI-II-00222,mosseriii222
MS-MOSSERI-II-00223-00001,http://cudl.lib.cam.ac.uk/iiif/MS-MOSSERI-II-00223-00001,mosseriii223.1
MS-MOSSERI-II-00223-00002,http://cudl.lib.cam.ac.uk/iiif/MS-MOSSERI-II-00223-00002,mosseriii223.2
MS-MOSSERI-II-00224,http://cudl.lib.cam.ac.uk/iiif/MS-MOSSERI-II-00224,mosseriii224
MS-MOSSERI-II-00225,http://cudl.lib.cam.ac.uk/iiif/MS-MOSSERI-II-00225,mosseriii225
MS-MOSSERI-II-00226,http://cudl.lib.cam.ac.uk/iiif/MS-MOSSERI-II-00226,mosseriii226
MS-MOSSERI-II-00227-00001,http://cudl.lib.cam.ac.uk/iiif/MS-MOSSERI-II-00227-00001,mosseriii227.1
MS-MOSSERI-II-00227-00002,http://cudl.lib.cam.ac.uk/iiif/MS-MOSSERI-II-00227-00002,mosseriii227.2
MS-MOSSERI-II-00228,http://cudl.lib.cam.ac.uk/iiif/MS-MOSSERI-II-00228,mosseriii228
MS-MOSSERI-II-00229,http://cudl.lib.cam.ac.uk/iiif/MS-MOSSERI-II-00229,mosseriii229
MS-MOSSERI-II-00230,http://cudl.lib.cam.ac.uk/iiif/MS-MOSSERI-II-00230,mosseriii230
MS-MOSSERI-II-00231,http://cudl.lib.cam.ac.uk/iiif/MS-MOSSERI-II-00231,mosseriii231
MS-MOSSERI-II-00232-00001,http://cudl.lib.cam.ac.uk/iiif/MS-MOSSERI-II-00232-00001,mosseriii232.1
MS-MOSSERI-II-00232-00002,http://cudl.lib.cam.ac.uk/iiif/MS-MOSSERI-II-00232-00002,mosseriii232.2
MS-MOSSERI-II-00234,http://cudl.lib.cam.ac.uk/iiif/MS-MOSSERI-II-00234,mosseriii234
MS-MOSSERI-II-00235,http://cudl.lib.cam.ac.uk/iiif/MS-MOSSERI-II-00235,mosseriii235
MS-MOSSERI-II-00236,http://cudl.lib.cam.ac.uk/iiif/MS-MOSSERI-II-00236,mosseriii236
MS-MOSSERI-II-00237,http://cudl.lib.cam.ac.uk/iiif/MS-MOSSERI-II-00237,mosseriii237
MS-MOSSERI-II-00238-00001,http://cudl.lib.cam.ac.uk/iiif/MS-MOSSERI-II-00238-00001,mosseriii238.1
MS-MOSSERI-II-00238-00002,http://cudl.lib.cam.ac.uk/iiif/MS-MOSSERI-II-00238-00002,mosseriii238.2
MS-MOSSERI-II-00239,http://cudl.lib.cam.ac.uk/iiif/MS-MOSSERI-II-00239,mosseriii239
MS-MOSSERI-II-00240,http://cudl.lib.cam.ac.uk/iiif/MS-MOSSERI-II-00240,mosseriii240
MS-MOSSERI-II-00241-00001,http://cudl.lib.cam.ac.uk/iiif/MS-MOSSERI-II-00241-00001,mosseriii241.1
MS-MOSSERI-II-00241-00002,http://cudl.lib.cam.ac.uk/iiif/MS-MOSSERI-II-00241-00002,mosseriii241.2
MS-MOSSERI-II-00242,http://cudl.lib.cam.ac.uk/iiif/MS-MOSSERI-II-00242,mosseriii242
MS-MOSSERI-II-00243-00001,http://cudl.lib.cam.ac.uk/iiif/MS-MOSSERI-II-00243-00001,mosseriii243.1
MS-MOSSERI-II-00243-00002,http://cudl.lib.cam.ac.uk/iiif/MS-MOSSERI-II-00243-00002,mosseriii243.2
MS-MOSSERI-II-00244-00001,http://cudl.lib.cam.ac.uk/iiif/MS-MOSSERI-II-00244-00001,mosseriii244.1
MS-MOSSERI-II-00244-00002,http://cudl.lib.cam.ac.uk/iiif/MS-MOSSERI-II-00244-00002,mosseriii244.2
MS-MOSSERI-II-00245-00001,http://cudl.lib.cam.ac.uk/iiif/MS-MOSSERI-II-00245-00001,mosseriii245.1
MS-MOSSERI-II-00245-00002,http://cudl.lib.cam.ac.uk/iiif/MS-MOSSERI-II-00245-00002,mosseriii245.2
MS-MOSSERI-II-00245-00003,http://cudl.lib.cam.ac.uk/iiif/MS-MOSSERI-II-00245-00003,mosseriii245.3
MS-MOSSERI-II-00246-00001,http://cudl.lib.cam.ac.uk/iiif/MS-MOSSERI-II-00246-00001,mosseriii246.1
MS-MOSSERI-II-00246-00002,http://cudl.lib.cam.ac.uk/iiif/MS-MOSSERI-II-00246-00002,mosseriii246.2
MS-MOSSERI-II-00247,http://cudl.lib.cam.ac.uk/iiif/MS-MOSSERI-II-00247,mosseriii247
MS-MOSSERI-II-00248,http://cudl.lib.cam.ac.uk/iiif/MS-MOSSERI-II-00248,mosseriii248
MS-MOSSERI-II-00249-00001,http://cudl.lib.cam.ac.uk/iiif/MS-MOSSERI-II-00249-00001,mosseriii249.1
MS-MOSSERI-II-00249-00002,http://cudl.lib.cam.ac.uk/iiif/MS-MOSSERI-II-00249-00002,mosseriii249.2
MS-MOSSERI-II-00250-00001,http://cudl.lib.cam.ac.uk/iiif/MS-MOSSERI-II-00250-00001,mosseriii250.1
MS-MOSSERI-II-00250-00002,http://cudl.lib.cam.ac.uk/iiif/MS-MOSSERI-II-00250-00002,mosseriii250.2
MS-MOSSERI-II-00250-00003,http://cudl.lib.cam.ac.uk/iiif/MS-MOSSERI-II-00250-00003,mosseriii250.3
MS-MOSSERI-II-00250-00004,http://cudl.lib.cam.ac.uk/iiif/MS-MOSSERI-II-00250-00004,mosseriii250.4
MS-MOSSERI-II-00251-00001,http://cudl.lib.cam.ac.uk/iiif/MS-MOSSERI-II-00251-00001,mosseriii251.1
MS-MOSSERI-II-00251-00002,http://cudl.lib.cam.ac.uk/iiif/MS-MOSSERI-II-00251-00002,mosseriii251.2
MS-MOSSERI-II-00251-00003,http://cudl.lib.cam.ac.uk/iiif/MS-MOSSERI-II-00251-00003,mosseriii251.3
MS-MOSSERI-II-00251-00004,http://cudl.lib.cam.ac.uk/iiif/MS-MOSSERI-II-00251-00004,mosseriii251.4
MS-MOSSERI-II-00252-00001,http://cudl.lib.cam.ac.uk/iiif/MS-MOSSERI-II-00252-00001,mosseriii252.1
MS-MOSSERI-II-00252-00002,http://cudl.lib.cam.ac.uk/iiif/MS-MOSSERI-II-00252-00002,mosseriii252.2
MS-MOSSERI-II-00253-00001,http://cudl.lib.cam.ac.uk/iiif/MS-MOSSERI-II-00253-00001,mosseriii253.1
MS-MOSSERI-II-00253-00002,http://cudl.lib.cam.ac.uk/iiif/MS-MOSSERI-II-00253-00002,mosseriii253.2
MS-MOSSERI-II-00253-00003,http://cudl.lib.cam.ac.uk/iiif/MS-MOSSERI-II-00253-00003,mosseriii253.3
MS-MOSSERI-II-00253-00004,http://cudl.lib.cam.ac.uk/iiif/MS-MOSSERI-II-00253-00004,mosseriii253.4
MS-MOSSERI-II-00253-00005,http://cudl.lib.cam.ac.uk/iiif/MS-MOSSERI-II-00253-00005,mosseriii253.5
MS-MOSSERI-II-00254-00001,http://cudl.lib.cam.ac.uk/iiif/MS-MOSSERI-II-00254-00001,mosseriii254.1
MS-MOSSERI-II-00254-00002,http://cudl.lib.cam.ac.uk/iiif/MS-MOSSERI-II-00254-00002,mosseriii254.2
MS-MOSSERI-II-00255-00001,http://cudl.lib.cam.ac.uk/iiif/MS-MOSSERI-II-00255-00001,mosseriii255.1
MS-MOSSERI-II-00255-00002,http://cudl.lib.cam.ac.uk/iiif/MS-MOSSERI-II-00255-00002,mosseriii255.2
MS-MOSSERI-II-00255-00003,http://cudl.lib.cam.ac.uk/iiif/MS-MOSSERI-II-00255-00003,mosseriii255.3
MS-MOSSERI-II-00255-00004,http://cudl.lib.cam.ac.uk/iiif/MS-MOSSERI-II-00255-00004,mosseriii255.4
MS-MOSSERI-II-00255-00005,http://cudl.lib.cam.ac.uk/iiif/MS-MOSSERI-II-00255-00005,mosseriii255.5
MS-MOSSERI-II-00256-00001,http://cudl.lib.cam.ac.uk/iiif/MS-MOSSERI-II-00256-00001,mosseriii256.1
MS-MOSSERI-II-00256-00002,http://cudl.lib.cam.ac.uk/iiif/MS-MOSSERI-II-00256-00002,mosseriii256.2
MS-MOSSERI-II-00256-00003,http://cudl.lib.cam.ac.uk/iiif/MS-MOSSERI-II-00256-00003,mosseriii256.3
MS-MOSSERI-II-00257-00001,http://cudl.lib.cam.ac.uk/iiif/MS-MOSSERI-II-00257-00001,mosseriii257.1
MS-MOSSERI-II-00257-00002,http://cudl.lib.cam.ac.uk/iiif/MS-MOSSERI-II-00257-00002,mosseriii257.2
MS-MOSSERI-II-00258,http://cudl.lib.cam.ac.uk/iiif/MS-MOSSERI-II-00258,mosseriii258
MS-MOSSERI-II-00259-00001,http://cudl.lib.cam.ac.uk/iiif/MS-MOSSERI-II-00259-00001,mosseriii259.1
MS-MOSSERI-II-00259-00002,http://cudl.lib.cam.ac.uk/iiif/MS-MOSSERI-II-00259-00002,mosseriii259.2
MS-MOSSERI-II-00259-00003,http://cudl.lib.cam.ac.uk/iiif/MS-MOSSERI-II-00259-00003,mosseriii259.3
MS-MOSSERI-II-00259-00004,http://cudl.lib.cam.ac.uk/iiif/MS-MOSSERI-II-00259-00004,mosseriii259.4
MS-MOSSERI-II-00259-00005,http://cudl.lib.cam.ac.uk/iiif/MS-MOSSERI-II-00259-00005,mosseriii259.5
MS-MOSSERI-II-00259-00006,http://cudl.lib.cam.ac.uk/iiif/MS-MOSSERI-II-00259-00006,mosseriii259.6
MS-MOSSERI-II-00259-00007,http://cudl.lib.cam.ac.uk/iiif/MS-MOSSERI-II-00259-00007,mosseriii259.7
MS-MOSSERI-II-00260-00001,http://cudl.lib.cam.ac.uk/iiif/MS-MOSSERI-II-00260-00001,mosseriii260.1
MS-MOSSERI-II-00260-00002,http://cudl.lib.cam.ac.uk/iiif/MS-MOSSERI-II-00260-00002,mosseriii260.2
MS-MOSSERI-II-00260-00003,http://cudl.lib.cam.ac.uk/iiif/MS-MOSSERI-II-00260-00003,mosseriii260.3
MS-MOSSERI-II-00260-00004,http://cudl.lib.cam.ac.uk/iiif/MS-MOSSERI-II-00260-00004,mosseriii260.4
MS-MOSSERI-II-00261-00001,http://cudl.lib.cam.ac.uk/iiif/MS-MOSSERI-II-00261-00001,mosseriii261.1
MS-MOSSERI-II-00261-00002,http://cudl.lib.cam.ac.uk/iiif/MS-MOSSERI-II-00261-00002,mosseriii261.2
MS-MOSSERI-II-00261-00003,http://cudl.lib.cam.ac.uk/iiif/MS-MOSSERI-II-00261-00003,mosseriii261.3
MS-MOSSERI-II-00261-00004,http://cudl.lib.cam.ac.uk/iiif/MS-MOSSERI-II-00261-00004,mosseriii261.4
MS-MOSSERI-II-00262-00001,http://cudl.lib.cam.ac.uk/iiif/MS-MOSSERI-II-00262-00001,mosseriii262.1
MS-MOSSERI-II-00262-00002,http://cudl.lib.cam.ac.uk/iiif/MS-MOSSERI-II-00262-00002,mosseriii262.2
MS-MOSSERI-II-00262-00003,http://cudl.lib.cam.ac.uk/iiif/MS-MOSSERI-II-00262-00003,mosseriii262.3
MS-MOSSERI-II-00262-00004,http://cudl.lib.cam.ac.uk/iiif/MS-MOSSERI-II-00262-00004,mosseriii262.4
MS-MOSSERI-II-00262-00005,http://cudl.lib.cam.ac.uk/iiif/MS-MOSSERI-II-00262-00005,mosseriii262.5
MS-MOSSERI-II-00262-00006,http://cudl.lib.cam.ac.uk/iiif/MS-MOSSERI-II-00262-00006,mosseriii262.6
MS-MOSSERI-II-00262-00007,http://cudl.lib.cam.ac.uk/iiif/MS-MOSSERI-II-00262-00007,mosseriii262.7
MS-MOSSERI-II-00263-00001,http://cudl.lib.cam.ac.uk/iiif/MS-MOSSERI-II-00263-00001,mosseriii263.1
MS-MOSSERI-II-00263-00002,http://cudl.lib.cam.ac.uk/iiif/MS-MOSSERI-II-00263-00002,mosseriii263.2
MS-MOSSERI-II-00263-00003,http://cudl.lib.cam.ac.uk/iiif/MS-MOSSERI-II-00263-00003,mosseriii263.3
MS-MOSSERI-II-00264-00001,http://cudl.lib.cam.ac.uk/iiif/MS-MOSSERI-II-00264-00001,mosseriii264.1
MS-MOSSERI-II-00264-00002,http://cudl.lib.cam.ac.uk/iiif/MS-MOSSERI-II-00264-00002,mosseriii264.2
MS-MOSSERI-II-00265-00001,http://cudl.lib.cam.ac.uk/iiif/MS-MOSSERI-II-00265-00001,mosseriii265.1
MS-MOSSERI-II-00265-00002,http://cudl.lib.cam.ac.uk/iiif/MS-MOSSERI-II-00265-00002,mosseriii265.2
MS-MOSSERI-II-00265-00003,http://cudl.lib.cam.ac.uk/iiif/MS-MOSSERI-II-00265-00003,mosseriii265.3
MS-MOSSERI-II-00265-00004,http://cudl.lib.cam.ac.uk/iiif/MS-MOSSERI-II-00265-00004,mosseriii265.4
MS-MOSSERI-II-00266-00001,http://cudl.lib.cam.ac.uk/iiif/MS-MOSSERI-II-00266-00001,mosseriii266.1
MS-MOSSERI-II-00266-00002,http://cudl.lib.cam.ac.uk/iiif/MS-MOSSERI-II-00266-00002,mosseriii266.2
MS-MOSSERI-II-00266-00003,http://cudl.lib.cam.ac.uk/iiif/MS-MOSSERI-II-00266-00003,mosseriii266.3
MS-MOSSERI-II-00266-00004,http://cudl.lib.cam.ac.uk/iiif/MS-MOSSERI-II-00266-00004,mosseriii266.4
MS-MOSSERI-II-00267-00001,http://cudl.lib.cam.ac.uk/iiif/MS-MOSSERI-II-00267-00001,mosseriii267.1
MS-MOSSERI-II-00267-00002,http://cudl.lib.cam.ac.uk/iiif/MS-MOSSERI-II-00267-00002,mosseriii267.2
MS-MOSSERI-II-00268-00001,http://cudl.lib.cam.ac.uk/iiif/MS-MOSSERI-II-00268-00001,mosseriii268.1
MS-MOSSERI-II-00268-00002,http://cudl.lib.cam.ac.uk/iiif/MS-MOSSERI-II-00268-00002,mosseriii268.2
MS-MOSSERI-II-00269-00001,http://cudl.lib.cam.ac.uk/iiif/MS-MOSSERI-II-00269-00001,mosseriii269.1
MS-MOSSERI-II-00269-00002,http://cudl.lib.cam.ac.uk/iiif/MS-MOSSERI-II-00269-00002,mosseriii269.2
MS-MOSSERI-II-00269-00003,http://cudl.lib.cam.ac.uk/iiif/MS-MOSSERI-II-00269-00003,mosseriii269.3
MS-MOSSERI-II-00269-00004,http://cudl.lib.cam.ac.uk/iiif/MS-MOSSERI-II-00269-00004,mosseriii269.4
MS-MOSSERI-II-00269-00005,http://cudl.lib.cam.ac.uk/iiif/MS-MOSSERI-II-00269-00005,mosseriii269.5
MS-MOSSERI-II-00270-00001,http://cudl.lib.cam.ac.uk/iiif/MS-MOSSERI-II-00270-00001,mosseriii270.1
MS-MOSSERI-II-00270-00002,http://cudl.lib.cam.ac.uk/iiif/MS-MOSSERI-II-00270-00002,mosseriii270.2
MS-MOSSERI-II-00270-00003,http://cudl.lib.cam.ac.uk/iiif/MS-MOSSERI-II-00270-00003,mosseriii270.3
MS-MOSSERI-II-00270-00004,http://cudl.lib.cam.ac.uk/iiif/MS-MOSSERI-II-00270-00004,mosseriii270.4
MS-MOSSERI-II-00271-00001,http://cudl.lib.cam.ac.uk/iiif/MS-MOSSERI-II-00271-00001,mosseriii271.1
MS-MOSSERI-II-00271-00002,http://cudl.lib.cam.ac.uk/iiif/MS-MOSSERI-II-00271-00002,mosseriii271.2
MS-MOSSERI-II-00271-00003,http://cudl.lib.cam.ac.uk/iiif/MS-MOSSERI-II-00271-00003,mosseriii271.3
MS-MOSSERI-II-00272-00001,http://cudl.lib.cam.ac.uk/iiif/MS-MOSSERI-II-00272-00001,mosseriii272.1
MS-MOSSERI-II-00272-00002,http://cudl.lib.cam.ac.uk/iiif/MS-MOSSERI-II-00272-00002,mosseriii272.2
MS-MOSSERI-II-00272-00003,http://cudl.lib.cam.ac.uk/iiif/MS-MOSSERI-II-00272-00003,mosseriii272.3
MS-MOSSERI-II-00273-00001,http://cudl.lib.cam.ac.uk/iiif/MS-MOSSERI-II-00273-00001,mosseriii273.1
MS-MOSSERI-II-00273-00002,http://cudl.lib.cam.ac.uk/iiif/MS-MOSSERI-II-00273-00002,mosseriii273.2
MS-MOSSERI-II-00273-00003,http://cudl.lib.cam.ac.uk/iiif/MS-MOSSERI-II-00273-00003,mosseriii273.3
MS-MOSSERI-II-00274-00001,http://cudl.lib.cam.ac.uk/iiif/MS-MOSSERI-II-00274-00001,mosseriii274.1
MS-MOSSERI-II-00274-00002,http://cudl.lib.cam.ac.uk/iiif/MS-MOSSERI-II-00274-00002,mosseriii274.2
MS-MOSSERI-II-00275-00001,http://cudl.lib.cam.ac.uk/iiif/MS-MOSSERI-II-00275-00001,mosseriii275.1
MS-MOSSERI-II-00275-00002,http://cudl.lib.cam.ac.uk/iiif/MS-MOSSERI-II-00275-00002,mosseriii275.2
MS-MOSSERI-II-00275-00003,http://cudl.lib.cam.ac.uk/iiif/MS-MOSSERI-II-00275-00003,mosseriii275.3
MS-MOSSERI-II-00275-00004,http://cudl.lib.cam.ac.uk/iiif/MS-MOSSERI-II-00275-00004,mosseriii275.4
MS-MOSSERI-II-00275-00005,http://cudl.lib.cam.ac.uk/iiif/MS-MOSSERI-II-00275-00005,mosseriii275.5
MS-MOSSERI-II-00275-00006,http://cudl.lib.cam.ac.uk/iiif/MS-MOSSERI-II-00275-00006,mosseriii275.6
MS-MOSSERI-II-00276-00001,http://cudl.lib.cam.ac.uk/iiif/MS-MOSSERI-II-00276-00001,mosseriii276.1
MS-MOSSERI-II-00276-00002,http://cudl.lib.cam.ac.uk/iiif/MS-MOSSERI-II-00276-00002,mosseriii276.2
MS-MOSSERI-II-00276-00003,http://cudl.lib.cam.ac.uk/iiif/MS-MOSSERI-II-00276-00003,mosseriii276.3
MS-MOSSERI-II-00276-00004,http://cudl.lib.cam.ac.uk/iiif/MS-MOSSERI-II-00276-00004,mosseriii276.4
MS-MOSSERI-II-00277-00001,http://cudl.lib.cam.ac.uk/iiif/MS-MOSSERI-II-00277-00001,mosseriii277.1
MS-MOSSERI-II-00277-00002,http://cudl.lib.cam.ac.uk/iiif/MS-MOSSERI-II-00277-00002,mosseriii277.2
MS-MOSSERI-II-00278-00001,http://cudl.lib.cam.ac.uk/iiif/MS-MOSSERI-II-00278-00001,mosseriii278.1
MS-MOSSERI-II-00278-00002,http://cudl.lib.cam.ac.uk/iiif/MS-MOSSERI-II-00278-00002,mosseriii278.2
MS-MOSSERI-II-00279-00001,http://cudl.lib.cam.ac.uk/iiif/MS-MOSSERI-II-00279-00001,mosseriii279.1
MS-MOSSERI-II-00279-00002,http://cudl.lib.cam.ac.uk/iiif/MS-MOSSERI-II-00279-00002,mosseriii279.2
MS-MOSSERI-II-00279-00003,http://cudl.lib.cam.ac.uk/iiif/MS-MOSSERI-II-00279-00003,mosseriii279.3
MS-MOSSERI-II-00279-00004,http://cudl.lib.cam.ac.uk/iiif/MS-MOSSERI-II-00279-00004,mosseriii279.4
MS-MOSSERI-II-00279-00005,http://cudl.lib.cam.ac.uk/iiif/MS-MOSSERI-II-00279-00005,mosseriii279.5
MS-MOSSERI-II-00280-00001,http://cudl.lib.cam.ac.uk/iiif/MS-MOSSERI-II-00280-00001,mosseriii280.1
MS-MOSSERI-II-00280-00002,http://cudl.lib.cam.ac.uk/iiif/MS-MOSSERI-II-00280-00002,mosseriii280.2
MS-MOSSERI-II-00280-00003,http://cudl.lib.cam.ac.uk/iiif/MS-MOSSERI-II-00280-00003,mosseriii280.3
MS-MOSSERI-II-00281-00001,http://cudl.lib.cam.ac.uk/iiif/MS-MOSSERI-II-00281-00001,mosseriii281.1
MS-MOSSERI-II-00281-00002,http://cudl.lib.cam.ac.uk/iiif/MS-MOSSERI-II-00281-00002,mosseriii281.2
MS-MOSSERI-II-00281-00003,http://cudl.lib.cam.ac.uk/iiif/MS-MOSSERI-II-00281-00003,mosseriii281.3
MS-MOSSERI-II-00282-00001,http://cudl.lib.cam.ac.uk/iiif/MS-MOSSERI-II-00282-00001,mosseriii282.1
MS-MOSSERI-II-00282-00002,http://cudl.lib.cam.ac.uk/iiif/MS-MOSSERI-II-00282-00002,mosseriii282.2
MS-MOSSERI-II-00283-00001,http://cudl.lib.cam.ac.uk/iiif/MS-MOSSERI-II-00283-00001,mosseriii283.1
MS-MOSSERI-II-00283-00002,http://cudl.lib.cam.ac.uk/iiif/MS-MOSSERI-II-00283-00002,mosseriii283.2
MS-MOSSERI-II-00283-00003,http://cudl.lib.cam.ac.uk/iiif/MS-MOSSERI-II-00283-00003,mosseriii283.3
MS-MOSSERI-II-00283-00004,http://cudl.lib.cam.ac.uk/iiif/MS-MOSSERI-II-00283-00004,mosseriii283.4
MS-MOSSERI-II-00284-00001,http://cudl.lib.cam.ac.uk/iiif/MS-MOSSERI-II-00284-00001,mosseriii284.1
MS-MOSSERI-II-00284-00002,http://cudl.lib.cam.ac.uk/iiif/MS-MOSSERI-II-00284-00002,mosseriii284.2
MS-MOSSERI-II-00285-00001,http://cudl.lib.cam.ac.uk/iiif/MS-MOSSERI-II-00285-00001,mosseriii285.1
MS-MOSSERI-II-00285-00002,http://cudl.lib.cam.ac.uk/iiif/MS-MOSSERI-II-00285-00002,mosseriii285.2
MS-MOSSERI-II-00286,http://cudl.lib.cam.ac.uk/iiif/MS-MOSSERI-II-00286,mosseriii286
MS-MOSSERI-II-00287-00001,http://cudl.lib.cam.ac.uk/iiif/MS-MOSSERI-II-00287-00001,mosseriii287.1
MS-MOSSERI-II-00287-00002,http://cudl.lib.cam.ac.uk/iiif/MS-MOSSERI-II-00287-00002,mosseriii287.2
MS-MOSSERI-II-00288-00001,http://cudl.lib.cam.ac.uk/iiif/MS-MOSSERI-II-00288-00001,mosseriii288.1
MS-MOSSERI-II-00288-00002,http://cudl.lib.cam.ac.uk/iiif/MS-MOSSERI-II-00288-00002,mosseriii288.2
MS-MOSSERI-II-00289,http://cudl.lib.cam.ac.uk/iiif/MS-MOSSERI-II-00289,mosseriii289
MS-MOSSERI-II-00290-00001,http://cudl.lib.cam.ac.uk/iiif/MS-MOSSERI-II-00290-00001,mosseriii290.1
MS-MOSSERI-II-00290-00002,http://cudl.lib.cam.ac.uk/iiif/MS-MOSSERI-II-00290-00002,mosseriii290.2
MS-MOSSERI-II-00291,http://cudl.lib.cam.ac.uk/iiif/MS-MOSSERI-II-00291,mosseriii291
MS-MOSSERI-II-00292-00001,http://cudl.lib.cam.ac.uk/iiif/MS-MOSSERI-II-00292-00001,mosseriii292.1
MS-MOSSERI-II-00292-00002,http://cudl.lib.cam.ac.uk/iiif/MS-MOSSERI-II-00292-00002,mosseriii292.2
MS-MOSSERI-II-00293-00001,http://cudl.lib.cam.ac.uk/iiif/MS-MOSSERI-II-00293-00001,mosseriii293.1
MS-MOSSERI-II-00293-00002,http://cudl.lib.cam.ac.uk/iiif/MS-MOSSERI-II-00293-00002,mosseriii293.2
MS-MOSSERI-II-00293-00003,http://cudl.lib.cam.ac.uk/iiif/MS-MOSSERI-II-00293-00003,mosseriii293.3
MS-MOSSERI-II-00294-00001,http://cudl.lib.cam.ac.uk/iiif/MS-MOSSERI-II-00294-00001,mosseriii294.1
MS-MOSSERI-II-00294-00002,http://cudl.lib.cam.ac.uk/iiif/MS-MOSSERI-II-00294-00002,mosseriii294.2
MS-MOSSERI-II-00295-00001,http://cudl.lib.cam.ac.uk/iiif/MS-MOSSERI-II-00295-00001,mosseriii295.1
MS-MOSSERI-II-00295-00002,http://cudl.lib.cam.ac.uk/iiif/MS-MOSSERI-II-00295-00002,mosseriii295.2
MS-MOSSERI-II-00296-00001,http://cudl.lib.cam.ac.uk/iiif/MS-MOSSERI-II-00296-00001,mosseriii296.1
MS-MOSSERI-II-00296-00002,http://cudl.lib.cam.ac.uk/iiif/MS-MOSSERI-II-00296-00002,mosseriii296.2
MS-MOSSERI-II-00297,http://cudl.lib.cam.ac.uk/iiif/MS-MOSSERI-II-00297,mosseriii297
MS-MOSSERI-II-00298-00001,http://cudl.lib.cam.ac.uk/iiif/MS-MOSSERI-II-00298-00001,mosseriii298.1
MS-MOSSERI-II-00298-00002,http://cudl.lib.cam.ac.uk/iiif/MS-MOSSERI-II-00298-00002,mosseriii298.2
MS-MOSSERI-II-00299-00001,http://cudl.lib.cam.ac.uk/iiif/MS-MOSSERI-II-00299-00001,mosseriii299.1
MS-MOSSERI-II-00299-00002,http://cudl.lib.cam.ac.uk/iiif/MS-MOSSERI-II-00299-00002,mosseriii299.2
MS-MOSSERI-II-00299-00003,http://cudl.lib.cam.ac.uk/iiif/MS-MOSSERI-II-00299-00003,mosseriii299.3
MS-MOSSERI-II-00300-00001,http://cudl.lib.cam.ac.uk/iiif/MS-MOSSERI-II-00300-00001,mosseriii300.1
MS-MOSSERI-II-00300-00002,http://cudl.lib.cam.ac.uk/iiif/MS-MOSSERI-II-00300-00002,mosseriii300.2
MS-MOSSERI-III-00001,http://cudl.lib.cam.ac.uk/iiif/MS-MOSSERI-III-00001,mosseriiii1
MS-MOSSERI-III-00002,http://cudl.lib.cam.ac.uk/iiif/MS-MOSSERI-III-00002,mosseriiii2
MS-MOSSERI-III-00003,http://cudl.lib.cam.ac.uk/iiif/MS-MOSSERI-III-00003,mosseriiii3
MS-MOSSERI-III-00004-00001,http://cudl.lib.cam.ac.uk/iiif/MS-MOSSERI-III-00004-00001,mosseriiii4.1
MS-MOSSERI-III-00004-00002,http://cudl.lib.cam.ac.uk/iiif/MS-MOSSERI-III-00004-00002,mosseriiii4.2
MS-MOSSERI-III-00004-00003,http://cudl.lib.cam.ac.uk/iiif/MS-MOSSERI-III-00004-00003,mosseriiii4.3
MS-MOSSERI-III-00005,http://cudl.lib.cam.ac.uk/iiif/MS-MOSSERI-III-00005,mosseriiii5
MS-MOSSERI-III-00006,http://cudl.lib.cam.ac.uk/iiif/MS-MOSSERI-III-00006,mosseriiii6
MS-MOSSERI-III-00007,http://cudl.lib.cam.ac.uk/iiif/MS-MOSSERI-III-00007,mosseriiii7
MS-MOSSERI-III-00008,http://cudl.lib.cam.ac.uk/iiif/MS-MOSSERI-III-00008,mosseriiii8
MS-MOSSERI-III-00009,http://cudl.lib.cam.ac.uk/iiif/MS-MOSSERI-III-00009,mosseriiii9
MS-MOSSERI-III-00010,http://cudl.lib.cam.ac.uk/iiif/MS-MOSSERI-III-00010,mosseriiii10
MS-MOSSERI-III-00011-00001,http://cudl.lib.cam.ac.uk/iiif/MS-MOSSERI-III-00011-00001,mosseriiii11.1
MS-MOSSERI-III-00011-00002,http://cudl.lib.cam.ac.uk/iiif/MS-MOSSERI-III-00011-00002,mosseriiii11.2
MS-MOSSERI-III-00011-00003,http://cudl.lib.cam.ac.uk/iiif/MS-MOSSERI-III-00011-00003,mosseriiii11.3
MS-MOSSERI-III-00011-00004,http://cudl.lib.cam.ac.uk/iiif/MS-MOSSERI-III-00011-00004,mosseriiii11.4
MS-MOSSERI-III-00012,http://cudl.lib.cam.ac.uk/iiif/MS-MOSSERI-III-00012,mosseriiii12
MS-MOSSERI-III-00013-A,http://cudl.lib.cam.ac.uk/iiif/MS-MOSSERI-III-00013-A,mosseriiii13a
MS-MOSSERI-III-00013-B,http://cudl.lib.cam.ac.uk/iiif/MS-MOSSERI-III-00013-B,mosseriiii13b
MS-MOSSERI-III-00013-C,http://cudl.lib.cam.ac.uk/iiif/MS-MOSSERI-III-00013-C,mosseriiii13c
MS-MOSSERI-III-00013-D,http://cudl.lib.cam.ac.uk/iiif/MS-MOSSERI-III-00013-D,mosseriiii13d
MS-MOSSERI-III-00015-00001,http://cudl.lib.cam.ac.uk/iiif/MS-MOSSERI-III-00015-00001,mosseriiii15.1
MS-MOSSERI-III-00016-00001,http://cudl.lib.cam.ac.uk/iiif/MS-MOSSERI-III-00016-00001,mosseriiii16.1
MS-MOSSERI-III-00016-00002,http://cudl.lib.cam.ac.uk/iiif/MS-MOSSERI-III-00016-00002,mosseriiii16.2
MS-MOSSERI-III-00017,http://cudl.lib.cam.ac.uk/iiif/MS-MOSSERI-III-00017,mosseriiii17
MS-MOSSERI-III-00018,http://cudl.lib.cam.ac.uk/iiif/MS-MOSSERI-III-00018,mosseriiii18
MS-MOSSERI-III-00019-00001,http://cudl.lib.cam.ac.uk/iiif/MS-MOSSERI-III-00019-00001,mosseriiii19.1
MS-MOSSERI-III-00019-00002,http://cudl.lib.cam.ac.uk/iiif/MS-MOSSERI-III-00019-00002,mosseriiii19.2
MS-MOSSERI-III-00020-00001,http://cudl.lib.cam.ac.uk/iiif/MS-MOSSERI-III-00020-00001,mosseriiii20.1
MS-MOSSERI-III-00020-00002,http://cudl.lib.cam.ac.uk/iiif/MS-MOSSERI-III-00020-00002,mosseriiii20.2
MS-MOSSERI-III-00020-00003,http://cudl.lib.cam.ac.uk/iiif/MS-MOSSERI-III-00020-00003,mosseriiii20.3
MS-MOSSERI-III-00021-00001,http://cudl.lib.cam.ac.uk/iiif/MS-MOSSERI-III-00021-00001,mosseriiii21.1
MS-MOSSERI-III-00021-00002,http://cudl.lib.cam.ac.uk/iiif/MS-MOSSERI-III-00021-00002,mosseriiii21.2
MS-MOSSERI-III-00021-00003,http://cudl.lib.cam.ac.uk/iiif/MS-MOSSERI-III-00021-00003,mosseriiii21.3
MS-MOSSERI-III-00021-00004,http://cudl.lib.cam.ac.uk/iiif/MS-MOSSERI-III-00021-00004,mosseriiii21.4
MS-MOSSERI-III-00021-00005,http://cudl.lib.cam.ac.uk/iiif/MS-MOSSERI-III-00021-00005,mosseriiii21.5
MS-MOSSERI-III-00022-00001,http://cudl.lib.cam.ac.uk/iiif/MS-MOSSERI-III-00022-00001,mosseriiii22.1
MS-MOSSERI-III-00022-00002,http://cudl.lib.cam.ac.uk/iiif/MS-MOSSERI-III-00022-00002,mosseriiii22.2
MS-MOSSERI-III-00022-00003,http://cudl.lib.cam.ac.uk/iiif/MS-MOSSERI-III-00022-00003,mosseriiii22.3
MS-MOSSERI-III-00022-00004,http://cudl.lib.cam.ac.uk/iiif/MS-MOSSERI-III-00022-00004,mosseriiii22.4
MS-MOSSERI-III-00023-00001,http://cudl.lib.cam.ac.uk/iiif/MS-MOSSERI-III-00023-00001,mosseriiii23.1
MS-MOSSERI-III-00023-00002,http://cudl.lib.cam.ac.uk/iiif/MS-MOSSERI-III-00023-00002,mosseriiii23.2
MS-MOSSERI-III-00023-00003,http://cudl.lib.cam.ac.uk/iiif/MS-MOSSERI-III-00023-00003,mosseriiii23.3
MS-MOSSERI-III-00023-00004,http://cudl.lib.cam.ac.uk/iiif/MS-MOSSERI-III-00023-00004,mosseriiii23.4
MS-MOSSERI-III-00024-00001,http://cudl.lib.cam.ac.uk/iiif/MS-MOSSERI-III-00024-00001,mosseriiii24.1
MS-MOSSERI-III-00024-00002,http://cudl.lib.cam.ac.uk/iiif/MS-MOSSERI-III-00024-00002,mosseriiii24.2
MS-MOSSERI-III-00024-00003,http://cudl.lib.cam.ac.uk/iiif/MS-MOSSERI-III-00024-00003,mosseriiii24.3
MS-MOSSERI-III-00024-00004,http://cudl.lib.cam.ac.uk/iiif/MS-MOSSERI-III-00024-00004,mosseriiii24.4
MS-MOSSERI-III-00025-00002-A,http://cudl.lib.cam.ac.uk/iiif/MS-MOSSERI-III-00025-00002-A,mosseriiii25.2a
MS-MOSSERI-III-00025-00002-B,http://cudl.lib.cam.ac.uk/iiif/MS-MOSSERI-III-00025-00002-B,mosseriiii25.2b
MS-MOSSERI-III-00025-00003,http://cudl.lib.cam.ac.uk/iiif/MS-MOSSERI-III-00025-00003,mosseriiii25.3
MS-MOSSERI-III-00025-00004,http://cudl.lib.cam.ac.uk/iiif/MS-MOSSERI-III-00025-00004,mosseriiii25.4
MS-MOSSERI-III-00025-00005,http://cudl.lib.cam.ac.uk/iiif/MS-MOSSERI-III-00025-00005,mosseriiii25.5
MS-MOSSERI-III-00025-00006,http://cudl.lib.cam.ac.uk/iiif/MS-MOSSERI-III-00025-00006,mosseriiii25.6
MS-MOSSERI-III-00026,http://cudl.lib.cam.ac.uk/iiif/MS-MOSSERI-III-00026,mosseriiii26
MS-MOSSERI-III-00027-A,http://cudl.lib.cam.ac.uk/iiif/MS-MOSSERI-III-00027-A,mosseriiii27a
MS-MOSSERI-III-00027-B,http://cudl.lib.cam.ac.uk/iiif/MS-MOSSERI-III-00027-B,mosseriiii27b
MS-MOSSERI-III-00027-C,http://cudl.lib.cam.ac.uk/iiif/MS-MOSSERI-III-00027-C,mosseriiii27c
MS-MOSSERI-III-00027-D,http://cudl.lib.cam.ac.uk/iiif/MS-MOSSERI-III-00027-D,mosseriiii27d
MS-MOSSERI-III-00027-E,http://cudl.lib.cam.ac.uk/iiif/MS-MOSSERI-III-00027-E,mosseriiii27e
MS-MOSSERI-III-00027-F,http://cudl.lib.cam.ac.uk/iiif/MS-MOSSERI-III-00027-F,mosseriiii27f
MS-MOSSERI-III-00027-G,http://cudl.lib.cam.ac.uk/iiif/MS-MOSSERI-III-00027-G,mosseriiii27g
MS-MOSSERI-III-00027-H,http://cudl.lib.cam.ac.uk/iiif/MS-MOSSERI-III-00027-H,mosseriiii27h
MS-MOSSERI-III-00027-I,http://cudl.lib.cam.ac.uk/iiif/MS-MOSSERI-III-00027-I,mosseriiii27i
MS-MOSSERI-III-00027-J,http://cudl.lib.cam.ac.uk/iiif/MS-MOSSERI-III-00027-J,mosseriiii27j
MS-MOSSERI-III-00027-K,http://cudl.lib.cam.ac.uk/iiif/MS-MOSSERI-III-00027-K,mosseriiii27k
MS-MOSSERI-III-00027-L,http://cudl.lib.cam.ac.uk/iiif/MS-MOSSERI-III-00027-L,mosseriiii27l
MS-MOSSERI-III-00027-M,http://cudl.lib.cam.ac.uk/iiif/MS-MOSSERI-III-00027-M,mosseriiii27m
MS-MOSSERI-III-00027-N,http://cudl.lib.cam.ac.uk/iiif/MS-MOSSERI-III-00027-N,mosseriiii27n
MS-MOSSERI-III-00027-O,http://cudl.lib.cam.ac.uk/iiif/MS-MOSSERI-III-00027-O,mosseriiii27o
MS-MOSSERI-III-00027-P,http://cudl.lib.cam.ac.uk/iiif/MS-MOSSERI-III-00027-P,mosseriiii27p
MS-MOSSERI-III-00030-00001,http://cudl.lib.cam.ac.uk/iiif/MS-MOSSERI-III-00030-00001,mosseriiii30.1
MS-MOSSERI-III-00030-00002,http://cudl.lib.cam.ac.uk/iiif/MS-MOSSERI-III-00030-00002,mosseriiii30.2
MS-MOSSERI-III-00030-00003,http://cudl.lib.cam.ac.uk/iiif/MS-MOSSERI-III-00030-00003,mosseriiii30.3
MS-MOSSERI-III-00030-00004,http://cudl.lib.cam.ac.uk/iiif/MS-MOSSERI-III-00030-00004,mosseriiii30.4
MS-MOSSERI-III-00030-00005,http://cudl.lib.cam.ac.uk/iiif/MS-MOSSERI-III-00030-00005,mosseriiii30.5
MS-MOSSERI-III-00031-00001,http://cudl.lib.cam.ac.uk/iiif/MS-MOSSERI-III-00031-00001,mosseriiii31.1
MS-MOSSERI-III-00031-00002,http://cudl.lib.cam.ac.uk/iiif/MS-MOSSERI-III-00031-00002,mosseriiii31.2
MS-MOSSERI-III-00032,http://cudl.lib.cam.ac.uk/iiif/MS-MOSSERI-III-00032,mosseriiii32
MS-MOSSERI-III-00033-00001,http://cudl.lib.cam.ac.uk/iiif/MS-MOSSERI-III-00033-00001,mosseriiii33.1
MS-MOSSERI-III-00033-00002,http://cudl.lib.cam.ac.uk/iiif/MS-MOSSERI-III-00033-00002,mosseriiii33.2
MS-MOSSERI-III-00036-A,http://cudl.lib.cam.ac.uk/iiif/MS-MOSSERI-III-00036-A,mosseriiii36a
MS-MOSSERI-III-00036-B,http://cudl.lib.cam.ac.uk/iiif/MS-MOSSERI-III-00036-B,mosseriiii36b
MS-MOSSERI-III-00036-C,http://cudl.lib.cam.ac.uk/iiif/MS-MOSSERI-III-00036-C,mosseriiii36c
MS-MOSSERI-III-00036-D,http://cudl.lib.cam.ac.uk/iiif/MS-MOSSERI-III-00036-D,mosseriiii36d
MS-MOSSERI-III-00036-E,http://cudl.lib.cam.ac.uk/iiif/MS-MOSSERI-III-00036-E,mosseriiii36e
MS-MOSSERI-III-00036-F,http://cudl.lib.cam.ac.uk/iiif/MS-MOSSERI-III-00036-F,mosseriiii36f
MS-MOSSERI-III-00036-G,http://cudl.lib.cam.ac.uk/iiif/MS-MOSSERI-III-00036-G,mosseriiii36g
MS-MOSSERI-III-00036-H,http://cudl.lib.cam.ac.uk/iiif/MS-MOSSERI-III-00036-H,mosseriiii36h
MS-MOSSERI-III-00036-I,http://cudl.lib.cam.ac.uk/iiif/MS-MOSSERI-III-00036-I,mosseriiii36i
MS-MOSSERI-III-00036-J,http://cudl.lib.cam.ac.uk/iiif/MS-MOSSERI-III-00036-J,mosseriiii36j
MS-MOSSERI-III-00036-K,http://cudl.lib.cam.ac.uk/iiif/MS-MOSSERI-III-00036-K,mosseriiii36k
MS-MOSSERI-III-00036-L,http://cudl.lib.cam.ac.uk/iiif/MS-MOSSERI-III-00036-L,mosseriiii36l
MS-MOSSERI-III-00036-M,http://cudl.lib.cam.ac.uk/iiif/MS-MOSSERI-III-00036-M,mosseriiii36m
MS-MOSSERI-III-00036-N,http://cudl.lib.cam.ac.uk/iiif/MS-MOSSERI-III-00036-N,mosseriiii36n
MS-MOSSERI-III-00038-A,http://cudl.lib.cam.ac.uk/iiif/MS-MOSSERI-III-00038-A,mosseriiii38a
MS-MOSSERI-III-00038-B,http://cudl.lib.cam.ac.uk/iiif/MS-MOSSERI-III-00038-B,mosseriiii38b
MS-MOSSERI-III-00039,http://cudl.lib.cam.ac.uk/iiif/MS-MOSSERI-III-00039,mosseriiii39
MS-MOSSERI-III-00040-00001,http://cudl.lib.cam.ac.uk/iiif/MS-MOSSERI-III-00040-00001,mosseriiii40.1
MS-MOSSERI-III-00040-00002,http://cudl.lib.cam.ac.uk/iiif/MS-MOSSERI-III-00040-00002,mosseriiii40.2
MS-MOSSERI-III-00040-00003,http://cudl.lib.cam.ac.uk/iiif/MS-MOSSERI-III-00040-00003,mosseriiii40.3
MS-MOSSERI-III-00041,http://cudl.lib.cam.ac.uk/iiif/MS-MOSSERI-III-00041,mosseriiii41
MS-MOSSERI-III-00042-A,http://cudl.lib.cam.ac.uk/iiif/MS-MOSSERI-III-00042-A,mosseriiii42a
MS-MOSSERI-III-00042-B,http://cudl.lib.cam.ac.uk/iiif/MS-MOSSERI-III-00042-B,mosseriiii42b
MS-MOSSERI-III-00042-C,http://cudl.lib.cam.ac.uk/iiif/MS-MOSSERI-III-00042-C,mosseriiii42c
MS-MOSSERI-III-00042-D,http://cudl.lib.cam.ac.uk/iiif/MS-MOSSERI-III-00042-D,mosseriiii42d
MS-MOSSERI-III-00043-00001,http://cudl.lib.cam.ac.uk/iiif/MS-MOSSERI-III-00043-00001,mosseriiii43.1
MS-MOSSERI-III-00043-00002,http://cudl.lib.cam.ac.uk/iiif/MS-MOSSERI-III-00043-00002,mosseriiii43.2
MS-MOSSERI-III-00044-00001,http://cudl.lib.cam.ac.uk/iiif/MS-MOSSERI-III-00044-00001,mosseriiii44.1
MS-MOSSERI-III-00044-00002,http://cudl.lib.cam.ac.uk/iiif/MS-MOSSERI-III-00044-00002,mosseriiii44.2
MS-MOSSERI-III-00044-00003,http://cudl.lib.cam.ac.uk/iiif/MS-MOSSERI-III-00044-00003,mosseriiii44.3
MS-MOSSERI-III-00044-00004,http://cudl.lib.cam.ac.uk/iiif/MS-MOSSERI-III-00044-00004,mosseriiii44.4
MS-MOSSERI-III-00045-00001,http://cudl.lib.cam.ac.uk/iiif/MS-MOSSERI-III-00045-00001,mosseriiii45.1
MS-MOSSERI-III-00045-00002,http://cudl.lib.cam.ac.uk/iiif/MS-MOSSERI-III-00045-00002,mosseriiii45.2
MS-MOSSERI-III-00045-00003,http://cudl.lib.cam.ac.uk/iiif/MS-MOSSERI-III-00045-00003,mosseriiii45.3
MS-MOSSERI-III-00046-00001,http://cudl.lib.cam.ac.uk/iiif/MS-MOSSERI-III-00046-00001,mosseriiii46.1
MS-MOSSERI-III-00046-00002,http://cudl.lib.cam.ac.uk/iiif/MS-MOSSERI-III-00046-00002,mosseriiii46.2
MS-MOSSERI-III-00047-00001,http://cudl.lib.cam.ac.uk/iiif/MS-MOSSERI-III-00047-00001,mosseriiii47.1
MS-MOSSERI-III-00047-00002,http://cudl.lib.cam.ac.uk/iiif/MS-MOSSERI-III-00047-00002,mosseriiii47.2
MS-MOSSERI-III-00048-00001,http://cudl.lib.cam.ac.uk/iiif/MS-MOSSERI-III-00048-00001,mosseriiii48.1
MS-MOSSERI-III-00048-00002,http://cudl.lib.cam.ac.uk/iiif/MS-MOSSERI-III-00048-00002,mosseriiii48.2
MS-MOSSERI-III-00048-00003,http://cudl.lib.cam.ac.uk/iiif/MS-MOSSERI-III-00048-00003,mosseriiii48.3
MS-MOSSERI-III-00048-00004,http://cudl.lib.cam.ac.uk/iiif/MS-MOSSERI-III-00048-00004,mosseriiii48.4
MS-MOSSERI-III-00048-00005,http://cudl.lib.cam.ac.uk/iiif/MS-MOSSERI-III-00048-00005,mosseriiii48.5
MS-MOSSERI-III-00049-00001,http://cudl.lib.cam.ac.uk/iiif/MS-MOSSERI-III-00049-00001,mosseriiii49.1
MS-MOSSERI-III-00049-00002,http://cudl.lib.cam.ac.uk/iiif/MS-MOSSERI-III-00049-00002,mosseriiii49.2
MS-MOSSERI-III-00050-00001,http://cudl.lib.cam.ac.uk/iiif/MS-MOSSERI-III-00050-00001,mosseriiii50.1
MS-MOSSERI-III-00050-00002,http://cudl.lib.cam.ac.uk/iiif/MS-MOSSERI-III-00050-00002,mosseriiii50.2
MS-MOSSERI-III-00051,http://cudl.lib.cam.ac.uk/iiif/MS-MOSSERI-III-00051,mosseriiii51
MS-MOSSERI-III-00053,http://cudl.lib.cam.ac.uk/iiif/MS-MOSSERI-III-00053,mosseriiii53
MS-MOSSERI-III-00054-00001,http://cudl.lib.cam.ac.uk/iiif/MS-MOSSERI-III-00054-00001,mosseriiii54.1
MS-MOSSERI-III-00054-00002,http://cudl.lib.cam.ac.uk/iiif/MS-MOSSERI-III-00054-00002,mosseriiii54.2
MS-MOSSERI-III-00054-00003,http://cudl.lib.cam.ac.uk/iiif/MS-MOSSERI-III-00054-00003,mosseriiii54.3
MS-MOSSERI-III-00055-00001,http://cudl.lib.cam.ac.uk/iiif/MS-MOSSERI-III-00055-00001,mosseriiii55.1
MS-MOSSERI-III-00055-00002,http://cudl.lib.cam.ac.uk/iiif/MS-MOSSERI-III-00055-00002,mosseriiii55.2
MS-MOSSERI-III-00055-00003,http://cudl.lib.cam.ac.uk/iiif/MS-MOSSERI-III-00055-00003,mosseriiii55.3
MS-MOSSERI-III-00056,http://cudl.lib.cam.ac.uk/iiif/MS-MOSSERI-III-00056,mosseriiii56
MS-MOSSERI-III-00057,http://cudl.lib.cam.ac.uk/iiif/MS-MOSSERI-III-00057,mosseriiii57
MS-MOSSERI-III-00058,http://cudl.lib.cam.ac.uk/iiif/MS-MOSSERI-III-00058,mosseriiii58
MS-MOSSERI-III-00059,http://cudl.lib.cam.ac.uk/iiif/MS-MOSSERI-III-00059,mosseriiii59
MS-MOSSERI-III-00060-00001,http://cudl.lib.cam.ac.uk/iiif/MS-MOSSERI-III-00060-00001,mosseriiii60.1
MS-MOSSERI-III-00060-00002,http://cudl.lib.cam.ac.uk/iiif/MS-MOSSERI-III-00060-00002,mosseriiii60.2
MS-MOSSERI-III-00061-00001,http://cudl.lib.cam.ac.uk/iiif/MS-MOSSERI-III-00061-00001,mosseriiii61.1
MS-MOSSERI-III-00061-00002,http://cudl.lib.cam.ac.uk/iiif/MS-MOSSERI-III-00061-00002,mosseriiii61.2
MS-MOSSERI-III-00062-00001,http://cudl.lib.cam.ac.uk/iiif/MS-MOSSERI-III-00062-00001,mosseriiii62.1
MS-MOSSERI-III-00062-00002,http://cudl.lib.cam.ac.uk/iiif/MS-MOSSERI-III-00062-00002,mosseriiii62.2
MS-MOSSERI-III-00062-00003,http://cudl.lib.cam.ac.uk/iiif/MS-MOSSERI-III-00062-00003,mosseriiii62.3
MS-MOSSERI-III-00063-00001,http://cudl.lib.cam.ac.uk/iiif/MS-MOSSERI-III-00063-00001,mosseriiii63.1
MS-MOSSERI-III-00063-00002,http://cudl.lib.cam.ac.uk/iiif/MS-MOSSERI-III-00063-00002,mosseriiii63.2
MS-MOSSERI-III-00064-00001,http://cudl.lib.cam.ac.uk/iiif/MS-MOSSERI-III-00064-00001,mosseriiii64.1
MS-MOSSERI-III-00064-00002,http://cudl.lib.cam.ac.uk/iiif/MS-MOSSERI-III-00064-00002,mosseriiii64.2
MS-MOSSERI-III-00065-00001,http://cudl.lib.cam.ac.uk/iiif/MS-MOSSERI-III-00065-00001,mosseriiii65.1
MS-MOSSERI-III-00065-00002,http://cudl.lib.cam.ac.uk/iiif/MS-MOSSERI-III-00065-00002,mosseriiii65.2
MS-MOSSERI-III-00066,http://cudl.lib.cam.ac.uk/iiif/MS-MOSSERI-III-00066,mosseriiii66
MS-MOSSERI-III-00067-00001,http://cudl.lib.cam.ac.uk/iiif/MS-MOSSERI-III-00067-00001,mosseriiii67.1
MS-MOSSERI-III-00067-00002,http://cudl.lib.cam.ac.uk/iiif/MS-MOSSERI-III-00067-00002,mosseriiii67.2
MS-MOSSERI-III-00067-00003,http://cudl.lib.cam.ac.uk/iiif/MS-MOSSERI-III-00067-00003,mosseriiii67.3
MS-MOSSERI-III-00068,http://cudl.lib.cam.ac.uk/iiif/MS-MOSSERI-III-00068,mosseriiii68
MS-MOSSERI-III-00069-00001,http://cudl.lib.cam.ac.uk/iiif/MS-MOSSERI-III-00069-00001,mosseriiii69.1
MS-MOSSERI-III-00069-00002,http://cudl.lib.cam.ac.uk/iiif/MS-MOSSERI-III-00069-00002,mosseriiii69.2
MS-MOSSERI-III-00070-00001,http://cudl.lib.cam.ac.uk/iiif/MS-MOSSERI-III-00070-00001,mosseriiii70.1
MS-MOSSERI-III-00070-00002,http://cudl.lib.cam.ac.uk/iiif/MS-MOSSERI-III-00070-00002,mosseriiii70.2
MS-MOSSERI-III-00071-00001,http://cudl.lib.cam.ac.uk/iiif/MS-MOSSERI-III-00071-00001,mosseriiii71.1
MS-MOSSERI-III-00071-00002,http://cudl.lib.cam.ac.uk/iiif/MS-MOSSERI-III-00071-00002,mosseriiii71.2
MS-MOSSERI-III-00071-00003,http://cudl.lib.cam.ac.uk/iiif/MS-MOSSERI-III-00071-00003,mosseriiii71.3
MS-MOSSERI-III-00071-00004,http://cudl.lib.cam.ac.uk/iiif/MS-MOSSERI-III-00071-00004,mosseriiii71.4
MS-MOSSERI-III-00072-00001,http://cudl.lib.cam.ac.uk/iiif/MS-MOSSERI-III-00072-00001,mosseriiii72.1
MS-MOSSERI-III-00072-00002,http://cudl.lib.cam.ac.uk/iiif/MS-MOSSERI-III-00072-00002,mosseriiii72.2
MS-MOSSERI-III-00073,http://cudl.lib.cam.ac.uk/iiif/MS-MOSSERI-III-00073,mosseriiii73
MS-MOSSERI-III-00074,http://cudl.lib.cam.ac.uk/iiif/MS-MOSSERI-III-00074,mosseriiii74
MS-MOSSERI-III-00075,http://cudl.lib.cam.ac.uk/iiif/MS-MOSSERI-III-00075,mosseriiii75
MS-MOSSERI-III-00076,http://cudl.lib.cam.ac.uk/iiif/MS-MOSSERI-III-00076,mosseriiii76
MS-MOSSERI-III-00077,http://cudl.lib.cam.ac.uk/iiif/MS-MOSSERI-III-00077,mosseriiii77
MS-MOSSERI-III-00078,http://cudl.lib.cam.ac.uk/iiif/MS-MOSSERI-III-00078,mosseriiii78
MS-MOSSERI-III-00079-00001,http://cudl.lib.cam.ac.uk/iiif/MS-MOSSERI-III-00079-00001,mosseriiii79.1
MS-MOSSERI-III-00079-00002,http://cudl.lib.cam.ac.uk/iiif/MS-MOSSERI-III-00079-00002,mosseriiii79.2
MS-MOSSERI-III-00080-00001,http://cudl.lib.cam.ac.uk/iiif/MS-MOSSERI-III-00080-00001,mosseriiii80.1
MS-MOSSERI-III-00080-00002,http://cudl.lib.cam.ac.uk/iiif/MS-MOSSERI-III-00080-00002,mosseriiii80.2
MS-MOSSERI-III-00081-00001,http://cudl.lib.cam.ac.uk/iiif/MS-MOSSERI-III-00081-00001,mosseriiii81.1
MS-MOSSERI-III-00081-00002,http://cudl.lib.cam.ac.uk/iiif/MS-MOSSERI-III-00081-00002,mosseriiii81.2
MS-MOSSERI-III-00082-00001,http://cudl.lib.cam.ac.uk/iiif/MS-MOSSERI-III-00082-00001,mosseriiii82.1
MS-MOSSERI-III-00082-00002,http://cudl.lib.cam.ac.uk/iiif/MS-MOSSERI-III-00082-00002,mosseriiii82.2
MS-MOSSERI-III-00082-00003,http://cudl.lib.cam.ac.uk/iiif/MS-MOSSERI-III-00082-00003,mosseriiii82.3
MS-MOSSERI-III-00083-00001,http://cudl.lib.cam.ac.uk/iiif/MS-MOSSERI-III-00083-00001,mosseriiii83.1
MS-MOSSERI-III-00083-00002,http://cudl.lib.cam.ac.uk/iiif/MS-MOSSERI-III-00083-00002,mosseriiii83.2
MS-MOSSERI-III-00085-00001,http://cudl.lib.cam.ac.uk/iiif/MS-MOSSERI-III-00085-00001,mosseriiii85.1
MS-MOSSERI-III-00085-00002,http://cudl.lib.cam.ac.uk/iiif/MS-MOSSERI-III-00085-00002,mosseriiii85.2
MS-MOSSERI-III-00085-00003,http://cudl.lib.cam.ac.uk/iiif/MS-MOSSERI-III-00085-00003,mosseriiii85.3
MS-MOSSERI-III-00086-00001,http://cudl.lib.cam.ac.uk/iiif/MS-MOSSERI-III-00086-00001,mosseriiii86.1
MS-MOSSERI-III-00086-00002,http://cudl.lib.cam.ac.uk/iiif/MS-MOSSERI-III-00086-00002,mosseriiii86.2
MS-MOSSERI-III-00087,http://cudl.lib.cam.ac.uk/iiif/MS-MOSSERI-III-00087,mosseriiii87
MS-MOSSERI-III-00088-00001,http://cudl.lib.cam.ac.uk/iiif/MS-MOSSERI-III-00088-00001,mosseriiii88.1
MS-MOSSERI-III-00088-00002,http://cudl.lib.cam.ac.uk/iiif/MS-MOSSERI-III-00088-00002,mosseriiii88.2
MS-MOSSERI-III-00088-00003,http://cudl.lib.cam.ac.uk/iiif/MS-MOSSERI-III-00088-00003,mosseriiii88.3
MS-MOSSERI-III-00089-00001,http://cudl.lib.cam.ac.uk/iiif/MS-MOSSERI-III-00089-00001,mosseriiii89.1
MS-MOSSERI-III-00089-00002-A,http://cudl.lib.cam.ac.uk/iiif/MS-MOSSERI-III-00089-00002-A,mosseriiii89.2a
MS-MOSSERI-III-00089-00002-B,http://cudl.lib.cam.ac.uk/iiif/MS-MOSSERI-III-00089-00002-B,mosseriiii89.2b
MS-MOSSERI-III-00089-00002-C,http://cudl.lib.cam.ac.uk/iiif/MS-MOSSERI-III-00089-00002-C,mosseriiii89.2c
MS-MOSSERI-III-00089-00002-D,http://cudl.lib.cam.ac.uk/iiif/MS-MOSSERI-III-00089-00002-D,mosseriiii89.2d
MS-MOSSERI-III-00089-00003,http://cudl.lib.cam.ac.uk/iiif/MS-MOSSERI-III-00089-00003,mosseriiii89.3
MS-MOSSERI-III-00090-00001,http://cudl.lib.cam.ac.uk/iiif/MS-MOSSERI-III-00090-00001,mosseriiii90.1
MS-MOSSERI-III-00090-00002,http://cudl.lib.cam.ac.uk/iiif/MS-MOSSERI-III-00090-00002,mosseriiii90.2
MS-MOSSERI-III-00091-00001,http://cudl.lib.cam.ac.uk/iiif/MS-MOSSERI-III-00091-00001,mosseriiii91.1
MS-MOSSERI-III-00091-00002,http://cudl.lib.cam.ac.uk/iiif/MS-MOSSERI-III-00091-00002,mosseriiii91.2
MS-MOSSERI-III-00091-00003,http://cudl.lib.cam.ac.uk/iiif/MS-MOSSERI-III-00091-00003,mosseriiii91.3
MS-MOSSERI-III-00092-00001,http://cudl.lib.cam.ac.uk/iiif/MS-MOSSERI-III-00092-00001,mosseriiii92.1
MS-MOSSERI-III-00092-00002,http://cudl.lib.cam.ac.uk/iiif/MS-MOSSERI-III-00092-00002,mosseriiii92.2
MS-MOSSERI-III-00092-00003,http://cudl.lib.cam.ac.uk/iiif/MS-MOSSERI-III-00092-00003,mosseriiii92.3
MS-MOSSERI-III-00092-00004,http://cudl.lib.cam.ac.uk/iiif/MS-MOSSERI-III-00092-00004,mosseriiii92.4
MS-MOSSERI-III-00093-00001,http://cudl.lib.cam.ac.uk/iiif/MS-MOSSERI-III-00093-00001,mosseriiii93.1
MS-MOSSERI-III-00093-00002,http://cudl.lib.cam.ac.uk/iiif/MS-MOSSERI-III-00093-00002,mosseriiii93.2
MS-MOSSERI-III-00094-00001,http://cudl.lib.cam.ac.uk/iiif/MS-MOSSERI-III-00094-00001,mosseriiii94.1
MS-MOSSERI-III-00094-00002,http://cudl.lib.cam.ac.uk/iiif/MS-MOSSERI-III-00094-00002,mosseriiii94.2
MS-MOSSERI-III-00094-00003,http://cudl.lib.cam.ac.uk/iiif/MS-MOSSERI-III-00094-00003,mosseriiii94.3
MS-MOSSERI-III-00095,http://cudl.lib.cam.ac.uk/iiif/MS-MOSSERI-III-00095,mosseriiii95
MS-MOSSERI-III-00096-00001,http://cudl.lib.cam.ac.uk/iiif/MS-MOSSERI-III-00096-00001,mosseriiii96.1
MS-MOSSERI-III-00096-00002,http://cudl.lib.cam.ac.uk/iiif/MS-MOSSERI-III-00096-00002,mosseriiii96.2
MS-MOSSERI-III-00096-00003,http://cudl.lib.cam.ac.uk/iiif/MS-MOSSERI-III-00096-00003,mosseriiii96.3
MS-MOSSERI-III-00098-00001,http://cudl.lib.cam.ac.uk/iiif/MS-MOSSERI-III-00098-00001,mosseriiii98.1
MS-MOSSERI-III-00098-00002,http://cudl.lib.cam.ac.uk/iiif/MS-MOSSERI-III-00098-00002,mosseriiii98.2
MS-MOSSERI-III-00098-00003,http://cudl.lib.cam.ac.uk/iiif/MS-MOSSERI-III-00098-00003,mosseriiii98.3
MS-MOSSERI-III-00100-00001,http://cudl.lib.cam.ac.uk/iiif/MS-MOSSERI-III-00100-00001,mosseriiii100.1
MS-MOSSERI-III-00100-00002,http://cudl.lib.cam.ac.uk/iiif/MS-MOSSERI-III-00100-00002,mosseriiii100.2
MS-MOSSERI-III-00100-00003,http://cudl.lib.cam.ac.uk/iiif/MS-MOSSERI-III-00100-00003,mosseriiii100.3
MS-MOSSERI-III-00101,http://cudl.lib.cam.ac.uk/iiif/MS-MOSSERI-III-00101,mosseriiii101
MS-MOSSERI-III-00102,http://cudl.lib.cam.ac.uk/iiif/MS-MOSSERI-III-00102,mosseriiii102
MS-MOSSERI-III-00103-00001,http://cudl.lib.cam.ac.uk/iiif/MS-MOSSERI-III-00103-00001,mosseriiii103.1
MS-MOSSERI-III-00103-00002,http://cudl.lib.cam.ac.uk/iiif/MS-MOSSERI-III-00103-00002,mosseriiii103.2
MS-MOSSERI-III-00104-00001,http://cudl.lib.cam.ac.uk/iiif/MS-MOSSERI-III-00104-00001,mosseriiii104.1
MS-MOSSERI-III-00104-00002,http://cudl.lib.cam.ac.uk/iiif/MS-MOSSERI-III-00104-00002,mosseriiii104.2
MS-MOSSERI-III-00104-00003,http://cudl.lib.cam.ac.uk/iiif/MS-MOSSERI-III-00104-00003,mosseriiii104.3
MS-MOSSERI-III-00104-00004,http://cudl.lib.cam.ac.uk/iiif/MS-MOSSERI-III-00104-00004,mosseriiii104.4
MS-MOSSERI-III-00105-00001,http://cudl.lib.cam.ac.uk/iiif/MS-MOSSERI-III-00105-00001,mosseriiii105.1
MS-MOSSERI-III-00105-00002,http://cudl.lib.cam.ac.uk/iiif/MS-MOSSERI-III-00105-00002,mosseriiii105.2
MS-MOSSERI-III-00106-00001,http://cudl.lib.cam.ac.uk/iiif/MS-MOSSERI-III-00106-00001,mosseriiii106.1
MS-MOSSERI-III-00106-00002,http://cudl.lib.cam.ac.uk/iiif/MS-MOSSERI-III-00106-00002,mosseriiii106.2
MS-MOSSERI-III-00106-00003,http://cudl.lib.cam.ac.uk/iiif/MS-MOSSERI-III-00106-00003,mosseriiii106.3
MS-MOSSERI-III-00107-00001,http://cudl.lib.cam.ac.uk/iiif/MS-MOSSERI-III-00107-00001,mosseriiii107.1
MS-MOSSERI-III-00107-00002,http://cudl.lib.cam.ac.uk/iiif/MS-MOSSERI-III-00107-00002,mosseriiii107.2
MS-MOSSERI-III-00107-00003,http://cudl.lib.cam.ac.uk/iiif/MS-MOSSERI-III-00107-00003,mosseriiii107.3
MS-MOSSERI-III-00107-00004,http://cudl.lib.cam.ac.uk/iiif/MS-MOSSERI-III-00107-00004,mosseriiii107.4
MS-MOSSERI-III-00107-00005,http://cudl.lib.cam.ac.uk/iiif/MS-MOSSERI-III-00107-00005,mosseriiii107.5
MS-MOSSERI-III-00107-00006,http://cudl.lib.cam.ac.uk/iiif/MS-MOSSERI-III-00107-00006,mosseriiii107.6
MS-MOSSERI-III-00108,http://cudl.lib.cam.ac.uk/iiif/MS-MOSSERI-III-00108,mosseriiii108
MS-MOSSERI-III-00109-00001,http://cudl.lib.cam.ac.uk/iiif/MS-MOSSERI-III-00109-00001,mosseriiii109.1
MS-MOSSERI-III-00109-00002,http://cudl.lib.cam.ac.uk/iiif/MS-MOSSERI-III-00109-00002,mosseriiii109.2
MS-MOSSERI-III-00109-00003,http://cudl.lib.cam.ac.uk/iiif/MS-MOSSERI-III-00109-00003,mosseriiii109.3
MS-MOSSERI-III-00110-00001,http://cudl.lib.cam.ac.uk/iiif/MS-MOSSERI-III-00110-00001,mosseriiii110.1
MS-MOSSERI-III-00110-00002,http://cudl.lib.cam.ac.uk/iiif/MS-MOSSERI-III-00110-00002,mosseriiii110.2
MS-MOSSERI-III-00111-00001,http://cudl.lib.cam.ac.uk/iiif/MS-MOSSERI-III-00111-00001,mosseriiii111.1
MS-MOSSERI-III-00111-00002,http://cudl.lib.cam.ac.uk/iiif/MS-MOSSERI-III-00111-00002,mosseriiii111.2
MS-MOSSERI-III-00111-00003,http://cudl.lib.cam.ac.uk/iiif/MS-MOSSERI-III-00111-00003,mosseriiii111.3
MS-MOSSERI-III-00112-00001,http://cudl.lib.cam.ac.uk/iiif/MS-MOSSERI-III-00112-00001,mosseriiii112.1
MS-MOSSERI-III-00112-00002,http://cudl.lib.cam.ac.uk/iiif/MS-MOSSERI-III-00112-00002,mosseriiii112.2
MS-MOSSERI-III-00113,http://cudl.lib.cam.ac.uk/iiif/MS-MOSSERI-III-00113,mosseriiii113
MS-MOSSERI-III-00114,http://cudl.lib.cam.ac.uk/iiif/MS-MOSSERI-III-00114,mosseriiii114
MS-MOSSERI-III-00115,http://cudl.lib.cam.ac.uk/iiif/MS-MOSSERI-III-00115,mosseriiii115
MS-MOSSERI-III-00116,http://cudl.lib.cam.ac.uk/iiif/MS-MOSSERI-III-00116,mosseriiii116
MS-MOSSERI-III-00117,http://cudl.lib.cam.ac.uk/iiif/MS-MOSSERI-III-00117,mosseriiii117
MS-MOSSERI-III-00118,http://cudl.lib.cam.ac.uk/iiif/MS-MOSSERI-III-00118,mosseriiii118
MS-MOSSERI-III-00119,http://cudl.lib.cam.ac.uk/iiif/MS-MOSSERI-III-00119,mosseriiii119
MS-MOSSERI-III-00120,http://cudl.lib.cam.ac.uk/iiif/MS-MOSSERI-III-00120,mosseriiii120
MS-MOSSERI-III-00121,http://cudl.lib.cam.ac.uk/iiif/MS-MOSSERI-III-00121,mosseriiii121
MS-MOSSERI-III-00122,http://cudl.lib.cam.ac.uk/iiif/MS-MOSSERI-III-00122,mosseriiii122
MS-MOSSERI-III-00123-00002,http://cudl.lib.cam.ac.uk/iiif/MS-MOSSERI-III-00123-00002,mosseriiii123.2
MS-MOSSERI-III-00124-00001,http://cudl.lib.cam.ac.uk/iiif/MS-MOSSERI-III-00124-00001,mosseriiii124.1
MS-MOSSERI-III-00124-00002,http://cudl.lib.cam.ac.uk/iiif/MS-MOSSERI-III-00124-00002,mosseriiii124.2
MS-MOSSERI-III-00125-00001,http://cudl.lib.cam.ac.uk/iiif/MS-MOSSERI-III-00125-00001,mosseriiii125.1
MS-MOSSERI-III-00125-00002,http://cudl.lib.cam.ac.uk/iiif/MS-MOSSERI-III-00125-00002,mosseriiii125.2
MS-MOSSERI-III-00126-00001,http://cudl.lib.cam.ac.uk/iiif/MS-MOSSERI-III-00126-00001,mosseriiii126.1
MS-MOSSERI-III-00126-00002,http://cudl.lib.cam.ac.uk/iiif/MS-MOSSERI-III-00126-00002,mosseriiii126.2
MS-MOSSERI-III-00126-00003,http://cudl.lib.cam.ac.uk/iiif/MS-MOSSERI-III-00126-00003,mosseriiii126.3
MS-MOSSERI-III-00127-00001,http://cudl.lib.cam.ac.uk/iiif/MS-MOSSERI-III-00127-00001,mosseriiii127.1
MS-MOSSERI-III-00127-00002,http://cudl.lib.cam.ac.uk/iiif/MS-MOSSERI-III-00127-00002,mosseriiii127.2
MS-MOSSERI-III-00128,http://cudl.lib.cam.ac.uk/iiif/MS-MOSSERI-III-00128,mosseriiii128
MS-MOSSERI-III-00129,http://cudl.lib.cam.ac.uk/iiif/MS-MOSSERI-III-00129,mosseriiii129
MS-MOSSERI-III-00130,http://cudl.lib.cam.ac.uk/iiif/MS-MOSSERI-III-00130,mosseriiii130
MS-MOSSERI-III-00131-00001,http://cudl.lib.cam.ac.uk/iiif/MS-MOSSERI-III-00131-00001,mosseriiii131.1
MS-MOSSERI-III-00131-00002,http://cudl.lib.cam.ac.uk/iiif/MS-MOSSERI-III-00131-00002,mosseriiii131.2
MS-MOSSERI-III-00132,http://cudl.lib.cam.ac.uk/iiif/MS-MOSSERI-III-00132,mosseriiii132
MS-MOSSERI-III-00133-A,http://cudl.lib.cam.ac.uk/iiif/MS-MOSSERI-III-00133-A,mosseriiii133a
MS-MOSSERI-III-00133-B,http://cudl.lib.cam.ac.uk/iiif/MS-MOSSERI-III-00133-B,mosseriiii133b
MS-MOSSERI-III-00133-C,http://cudl.lib.cam.ac.uk/iiif/MS-MOSSERI-III-00133-C,mosseriiii133c
MS-MOSSERI-III-00133-D,http://cudl.lib.cam.ac.uk/iiif/MS-MOSSERI-III-00133-D,mosseriiii133d
MS-MOSSERI-III-00133-E,http://cudl.lib.cam.ac.uk/iiif/MS-MOSSERI-III-00133-E,mosseriiii133e
MS-MOSSERI-III-00134-00001,http://cudl.lib.cam.ac.uk/iiif/MS-MOSSERI-III-00134-00001,mosseriiii134.1
MS-MOSSERI-III-00134-00002,http://cudl.lib.cam.ac.uk/iiif/MS-MOSSERI-III-00134-00002,mosseriiii134.2
MS-MOSSERI-III-00134-00003,http://cudl.lib.cam.ac.uk/iiif/MS-MOSSERI-III-00134-00003,mosseriiii134.3
MS-MOSSERI-III-00135-00001,http://cudl.lib.cam.ac.uk/iiif/MS-MOSSERI-III-00135-00001,mosseriiii135.1
MS-MOSSERI-III-00135-00002,http://cudl.lib.cam.ac.uk/iiif/MS-MOSSERI-III-00135-00002,mosseriiii135.2
MS-MOSSERI-III-00135-00003,http://cudl.lib.cam.ac.uk/iiif/MS-MOSSERI-III-00135-00003,mosseriiii135.3
MS-MOSSERI-III-00135-00004,http://cudl.lib.cam.ac.uk/iiif/MS-MOSSERI-III-00135-00004,mosseriiii135.4
MS-MOSSERI-III-00135-00005,http://cudl.lib.cam.ac.uk/iiif/MS-MOSSERI-III-00135-00005,mosseriiii135.5
MS-MOSSERI-III-00135-00006,http://cudl.lib.cam.ac.uk/iiif/MS-MOSSERI-III-00135-00006,mosseriiii135.6
MS-MOSSERI-III-00136-00001,http://cudl.lib.cam.ac.uk/iiif/MS-MOSSERI-III-00136-00001,mosseriiii136.1
MS-MOSSERI-III-00136-00002,http://cudl.lib.cam.ac.uk/iiif/MS-MOSSERI-III-00136-00002,mosseriiii136.2
MS-MOSSERI-III-00136-00003,http://cudl.lib.cam.ac.uk/iiif/MS-MOSSERI-III-00136-00003,mosseriiii136.3
MS-MOSSERI-III-00137,http://cudl.lib.cam.ac.uk/iiif/MS-MOSSERI-III-00137,mosseriiii137
MS-MOSSERI-III-00138,http://cudl.lib.cam.ac.uk/iiif/MS-MOSSERI-III-00138,mosseriiii138
MS-MOSSERI-III-00139-00001,http://cudl.lib.cam.ac.uk/iiif/MS-MOSSERI-III-00139-00001,mosseriiii139.1
MS-MOSSERI-III-00139-00002,http://cudl.lib.cam.ac.uk/iiif/MS-MOSSERI-III-00139-00002,mosseriiii139.2
MS-MOSSERI-III-00139-00003,http://cudl.lib.cam.ac.uk/iiif/MS-MOSSERI-III-00139-00003,mosseriiii139.3
MS-MOSSERI-III-00139-00004,http://cudl.lib.cam.ac.uk/iiif/MS-MOSSERI-III-00139-00004,mosseriiii139.4
MS-MOSSERI-III-00140-00001,http://cudl.lib.cam.ac.uk/iiif/MS-MOSSERI-III-00140-00001,mosseriiii140.1
MS-MOSSERI-III-00140-00002,http://cudl.lib.cam.ac.uk/iiif/MS-MOSSERI-III-00140-00002,mosseriiii140.2
MS-MOSSERI-III-00140-00003,http://cudl.lib.cam.ac.uk/iiif/MS-MOSSERI-III-00140-00003,mosseriiii140.3
MS-MOSSERI-III-00140-00004,http://cudl.lib.cam.ac.uk/iiif/MS-MOSSERI-III-00140-00004,mosseriiii140.4
MS-MOSSERI-III-00141-00001,http://cudl.lib.cam.ac.uk/iiif/MS-MOSSERI-III-00141-00001,mosseriiii141.1
MS-MOSSERI-III-00141-00002,http://cudl.lib.cam.ac.uk/iiif/MS-MOSSERI-III-00141-00002,mosseriiii141.2
MS-MOSSERI-III-00142,http://cudl.lib.cam.ac.uk/iiif/MS-MOSSERI-III-00142,mosseriiii142
MS-MOSSERI-III-00143-00001,http://cudl.lib.cam.ac.uk/iiif/MS-MOSSERI-III-00143-00001,mosseriiii143.1
MS-MOSSERI-III-00143-00002,http://cudl.lib.cam.ac.uk/iiif/MS-MOSSERI-III-00143-00002,mosseriiii143.2
MS-MOSSERI-III-00144,http://cudl.lib.cam.ac.uk/iiif/MS-MOSSERI-III-00144,mosseriiii144
MS-MOSSERI-III-00145-00001,http://cudl.lib.cam.ac.uk/iiif/MS-MOSSERI-III-00145-00001,mosseriiii145.1
MS-MOSSERI-III-00145-00002-A,http://cudl.lib.cam.ac.uk/iiif/MS-MOSSERI-III-00145-00002-A,mosseriiii145.2a
MS-MOSSERI-III-00145-00002-B,http://cudl.lib.cam.ac.uk/iiif/MS-MOSSERI-III-00145-00002-B,mosseriiii145.2b
MS-MOSSERI-III-00145-00002-C,http://cudl.lib.cam.ac.uk/iiif/MS-MOSSERI-III-00145-00002-C,mosseriiii145.2c
MS-MOSSERI-III-00145-00002-D,http://cudl.lib.cam.ac.uk/iiif/MS-MOSSERI-III-00145-00002-D,mosseriiii145.2d
MS-MOSSERI-III-00145-00002-E,http://cudl.lib.cam.ac.uk/iiif/MS-MOSSERI-III-00145-00002-E,mosseriiii145.2e
MS-MOSSERI-III-00145-00002-F,http://cudl.lib.cam.ac.uk/iiif/MS-MOSSERI-III-00145-00002-F,mosseriiii145.2f
MS-MOSSERI-III-00145-00002-G,http://cudl.lib.cam.ac.uk/iiif/MS-MOSSERI-III-00145-00002-G,mosseriiii145.2g
MS-MOSSERI-III-00145-00003-A,http://cudl.lib.cam.ac.uk/iiif/MS-MOSSERI-III-00145-00003-A,mosseriiii145.3a
MS-MOSSERI-III-00145-00003-B,http://cudl.lib.cam.ac.uk/iiif/MS-MOSSERI-III-00145-00003-B,mosseriiii145.3b
MS-MOSSERI-III-00145-00003-C,http://cudl.lib.cam.ac.uk/iiif/MS-MOSSERI-III-00145-00003-C,mosseriiii145.3c
MS-MOSSERI-III-00145-00003-D,http://cudl.lib.cam.ac.uk/iiif/MS-MOSSERI-III-00145-00003-D,mosseriiii145.3d
MS-MOSSERI-III-00145-00003-E,http://cudl.lib.cam.ac.uk/iiif/MS-MOSSERI-III-00145-00003-E,mosseriiii145.3e
MS-MOSSERI-III-00145-00003-F,http://cudl.lib.cam.ac.uk/iiif/MS-MOSSERI-III-00145-00003-F,mosseriiii145.3f
MS-MOSSERI-III-00145-00003-G,http://cudl.lib.cam.ac.uk/iiif/MS-MOSSERI-III-00145-00003-G,mosseriiii145.3g
MS-MOSSERI-III-00145-00004,http://cudl.lib.cam.ac.uk/iiif/MS-MOSSERI-III-00145-00004,mosseriiii145.4
MS-MOSSERI-III-00146-00001,http://cudl.lib.cam.ac.uk/iiif/MS-MOSSERI-III-00146-00001,mosseriiii146.1
MS-MOSSERI-III-00146-00002,http://cudl.lib.cam.ac.uk/iiif/MS-MOSSERI-III-00146-00002,mosseriiii146.2
MS-MOSSERI-III-00147-00001,http://cudl.lib.cam.ac.uk/iiif/MS-MOSSERI-III-00147-00001,mosseriiii147.1
MS-MOSSERI-III-00147-00002,http://cudl.lib.cam.ac.uk/iiif/MS-MOSSERI-III-00147-00002,mosseriiii147.2
MS-MOSSERI-III-00147-00003,http://cudl.lib.cam.ac.uk/iiif/MS-MOSSERI-III-00147-00003,mosseriiii147.3
MS-MOSSERI-III-00149,http://cudl.lib.cam.ac.uk/iiif/MS-MOSSERI-III-00149,mosseriiii149
MS-MOSSERI-III-00150,http://cudl.lib.cam.ac.uk/iiif/MS-MOSSERI-III-00150,mosseriiii150
MS-MOSSERI-III-00151,http://cudl.lib.cam.ac.uk/iiif/MS-MOSSERI-III-00151,mosseriiii151
MS-MOSSERI-III-00152-00001,http://cudl.lib.cam.ac.uk/iiif/MS-MOSSERI-III-00152-00001,mosseriiii152.1
MS-MOSSERI-III-00152-00002,http://cudl.lib.cam.ac.uk/iiif/MS-MOSSERI-III-00152-00002,mosseriiii152.2
MS-MOSSERI-III-00152-00003,http://cudl.lib.cam.ac.uk/iiif/MS-MOSSERI-III-00152-00003,mosseriiii152.3
MS-MOSSERI-III-00153-00001,http://cudl.lib.cam.ac.uk/iiif/MS-MOSSERI-III-00153-00001,mosseriiii153.1
MS-MOSSERI-III-00153-00002,http://cudl.lib.cam.ac.uk/iiif/MS-MOSSERI-III-00153-00002,mosseriiii153.2
MS-MOSSERI-III-00154-00001,http://cudl.lib.cam.ac.uk/iiif/MS-MOSSERI-III-00154-00001,mosseriiii154.1
MS-MOSSERI-III-00154-00002,http://cudl.lib.cam.ac.uk/iiif/MS-MOSSERI-III-00154-00002,mosseriiii154.2
MS-MOSSERI-III-00154-00003,http://cudl.lib.cam.ac.uk/iiif/MS-MOSSERI-III-00154-00003,mosseriiii154.3
MS-MOSSERI-III-00154-00004,http://cudl.lib.cam.ac.uk/iiif/MS-MOSSERI-III-00154-00004,mosseriiii154.4
MS-MOSSERI-III-00155-00001,http://cudl.lib.cam.ac.uk/iiif/MS-MOSSERI-III-00155-00001,mosseriiii155.1
MS-MOSSERI-III-00155-00002,http://cudl.lib.cam.ac.uk/iiif/MS-MOSSERI-III-00155-00002,mosseriiii155.2
MS-MOSSERI-III-00155-00003,http://cudl.lib.cam.ac.uk/iiif/MS-MOSSERI-III-00155-00003,mosseriiii155.3
MS-MOSSERI-III-00155-00004,http://cudl.lib.cam.ac.uk/iiif/MS-MOSSERI-III-00155-00004,mosseriiii155.4
MS-MOSSERI-III-00155-00005,http://cudl.lib.cam.ac.uk/iiif/MS-MOSSERI-III-00155-00005,mosseriiii155.5
MS-MOSSERI-III-00156-00001,http://cudl.lib.cam.ac.uk/iiif/MS-MOSSERI-III-00156-00001,mosseriiii156.1
MS-MOSSERI-III-00156-00002,http://cudl.lib.cam.ac.uk/iiif/MS-MOSSERI-III-00156-00002,mosseriiii156.2
MS-MOSSERI-III-00157-00001,http://cudl.lib.cam.ac.uk/iiif/MS-MOSSERI-III-00157-00001,mosseriiii157.1
MS-MOSSERI-III-00157-00002,http://cudl.lib.cam.ac.uk/iiif/MS-MOSSERI-III-00157-00002,mosseriiii157.2
MS-MOSSERI-III-00158,http://cudl.lib.cam.ac.uk/iiif/MS-MOSSERI-III-00158,mosseriiii158
MS-MOSSERI-III-00159-00001,http://cudl.lib.cam.ac.uk/iiif/MS-MOSSERI-III-00159-00001,mosseriiii159.1
MS-MOSSERI-III-00159-00002,http://cudl.lib.cam.ac.uk/iiif/MS-MOSSERI-III-00159-00002,mosseriiii159.2
MS-MOSSERI-III-00160,http://cudl.lib.cam.ac.uk/iiif/MS-MOSSERI-III-00160,mosseriiii160
MS-MOSSERI-III-00161,http://cudl.lib.cam.ac.uk/iiif/MS-MOSSERI-III-00161,mosseriiii161
MS-MOSSERI-III-00162,http://cudl.lib.cam.ac.uk/iiif/MS-MOSSERI-III-00162,mosseriiii162
MS-MOSSERI-III-00163-00001,http://cudl.lib.cam.ac.uk/iiif/MS-MOSSERI-III-00163-00001,mosseriiii163.1
MS-MOSSERI-III-00163-00002,http://cudl.lib.cam.ac.uk/iiif/MS-MOSSERI-III-00163-00002,mosseriiii163.2
MS-MOSSERI-III-00163-00003,http://cudl.lib.cam.ac.uk/iiif/MS-MOSSERI-III-00163-00003,mosseriiii163.3
MS-MOSSERI-III-00164,http://cudl.lib.cam.ac.uk/iiif/MS-MOSSERI-III-00164,mosseriiii164
MS-MOSSERI-III-00165,http://cudl.lib.cam.ac.uk/iiif/MS-MOSSERI-III-00165,mosseriiii165
MS-MOSSERI-III-00166,http://cudl.lib.cam.ac.uk/iiif/MS-MOSSERI-III-00166,mosseriiii166
MS-MOSSERI-III-00167,http://cudl.lib.cam.ac.uk/iiif/MS-MOSSERI-III-00167,mosseriiii167
MS-MOSSERI-III-00168-00001,http://cudl.lib.cam.ac.uk/iiif/MS-MOSSERI-III-00168-00001,mosseriiii168.1
MS-MOSSERI-III-00168-00002,http://cudl.lib.cam.ac.uk/iiif/MS-MOSSERI-III-00168-00002,mosseriiii168.2
MS-MOSSERI-III-00169-00001,http://cudl.lib.cam.ac.uk/iiif/MS-MOSSERI-III-00169-00001,mosseriiii169.1
MS-MOSSERI-III-00169-00002,http://cudl.lib.cam.ac.uk/iiif/MS-MOSSERI-III-00169-00002,mosseriiii169.2
MS-MOSSERI-III-00170-00001,http://cudl.lib.cam.ac.uk/iiif/MS-MOSSERI-III-00170-00001,mosseriiii170.1
MS-MOSSERI-III-00170-00002,http://cudl.lib.cam.ac.uk/iiif/MS-MOSSERI-III-00170-00002,mosseriiii170.2
MS-MOSSERI-III-00171-00001,http://cudl.lib.cam.ac.uk/iiif/MS-MOSSERI-III-00171-00001,mosseriiii171.1
MS-MOSSERI-III-00171-00002,http://cudl.lib.cam.ac.uk/iiif/MS-MOSSERI-III-00171-00002,mosseriiii171.2
MS-MOSSERI-III-00172,http://cudl.lib.cam.ac.uk/iiif/MS-MOSSERI-III-00172,mosseriiii172
MS-MOSSERI-III-00173-00001,http://cudl.lib.cam.ac.uk/iiif/MS-MOSSERI-III-00173-00001,mosseriiii173.1
MS-MOSSERI-III-00173-00002,http://cudl.lib.cam.ac.uk/iiif/MS-MOSSERI-III-00173-00002,mosseriiii173.2
MS-MOSSERI-III-00174-00001,http://cudl.lib.cam.ac.uk/iiif/MS-MOSSERI-III-00174-00001,mosseriiii174.1
MS-MOSSERI-III-00174-00002,http://cudl.lib.cam.ac.uk/iiif/MS-MOSSERI-III-00174-00002,mosseriiii174.2
MS-MOSSERI-III-00175-00002,http://cudl.lib.cam.ac.uk/iiif/MS-MOSSERI-III-00175-00002,mosseriiii175.2
MS-MOSSERI-III-00176-00001,http://cudl.lib.cam.ac.uk/iiif/MS-MOSSERI-III-00176-00001,mosseriiii176.1
MS-MOSSERI-III-00176-00002,http://cudl.lib.cam.ac.uk/iiif/MS-MOSSERI-III-00176-00002,mosseriiii176.2
MS-MOSSERI-III-00177-00001,http://cudl.lib.cam.ac.uk/iiif/MS-MOSSERI-III-00177-00001,mosseriiii177.1
MS-MOSSERI-III-00177-00002,http://cudl.lib.cam.ac.uk/iiif/MS-MOSSERI-III-00177-00002,mosseriiii177.2
MS-MOSSERI-III-00177-00003,http://cudl.lib.cam.ac.uk/iiif/MS-MOSSERI-III-00177-00003,mosseriiii177.3
MS-MOSSERI-III-00178-00001,http://cudl.lib.cam.ac.uk/iiif/MS-MOSSERI-III-00178-00001,mosseriiii178.1
MS-MOSSERI-III-00178-00002,http://cudl.lib.cam.ac.uk/iiif/MS-MOSSERI-III-00178-00002,mosseriiii178.2
MS-MOSSERI-III-00179,http://cudl.lib.cam.ac.uk/iiif/MS-MOSSERI-III-00179,mosseriiii179
MS-MOSSERI-III-00180-00001,http://cudl.lib.cam.ac.uk/iiif/MS-MOSSERI-III-00180-00001,mosseriiii180.1
MS-MOSSERI-III-00180-00002,http://cudl.lib.cam.ac.uk/iiif/MS-MOSSERI-III-00180-00002,mosseriiii180.2
MS-MOSSERI-III-00181-00001,http://cudl.lib.cam.ac.uk/iiif/MS-MOSSERI-III-00181-00001,mosseriiii181.1
MS-MOSSERI-III-00181-00002,http://cudl.lib.cam.ac.uk/iiif/MS-MOSSERI-III-00181-00002,mosseriiii181.2
MS-MOSSERI-III-00181-00003,http://cudl.lib.cam.ac.uk/iiif/MS-MOSSERI-III-00181-00003,mosseriiii181.3
MS-MOSSERI-III-00182-00001,http://cudl.lib.cam.ac.uk/iiif/MS-MOSSERI-III-00182-00001,mosseriiii182.1
MS-MOSSERI-III-00182-00002,http://cudl.lib.cam.ac.uk/iiif/MS-MOSSERI-III-00182-00002,mosseriiii182.2
MS-MOSSERI-III-00182-00003,http://cudl.lib.cam.ac.uk/iiif/MS-MOSSERI-III-00182-00003,mosseriiii182.3
MS-MOSSERI-III-00182-00004,http://cudl.lib.cam.ac.uk/iiif/MS-MOSSERI-III-00182-00004,mosseriiii182.4
MS-MOSSERI-III-00182-00005,http://cudl.lib.cam.ac.uk/iiif/MS-MOSSERI-III-00182-00005,mosseriiii182.5
MS-MOSSERI-III-00183,http://cudl.lib.cam.ac.uk/iiif/MS-MOSSERI-III-00183,mosseriiii183
MS-MOSSERI-III-00184-00001,http://cudl.lib.cam.ac.uk/iiif/MS-MOSSERI-III-00184-00001,mosseriiii184.1
MS-MOSSERI-III-00184-00002,http://cudl.lib.cam.ac.uk/iiif/MS-MOSSERI-III-00184-00002,mosseriiii184.2
MS-MOSSERI-III-00185-00001,http://cudl.lib.cam.ac.uk/iiif/MS-MOSSERI-III-00185-00001,mosseriiii185.1
MS-MOSSERI-III-00185-00002,http://cudl.lib.cam.ac.uk/iiif/MS-MOSSERI-III-00185-00002,mosseriiii185.2
MS-MOSSERI-III-00186,http://cudl.lib.cam.ac.uk/iiif/MS-MOSSERI-III-00186,mosseriiii186
MS-MOSSERI-III-00187,http://cudl.lib.cam.ac.uk/iiif/MS-MOSSERI-III-00187,mosseriiii187
MS-MOSSERI-III-00188-00001,http://cudl.lib.cam.ac.uk/iiif/MS-MOSSERI-III-00188-00001,mosseriiii188.1
MS-MOSSERI-III-00188-00002,http://cudl.lib.cam.ac.uk/iiif/MS-MOSSERI-III-00188-00002,mosseriiii188.2
MS-MOSSERI-III-00189,http://cudl.lib.cam.ac.uk/iiif/MS-MOSSERI-III-00189,mosseriiii189
MS-MOSSERI-III-00190-00001,http://cudl.lib.cam.ac.uk/iiif/MS-MOSSERI-III-00190-00001,mosseriiii190.1
MS-MOSSERI-III-00190-00002,http://cudl.lib.cam.ac.uk/iiif/MS-MOSSERI-III-00190-00002,mosseriiii190.2
MS-MOSSERI-III-00191,http://cudl.lib.cam.ac.uk/iiif/MS-MOSSERI-III-00191,mosseriiii191
MS-MOSSERI-III-00192,http://cudl.lib.cam.ac.uk/iiif/MS-MOSSERI-III-00192,mosseriiii192
MS-MOSSERI-III-00193-00001,http://cudl.lib.cam.ac.uk/iiif/MS-MOSSERI-III-00193-00001,mosseriiii193.1
MS-MOSSERI-III-00193-00002,http://cudl.lib.cam.ac.uk/iiif/MS-MOSSERI-III-00193-00002,mosseriiii193.2
MS-MOSSERI-III-00194-00001,http://cudl.lib.cam.ac.uk/iiif/MS-MOSSERI-III-00194-00001,mosseriiii194.1
MS-MOSSERI-III-00194-00002,http://cudl.lib.cam.ac.uk/iiif/MS-MOSSERI-III-00194-00002,mosseriiii194.2
MS-MOSSERI-III-00194-00003,http://cudl.lib.cam.ac.uk/iiif/MS-MOSSERI-III-00194-00003,mosseriiii194.3
MS-MOSSERI-III-00195-00002,http://cudl.lib.cam.ac.uk/iiif/MS-MOSSERI-III-00195-00002,mosseriiii195.2
MS-MOSSERI-III-00196,http://cudl.lib.cam.ac.uk/iiif/MS-MOSSERI-III-00196,mosseriiii196
MS-MOSSERI-III-00197-00001,http://cudl.lib.cam.ac.uk/iiif/MS-MOSSERI-III-00197-00001,mosseriiii197.1
MS-MOSSERI-III-00197-00002,http://cudl.lib.cam.ac.uk/iiif/MS-MOSSERI-III-00197-00002,mosseriiii197.2
MS-MOSSERI-III-00198-00001,http://cudl.lib.cam.ac.uk/iiif/MS-MOSSERI-III-00198-00001,mosseriiii198.1
MS-MOSSERI-III-00198-00002,http://cudl.lib.cam.ac.uk/iiif/MS-MOSSERI-III-00198-00002,mosseriiii198.2
MS-MOSSERI-III-00198-00003,http://cudl.lib.cam.ac.uk/iiif/MS-MOSSERI-III-00198-00003,mosseriiii198.3
MS-MOSSERI-III-00198-00004,http://cudl.lib.cam.ac.uk/iiif/MS-MOSSERI-III-00198-00004,mosseriiii198.4
MS-MOSSERI-III-00199,http://cudl.lib.cam.ac.uk/iiif/MS-MOSSERI-III-00199,mosseriiii199
MS-MOSSERI-III-00200-00001,http://cudl.lib.cam.ac.uk/iiif/MS-MOSSERI-III-00200-00001,mosseriiii200.1
MS-MOSSERI-III-00200-00002,http://cudl.lib.cam.ac.uk/iiif/MS-MOSSERI-III-00200-00002,mosseriiii200.2
MS-MOSSERI-III-00201-00001,http://cudl.lib.cam.ac.uk/iiif/MS-MOSSERI-III-00201-00001,mosseriiii201.1
MS-MOSSERI-III-00201-00002,http://cudl.lib.cam.ac.uk/iiif/MS-MOSSERI-III-00201-00002,mosseriiii201.2
MS-MOSSERI-III-00201-00003,http://cudl.lib.cam.ac.uk/iiif/MS-MOSSERI-III-00201-00003,mosseriiii201.3
MS-MOSSERI-III-00201-00004,http://cudl.lib.cam.ac.uk/iiif/MS-MOSSERI-III-00201-00004,mosseriiii201.4
MS-MOSSERI-III-00201-00005,http://cudl.lib.cam.ac.uk/iiif/MS-MOSSERI-III-00201-00005,mosseriiii201.5
MS-MOSSERI-III-00202-A,http://cudl.lib.cam.ac.uk/iiif/MS-MOSSERI-III-00202-A,mosseriiii202a
MS-MOSSERI-III-00202-B,http://cudl.lib.cam.ac.uk/iiif/MS-MOSSERI-III-00202-B,mosseriiii202b
MS-MOSSERI-III-00202-C,http://cudl.lib.cam.ac.uk/iiif/MS-MOSSERI-III-00202-C,mosseriiii202c
MS-MOSSERI-III-00202-D,http://cudl.lib.cam.ac.uk/iiif/MS-MOSSERI-III-00202-D,mosseriiii202d
MS-MOSSERI-III-00203-00001,http://cudl.lib.cam.ac.uk/iiif/MS-MOSSERI-III-00203-00001,mosseriiii203.1
MS-MOSSERI-III-00203-00002-A,http://cudl.lib.cam.ac.uk/iiif/MS-MOSSERI-III-00203-00002-A,mosseriiii203.2a
MS-MOSSERI-III-00203-00002-B,http://cudl.lib.cam.ac.uk/iiif/MS-MOSSERI-III-00203-00002-B,mosseriiii203.2b
MS-MOSSERI-III-00204-00001,http://cudl.lib.cam.ac.uk/iiif/MS-MOSSERI-III-00204-00001,mosseriiii204.1
MS-MOSSERI-III-00204-00002,http://cudl.lib.cam.ac.uk/iiif/MS-MOSSERI-III-00204-00002,mosseriiii204.2
MS-MOSSERI-III-00205,http://cudl.lib.cam.ac.uk/iiif/MS-MOSSERI-III-00205,mosseriiii205
MS-MOSSERI-III-00206-A,http://cudl.lib.cam.ac.uk/iiif/MS-MOSSERI-III-00206-A,mosseriiii206a
MS-MOSSERI-III-00206-B,http://cudl.lib.cam.ac.uk/iiif/MS-MOSSERI-III-00206-B,mosseriiii206b
MS-MOSSERI-III-00207,http://cudl.lib.cam.ac.uk/iiif/MS-MOSSERI-III-00207,mosseriiii207
MS-MOSSERI-III-00208-00001,http://cudl.lib.cam.ac.uk/iiif/MS-MOSSERI-III-00208-00001,mosseriiii208.1
MS-MOSSERI-III-00208-00002,http://cudl.lib.cam.ac.uk/iiif/MS-MOSSERI-III-00208-00002,mosseriiii208.2
MS-MOSSERI-III-00208-00003,http://cudl.lib.cam.ac.uk/iiif/MS-MOSSERI-III-00208-00003,mosseriiii208.3
MS-MOSSERI-III-00209-00001,http://cudl.lib.cam.ac.uk/iiif/MS-MOSSERI-III-00209-00001,mosseriiii209.1
MS-MOSSERI-III-00209-00002,http://cudl.lib.cam.ac.uk/iiif/MS-MOSSERI-III-00209-00002,mosseriiii209.2
MS-MOSSERI-III-00210-00001,http://cudl.lib.cam.ac.uk/iiif/MS-MOSSERI-III-00210-00001,mosseriiii210.1
MS-MOSSERI-III-00210-00002,http://cudl.lib.cam.ac.uk/iiif/MS-MOSSERI-III-00210-00002,mosseriiii210.2
MS-MOSSERI-III-00210-00003,http://cudl.lib.cam.ac.uk/iiif/MS-MOSSERI-III-00210-00003,mosseriiii210.3
MS-MOSSERI-III-00211,http://cudl.lib.cam.ac.uk/iiif/MS-MOSSERI-III-00211,mosseriiii211
MS-MOSSERI-III-00212-00001,http://cudl.lib.cam.ac.uk/iiif/MS-MOSSERI-III-00212-00001,mosseriiii212.1
MS-MOSSERI-III-00212-00002,http://cudl.lib.cam.ac.uk/iiif/MS-MOSSERI-III-00212-00002,mosseriiii212.2
MS-MOSSERI-III-00212-00003,http://cudl.lib.cam.ac.uk/iiif/MS-MOSSERI-III-00212-00003,mosseriiii212.3
MS-MOSSERI-III-00213-00001,http://cudl.lib.cam.ac.uk/iiif/MS-MOSSERI-III-00213-00001,mosseriiii213.1
MS-MOSSERI-III-00213-00002,http://cudl.lib.cam.ac.uk/iiif/MS-MOSSERI-III-00213-00002,mosseriiii213.2
MS-MOSSERI-III-00213-00003,http://cudl.lib.cam.ac.uk/iiif/MS-MOSSERI-III-00213-00003,mosseriiii213.3
MS-MOSSERI-III-00213-00004,http://cudl.lib.cam.ac.uk/iiif/MS-MOSSERI-III-00213-00004,mosseriiii213.4
MS-MOSSERI-III-00214-00001-A,http://cudl.lib.cam.ac.uk/iiif/MS-MOSSERI-III-00214-00001-A,mosseriiii214.1a
MS-MOSSERI-III-00214-00001-B,http://cudl.lib.cam.ac.uk/iiif/MS-MOSSERI-III-00214-00001-B,mosseriiii214.1b
MS-MOSSERI-III-00214-00001-C,http://cudl.lib.cam.ac.uk/iiif/MS-MOSSERI-III-00214-00001-C,mosseriiii214.1c
MS-MOSSERI-III-00214-00001-D,http://cudl.lib.cam.ac.uk/iiif/MS-MOSSERI-III-00214-00001-D,mosseriiii214.1d
MS-MOSSERI-III-00214-00001-E,http://cudl.lib.cam.ac.uk/iiif/MS-MOSSERI-III-00214-00001-E,mosseriiii214.1e
MS-MOSSERI-III-00214-00001-F,http://cudl.lib.cam.ac.uk/iiif/MS-MOSSERI-III-00214-00001-F,mosseriiii214.1f
MS-MOSSERI-III-00214-00002-A,http://cudl.lib.cam.ac.uk/iiif/MS-MOSSERI-III-00214-00002-A,mosseriiii214.2a
MS-MOSSERI-III-00214-00002-B,http://cudl.lib.cam.ac.uk/iiif/MS-MOSSERI-III-00214-00002-B,mosseriiii214.2b
MS-MOSSERI-III-00214-00003,http://cudl.lib.cam.ac.uk/iiif/MS-MOSSERI-III-00214-00003,mosseriiii214.3
MS-MOSSERI-III-00214-00004,http://cudl.lib.cam.ac.uk/iiif/MS-MOSSERI-III-00214-00004,mosseriiii214.4
MS-MOSSERI-III-00215,http://cudl.lib.cam.ac.uk/iiif/MS-MOSSERI-III-00215,mosseriiii215
MS-MOSSERI-III-00216-00001,http://cudl.lib.cam.ac.uk/iiif/MS-MOSSERI-III-00216-00001,mosseriiii216.1
MS-MOSSERI-III-00216-00002,http://cudl.lib.cam.ac.uk/iiif/MS-MOSSERI-III-00216-00002,mosseriiii216.2
MS-MOSSERI-III-00216-00003-A,http://cudl.lib.cam.ac.uk/iiif/MS-MOSSERI-III-00216-00003-A,mosseriiii216.3a
MS-MOSSERI-III-00216-00003-B,http://cudl.lib.cam.ac.uk/iiif/MS-MOSSERI-III-00216-00003-B,mosseriiii216.3b
MS-MOSSERI-III-00216-00004-A,http://cudl.lib.cam.ac.uk/iiif/MS-MOSSERI-III-00216-00004-A,mosseriiii216.4a
MS-MOSSERI-III-00216-00004-B,http://cudl.lib.cam.ac.uk/iiif/MS-MOSSERI-III-00216-00004-B,mosseriiii216.4b
MS-MOSSERI-III-00217,http://cudl.lib.cam.ac.uk/iiif/MS-MOSSERI-III-00217,mosseriiii217
MS-MOSSERI-III-00218,http://cudl.lib.cam.ac.uk/iiif/MS-MOSSERI-III-00218,mosseriiii218
MS-MOSSERI-III-00219-00001,http://cudl.lib.cam.ac.uk/iiif/MS-MOSSERI-III-00219-00001,mosseriiii219.1
MS-MOSSERI-III-00219-00002,http://cudl.lib.cam.ac.uk/iiif/MS-MOSSERI-III-00219-00002,mosseriiii219.2
MS-MOSSERI-III-00220-00001,http://cudl.lib.cam.ac.uk/iiif/MS-MOSSERI-III-00220-00001,mosseriiii220.1
MS-MOSSERI-III-00220-00002,http://cudl.lib.cam.ac.uk/iiif/MS-MOSSERI-III-00220-00002,mosseriiii220.2
MS-MOSSERI-III-00221,http://cudl.lib.cam.ac.uk/iiif/MS-MOSSERI-III-00221,mosseriiii221
MS-MOSSERI-III-00222-A,http://cudl.lib.cam.ac.uk/iiif/MS-MOSSERI-III-00222-A,mosseriiii222a
MS-MOSSERI-III-00222-B,http://cudl.lib.cam.ac.uk/iiif/MS-MOSSERI-III-00222-B,mosseriiii222b
MS-MOSSERI-III-00222-C,http://cudl.lib.cam.ac.uk/iiif/MS-MOSSERI-III-00222-C,mosseriiii222c
MS-MOSSERI-III-00222-D,http://cudl.lib.cam.ac.uk/iiif/MS-MOSSERI-III-00222-D,mosseriiii222d
MS-MOSSERI-III-00222-E,http://cudl.lib.cam.ac.uk/iiif/MS-MOSSERI-III-00222-E,mosseriiii222e
MS-MOSSERI-III-00223-00001,http://cudl.lib.cam.ac.uk/iiif/MS-MOSSERI-III-00223-00001,mosseriiii223.1
MS-MOSSERI-III-00223-00002,http://cudl.lib.cam.ac.uk/iiif/MS-MOSSERI-III-00223-00002,mosseriiii223.2
MS-MOSSERI-III-00223-00003,http://cudl.lib.cam.ac.uk/iiif/MS-MOSSERI-III-00223-00003,mosseriiii223.3
MS-MOSSERI-III-00224-00001,http://cudl.lib.cam.ac.uk/iiif/MS-MOSSERI-III-00224-00001,mosseriiii224.1
MS-MOSSERI-III-00224-00002,http://cudl.lib.cam.ac.uk/iiif/MS-MOSSERI-III-00224-00002,mosseriiii224.2
MS-MOSSERI-III-00225-00001,http://cudl.lib.cam.ac.uk/iiif/MS-MOSSERI-III-00225-00001,mosseriiii225.1
MS-MOSSERI-III-00225-00002,http://cudl.lib.cam.ac.uk/iiif/MS-MOSSERI-III-00225-00002,mosseriiii225.2
MS-MOSSERI-III-00226-00001,http://cudl.lib.cam.ac.uk/iiif/MS-MOSSERI-III-00226-00001,mosseriiii226.1
MS-MOSSERI-III-00226-00002,http://cudl.lib.cam.ac.uk/iiif/MS-MOSSERI-III-00226-00002,mosseriiii226.2
MS-MOSSERI-III-00227,http://cudl.lib.cam.ac.uk/iiif/MS-MOSSERI-III-00227,mosseriiii227
MS-MOSSERI-III-00228,http://cudl.lib.cam.ac.uk/iiif/MS-MOSSERI-III-00228,mosseriiii228
MS-MOSSERI-III-00229-00001,http://cudl.lib.cam.ac.uk/iiif/MS-MOSSERI-III-00229-00001,mosseriiii229.1
MS-MOSSERI-III-00229-00002-A,http://cudl.lib.cam.ac.uk/iiif/MS-MOSSERI-III-00229-00002-A,mosseriiii229.2a
MS-MOSSERI-III-00229-00002-B,http://cudl.lib.cam.ac.uk/iiif/MS-MOSSERI-III-00229-00002-B,mosseriiii229.2b
MS-MOSSERI-III-00230,http://cudl.lib.cam.ac.uk/iiif/MS-MOSSERI-III-00230,mosseriiii230
MS-MOSSERI-III-00231,http://cudl.lib.cam.ac.uk/iiif/MS-MOSSERI-III-00231,mosseriiii231
MS-MOSSERI-III-00232,http://cudl.lib.cam.ac.uk/iiif/MS-MOSSERI-III-00232,mosseriiii232
MS-MOSSERI-III-00233,http://cudl.lib.cam.ac.uk/iiif/MS-MOSSERI-III-00233,mosseriiii233
MS-MOSSERI-III-00235,http://cudl.lib.cam.ac.uk/iiif/MS-MOSSERI-III-00235,mosseriiii235
MS-MOSSERI-III-00236,http://cudl.lib.cam.ac.uk/iiif/MS-MOSSERI-III-00236,mosseriiii236
MS-MOSSERI-III-00237,http://cudl.lib.cam.ac.uk/iiif/MS-MOSSERI-III-00237,mosseriiii237
MS-MOSSERI-III-00238-00001,http://cudl.lib.cam.ac.uk/iiif/MS-MOSSERI-III-00238-00001,mosseriiii238.1
MS-MOSSERI-III-00238-00002,http://cudl.lib.cam.ac.uk/iiif/MS-MOSSERI-III-00238-00002,mosseriiii238.2
MS-MOSSERI-III-00239-00001,http://cudl.lib.cam.ac.uk/iiif/MS-MOSSERI-III-00239-00001,mosseriiii239.1
MS-MOSSERI-III-00239-00002,http://cudl.lib.cam.ac.uk/iiif/MS-MOSSERI-III-00239-00002,mosseriiii239.2
MS-MOSSERI-III-00239-00003,http://cudl.lib.cam.ac.uk/iiif/MS-MOSSERI-III-00239-00003,mosseriiii239.3
MS-MOSSERI-III-00240-00001,http://cudl.lib.cam.ac.uk/iiif/MS-MOSSERI-III-00240-00001,mosseriiii240.1
MS-MOSSERI-III-00240-00002,http://cudl.lib.cam.ac.uk/iiif/MS-MOSSERI-III-00240-00002,mosseriiii240.2
MS-MOSSERI-III-00240-00003,http://cudl.lib.cam.ac.uk/iiif/MS-MOSSERI-III-00240-00003,mosseriiii240.3
MS-MOSSERI-III-00241,http://cudl.lib.cam.ac.uk/iiif/MS-MOSSERI-III-00241,mosseriiii241
MS-MOSSERI-III-00242,http://cudl.lib.cam.ac.uk/iiif/MS-MOSSERI-III-00242,mosseriiii242
MS-MOSSERI-III-00243-00001,http://cudl.lib.cam.ac.uk/iiif/MS-MOSSERI-III-00243-00001,mosseriiii243.1
MS-MOSSERI-III-00243-00002,http://cudl.lib.cam.ac.uk/iiif/MS-MOSSERI-III-00243-00002,mosseriiii243.2
MS-MOSSERI-III-00244-00001,http://cudl.lib.cam.ac.uk/iiif/MS-MOSSERI-III-00244-00001,mosseriiii244.1
MS-MOSSERI-III-00244-00002,http://cudl.lib.cam.ac.uk/iiif/MS-MOSSERI-III-00244-00002,mosseriiii244.2
MS-MOSSERI-III-00245-00001,http://cudl.lib.cam.ac.uk/iiif/MS-MOSSERI-III-00245-00001,mosseriiii245.1
MS-MOSSERI-III-00245-00002,http://cudl.lib.cam.ac.uk/iiif/MS-MOSSERI-III-00245-00002,mosseriiii245.2
MS-MOSSERI-III-00246-00001,http://cudl.lib.cam.ac.uk/iiif/MS-MOSSERI-III-00246-00001,mosseriiii246.1
MS-MOSSERI-III-00246-00002,http://cudl.lib.cam.ac.uk/iiif/MS-MOSSERI-III-00246-00002,mosseriiii246.2
MS-MOSSERI-III-00247,http://cudl.lib.cam.ac.uk/iiif/MS-MOSSERI-III-00247,mosseriiii247
MS-MOSSERI-III-00248-00001,http://cudl.lib.cam.ac.uk/iiif/MS-MOSSERI-III-00248-00001,mosseriiii248.1
MS-MOSSERI-III-00248-00002,http://cudl.lib.cam.ac.uk/iiif/MS-MOSSERI-III-00248-00002,mosseriiii248.2
MS-MOSSERI-III-00248-00003,http://cudl.lib.cam.ac.uk/iiif/MS-MOSSERI-III-00248-00003,mosseriiii248.3
MS-MOSSERI-III-00249-00001,http://cudl.lib.cam.ac.uk/iiif/MS-MOSSERI-III-00249-00001,mosseriiii249.1
MS-MOSSERI-III-00249-00002,http://cudl.lib.cam.ac.uk/iiif/MS-MOSSERI-III-00249-00002,mosseriiii249.2
MS-MOSSERI-III-00250-00001,http://cudl.lib.cam.ac.uk/iiif/MS-MOSSERI-III-00250-00001,mosseriiii250.1
MS-MOSSERI-III-00250-00002,http://cudl.lib.cam.ac.uk/iiif/MS-MOSSERI-III-00250-00002,mosseriiii250.2
MS-MOSSERI-III-00251,http://cudl.lib.cam.ac.uk/iiif/MS-MOSSERI-III-00251,mosseriiii251
MS-MOSSERI-III-00252-00001,http://cudl.lib.cam.ac.uk/iiif/MS-MOSSERI-III-00252-00001,mosseriiii252.1
MS-MOSSERI-III-00252-00002,http://cudl.lib.cam.ac.uk/iiif/MS-MOSSERI-III-00252-00002,mosseriiii252.2
MS-MOSSERI-III-00253-00001,http://cudl.lib.cam.ac.uk/iiif/MS-MOSSERI-III-00253-00001,mosseriiii253.1
MS-MOSSERI-III-00253-00002,http://cudl.lib.cam.ac.uk/iiif/MS-MOSSERI-III-00253-00002,mosseriiii253.2
MS-MOSSERI-III-00254-00001,http://cudl.lib.cam.ac.uk/iiif/MS-MOSSERI-III-00254-00001,mosseriiii254.1
MS-MOSSERI-III-00254-00002,http://cudl.lib.cam.ac.uk/iiif/MS-MOSSERI-III-00254-00002,mosseriiii254.2
MS-MOSSERI-III-00254-00003,http://cudl.lib.cam.ac.uk/iiif/MS-MOSSERI-III-00254-00003,mosseriiii254.3
MS-MOSSERI-III-00255-00001,http://cudl.lib.cam.ac.uk/iiif/MS-MOSSERI-III-00255-00001,mosseriiii255.1
MS-MOSSERI-III-00255-00002,http://cudl.lib.cam.ac.uk/iiif/MS-MOSSERI-III-00255-00002,mosseriiii255.2
MS-MOSSERI-III-00255-00003,http://cudl.lib.cam.ac.uk/iiif/MS-MOSSERI-III-00255-00003,mosseriiii255.3
MS-MOSSERI-III-00255-00004,http://cudl.lib.cam.ac.uk/iiif/MS-MOSSERI-III-00255-00004,mosseriiii255.4
MS-MOSSERI-III-00255-00005,http://cudl.lib.cam.ac.uk/iiif/MS-MOSSERI-III-00255-00005,mosseriiii255.5
MS-MOSSERI-III-00255-00006,http://cudl.lib.cam.ac.uk/iiif/MS-MOSSERI-III-00255-00006,mosseriiii255.6
MS-MOSSERI-III-00255-00007,http://cudl.lib.cam.ac.uk/iiif/MS-MOSSERI-III-00255-00007,mosseriiii255.7
MS-MOSSERI-III-00255-00008,http://cudl.lib.cam.ac.uk/iiif/MS-MOSSERI-III-00255-00008,mosseriiii255.8
MS-MOSSERI-III-00255-00009,http://cudl.lib.cam.ac.uk/iiif/MS-MOSSERI-III-00255-00009,mosseriiii255.9
MS-MOSSERI-III-00255-00010,http://cudl.lib.cam.ac.uk/iiif/MS-MOSSERI-III-00255-00010,mosseriiii255.10
MS-MOSSERI-III-00255-00011,http://cudl.lib.cam.ac.uk/iiif/MS-MOSSERI-III-00255-00011,mosseriiii255.11
MS-MOSSERI-III-00255-00012,http://cudl.lib.cam.ac.uk/iiif/MS-MOSSERI-III-00255-00012,mosseriiii255.12
MS-MOSSERI-III-00258-00001-A,http://cudl.lib.cam.ac.uk/iiif/MS-MOSSERI-III-00258-00001-A,mosseriiii258.1a
MS-MOSSERI-III-00258-00001-B,http://cudl.lib.cam.ac.uk/iiif/MS-MOSSERI-III-00258-00001-B,mosseriiii258.1b
MS-MOSSERI-III-00258-00001-C,http://cudl.lib.cam.ac.uk/iiif/MS-MOSSERI-III-00258-00001-C,mosseriiii258.1c
MS-MOSSERI-III-00258-00001-D,http://cudl.lib.cam.ac.uk/iiif/MS-MOSSERI-III-00258-00001-D,mosseriiii258.1d
MS-MOSSERI-III-00258-00001-E,http://cudl.lib.cam.ac.uk/iiif/MS-MOSSERI-III-00258-00001-E,mosseriiii258.1e
MS-MOSSERI-III-A-00016,http://cudl.lib.cam.ac.uk/iiif/MS-MOSSERI-III-A-00016,mosseriiiia16
MS-MOSSERI-IIIA-00001,http://cudl.lib.cam.ac.uk/iiif/MS-MOSSERI-IIIA-00001,mosseriiiia1
MS-MOSSERI-IIIA-00002,http://cudl.lib.cam.ac.uk/iiif/MS-MOSSERI-IIIA-00002,mosseriiiia2
MS-MOSSERI-IIIA-00003,http://cudl.lib.cam.ac.uk/iiif/MS-MOSSERI-IIIA-00003,mosseriiiia3
MS-MOSSERI-IIIA-00004,http://cudl.lib.cam.ac.uk/iiif/MS-MOSSERI-IIIA-00004,mosseriiiia4
MS-MOSSERI-IIIA-00005,http://cudl.lib.cam.ac.uk/iiif/MS-MOSSERI-IIIA-00005,mosseriiiia5
MS-MOSSERI-IIIA-00006,http://cudl.lib.cam.ac.uk/iiif/MS-MOSSERI-IIIA-00006,mosseriiiia6
MS-MOSSERI-IIIA-00007,http://cudl.lib.cam.ac.uk/iiif/MS-MOSSERI-IIIA-00007,mosseriiiia7
MS-MOSSERI-IIIA-00008,http://cudl.lib.cam.ac.uk/iiif/MS-MOSSERI-IIIA-00008,mosseriiiia8
MS-MOSSERI-IIIA-00009,http://cudl.lib.cam.ac.uk/iiif/MS-MOSSERI-IIIA-00009,mosseriiiia9
MS-MOSSERI-IIIA-00010,http://cudl.lib.cam.ac.uk/iiif/MS-MOSSERI-IIIA-00010,mosseriiiia10
MS-MOSSERI-IIIA-00011,http://cudl.lib.cam.ac.uk/iiif/MS-MOSSERI-IIIA-00011,mosseriiiia11
MS-MOSSERI-IIIA-00012,http://cudl.lib.cam.ac.uk/iiif/MS-MOSSERI-IIIA-00012,mosseriiiia12
MS-MOSSERI-IIIA-00013,http://cudl.lib.cam.ac.uk/iiif/MS-MOSSERI-IIIA-00013,mosseriiiia13
MS-MOSSERI-IIIA-00014,http://cudl.lib.cam.ac.uk/iiif/MS-MOSSERI-IIIA-00014,mosseriiiia14
MS-MOSSERI-IIIA-00015,http://cudl.lib.cam.ac.uk/iiif/MS-MOSSERI-IIIA-00015,mosseriiiia15
MS-MOSSERI-IIIA-00017-00001,http://cudl.lib.cam.ac.uk/iiif/MS-MOSSERI-IIIA-00017-00001,mosseriiiia17.1
MS-MOSSERI-IIIA-00017-00002,http://cudl.lib.cam.ac.uk/iiif/MS-MOSSERI-IIIA-00017-00002,mosseriiiia17.2
MS-MOSSERI-IIIA-00018,http://cudl.lib.cam.ac.uk/iiif/MS-MOSSERI-IIIA-00018,mosseriiiia18
MS-MOSSERI-IIIA-00019-00001,http://cudl.lib.cam.ac.uk/iiif/MS-MOSSERI-IIIA-00019-00001,mosseriiiia19.1
MS-MOSSERI-IIIA-00019-00002,http://cudl.lib.cam.ac.uk/iiif/MS-MOSSERI-IIIA-00019-00002,mosseriiiia19.2
MS-MOSSERI-IIIA-00019-00003,http://cudl.lib.cam.ac.uk/iiif/MS-MOSSERI-IIIA-00019-00003,mosseriiiia19.3
MS-MOSSERI-IIIA-00019-00004,http://cudl.lib.cam.ac.uk/iiif/MS-MOSSERI-IIIA-00019-00004,mosseriiiia19.4
MS-MOSSERI-IIIA-00020,http://cudl.lib.cam.ac.uk/iiif/MS-MOSSERI-IIIA-00020,mosseriiiia20
MS-MOSSERI-IV-00001,http://cudl.lib.cam.ac.uk/iiif/MS-MOSSERI-IV-00001,mosseriiv1
MS-MOSSERI-IV-00002,http://cudl.lib.cam.ac.uk/iiif/MS-MOSSERI-IV-00002,mosseriiv2
MS-MOSSERI-IV-00003,http://cudl.lib.cam.ac.uk/iiif/MS-MOSSERI-IV-00003,mosseriiv3
MS-MOSSERI-IV-00004,http://cudl.lib.cam.ac.uk/iiif/MS-MOSSERI-IV-00004,mosseriiv4
MS-MOSSERI-IV-00005,http://cudl.lib.cam.ac.uk/iiif/MS-MOSSERI-IV-00005,mosseriiv5
MS-MOSSERI-IV-00006,http://cudl.lib.cam.ac.uk/iiif/MS-MOSSERI-IV-00006,mosseriiv6
MS-MOSSERI-IV-00007,http://cudl.lib.cam.ac.uk/iiif/MS-MOSSERI-IV-00007,mosseriiv7
MS-MOSSERI-IV-00008,http://cudl.lib.cam.ac.uk/iiif/MS-MOSSERI-IV-00008,mosseriiv8
MS-MOSSERI-IV-00009,http://cudl.lib.cam.ac.uk/iiif/MS-MOSSERI-IV-00009,mosseriiv9
MS-MOSSERI-IV-00010,http://cudl.lib.cam.ac.uk/iiif/MS-MOSSERI-IV-00010,mosseriiv10
MS-MOSSERI-IV-00011-00001,http://cudl.lib.cam.ac.uk/iiif/MS-MOSSERI-IV-00011-00001,mosseriiv11.1
MS-MOSSERI-IV-00011-00002,http://cudl.lib.cam.ac.uk/iiif/MS-MOSSERI-IV-00011-00002,mosseriiv11.2
MS-MOSSERI-IV-00012-00001,http://cudl.lib.cam.ac.uk/iiif/MS-MOSSERI-IV-00012-00001,mosseriiv12.1
MS-MOSSERI-IV-00012-00002,http://cudl.lib.cam.ac.uk/iiif/MS-MOSSERI-IV-00012-00002,mosseriiv12.2
MS-MOSSERI-IV-00013,http://cudl.lib.cam.ac.uk/iiif/MS-MOSSERI-IV-00013,mosseriiv13
MS-MOSSERI-IV-00014-00001,http://cudl.lib.cam.ac.uk/iiif/MS-MOSSERI-IV-00014-00001,mosseriiv14.1
MS-MOSSERI-IV-00014-00002,http://cudl.lib.cam.ac.uk/iiif/MS-MOSSERI-IV-00014-00002,mosseriiv14.2
MS-MOSSERI-IV-00014-00003,http://cudl.lib.cam.ac.uk/iiif/MS-MOSSERI-IV-00014-00003,mosseriiv14.3
MS-MOSSERI-IV-00015-00001,http://cudl.lib.cam.ac.uk/iiif/MS-MOSSERI-IV-00015-00001,mosseriiv15.1
MS-MOSSERI-IV-00015-00002,http://cudl.lib.cam.ac.uk/iiif/MS-MOSSERI-IV-00015-00002,mosseriiv15.2
MS-MOSSERI-IV-00016-00001,http://cudl.lib.cam.ac.uk/iiif/MS-MOSSERI-IV-00016-00001,mosseriiv16.1
MS-MOSSERI-IV-00016-00002,http://cudl.lib.cam.ac.uk/iiif/MS-MOSSERI-IV-00016-00002,mosseriiv16.2
MS-MOSSERI-IV-00016-00003,http://cudl.lib.cam.ac.uk/iiif/MS-MOSSERI-IV-00016-00003,mosseriiv16.3
MS-MOSSERI-IV-00017,http://cudl.lib.cam.ac.uk/iiif/MS-MOSSERI-IV-00017,mosseriiv17
MS-MOSSERI-IV-00018,http://cudl.lib.cam.ac.uk/iiif/MS-MOSSERI-IV-00018,mosseriiv18
MS-MOSSERI-IV-00019-00001,http://cudl.lib.cam.ac.uk/iiif/MS-MOSSERI-IV-00019-00001,mosseriiv19.1
MS-MOSSERI-IV-00019-00002,http://cudl.lib.cam.ac.uk/iiif/MS-MOSSERI-IV-00019-00002,mosseriiv19.2
MS-MOSSERI-IV-00020-00001,http://cudl.lib.cam.ac.uk/iiif/MS-MOSSERI-IV-00020-00001,mosseriiv20.1
MS-MOSSERI-IV-00020-00002,http://cudl.lib.cam.ac.uk/iiif/MS-MOSSERI-IV-00020-00002,mosseriiv20.2
MS-MOSSERI-IV-00020-00003,http://cudl.lib.cam.ac.uk/iiif/MS-MOSSERI-IV-00020-00003,mosseriiv20.3
MS-MOSSERI-IV-00021-00001,http://cudl.lib.cam.ac.uk/iiif/MS-MOSSERI-IV-00021-00001,mosseriiv21.1
MS-MOSSERI-IV-00021-00002,http://cudl.lib.cam.ac.uk/iiif/MS-MOSSERI-IV-00021-00002,mosseriiv21.2
MS-MOSSERI-IV-00021-00003,http://cudl.lib.cam.ac.uk/iiif/MS-MOSSERI-IV-00021-00003,mosseriiv21.3
MS-MOSSERI-IV-00021-00004,http://cudl.lib.cam.ac.uk/iiif/MS-MOSSERI-IV-00021-00004,mosseriiv21.4
MS-MOSSERI-IV-00022-00001,http://cudl.lib.cam.ac.uk/iiif/MS-MOSSERI-IV-00022-00001,mosseriiv22.1
MS-MOSSERI-IV-00022-00002,http://cudl.lib.cam.ac.uk/iiif/MS-MOSSERI-IV-00022-00002,mosseriiv22.2
MS-MOSSERI-IV-00023,http://cudl.lib.cam.ac.uk/iiif/MS-MOSSERI-IV-00023,mosseriiv23
MS-MOSSERI-IV-00024-00001,http://cudl.lib.cam.ac.uk/iiif/MS-MOSSERI-IV-00024-00001,mosseriiv24.1
MS-MOSSERI-IV-00024-00002,http://cudl.lib.cam.ac.uk/iiif/MS-MOSSERI-IV-00024-00002,mosseriiv24.2
MS-MOSSERI-IV-00024-00003,http://cudl.lib.cam.ac.uk/iiif/MS-MOSSERI-IV-00024-00003,mosseriiv24.3
MS-MOSSERI-IV-00025-00001,http://cudl.lib.cam.ac.uk/iiif/MS-MOSSERI-IV-00025-00001,mosseriiv25.1
MS-MOSSERI-IV-00025-00002,http://cudl.lib.cam.ac.uk/iiif/MS-MOSSERI-IV-00025-00002,mosseriiv25.2
MS-MOSSERI-IV-00025-00003,http://cudl.lib.cam.ac.uk/iiif/MS-MOSSERI-IV-00025-00003,mosseriiv25.3
MS-MOSSERI-IV-00025-00004,http://cudl.lib.cam.ac.uk/iiif/MS-MOSSERI-IV-00025-00004,mosseriiv25.4
MS-MOSSERI-IV-00026-00001,http://cudl.lib.cam.ac.uk/iiif/MS-MOSSERI-IV-00026-00001,mosseriiv26.1
MS-MOSSERI-IV-00026-00002,http://cudl.lib.cam.ac.uk/iiif/MS-MOSSERI-IV-00026-00002,mosseriiv26.2
MS-MOSSERI-IV-00026-00003,http://cudl.lib.cam.ac.uk/iiif/MS-MOSSERI-IV-00026-00003,mosseriiv26.3
MS-MOSSERI-IV-00026-00004,http://cudl.lib.cam.ac.uk/iiif/MS-MOSSERI-IV-00026-00004,mosseriiv26.4
MS-MOSSERI-IV-00027-00001,http://cudl.lib.cam.ac.uk/iiif/MS-MOSSERI-IV-00027-00001,mosseriiv27.1
MS-MOSSERI-IV-00027-00002,http://cudl.lib.cam.ac.uk/iiif/MS-MOSSERI-IV-00027-00002,mosseriiv27.2
MS-MOSSERI-IV-00027-00003,http://cudl.lib.cam.ac.uk/iiif/MS-MOSSERI-IV-00027-00003,mosseriiv27.3
MS-MOSSERI-IV-00027-00004,http://cudl.lib.cam.ac.uk/iiif/MS-MOSSERI-IV-00027-00004,mosseriiv27.4
MS-MOSSERI-IV-00027-00005,http://cudl.lib.cam.ac.uk/iiif/MS-MOSSERI-IV-00027-00005,mosseriiv27.5
MS-MOSSERI-IV-00028-00001,http://cudl.lib.cam.ac.uk/iiif/MS-MOSSERI-IV-00028-00001,mosseriiv28.1
MS-MOSSERI-IV-00028-00002,http://cudl.lib.cam.ac.uk/iiif/MS-MOSSERI-IV-00028-00002,mosseriiv28.2
MS-MOSSERI-IV-00029-00001,http://cudl.lib.cam.ac.uk/iiif/MS-MOSSERI-IV-00029-00001,mosseriiv29.1
MS-MOSSERI-IV-00029-00002,http://cudl.lib.cam.ac.uk/iiif/MS-MOSSERI-IV-00029-00002,mosseriiv29.2
MS-MOSSERI-IV-00029-00003,http://cudl.lib.cam.ac.uk/iiif/MS-MOSSERI-IV-00029-00003,mosseriiv29.3
MS-MOSSERI-IV-00030,http://cudl.lib.cam.ac.uk/iiif/MS-MOSSERI-IV-00030,mosseriiv30
MS-MOSSERI-IV-00031-00001,http://cudl.lib.cam.ac.uk/iiif/MS-MOSSERI-IV-00031-00001,mosseriiv31.1
MS-MOSSERI-IV-00031-00002,http://cudl.lib.cam.ac.uk/iiif/MS-MOSSERI-IV-00031-00002,mosseriiv31.2
MS-MOSSERI-IV-00031-00003,http://cudl.lib.cam.ac.uk/iiif/MS-MOSSERI-IV-00031-00003,mosseriiv31.3
MS-MOSSERI-IV-00031-00004,http://cudl.lib.cam.ac.uk/iiif/MS-MOSSERI-IV-00031-00004,mosseriiv31.4
MS-MOSSERI-IV-00032-00001,http://cudl.lib.cam.ac.uk/iiif/MS-MOSSERI-IV-00032-00001,mosseriiv32.1
MS-MOSSERI-IV-00032-00002,http://cudl.lib.cam.ac.uk/iiif/MS-MOSSERI-IV-00032-00002,mosseriiv32.2
MS-MOSSERI-IV-00033-00001,http://cudl.lib.cam.ac.uk/iiif/MS-MOSSERI-IV-00033-00001,mosseriiv33.1
MS-MOSSERI-IV-00033-00002,http://cudl.lib.cam.ac.uk/iiif/MS-MOSSERI-IV-00033-00002,mosseriiv33.2
MS-MOSSERI-IV-00033-00003,http://cudl.lib.cam.ac.uk/iiif/MS-MOSSERI-IV-00033-00003,mosseriiv33.3
MS-MOSSERI-IV-00034-00001,http://cudl.lib.cam.ac.uk/iiif/MS-MOSSERI-IV-00034-00001,mosseriiv34.1
MS-MOSSERI-IV-00034-00002,http://cudl.lib.cam.ac.uk/iiif/MS-MOSSERI-IV-00034-00002,mosseriiv34.2
MS-MOSSERI-IV-00035-00001,http://cudl.lib.cam.ac.uk/iiif/MS-MOSSERI-IV-00035-00001,mosseriiv35.1
MS-MOSSERI-IV-00035-00002,http://cudl.lib.cam.ac.uk/iiif/MS-MOSSERI-IV-00035-00002,mosseriiv35.2
MS-MOSSERI-IV-00036-00001,http://cudl.lib.cam.ac.uk/iiif/MS-MOSSERI-IV-00036-00001,mosseriiv36.1
MS-MOSSERI-IV-00036-00002,http://cudl.lib.cam.ac.uk/iiif/MS-MOSSERI-IV-00036-00002,mosseriiv36.2
MS-MOSSERI-IV-00036-00003,http://cudl.lib.cam.ac.uk/iiif/MS-MOSSERI-IV-00036-00003,mosseriiv36.3
MS-MOSSERI-IV-00036-00004,http://cudl.lib.cam.ac.uk/iiif/MS-MOSSERI-IV-00036-00004,mosseriiv36.4
MS-MOSSERI-IV-00037-00001,http://cudl.lib.cam.ac.uk/iiif/MS-MOSSERI-IV-00037-00001,mosseriiv37.1
MS-MOSSERI-IV-00037-00002,http://cudl.lib.cam.ac.uk/iiif/MS-MOSSERI-IV-00037-00002,mosseriiv37.2
MS-MOSSERI-IV-00037-00003,http://cudl.lib.cam.ac.uk/iiif/MS-MOSSERI-IV-00037-00003,mosseriiv37.3
MS-MOSSERI-IV-00038,http://cudl.lib.cam.ac.uk/iiif/MS-MOSSERI-IV-00038,mosseriiv38
MS-MOSSERI-IV-00039-00001,http://cudl.lib.cam.ac.uk/iiif/MS-MOSSERI-IV-00039-00001,mosseriiv39.1
MS-MOSSERI-IV-00039-00002,http://cudl.lib.cam.ac.uk/iiif/MS-MOSSERI-IV-00039-00002,mosseriiv39.2
MS-MOSSERI-IV-00039-00003,http://cudl.lib.cam.ac.uk/iiif/MS-MOSSERI-IV-00039-00003,mosseriiv39.3
MS-MOSSERI-IV-00039-00004-A,http://cudl.lib.cam.ac.uk/iiif/MS-MOSSERI-IV-00039-00004-A,mosseriiv39.4a
MS-MOSSERI-IV-00039-00004-B,http://cudl.lib.cam.ac.uk/iiif/MS-MOSSERI-IV-00039-00004-B,mosseriiv39.4b
MS-MOSSERI-IV-00039-00005-A,http://cudl.lib.cam.ac.uk/iiif/MS-MOSSERI-IV-00039-00005-A,mosseriiv39.5a
MS-MOSSERI-IV-00039-00005-B,http://cudl.lib.cam.ac.uk/iiif/MS-MOSSERI-IV-00039-00005-B,mosseriiv39.5b
MS-MOSSERI-IV-00039-00006,http://cudl.lib.cam.ac.uk/iiif/MS-MOSSERI-IV-00039-00006,mosseriiv39.6
MS-MOSSERI-IV-00040-00001,http://cudl.lib.cam.ac.uk/iiif/MS-MOSSERI-IV-00040-00001,mosseriiv40.1
MS-MOSSERI-IV-00040-00002,http://cudl.lib.cam.ac.uk/iiif/MS-MOSSERI-IV-00040-00002,mosseriiv40.2
MS-MOSSERI-IV-00040-00003,http://cudl.lib.cam.ac.uk/iiif/MS-MOSSERI-IV-00040-00003,mosseriiv40.3
MS-MOSSERI-IV-00041-00001,http://cudl.lib.cam.ac.uk/iiif/MS-MOSSERI-IV-00041-00001,mosseriiv41.1
MS-MOSSERI-IV-00041-00002,http://cudl.lib.cam.ac.uk/iiif/MS-MOSSERI-IV-00041-00002,mosseriiv41.2
MS-MOSSERI-IV-00041-00003,http://cudl.lib.cam.ac.uk/iiif/MS-MOSSERI-IV-00041-00003,mosseriiv41.3
MS-MOSSERI-IV-00041-00004,http://cudl.lib.cam.ac.uk/iiif/MS-MOSSERI-IV-00041-00004,mosseriiv41.4
MS-MOSSERI-IV-00041-00005,http://cudl.lib.cam.ac.uk/iiif/MS-MOSSERI-IV-00041-00005,mosseriiv41.5
MS-MOSSERI-IV-00041-00006,http://cudl.lib.cam.ac.uk/iiif/MS-MOSSERI-IV-00041-00006,mosseriiv41.6
MS-MOSSERI-IV-00042,http://cudl.lib.cam.ac.uk/iiif/MS-MOSSERI-IV-00042,mosseriiv42
MS-MOSSERI-IV-00043,http://cudl.lib.cam.ac.uk/iiif/MS-MOSSERI-IV-00043,mosseriiv43
MS-MOSSERI-IV-00044-00001,http://cudl.lib.cam.ac.uk/iiif/MS-MOSSERI-IV-00044-00001,mosseriiv44.1
MS-MOSSERI-IV-00044-00002,http://cudl.lib.cam.ac.uk/iiif/MS-MOSSERI-IV-00044-00002,mosseriiv44.2
MS-MOSSERI-IV-00044-00003,http://cudl.lib.cam.ac.uk/iiif/MS-MOSSERI-IV-00044-00003,mosseriiv44.3
MS-MOSSERI-IV-00044-00004,http://cudl.lib.cam.ac.uk/iiif/MS-MOSSERI-IV-00044-00004,mosseriiv44.4
MS-MOSSERI-IV-00045,http://cudl.lib.cam.ac.uk/iiif/MS-MOSSERI-IV-00045,mosseriiv45
MS-MOSSERI-IV-00046-00001,http://cudl.lib.cam.ac.uk/iiif/MS-MOSSERI-IV-00046-00001,mosseriiv46.1
MS-MOSSERI-IV-00046-00002,http://cudl.lib.cam.ac.uk/iiif/MS-MOSSERI-IV-00046-00002,mosseriiv46.2
MS-MOSSERI-IV-00046-00003,http://cudl.lib.cam.ac.uk/iiif/MS-MOSSERI-IV-00046-00003,mosseriiv46.3
MS-MOSSERI-IV-00046-00004,http://cudl.lib.cam.ac.uk/iiif/MS-MOSSERI-IV-00046-00004,mosseriiv46.4
MS-MOSSERI-IV-00046-00005,http://cudl.lib.cam.ac.uk/iiif/MS-MOSSERI-IV-00046-00005,mosseriiv46.5
MS-MOSSERI-IV-00047-00001,http://cudl.lib.cam.ac.uk/iiif/MS-MOSSERI-IV-00047-00001,mosseriiv47.1
MS-MOSSERI-IV-00047-00002,http://cudl.lib.cam.ac.uk/iiif/MS-MOSSERI-IV-00047-00002,mosseriiv47.2
MS-MOSSERI-IV-00047-00003,http://cudl.lib.cam.ac.uk/iiif/MS-MOSSERI-IV-00047-00003,mosseriiv47.3
MS-MOSSERI-IV-00048-00001,http://cudl.lib.cam.ac.uk/iiif/MS-MOSSERI-IV-00048-00001,mosseriiv48.1
MS-MOSSERI-IV-00048-00002,http://cudl.lib.cam.ac.uk/iiif/MS-MOSSERI-IV-00048-00002,mosseriiv48.2
MS-MOSSERI-IV-00048-00003,http://cudl.lib.cam.ac.uk/iiif/MS-MOSSERI-IV-00048-00003,mosseriiv48.3
MS-MOSSERI-IV-00049-00001,http://cudl.lib.cam.ac.uk/iiif/MS-MOSSERI-IV-00049-00001,mosseriiv49.1
MS-MOSSERI-IV-00049-00002,http://cudl.lib.cam.ac.uk/iiif/MS-MOSSERI-IV-00049-00002,mosseriiv49.2
MS-MOSSERI-IV-00049-00003,http://cudl.lib.cam.ac.uk/iiif/MS-MOSSERI-IV-00049-00003,mosseriiv49.3
MS-MOSSERI-IV-00050-00001,http://cudl.lib.cam.ac.uk/iiif/MS-MOSSERI-IV-00050-00001,mosseriiv50.1
MS-MOSSERI-IV-00050-00002,http://cudl.lib.cam.ac.uk/iiif/MS-MOSSERI-IV-00050-00002,mosseriiv50.2
MS-MOSSERI-IV-00051-00001,http://cudl.lib.cam.ac.uk/iiif/MS-MOSSERI-IV-00051-00001,mosseriiv51.1
MS-MOSSERI-IV-00051-00002,http://cudl.lib.cam.ac.uk/iiif/MS-MOSSERI-IV-00051-00002,mosseriiv51.2
MS-MOSSERI-IV-00051-00003,http://cudl.lib.cam.ac.uk/iiif/MS-MOSSERI-IV-00051-00003,mosseriiv51.3
MS-MOSSERI-IV-00052,http://cudl.lib.cam.ac.uk/iiif/MS-MOSSERI-IV-00052,mosseriiv52
MS-MOSSERI-IV-00053-00001,http://cudl.lib.cam.ac.uk/iiif/MS-MOSSERI-IV-00053-00001,mosseriiv53.1
MS-MOSSERI-IV-00053-00002,http://cudl.lib.cam.ac.uk/iiif/MS-MOSSERI-IV-00053-00002,mosseriiv53.2
MS-MOSSERI-IV-00053-00003,http://cudl.lib.cam.ac.uk/iiif/MS-MOSSERI-IV-00053-00003,mosseriiv53.3
MS-MOSSERI-IV-00054-00001,http://cudl.lib.cam.ac.uk/iiif/MS-MOSSERI-IV-00054-00001,mosseriiv54.1
MS-MOSSERI-IV-00054-00002,http://cudl.lib.cam.ac.uk/iiif/MS-MOSSERI-IV-00054-00002,mosseriiv54.2
MS-MOSSERI-IV-00055-00001,http://cudl.lib.cam.ac.uk/iiif/MS-MOSSERI-IV-00055-00001,mosseriiv55.1
MS-MOSSERI-IV-00055-00002,http://cudl.lib.cam.ac.uk/iiif/MS-MOSSERI-IV-00055-00002,mosseriiv55.2
MS-MOSSERI-IV-00055-00003,http://cudl.lib.cam.ac.uk/iiif/MS-MOSSERI-IV-00055-00003,mosseriiv55.3
MS-MOSSERI-IV-00056-00001,http://cudl.lib.cam.ac.uk/iiif/MS-MOSSERI-IV-00056-00001,mosseriiv56.1
MS-MOSSERI-IV-00056-00002,http://cudl.lib.cam.ac.uk/iiif/MS-MOSSERI-IV-00056-00002,mosseriiv56.2
MS-MOSSERI-IV-00057,http://cudl.lib.cam.ac.uk/iiif/MS-MOSSERI-IV-00057,mosseriiv57
MS-MOSSERI-IV-00058-00001,http://cudl.lib.cam.ac.uk/iiif/MS-MOSSERI-IV-00058-00001,mosseriiv58.1
MS-MOSSERI-IV-00058-00002,http://cudl.lib.cam.ac.uk/iiif/MS-MOSSERI-IV-00058-00002,mosseriiv58.2
MS-MOSSERI-IV-00058-00003,http://cudl.lib.cam.ac.uk/iiif/MS-MOSSERI-IV-00058-00003,mosseriiv58.3
MS-MOSSERI-IV-00058-00004,http://cudl.lib.cam.ac.uk/iiif/MS-MOSSERI-IV-00058-00004,mosseriiv58.4
MS-MOSSERI-IV-00059-00001,http://cudl.lib.cam.ac.uk/iiif/MS-MOSSERI-IV-00059-00001,mosseriiv59.1
MS-MOSSERI-IV-00059-00002,http://cudl.lib.cam.ac.uk/iiif/MS-MOSSERI-IV-00059-00002,mosseriiv59.2
MS-MOSSERI-IV-00059-00003,http://cudl.lib.cam.ac.uk/iiif/MS-MOSSERI-IV-00059-00003,mosseriiv59.3
MS-MOSSERI-IV-00059-00004,http://cudl.lib.cam.ac.uk/iiif/MS-MOSSERI-IV-00059-00004,mosseriiv59.4
MS-MOSSERI-IV-00060-00001,http://cudl.lib.cam.ac.uk/iiif/MS-MOSSERI-IV-00060-00001,mosseriiv60.1
MS-MOSSERI-IV-00060-00002,http://cudl.lib.cam.ac.uk/iiif/MS-MOSSERI-IV-00060-00002,mosseriiv60.2
MS-MOSSERI-IV-00060-00003,http://cudl.lib.cam.ac.uk/iiif/MS-MOSSERI-IV-00060-00003,mosseriiv60.3
MS-MOSSERI-IV-00060-00004,http://cudl.lib.cam.ac.uk/iiif/MS-MOSSERI-IV-00060-00004,mosseriiv60.4
MS-MOSSERI-IV-00061-00001,http://cudl.lib.cam.ac.uk/iiif/MS-MOSSERI-IV-00061-00001,mosseriiv61.1
MS-MOSSERI-IV-00061-00002,http://cudl.lib.cam.ac.uk/iiif/MS-MOSSERI-IV-00061-00002,mosseriiv61.2
MS-MOSSERI-IV-00061-00003,http://cudl.lib.cam.ac.uk/iiif/MS-MOSSERI-IV-00061-00003,mosseriiv61.3
MS-MOSSERI-IV-00061-00004,http://cudl.lib.cam.ac.uk/iiif/MS-MOSSERI-IV-00061-00004,mosseriiv61.4
MS-MOSSERI-IV-00061-00005,http://cudl.lib.cam.ac.uk/iiif/MS-MOSSERI-IV-00061-00005,mosseriiv61.5
MS-MOSSERI-IV-00062-00001,http://cudl.lib.cam.ac.uk/iiif/MS-MOSSERI-IV-00062-00001,mosseriiv62.1
MS-MOSSERI-IV-00062-00002,http://cudl.lib.cam.ac.uk/iiif/MS-MOSSERI-IV-00062-00002,mosseriiv62.2
MS-MOSSERI-IV-00062-00003,http://cudl.lib.cam.ac.uk/iiif/MS-MOSSERI-IV-00062-00003,mosseriiv62.3
MS-MOSSERI-IV-00063-00001,http://cudl.lib.cam.ac.uk/iiif/MS-MOSSERI-IV-00063-00001,mosseriiv63.1
MS-MOSSERI-IV-00063-00002,http://cudl.lib.cam.ac.uk/iiif/MS-MOSSERI-IV-00063-00002,mosseriiv63.2
MS-MOSSERI-IV-00063-00003,http://cudl.lib.cam.ac.uk/iiif/MS-MOSSERI-IV-00063-00003,mosseriiv63.3
MS-MOSSERI-IV-00064-00001,http://cudl.lib.cam.ac.uk/iiif/MS-MOSSERI-IV-00064-00001,mosseriiv64.1
MS-MOSSERI-IV-00064-00002,http://cudl.lib.cam.ac.uk/iiif/MS-MOSSERI-IV-00064-00002,mosseriiv64.2
MS-MOSSERI-IV-00064-00003,http://cudl.lib.cam.ac.uk/iiif/MS-MOSSERI-IV-00064-00003,mosseriiv64.3
MS-MOSSERI-IV-00065-00001,http://cudl.lib.cam.ac.uk/iiif/MS-MOSSERI-IV-00065-00001,mosseriiv65.1
MS-MOSSERI-IV-00065-00002,http://cudl.lib.cam.ac.uk/iiif/MS-MOSSERI-IV-00065-00002,mosseriiv65.2
MS-MOSSERI-IV-00065-00003,http://cudl.lib.cam.ac.uk/iiif/MS-MOSSERI-IV-00065-00003,mosseriiv65.3
MS-MOSSERI-IV-00066,http://cudl.lib.cam.ac.uk/iiif/MS-MOSSERI-IV-00066,mosseriiv66
MS-MOSSERI-IV-00067-00001,http://cudl.lib.cam.ac.uk/iiif/MS-MOSSERI-IV-00067-00001,mosseriiv67.1
MS-MOSSERI-IV-00067-00002,http://cudl.lib.cam.ac.uk/iiif/MS-MOSSERI-IV-00067-00002,mosseriiv67.2
MS-MOSSERI-IV-00067-00003,http://cudl.lib.cam.ac.uk/iiif/MS-MOSSERI-IV-00067-00003,mosseriiv67.3
MS-MOSSERI-IV-00068-00001,http://cudl.lib.cam.ac.uk/iiif/MS-MOSSERI-IV-00068-00001,mosseriiv68.1
MS-MOSSERI-IV-00068-00002,http://cudl.lib.cam.ac.uk/iiif/MS-MOSSERI-IV-00068-00002,mosseriiv68.2
MS-MOSSERI-IV-00069-00001,http://cudl.lib.cam.ac.uk/iiif/MS-MOSSERI-IV-00069-00001,mosseriiv69.1
MS-MOSSERI-IV-00069-00002,http://cudl.lib.cam.ac.uk/iiif/MS-MOSSERI-IV-00069-00002,mosseriiv69.2
MS-MOSSERI-IV-00069-00003,http://cudl.lib.cam.ac.uk/iiif/MS-MOSSERI-IV-00069-00003,mosseriiv69.3
MS-MOSSERI-IV-00069-00004,http://cudl.lib.cam.ac.uk/iiif/MS-MOSSERI-IV-00069-00004,mosseriiv69.4
MS-MOSSERI-IV-00070-00001,http://cudl.lib.cam.ac.uk/iiif/MS-MOSSERI-IV-00070-00001,mosseriiv70.1
MS-MOSSERI-IV-00070-00002-00001,http://cudl.lib.cam.ac.uk/iiif/MS-MOSSERI-IV-00070-00002-00001,mosseriiv70.21
MS-MOSSERI-IV-00070-00002-00002,http://cudl.lib.cam.ac.uk/iiif/MS-MOSSERI-IV-00070-00002-00002,mosseriiv70.22
MS-MOSSERI-IV-00071-00001,http://cudl.lib.cam.ac.uk/iiif/MS-MOSSERI-IV-00071-00001,mosseriiv71.1
MS-MOSSERI-IV-00071-00002,http://cudl.lib.cam.ac.uk/iiif/MS-MOSSERI-IV-00071-00002,mosseriiv71.2
MS-MOSSERI-IV-00072-00001,http://cudl.lib.cam.ac.uk/iiif/MS-MOSSERI-IV-00072-00001,mosseriiv72.1
MS-MOSSERI-IV-00072-00002,http://cudl.lib.cam.ac.uk/iiif/MS-MOSSERI-IV-00072-00002,mosseriiv72.2
MS-MOSSERI-IV-00072-00003,http://cudl.lib.cam.ac.uk/iiif/MS-MOSSERI-IV-00072-00003,mosseriiv72.3
MS-MOSSERI-IV-00072-00004,http://cudl.lib.cam.ac.uk/iiif/MS-MOSSERI-IV-00072-00004,mosseriiv72.4
MS-MOSSERI-IV-00073,http://cudl.lib.cam.ac.uk/iiif/MS-MOSSERI-IV-00073,mosseriiv73
MS-MOSSERI-IV-00074-00001,http://cudl.lib.cam.ac.uk/iiif/MS-MOSSERI-IV-00074-00001,mosseriiv74.1
MS-MOSSERI-IV-00074-00002,http://cudl.lib.cam.ac.uk/iiif/MS-MOSSERI-IV-00074-00002,mosseriiv74.2
MS-MOSSERI-IV-00075-00001,http://cudl.lib.cam.ac.uk/iiif/MS-MOSSERI-IV-00075-00001,mosseriiv75.1
MS-MOSSERI-IV-00075-00002,http://cudl.lib.cam.ac.uk/iiif/MS-MOSSERI-IV-00075-00002,mosseriiv75.2
MS-MOSSERI-IV-00075-00003,http://cudl.lib.cam.ac.uk/iiif/MS-MOSSERI-IV-00075-00003,mosseriiv75.3
MS-MOSSERI-IV-00076-00001,http://cudl.lib.cam.ac.uk/iiif/MS-MOSSERI-IV-00076-00001,mosseriiv76.1
MS-MOSSERI-IV-00076-00002,http://cudl.lib.cam.ac.uk/iiif/MS-MOSSERI-IV-00076-00002,mosseriiv76.2
MS-MOSSERI-IV-00076-00003,http://cudl.lib.cam.ac.uk/iiif/MS-MOSSERI-IV-00076-00003,mosseriiv76.3
MS-MOSSERI-IV-00077,http://cudl.lib.cam.ac.uk/iiif/MS-MOSSERI-IV-00077,mosseriiv77
MS-MOSSERI-IV-00078-00001,http://cudl.lib.cam.ac.uk/iiif/MS-MOSSERI-IV-00078-00001,mosseriiv78.1
MS-MOSSERI-IV-00078-00002,http://cudl.lib.cam.ac.uk/iiif/MS-MOSSERI-IV-00078-00002,mosseriiv78.2
MS-MOSSERI-IV-00079,http://cudl.lib.cam.ac.uk/iiif/MS-MOSSERI-IV-00079,mosseriiv79
MS-MOSSERI-IV-00080,http://cudl.lib.cam.ac.uk/iiif/MS-MOSSERI-IV-00080,mosseriiv80
MS-MOSSERI-IV-00081,http://cudl.lib.cam.ac.uk/iiif/MS-MOSSERI-IV-00081,mosseriiv81
MS-MOSSERI-IV-00082,http://cudl.lib.cam.ac.uk/iiif/MS-MOSSERI-IV-00082,mosseriiv82
MS-MOSSERI-IV-00083-00001,http://cudl.lib.cam.ac.uk/iiif/MS-MOSSERI-IV-00083-00001,mosseriiv83.1
MS-MOSSERI-IV-00083-00002,http://cudl.lib.cam.ac.uk/iiif/MS-MOSSERI-IV-00083-00002,mosseriiv83.2
MS-MOSSERI-IV-00084-00001,http://cudl.lib.cam.ac.uk/iiif/MS-MOSSERI-IV-00084-00001,mosseriiv84.1
MS-MOSSERI-IV-00084-00002,http://cudl.lib.cam.ac.uk/iiif/MS-MOSSERI-IV-00084-00002,mosseriiv84.2
MS-MOSSERI-IV-00084-00003,http://cudl.lib.cam.ac.uk/iiif/MS-MOSSERI-IV-00084-00003,mosseriiv84.3
MS-MOSSERI-IV-00084-00004,http://cudl.lib.cam.ac.uk/iiif/MS-MOSSERI-IV-00084-00004,mosseriiv84.4
MS-MOSSERI-IV-00085,http://cudl.lib.cam.ac.uk/iiif/MS-MOSSERI-IV-00085,mosseriiv85
MS-MOSSERI-IV-00086-00001,http://cudl.lib.cam.ac.uk/iiif/MS-MOSSERI-IV-00086-00001,mosseriiv86.1
MS-MOSSERI-IV-00086-00002,http://cudl.lib.cam.ac.uk/iiif/MS-MOSSERI-IV-00086-00002,mosseriiv86.2
MS-MOSSERI-IV-00087-00001,http://cudl.lib.cam.ac.uk/iiif/MS-MOSSERI-IV-00087-00001,mosseriiv87.1
MS-MOSSERI-IV-00087-00002,http://cudl.lib.cam.ac.uk/iiif/MS-MOSSERI-IV-00087-00002,mosseriiv87.2
MS-MOSSERI-IV-00088,http://cudl.lib.cam.ac.uk/iiif/MS-MOSSERI-IV-00088,mosseriiv88
MS-MOSSERI-IV-00089,http://cudl.lib.cam.ac.uk/iiif/MS-MOSSERI-IV-00089,mosseriiv89
MS-MOSSERI-IV-00090-00001,http://cudl.lib.cam.ac.uk/iiif/MS-MOSSERI-IV-00090-00001,mosseriiv90.1
MS-MOSSERI-IV-00091-00001,http://cudl.lib.cam.ac.uk/iiif/MS-MOSSERI-IV-00091-00001,mosseriiv91.1
MS-MOSSERI-IV-00091-00002,http://cudl.lib.cam.ac.uk/iiif/MS-MOSSERI-IV-00091-00002,mosseriiv91.2
MS-MOSSERI-IV-00092,http://cudl.lib.cam.ac.uk/iiif/MS-MOSSERI-IV-00092,mosseriiv92
MS-MOSSERI-IV-00093,http://cudl.lib.cam.ac.uk/iiif/MS-MOSSERI-IV-00093,mosseriiv93
MS-MOSSERI-IV-00094-00003,http://cudl.lib.cam.ac.uk/iiif/MS-MOSSERI-IV-00094-00003,mosseriiv94.3
MS-MOSSERI-IV-00094-00004,http://cudl.lib.cam.ac.uk/iiif/MS-MOSSERI-IV-00094-00004,mosseriiv94.4
MS-MOSSERI-IV-00095,http://cudl.lib.cam.ac.uk/iiif/MS-MOSSERI-IV-00095,mosseriiv95
MS-MOSSERI-IV-00096-00001,http://cudl.lib.cam.ac.uk/iiif/MS-MOSSERI-IV-00096-00001,mosseriiv96.1
MS-MOSSERI-IV-00096-00002,http://cudl.lib.cam.ac.uk/iiif/MS-MOSSERI-IV-00096-00002,mosseriiv96.2
MS-MOSSERI-IV-00097-00001,http://cudl.lib.cam.ac.uk/iiif/MS-MOSSERI-IV-00097-00001,mosseriiv97.1
MS-MOSSERI-IV-00097-00002,http://cudl.lib.cam.ac.uk/iiif/MS-MOSSERI-IV-00097-00002,mosseriiv97.2
MS-MOSSERI-IV-00098,http://cudl.lib.cam.ac.uk/iiif/MS-MOSSERI-IV-00098,mosseriiv98
MS-MOSSERI-IV-00099-00001,http://cudl.lib.cam.ac.uk/iiif/MS-MOSSERI-IV-00099-00001,mosseriiv99.1
MS-MOSSERI-IV-00099-00002,http://cudl.lib.cam.ac.uk/iiif/MS-MOSSERI-IV-00099-00002,mosseriiv99.2
MS-MOSSERI-IV-00100-00001,http://cudl.lib.cam.ac.uk/iiif/MS-MOSSERI-IV-00100-00001,mosseriiv100.1
MS-MOSSERI-IV-00100-00002,http://cudl.lib.cam.ac.uk/iiif/MS-MOSSERI-IV-00100-00002,mosseriiv100.2
MS-MOSSERI-IV-00100-00003,http://cudl.lib.cam.ac.uk/iiif/MS-MOSSERI-IV-00100-00003,mosseriiv100.3
MS-MOSSERI-IV-00101-00001,http://cudl.lib.cam.ac.uk/iiif/MS-MOSSERI-IV-00101-00001,mosseriiv101.1
MS-MOSSERI-IV-00101-00002,http://cudl.lib.cam.ac.uk/iiif/MS-MOSSERI-IV-00101-00002,mosseriiv101.2
MS-MOSSERI-IV-00102,http://cudl.lib.cam.ac.uk/iiif/MS-MOSSERI-IV-00102,mosseriiv102
MS-MOSSERI-IV-00103,http://cudl.lib.cam.ac.uk/iiif/MS-MOSSERI-IV-00103,mosseriiv103
MS-MOSSERI-IV-00104-00001-A,http://cudl.lib.cam.ac.uk/iiif/MS-MOSSERI-IV-00104-00001-A,mosseriiv104.1a
MS-MOSSERI-IV-00104-00001-B,http://cudl.lib.cam.ac.uk/iiif/MS-MOSSERI-IV-00104-00001-B,mosseriiv104.1b
MS-MOSSERI-IV-00104-00002-00001,http://cudl.lib.cam.ac.uk/iiif/MS-MOSSERI-IV-00104-00002-00001,mosseriiv104.21
MS-MOSSERI-IV-00104-00002-00002,http://cudl.lib.cam.ac.uk/iiif/MS-MOSSERI-IV-00104-00002-00002,mosseriiv104.22
MS-MOSSERI-IV-00105,http://cudl.lib.cam.ac.uk/iiif/MS-MOSSERI-IV-00105,mosseriiv105
MS-MOSSERI-IV-00106-00001,http://cudl.lib.cam.ac.uk/iiif/MS-MOSSERI-IV-00106-00001,mosseriiv106.1
MS-MOSSERI-IV-00106-00002,http://cudl.lib.cam.ac.uk/iiif/MS-MOSSERI-IV-00106-00002,mosseriiv106.2
MS-MOSSERI-IV-00106-00003,http://cudl.lib.cam.ac.uk/iiif/MS-MOSSERI-IV-00106-00003,mosseriiv106.3
MS-MOSSERI-IV-00107-00001,http://cudl.lib.cam.ac.uk/iiif/MS-MOSSERI-IV-00107-00001,mosseriiv107.1
MS-MOSSERI-IV-00107-00002,http://cudl.lib.cam.ac.uk/iiif/MS-MOSSERI-IV-00107-00002,mosseriiv107.2
MS-MOSSERI-IV-00108-00001,http://cudl.lib.cam.ac.uk/iiif/MS-MOSSERI-IV-00108-00001,mosseriiv108.1
MS-MOSSERI-IV-00108-00002,http://cudl.lib.cam.ac.uk/iiif/MS-MOSSERI-IV-00108-00002,mosseriiv108.2
MS-MOSSERI-IV-00109,http://cudl.lib.cam.ac.uk/iiif/MS-MOSSERI-IV-00109,mosseriiv109
MS-MOSSERI-IV-00110,http://cudl.lib.cam.ac.uk/iiif/MS-MOSSERI-IV-00110,mosseriiv110
MS-MOSSERI-IV-00111-00001,http://cudl.lib.cam.ac.uk/iiif/MS-MOSSERI-IV-00111-00001,mosseriiv111.1
MS-MOSSERI-IV-00111-00002,http://cudl.lib.cam.ac.uk/iiif/MS-MOSSERI-IV-00111-00002,mosseriiv111.2
MS-MOSSERI-IV-00112-00001,http://cudl.lib.cam.ac.uk/iiif/MS-MOSSERI-IV-00112-00001,mosseriiv112.1
MS-MOSSERI-IV-00112-00002,http://cudl.lib.cam.ac.uk/iiif/MS-MOSSERI-IV-00112-00002,mosseriiv112.2
MS-MOSSERI-IV-00113,http://cudl.lib.cam.ac.uk/iiif/MS-MOSSERI-IV-00113,mosseriiv113
MS-MOSSERI-IV-00114,http://cudl.lib.cam.ac.uk/iiif/MS-MOSSERI-IV-00114,mosseriiv114
MS-MOSSERI-IV-00115-00001,http://cudl.lib.cam.ac.uk/iiif/MS-MOSSERI-IV-00115-00001,mosseriiv115.1
MS-MOSSERI-IV-00115-00002,http://cudl.lib.cam.ac.uk/iiif/MS-MOSSERI-IV-00115-00002,mosseriiv115.2
MS-MOSSERI-IV-00115-00003,http://cudl.lib.cam.ac.uk/iiif/MS-MOSSERI-IV-00115-00003,mosseriiv115.3
MS-MOSSERI-IV-00116-00001,http://cudl.lib.cam.ac.uk/iiif/MS-MOSSERI-IV-00116-00001,mosseriiv116.1
MS-MOSSERI-IV-00116-00002,http://cudl.lib.cam.ac.uk/iiif/MS-MOSSERI-IV-00116-00002,mosseriiv116.2
MS-MOSSERI-IV-00117-00001,http://cudl.lib.cam.ac.uk/iiif/MS-MOSSERI-IV-00117-00001,mosseriiv117.1
MS-MOSSERI-IV-00117-00002,http://cudl.lib.cam.ac.uk/iiif/MS-MOSSERI-IV-00117-00002,mosseriiv117.2
MS-MOSSERI-IV-00118,http://cudl.lib.cam.ac.uk/iiif/MS-MOSSERI-IV-00118,mosseriiv118
MS-MOSSERI-IV-00119-00001,http://cudl.lib.cam.ac.uk/iiif/MS-MOSSERI-IV-00119-00001,mosseriiv119.1
MS-MOSSERI-IV-00119-00002,http://cudl.lib.cam.ac.uk/iiif/MS-MOSSERI-IV-00119-00002,mosseriiv119.2
MS-MOSSERI-IV-00120-00001,http://cudl.lib.cam.ac.uk/iiif/MS-MOSSERI-IV-00120-00001,mosseriiv120.1
MS-MOSSERI-IV-00120-00002,http://cudl.lib.cam.ac.uk/iiif/MS-MOSSERI-IV-00120-00002,mosseriiv120.2
MS-MOSSERI-IV-00121-00001,http://cudl.lib.cam.ac.uk/iiif/MS-MOSSERI-IV-00121-00001,mosseriiv121.1
MS-MOSSERI-IV-00121-00002,http://cudl.lib.cam.ac.uk/iiif/MS-MOSSERI-IV-00121-00002,mosseriiv121.2
MS-MOSSERI-IV-00122,http://cudl.lib.cam.ac.uk/iiif/MS-MOSSERI-IV-00122,mosseriiv122
MS-MOSSERI-IV-00123-00001,http://cudl.lib.cam.ac.uk/iiif/MS-MOSSERI-IV-00123-00001,mosseriiv123.1
MS-MOSSERI-IV-00123-00002,http://cudl.lib.cam.ac.uk/iiif/MS-MOSSERI-IV-00123-00002,mosseriiv123.2
MS-MOSSERI-IV-00123-00003,http://cudl.lib.cam.ac.uk/iiif/MS-MOSSERI-IV-00123-00003,mosseriiv123.3
MS-MOSSERI-IV-00124-00001,http://cudl.lib.cam.ac.uk/iiif/MS-MOSSERI-IV-00124-00001,mosseriiv124.1
MS-MOSSERI-IV-00124-00002,http://cudl.lib.cam.ac.uk/iiif/MS-MOSSERI-IV-00124-00002,mosseriiv124.2
MS-MOSSERI-IV-00125,http://cudl.lib.cam.ac.uk/iiif/MS-MOSSERI-IV-00125,mosseriiv125
MS-MOSSERI-IV-00126-00001,http://cudl.lib.cam.ac.uk/iiif/MS-MOSSERI-IV-00126-00001,mosseriiv126.1
MS-MOSSERI-IV-00126-00002,http://cudl.lib.cam.ac.uk/iiif/MS-MOSSERI-IV-00126-00002,mosseriiv126.2
MS-MOSSERI-IV-00127-00001,http://cudl.lib.cam.ac.uk/iiif/MS-MOSSERI-IV-00127-00001,mosseriiv127.1
MS-MOSSERI-IV-00127-00002,http://cudl.lib.cam.ac.uk/iiif/MS-MOSSERI-IV-00127-00002,mosseriiv127.2
MS-MOSSERI-IV-00128-A,http://cudl.lib.cam.ac.uk/iiif/MS-MOSSERI-IV-00128-A,mosseriiv128a
MS-MOSSERI-IV-00128-B,http://cudl.lib.cam.ac.uk/iiif/MS-MOSSERI-IV-00128-B,mosseriiv128b
MS-MOSSERI-IV-00129-00001,http://cudl.lib.cam.ac.uk/iiif/MS-MOSSERI-IV-00129-00001,mosseriiv129.1
MS-MOSSERI-IV-00129-00002,http://cudl.lib.cam.ac.uk/iiif/MS-MOSSERI-IV-00129-00002,mosseriiv129.2
MS-MOSSERI-IV-00130-00001,http://cudl.lib.cam.ac.uk/iiif/MS-MOSSERI-IV-00130-00001,mosseriiv130.1
MS-MOSSERI-IV-00130-00002,http://cudl.lib.cam.ac.uk/iiif/MS-MOSSERI-IV-00130-00002,mosseriiv130.2
MS-MOSSERI-IV-00131,http://cudl.lib.cam.ac.uk/iiif/MS-MOSSERI-IV-00131,mosseriiv131
MS-MOSSERI-IV-00132,http://cudl.lib.cam.ac.uk/iiif/MS-MOSSERI-IV-00132,mosseriiv132
MS-MOSSERI-IV-00133,http://cudl.lib.cam.ac.uk/iiif/MS-MOSSERI-IV-00133,mosseriiv133
MS-MOSSERI-IV-00134,http://cudl.lib.cam.ac.uk/iiif/MS-MOSSERI-IV-00134,mosseriiv134
MS-MOSSERI-IV-00135,http://cudl.lib.cam.ac.uk/iiif/MS-MOSSERI-IV-00135,mosseriiv135
MS-MOSSERI-IV-00136-00001,http://cudl.lib.cam.ac.uk/iiif/MS-MOSSERI-IV-00136-00001,mosseriiv136.1
MS-MOSSERI-IV-00136-00002,http://cudl.lib.cam.ac.uk/iiif/MS-MOSSERI-IV-00136-00002,mosseriiv136.2
MS-MOSSERI-IV-00136-00003,http://cudl.lib.cam.ac.uk/iiif/MS-MOSSERI-IV-00136-00003,mosseriiv136.3
MS-MOSSERI-IV-00137,http://cudl.lib.cam.ac.uk/iiif/MS-MOSSERI-IV-00137,mosseriiv137
MS-MOSSERI-IV-00138,http://cudl.lib.cam.ac.uk/iiif/MS-MOSSERI-IV-00138,mosseriiv138
MS-MOSSERI-IV-00139-00001,http://cudl.lib.cam.ac.uk/iiif/MS-MOSSERI-IV-00139-00001,mosseriiv139.1
MS-MOSSERI-IV-00139-00002,http://cudl.lib.cam.ac.uk/iiif/MS-MOSSERI-IV-00139-00002,mosseriiv139.2
MS-MOSSERI-IV-00140-00001,http://cudl.lib.cam.ac.uk/iiif/MS-MOSSERI-IV-00140-00001,mosseriiv140.1
MS-MOSSERI-IV-00140-00002,http://cudl.lib.cam.ac.uk/iiif/MS-MOSSERI-IV-00140-00002,mosseriiv140.2
MS-MOSSERI-IV-00141-00001,http://cudl.lib.cam.ac.uk/iiif/MS-MOSSERI-IV-00141-00001,mosseriiv141.1
MS-MOSSERI-IV-00141-00002,http://cudl.lib.cam.ac.uk/iiif/MS-MOSSERI-IV-00141-00002,mosseriiv141.2
MS-MOSSERI-IV-00142-00001-00001,http://cudl.lib.cam.ac.uk/iiif/MS-MOSSERI-IV-00142-00001-00001,mosseriiv142.11
MS-MOSSERI-IV-00142-00001-00002,http://cudl.lib.cam.ac.uk/iiif/MS-MOSSERI-IV-00142-00001-00002,mosseriiv142.12
MS-MOSSERI-IV-00142-00002,http://cudl.lib.cam.ac.uk/iiif/MS-MOSSERI-IV-00142-00002,mosseriiv142.2
MS-MOSSERI-IV-00143,http://cudl.lib.cam.ac.uk/iiif/MS-MOSSERI-IV-00143,mosseriiv143
MS-MOSSERI-IV-00144-00001,http://cudl.lib.cam.ac.uk/iiif/MS-MOSSERI-IV-00144-00001,mosseriiv144.1
MS-MOSSERI-IV-00144-00002,http://cudl.lib.cam.ac.uk/iiif/MS-MOSSERI-IV-00144-00002,mosseriiv144.2
MS-MOSSERI-IV-00144-00003,http://cudl.lib.cam.ac.uk/iiif/MS-MOSSERI-IV-00144-00003,mosseriiv144.3
MS-MOSSERI-IV-00145-00001,http://cudl.lib.cam.ac.uk/iiif/MS-MOSSERI-IV-00145-00001,mosseriiv145.1
MS-MOSSERI-IV-00145-00002,http://cudl.lib.cam.ac.uk/iiif/MS-MOSSERI-IV-00145-00002,mosseriiv145.2
MS-MOSSERI-IV-00146-00001,http://cudl.lib.cam.ac.uk/iiif/MS-MOSSERI-IV-00146-00001,mosseriiv146.1
MS-MOSSERI-IV-00146-00002,http://cudl.lib.cam.ac.uk/iiif/MS-MOSSERI-IV-00146-00002,mosseriiv146.2
MS-MOSSERI-IV-00147-00001,http://cudl.lib.cam.ac.uk/iiif/MS-MOSSERI-IV-00147-00001,mosseriiv147.1
MS-MOSSERI-IV-00147-00002,http://cudl.lib.cam.ac.uk/iiif/MS-MOSSERI-IV-00147-00002,mosseriiv147.2
MS-MOSSERI-IV-00147-00003,http://cudl.lib.cam.ac.uk/iiif/MS-MOSSERI-IV-00147-00003,mosseriiv147.3
MS-MOSSERI-IV-00148-00001,http://cudl.lib.cam.ac.uk/iiif/MS-MOSSERI-IV-00148-00001,mosseriiv148.1
MS-MOSSERI-IV-00148-00002,http://cudl.lib.cam.ac.uk/iiif/MS-MOSSERI-IV-00148-00002,mosseriiv148.2
MS-MOSSERI-IV-00148-00003,http://cudl.lib.cam.ac.uk/iiif/MS-MOSSERI-IV-00148-00003,mosseriiv148.3
MS-MOSSERI-IV-00148-00004,http://cudl.lib.cam.ac.uk/iiif/MS-MOSSERI-IV-00148-00004,mosseriiv148.4
MS-MOSSERI-IV-00149-00001,http://cudl.lib.cam.ac.uk/iiif/MS-MOSSERI-IV-00149-00001,mosseriiv149.1
MS-MOSSERI-IV-00149-00002,http://cudl.lib.cam.ac.uk/iiif/MS-MOSSERI-IV-00149-00002,mosseriiv149.2
MS-MOSSERI-IV-00149-00003,http://cudl.lib.cam.ac.uk/iiif/MS-MOSSERI-IV-00149-00003,mosseriiv149.3
MS-MOSSERI-IV-00149-00004,http://cudl.lib.cam.ac.uk/iiif/MS-MOSSERI-IV-00149-00004,mosseriiv149.4
MS-MOSSERI-IV-00150-00001,http://cudl.lib.cam.ac.uk/iiif/MS-MOSSERI-IV-00150-00001,mosseriiv150.1
MS-MOSSERI-IV-00150-00002,http://cudl.lib.cam.ac.uk/iiif/MS-MOSSERI-IV-00150-00002,mosseriiv150.2
MS-MOSSERI-IV-00150-00003,http://cudl.lib.cam.ac.uk/iiif/MS-MOSSERI-IV-00150-00003,mosseriiv150.3
MS-MOSSERI-IV-00151-00001,http://cudl.lib.cam.ac.uk/iiif/MS-MOSSERI-IV-00151-00001,mosseriiv151.1
MS-MOSSERI-IV-00151-00002,http://cudl.lib.cam.ac.uk/iiif/MS-MOSSERI-IV-00151-00002,mosseriiv151.2
MS-MOSSERI-IV-00151-00003,http://cudl.lib.cam.ac.uk/iiif/MS-MOSSERI-IV-00151-00003,mosseriiv151.3
MS-MOSSERI-IV-00151-00004,http://cudl.lib.cam.ac.uk/iiif/MS-MOSSERI-IV-00151-00004,mosseriiv151.4
MS-MOSSERI-IV-00152,http://cudl.lib.cam.ac.uk/iiif/MS-MOSSERI-IV-00152,mosseriiv152
MS-MOSSERI-IV-00153-00001,http://cudl.lib.cam.ac.uk/iiif/MS-MOSSERI-IV-00153-00001,mosseriiv153.1
MS-MOSSERI-IV-00153-00002,http://cudl.lib.cam.ac.uk/iiif/MS-MOSSERI-IV-00153-00002,mosseriiv153.2
MS-MOSSERI-IV-00153-00003,http://cudl.lib.cam.ac.uk/iiif/MS-MOSSERI-IV-00153-00003,mosseriiv153.3
MS-MOSSERI-IV-00153-00004,http://cudl.lib.cam.ac.uk/iiif/MS-MOSSERI-IV-00153-00004,mosseriiv153.4
MS-MOSSERI-IV-00154-00001,http://cudl.lib.cam.ac.uk/iiif/MS-MOSSERI-IV-00154-00001,mosseriiv154.1
MS-MOSSERI-IV-00154-00002,http://cudl.lib.cam.ac.uk/iiif/MS-MOSSERI-IV-00154-00002,mosseriiv154.2
MS-MOSSERI-IV-00155-00001,http://cudl.lib.cam.ac.uk/iiif/MS-MOSSERI-IV-00155-00001,mosseriiv155.1
MS-MOSSERI-IV-00155-00002,http://cudl.lib.cam.ac.uk/iiif/MS-MOSSERI-IV-00155-00002,mosseriiv155.2
MS-MOSSERI-IV-00156-00001,http://cudl.lib.cam.ac.uk/iiif/MS-MOSSERI-IV-00156-00001,mosseriiv156.1
MS-MOSSERI-IV-00156-00002,http://cudl.lib.cam.ac.uk/iiif/MS-MOSSERI-IV-00156-00002,mosseriiv156.2
MS-MOSSERI-IV-00157,http://cudl.lib.cam.ac.uk/iiif/MS-MOSSERI-IV-00157,mosseriiv157
MS-MOSSERI-IV-00158-00001,http://cudl.lib.cam.ac.uk/iiif/MS-MOSSERI-IV-00158-00001,mosseriiv158.1
MS-MOSSERI-IV-00158-00002,http://cudl.lib.cam.ac.uk/iiif/MS-MOSSERI-IV-00158-00002,mosseriiv158.2
MS-MOSSERI-IV-00159-00001,http://cudl.lib.cam.ac.uk/iiif/MS-MOSSERI-IV-00159-00001,mosseriiv159.1
MS-MOSSERI-IV-00159-00002,http://cudl.lib.cam.ac.uk/iiif/MS-MOSSERI-IV-00159-00002,mosseriiv159.2
MS-MOSSERI-IV-00160,http://cudl.lib.cam.ac.uk/iiif/MS-MOSSERI-IV-00160,mosseriiv160
MS-MOSSERI-IV-00161-00001,http://cudl.lib.cam.ac.uk/iiif/MS-MOSSERI-IV-00161-00001,mosseriiv161.1
MS-MOSSERI-IV-00161-00002,http://cudl.lib.cam.ac.uk/iiif/MS-MOSSERI-IV-00161-00002,mosseriiv161.2
MS-MOSSERI-IV-00162,http://cudl.lib.cam.ac.uk/iiif/MS-MOSSERI-IV-00162,mosseriiv162
MS-MOSSERI-IV-00163-00001,http://cudl.lib.cam.ac.uk/iiif/MS-MOSSERI-IV-00163-00001,mosseriiv163.1
MS-MOSSERI-IV-00163-00002,http://cudl.lib.cam.ac.uk/iiif/MS-MOSSERI-IV-00163-00002,mosseriiv163.2
MS-MOSSERI-IV-00164-00001,http://cudl.lib.cam.ac.uk/iiif/MS-MOSSERI-IV-00164-00001,mosseriiv164.1
MS-MOSSERI-IV-00164-00002,http://cudl.lib.cam.ac.uk/iiif/MS-MOSSERI-IV-00164-00002,mosseriiv164.2
MS-MOSSERI-IV-00165-00001,http://cudl.lib.cam.ac.uk/iiif/MS-MOSSERI-IV-00165-00001,mosseriiv165.1
MS-MOSSERI-IV-00165-00002,http://cudl.lib.cam.ac.uk/iiif/MS-MOSSERI-IV-00165-00002,mosseriiv165.2
MS-MOSSERI-IV-00166-00001,http://cudl.lib.cam.ac.uk/iiif/MS-MOSSERI-IV-00166-00001,mosseriiv166.1
MS-MOSSERI-IV-00166-00002,http://cudl.lib.cam.ac.uk/iiif/MS-MOSSERI-IV-00166-00002,mosseriiv166.2
MS-MOSSERI-IV-00167,http://cudl.lib.cam.ac.uk/iiif/MS-MOSSERI-IV-00167,mosseriiv167
MS-MOSSERI-IV-00168,http://cudl.lib.cam.ac.uk/iiif/MS-MOSSERI-IV-00168,mosseriiv168
MS-MOSSERI-IV-00169-00001,http://cudl.lib.cam.ac.uk/iiif/MS-MOSSERI-IV-00169-00001,mosseriiv169.1
MS-MOSSERI-IV-00169-00002,http://cudl.lib.cam.ac.uk/iiif/MS-MOSSERI-IV-00169-00002,mosseriiv169.2
MS-MOSSERI-IV-00170,http://cudl.lib.cam.ac.uk/iiif/MS-MOSSERI-IV-00170,mosseriiv170
MS-MOSSERI-IV-00171-00001,http://cudl.lib.cam.ac.uk/iiif/MS-MOSSERI-IV-00171-00001,mosseriiv171.1
MS-MOSSERI-IV-00171-00002,http://cudl.lib.cam.ac.uk/iiif/MS-MOSSERI-IV-00171-00002,mosseriiv171.2
MS-MOSSERI-IV-00171-00003,http://cudl.lib.cam.ac.uk/iiif/MS-MOSSERI-IV-00171-00003,mosseriiv171.3
MS-MOSSERI-IV-00172-00001,http://cudl.lib.cam.ac.uk/iiif/MS-MOSSERI-IV-00172-00001,mosseriiv172.1
MS-MOSSERI-IV-00172-00002,http://cudl.lib.cam.ac.uk/iiif/MS-MOSSERI-IV-00172-00002,mosseriiv172.2
MS-MOSSERI-IV-00172-00003,http://cudl.lib.cam.ac.uk/iiif/MS-MOSSERI-IV-00172-00003,mosseriiv172.3
MS-MOSSERI-IV-00173-00001,http://cudl.lib.cam.ac.uk/iiif/MS-MOSSERI-IV-00173-00001,mosseriiv173.1
MS-MOSSERI-IV-00173-00002,http://cudl.lib.cam.ac.uk/iiif/MS-MOSSERI-IV-00173-00002,mosseriiv173.2
MS-MOSSERI-IV-00174-00001,http://cudl.lib.cam.ac.uk/iiif/MS-MOSSERI-IV-00174-00001,mosseriiv174.1
MS-MOSSERI-IV-00174-00002,http://cudl.lib.cam.ac.uk/iiif/MS-MOSSERI-IV-00174-00002,mosseriiv174.2
MS-MOSSERI-IV-00174-00003,http://cudl.lib.cam.ac.uk/iiif/MS-MOSSERI-IV-00174-00003,mosseriiv174.3
MS-MOSSERI-IV-00175-00001,http://cudl.lib.cam.ac.uk/iiif/MS-MOSSERI-IV-00175-00001,mosseriiv175.1
MS-MOSSERI-IV-00175-00002,http://cudl.lib.cam.ac.uk/iiif/MS-MOSSERI-IV-00175-00002,mosseriiv175.2
MS-MOSSERI-IV-00175-00003,http://cudl.lib.cam.ac.uk/iiif/MS-MOSSERI-IV-00175-00003,mosseriiv175.3
MS-MOSSERI-IV-00176,http://cudl.lib.cam.ac.uk/iiif/MS-MOSSERI-IV-00176,mosseriiv176
MS-MOSSERI-IV-00177-00001,http://cudl.lib.cam.ac.uk/iiif/MS-MOSSERI-IV-00177-00001,mosseriiv177.1
MS-MOSSERI-IV-00177-00002,http://cudl.lib.cam.ac.uk/iiif/MS-MOSSERI-IV-00177-00002,mosseriiv177.2
MS-MOSSERI-IV-00178,http://cudl.lib.cam.ac.uk/iiif/MS-MOSSERI-IV-00178,mosseriiv178
MS-MOSSERI-IV-00179-00001,http://cudl.lib.cam.ac.uk/iiif/MS-MOSSERI-IV-00179-00001,mosseriiv179.1
MS-MOSSERI-IV-00179-00002,http://cudl.lib.cam.ac.uk/iiif/MS-MOSSERI-IV-00179-00002,mosseriiv179.2
MS-MOSSERI-IV-00180-00001,http://cudl.lib.cam.ac.uk/iiif/MS-MOSSERI-IV-00180-00001,mosseriiv180.1
MS-MOSSERI-IV-00180-00002,http://cudl.lib.cam.ac.uk/iiif/MS-MOSSERI-IV-00180-00002,mosseriiv180.2
MS-MOSSERI-IV-00181-00001,http://cudl.lib.cam.ac.uk/iiif/MS-MOSSERI-IV-00181-00001,mosseriiv181.1
MS-MOSSERI-IV-00181-00002,http://cudl.lib.cam.ac.uk/iiif/MS-MOSSERI-IV-00181-00002,mosseriiv181.2
MS-MOSSERI-IV-00182-00001-A,http://cudl.lib.cam.ac.uk/iiif/MS-MOSSERI-IV-00182-00001-A,mosseriiv182.1a
MS-MOSSERI-IV-00182-00001-B,http://cudl.lib.cam.ac.uk/iiif/MS-MOSSERI-IV-00182-00001-B,mosseriiv182.1b
MS-MOSSERI-IV-00182-00002,http://cudl.lib.cam.ac.uk/iiif/MS-MOSSERI-IV-00182-00002,mosseriiv182.2
MS-MOSSERI-IV-00183-A,http://cudl.lib.cam.ac.uk/iiif/MS-MOSSERI-IV-00183-A,mosseriiv183a
MS-MOSSERI-IV-00183-B,http://cudl.lib.cam.ac.uk/iiif/MS-MOSSERI-IV-00183-B,mosseriiv183b
MS-MOSSERI-IV-00183-C,http://cudl.lib.cam.ac.uk/iiif/MS-MOSSERI-IV-00183-C,mosseriiv183c
MS-MOSSERI-IV-00184-00001,http://cudl.lib.cam.ac.uk/iiif/MS-MOSSERI-IV-00184-00001,mosseriiv184.1
MS-MOSSERI-IV-00184-00002,http://cudl.lib.cam.ac.uk/iiif/MS-MOSSERI-IV-00184-00002,mosseriiv184.2
MS-MOSSERI-IV-00185-00001,http://cudl.lib.cam.ac.uk/iiif/MS-MOSSERI-IV-00185-00001,mosseriiv185.1
MS-MOSSERI-IV-00188-00004,http://cudl.lib.cam.ac.uk/iiif/MS-MOSSERI-IV-00188-00004,mosseriiv188.4
MS-MOSSERI-IV-00189,http://cudl.lib.cam.ac.uk/iiif/MS-MOSSERI-IV-00189,mosseriiv189
MS-MOSSERI-IV-00190-00001,http://cudl.lib.cam.ac.uk/iiif/MS-MOSSERI-IV-00190-00001,mosseriiv190.1
MS-MOSSERI-IV-00190-00002,http://cudl.lib.cam.ac.uk/iiif/MS-MOSSERI-IV-00190-00002,mosseriiv190.2
MS-MOSSERI-IV-00191-00001,http://cudl.lib.cam.ac.uk/iiif/MS-MOSSERI-IV-00191-00001,mosseriiv191.1
MS-MOSSERI-IV-00191-00002,http://cudl.lib.cam.ac.uk/iiif/MS-MOSSERI-IV-00191-00002,mosseriiv191.2
MS-MOSSERI-IV-00192-00001,http://cudl.lib.cam.ac.uk/iiif/MS-MOSSERI-IV-00192-00001,mosseriiv192.1
MS-MOSSERI-IV-00192-00002,http://cudl.lib.cam.ac.uk/iiif/MS-MOSSERI-IV-00192-00002,mosseriiv192.2
MS-MOSSERI-IV-00193-00001,http://cudl.lib.cam.ac.uk/iiif/MS-MOSSERI-IV-00193-00001,mosseriiv193.1
MS-MOSSERI-IV-00193-00002,http://cudl.lib.cam.ac.uk/iiif/MS-MOSSERI-IV-00193-00002,mosseriiv193.2
MS-MOSSERI-IV-00194-00001,http://cudl.lib.cam.ac.uk/iiif/MS-MOSSERI-IV-00194-00001,mosseriiv194.1
MS-MOSSERI-IV-00194-00002,http://cudl.lib.cam.ac.uk/iiif/MS-MOSSERI-IV-00194-00002,mosseriiv194.2
MS-MOSSERI-IV-00195-00001,http://cudl.lib.cam.ac.uk/iiif/MS-MOSSERI-IV-00195-00001,mosseriiv195.1
MS-MOSSERI-IV-00195-00002,http://cudl.lib.cam.ac.uk/iiif/MS-MOSSERI-IV-00195-00002,mosseriiv195.2
MS-MOSSERI-IV-00196,http://cudl.lib.cam.ac.uk/iiif/MS-MOSSERI-IV-00196,mosseriiv196
MS-MOSSERI-IV-00197,http://cudl.lib.cam.ac.uk/iiif/MS-MOSSERI-IV-00197,mosseriiv197
MS-MOSSERI-IV-00198-00001,http://cudl.lib.cam.ac.uk/iiif/MS-MOSSERI-IV-00198-00001,mosseriiv198.1
MS-MOSSERI-IV-00198-00002,http://cudl.lib.cam.ac.uk/iiif/MS-MOSSERI-IV-00198-00002,mosseriiv198.2
MS-MOSSERI-IV-00199-00001,http://cudl.lib.cam.ac.uk/iiif/MS-MOSSERI-IV-00199-00001,mosseriiv199.1
MS-MOSSERI-IV-00199-00002,http://cudl.lib.cam.ac.uk/iiif/MS-MOSSERI-IV-00199-00002,mosseriiv199.2
MS-MOSSERI-IV-00200-00001,http://cudl.lib.cam.ac.uk/iiif/MS-MOSSERI-IV-00200-00001,mosseriiv200.1
MS-MOSSERI-IV-00200-00002,http://cudl.lib.cam.ac.uk/iiif/MS-MOSSERI-IV-00200-00002,mosseriiv200.2
MS-MOSSERI-IV-00201,http://cudl.lib.cam.ac.uk/iiif/MS-MOSSERI-IV-00201,mosseriiv201
MS-MOSSERI-IV-00202-00001,http://cudl.lib.cam.ac.uk/iiif/MS-MOSSERI-IV-00202-00001,mosseriiv202.1
MS-MOSSERI-IV-00202-00002,http://cudl.lib.cam.ac.uk/iiif/MS-MOSSERI-IV-00202-00002,mosseriiv202.2
MS-MOSSERI-IV-00203,http://cudl.lib.cam.ac.uk/iiif/MS-MOSSERI-IV-00203,mosseriiv203
MS-MOSSERI-IV-00204,http://cudl.lib.cam.ac.uk/iiif/MS-MOSSERI-IV-00204,mosseriiv204
MS-MOSSERI-IV-00205-00001,http://cudl.lib.cam.ac.uk/iiif/MS-MOSSERI-IV-00205-00001,mosseriiv205.1
MS-MOSSERI-IV-00205-00002,http://cudl.lib.cam.ac.uk/iiif/MS-MOSSERI-IV-00205-00002,mosseriiv205.2
MS-MOSSERI-IV-00205-00003,http://cudl.lib.cam.ac.uk/iiif/MS-MOSSERI-IV-00205-00003,mosseriiv205.3
MS-MOSSERI-IV-00206-00001,http://cudl.lib.cam.ac.uk/iiif/MS-MOSSERI-IV-00206-00001,mosseriiv206.1
MS-MOSSERI-IV-00206-00002,http://cudl.lib.cam.ac.uk/iiif/MS-MOSSERI-IV-00206-00002,mosseriiv206.2
MS-MOSSERI-IV-00207,http://cudl.lib.cam.ac.uk/iiif/MS-MOSSERI-IV-00207,mosseriiv207
MS-MOSSERI-IV-00208-00001,http://cudl.lib.cam.ac.uk/iiif/MS-MOSSERI-IV-00208-00001,mosseriiv208.1
MS-MOSSERI-IV-00208-00002,http://cudl.lib.cam.ac.uk/iiif/MS-MOSSERI-IV-00208-00002,mosseriiv208.2
MS-MOSSERI-IV-00209-00001,http://cudl.lib.cam.ac.uk/iiif/MS-MOSSERI-IV-00209-00001,mosseriiv209.1
MS-MOSSERI-IV-00209-00002,http://cudl.lib.cam.ac.uk/iiif/MS-MOSSERI-IV-00209-00002,mosseriiv209.2
MS-MOSSERI-IV-00210,http://cudl.lib.cam.ac.uk/iiif/MS-MOSSERI-IV-00210,mosseriiv210
MS-MOSSERI-IV-00211,http://cudl.lib.cam.ac.uk/iiif/MS-MOSSERI-IV-00211,mosseriiv211
MS-MOSSERI-IV-00212-00002,http://cudl.lib.cam.ac.uk/iiif/MS-MOSSERI-IV-00212-00002,mosseriiv212.2
MS-MOSSERI-IV-00212-00003,http://cudl.lib.cam.ac.uk/iiif/MS-MOSSERI-IV-00212-00003,mosseriiv212.3
MS-MOSSERI-IV-00212-00004,http://cudl.lib.cam.ac.uk/iiif/MS-MOSSERI-IV-00212-00004,mosseriiv212.4
MS-MOSSERI-IV-00213-00001,http://cudl.lib.cam.ac.uk/iiif/MS-MOSSERI-IV-00213-00001,mosseriiv213.1
MS-MOSSERI-IV-00213-00002,http://cudl.lib.cam.ac.uk/iiif/MS-MOSSERI-IV-00213-00002,mosseriiv213.2
MS-MOSSERI-IV-00213-00003,http://cudl.lib.cam.ac.uk/iiif/MS-MOSSERI-IV-00213-00003,mosseriiv213.3
MS-MOSSERI-IV-00214-00001,http://cudl.lib.cam.ac.uk/iiif/MS-MOSSERI-IV-00214-00001,mosseriiv214.1
MS-MOSSERI-IV-00214-00002,http://cudl.lib.cam.ac.uk/iiif/MS-MOSSERI-IV-00214-00002,mosseriiv214.2
MS-MOSSERI-IV-00215-00001,http://cudl.lib.cam.ac.uk/iiif/MS-MOSSERI-IV-00215-00001,mosseriiv215.1
MS-MOSSERI-IV-00215-00002,http://cudl.lib.cam.ac.uk/iiif/MS-MOSSERI-IV-00215-00002,mosseriiv215.2
MS-MOSSERI-IV-00216-00001,http://cudl.lib.cam.ac.uk/iiif/MS-MOSSERI-IV-00216-00001,mosseriiv216.1
MS-MOSSERI-IV-00216-00002,http://cudl.lib.cam.ac.uk/iiif/MS-MOSSERI-IV-00216-00002,mosseriiv216.2
MS-MOSSERI-IV-00217,http://cudl.lib.cam.ac.uk/iiif/MS-MOSSERI-IV-00217,mosseriiv217
MS-MOSSERI-IV-00218-00001,http://cudl.lib.cam.ac.uk/iiif/MS-MOSSERI-IV-00218-00001,mosseriiv218.1
MS-MOSSERI-IV-00218-00002,http://cudl.lib.cam.ac.uk/iiif/MS-MOSSERI-IV-00218-00002,mosseriiv218.2
MS-MOSSERI-IV-00218-00003,http://cudl.lib.cam.ac.uk/iiif/MS-MOSSERI-IV-00218-00003,mosseriiv218.3
MS-MOSSERI-IV-00219-00001-A,http://cudl.lib.cam.ac.uk/iiif/MS-MOSSERI-IV-00219-00001-A,mosseriiv219.1a
MS-MOSSERI-IV-00219-00001-B,http://cudl.lib.cam.ac.uk/iiif/MS-MOSSERI-IV-00219-00001-B,mosseriiv219.1b
MS-MOSSERI-IV-00219-00002,http://cudl.lib.cam.ac.uk/iiif/MS-MOSSERI-IV-00219-00002,mosseriiv219.2
MS-MOSSERI-IV-00220-00001,http://cudl.lib.cam.ac.uk/iiif/MS-MOSSERI-IV-00220-00001,mosseriiv220.1
MS-MOSSERI-IV-00220-00002,http://cudl.lib.cam.ac.uk/iiif/MS-MOSSERI-IV-00220-00002,mosseriiv220.2
MS-MOSSERI-IV-00220-00003,http://cudl.lib.cam.ac.uk/iiif/MS-MOSSERI-IV-00220-00003,mosseriiv220.3
MS-MOSSERI-IV-00220-00004,http://cudl.lib.cam.ac.uk/iiif/MS-MOSSERI-IV-00220-00004,mosseriiv220.4
MS-MOSSERI-IV-00221-00001,http://cudl.lib.cam.ac.uk/iiif/MS-MOSSERI-IV-00221-00001,mosseriiv221.1
MS-MOSSERI-IV-00221-00002,http://cudl.lib.cam.ac.uk/iiif/MS-MOSSERI-IV-00221-00002,mosseriiv221.2
MS-MOSSERI-IV-00222,http://cudl.lib.cam.ac.uk/iiif/MS-MOSSERI-IV-00222,mosseriiv222
MS-MOSSERI-IV-00223,http://cudl.lib.cam.ac.uk/iiif/MS-MOSSERI-IV-00223,mosseriiv223
MS-MOSSERI-IV-00224-00001,http://cudl.lib.cam.ac.uk/iiif/MS-MOSSERI-IV-00224-00001,mosseriiv224.1
MS-MOSSERI-IV-00224-00002,http://cudl.lib.cam.ac.uk/iiif/MS-MOSSERI-IV-00224-00002,mosseriiv224.2
MS-MOSSERI-IV-00225-00001,http://cudl.lib.cam.ac.uk/iiif/MS-MOSSERI-IV-00225-00001,mosseriiv225.1
MS-MOSSERI-IV-00225-00002,http://cudl.lib.cam.ac.uk/iiif/MS-MOSSERI-IV-00225-00002,mosseriiv225.2
MS-MOSSERI-IV-00226,http://cudl.lib.cam.ac.uk/iiif/MS-MOSSERI-IV-00226,mosseriiv226
MS-MOSSERI-IV-00227,http://cudl.lib.cam.ac.uk/iiif/MS-MOSSERI-IV-00227,mosseriiv227
MS-MOSSERI-IV-00228-00001,http://cudl.lib.cam.ac.uk/iiif/MS-MOSSERI-IV-00228-00001,mosseriiv228.1
MS-MOSSERI-IV-00228-00002,http://cudl.lib.cam.ac.uk/iiif/MS-MOSSERI-IV-00228-00002,mosseriiv228.2
MS-MOSSERI-IV-00228-00003,http://cudl.lib.cam.ac.uk/iiif/MS-MOSSERI-IV-00228-00003,mosseriiv228.3
MS-MOSSERI-IV-00228-00004,http://cudl.lib.cam.ac.uk/iiif/MS-MOSSERI-IV-00228-00004,mosseriiv228.4
MS-MOSSERI-IV-00228-00005,http://cudl.lib.cam.ac.uk/iiif/MS-MOSSERI-IV-00228-00005,mosseriiv228.5
MS-MOSSERI-IV-00229-00001,http://cudl.lib.cam.ac.uk/iiif/MS-MOSSERI-IV-00229-00001,mosseriiv229.1
MS-MOSSERI-IV-00229-00002,http://cudl.lib.cam.ac.uk/iiif/MS-MOSSERI-IV-00229-00002,mosseriiv229.2
MS-MOSSERI-IV-00230-00001,http://cudl.lib.cam.ac.uk/iiif/MS-MOSSERI-IV-00230-00001,mosseriiv230.1
MS-MOSSERI-IV-00230-00002,http://cudl.lib.cam.ac.uk/iiif/MS-MOSSERI-IV-00230-00002,mosseriiv230.2
MS-MOSSERI-IV-00230-00003,http://cudl.lib.cam.ac.uk/iiif/MS-MOSSERI-IV-00230-00003,mosseriiv230.3
MS-MOSSERI-IV-00231-00001,http://cudl.lib.cam.ac.uk/iiif/MS-MOSSERI-IV-00231-00001,mosseriiv231.1
MS-MOSSERI-IV-00231-00002,http://cudl.lib.cam.ac.uk/iiif/MS-MOSSERI-IV-00231-00002,mosseriiv231.2
MS-MOSSERI-IV-00231-00003,http://cudl.lib.cam.ac.uk/iiif/MS-MOSSERI-IV-00231-00003,mosseriiv231.3
MS-MOSSERI-IV-00231-00004,http://cudl.lib.cam.ac.uk/iiif/MS-MOSSERI-IV-00231-00004,mosseriiv231.4
MS-MOSSERI-IV-00231-00005,http://cudl.lib.cam.ac.uk/iiif/MS-MOSSERI-IV-00231-00005,mosseriiv231.5
MS-MOSSERI-IV-00232-00001,http://cudl.lib.cam.ac.uk/iiif/MS-MOSSERI-IV-00232-00001,mosseriiv232.1
MS-MOSSERI-IV-00232-00002,http://cudl.lib.cam.ac.uk/iiif/MS-MOSSERI-IV-00232-00002,mosseriiv232.2
MS-MOSSERI-IV-00232-00003,http://cudl.lib.cam.ac.uk/iiif/MS-MOSSERI-IV-00232-00003,mosseriiv232.3
MS-MOSSERI-IV-00233-00001,http://cudl.lib.cam.ac.uk/iiif/MS-MOSSERI-IV-00233-00001,mosseriiv233.1
MS-MOSSERI-IV-00233-00002,http://cudl.lib.cam.ac.uk/iiif/MS-MOSSERI-IV-00233-00002,mosseriiv233.2
MS-MOSSERI-IV-00233-00003,http://cudl.lib.cam.ac.uk/iiif/MS-MOSSERI-IV-00233-00003,mosseriiv233.3
MS-MOSSERI-IV-00234,http://cudl.lib.cam.ac.uk/iiif/MS-MOSSERI-IV-00234,mosseriiv234
MS-MOSSERI-IV-00235-00001,http://cudl.lib.cam.ac.uk/iiif/MS-MOSSERI-IV-00235-00001,mosseriiv235.1
MS-MOSSERI-IV-00235-00002,http://cudl.lib.cam.ac.uk/iiif/MS-MOSSERI-IV-00235-00002,mosseriiv235.2
MS-MOSSERI-IV-00236,http://cudl.lib.cam.ac.uk/iiif/MS-MOSSERI-IV-00236,mosseriiv236
MS-MOSSERI-IV-00237,http://cudl.lib.cam.ac.uk/iiif/MS-MOSSERI-IV-00237,mosseriiv237
MS-MOSSERI-IV-00238,http://cudl.lib.cam.ac.uk/iiif/MS-MOSSERI-IV-00238,mosseriiv238
MS-MOSSERI-IV-00239-00001,http://cudl.lib.cam.ac.uk/iiif/MS-MOSSERI-IV-00239-00001,mosseriiv239.1
MS-MOSSERI-IV-00239-00002,http://cudl.lib.cam.ac.uk/iiif/MS-MOSSERI-IV-00239-00002,mosseriiv239.2
MS-MOSSERI-IV-00240,http://cudl.lib.cam.ac.uk/iiif/MS-MOSSERI-IV-00240,mosseriiv240
MS-MOSSERI-IV-00241,http://cudl.lib.cam.ac.uk/iiif/MS-MOSSERI-IV-00241,mosseriiv241
MS-MOSSERI-IV-00242-00001,http://cudl.lib.cam.ac.uk/iiif/MS-MOSSERI-IV-00242-00001,mosseriiv242.1
MS-MOSSERI-IV-00242-00002,http://cudl.lib.cam.ac.uk/iiif/MS-MOSSERI-IV-00242-00002,mosseriiv242.2
MS-MOSSERI-IV-00243,http://cudl.lib.cam.ac.uk/iiif/MS-MOSSERI-IV-00243,mosseriiv243
MS-MOSSERI-IV-00244-00001,http://cudl.lib.cam.ac.uk/iiif/MS-MOSSERI-IV-00244-00001,mosseriiv244.1
MS-MOSSERI-IV-00244-00002,http://cudl.lib.cam.ac.uk/iiif/MS-MOSSERI-IV-00244-00002,mosseriiv244.2
MS-MOSSERI-IV-00245,http://cudl.lib.cam.ac.uk/iiif/MS-MOSSERI-IV-00245,mosseriiv245
MS-MOSSERI-IV-00246,http://cudl.lib.cam.ac.uk/iiif/MS-MOSSERI-IV-00246,mosseriiv246
MS-MOSSERI-IV-00247-00001,http://cudl.lib.cam.ac.uk/iiif/MS-MOSSERI-IV-00247-00001,mosseriiv247.1
MS-MOSSERI-IV-00247-00002,http://cudl.lib.cam.ac.uk/iiif/MS-MOSSERI-IV-00247-00002,mosseriiv247.2
MS-MOSSERI-IV-00248,http://cudl.lib.cam.ac.uk/iiif/MS-MOSSERI-IV-00248,mosseriiv248
MS-MOSSERI-IV-00249,http://cudl.lib.cam.ac.uk/iiif/MS-MOSSERI-IV-00249,mosseriiv249
MS-MOSSERI-IV-00250-00001,http://cudl.lib.cam.ac.uk/iiif/MS-MOSSERI-IV-00250-00001,mosseriiv250.1
MS-MOSSERI-IV-00250-00002,http://cudl.lib.cam.ac.uk/iiif/MS-MOSSERI-IV-00250-00002,mosseriiv250.2
MS-MOSSERI-IV-00251,http://cudl.lib.cam.ac.uk/iiif/MS-MOSSERI-IV-00251,mosseriiv251
MS-MOSSERI-IV-00252-00001,http://cudl.lib.cam.ac.uk/iiif/MS-MOSSERI-IV-00252-00001,mosseriiv252.1
MS-MOSSERI-IV-00252-00002,http://cudl.lib.cam.ac.uk/iiif/MS-MOSSERI-IV-00252-00002,mosseriiv252.2
MS-MOSSERI-IV-00253-00001,http://cudl.lib.cam.ac.uk/iiif/MS-MOSSERI-IV-00253-00001,mosseriiv253.1
MS-MOSSERI-IV-00253-00002,http://cudl.lib.cam.ac.uk/iiif/MS-MOSSERI-IV-00253-00002,mosseriiv253.2
MS-MOSSERI-IV-00254,http://cudl.lib.cam.ac.uk/iiif/MS-MOSSERI-IV-00254,mosseriiv254
MS-MOSSERI-IV-00255,http://cudl.lib.cam.ac.uk/iiif/MS-MOSSERI-IV-00255,mosseriiv255
MS-MOSSERI-IV-00256-00001,http://cudl.lib.cam.ac.uk/iiif/MS-MOSSERI-IV-00256-00001,mosseriiv256.1
MS-MOSSERI-IV-00256-00002,http://cudl.lib.cam.ac.uk/iiif/MS-MOSSERI-IV-00256-00002,mosseriiv256.2
MS-MOSSERI-IV-00257,http://cudl.lib.cam.ac.uk/iiif/MS-MOSSERI-IV-00257,mosseriiv257
MS-MOSSERI-IV-00258,http://cudl.lib.cam.ac.uk/iiif/MS-MOSSERI-IV-00258,mosseriiv258
MS-MOSSERI-IV-00259,http://cudl.lib.cam.ac.uk/iiif/MS-MOSSERI-IV-00259,mosseriiv259
MS-MOSSERI-IV-00260-00001,http://cudl.lib.cam.ac.uk/iiif/MS-MOSSERI-IV-00260-00001,mosseriiv260.1
MS-MOSSERI-IV-00260-00002,http://cudl.lib.cam.ac.uk/iiif/MS-MOSSERI-IV-00260-00002,mosseriiv260.2
MS-MOSSERI-IV-00260-00003,http://cudl.lib.cam.ac.uk/iiif/MS-MOSSERI-IV-00260-00003,mosseriiv260.3
MS-MOSSERI-IV-00261-00001,http://cudl.lib.cam.ac.uk/iiif/MS-MOSSERI-IV-00261-00001,mosseriiv261.1
MS-MOSSERI-IV-00261-00002,http://cudl.lib.cam.ac.uk/iiif/MS-MOSSERI-IV-00261-00002,mosseriiv261.2
MS-MOSSERI-IV-00261-00003,http://cudl.lib.cam.ac.uk/iiif/MS-MOSSERI-IV-00261-00003,mosseriiv261.3
MS-MOSSERI-IV-00261-00004,http://cudl.lib.cam.ac.uk/iiif/MS-MOSSERI-IV-00261-00004,mosseriiv261.4
MS-MOSSERI-IV-00261-00005,http://cudl.lib.cam.ac.uk/iiif/MS-MOSSERI-IV-00261-00005,mosseriiv261.5
MS-MOSSERI-IV-00262-00001,http://cudl.lib.cam.ac.uk/iiif/MS-MOSSERI-IV-00262-00001,mosseriiv262.1
MS-MOSSERI-IV-00262-00002,http://cudl.lib.cam.ac.uk/iiif/MS-MOSSERI-IV-00262-00002,mosseriiv262.2
MS-MOSSERI-IV-00263,http://cudl.lib.cam.ac.uk/iiif/MS-MOSSERI-IV-00263,mosseriiv263
MS-MOSSERI-IV-00264-00001,http://cudl.lib.cam.ac.uk/iiif/MS-MOSSERI-IV-00264-00001,mosseriiv264.1
MS-MOSSERI-IV-00264-00002,http://cudl.lib.cam.ac.uk/iiif/MS-MOSSERI-IV-00264-00002,mosseriiv264.2
MS-MOSSERI-IV-00265-00001,http://cudl.lib.cam.ac.uk/iiif/MS-MOSSERI-IV-00265-00001,mosseriiv265.1
MS-MOSSERI-IV-00265-00002,http://cudl.lib.cam.ac.uk/iiif/MS-MOSSERI-IV-00265-00002,mosseriiv265.2
MS-MOSSERI-IV-00265-00003,http://cudl.lib.cam.ac.uk/iiif/MS-MOSSERI-IV-00265-00003,mosseriiv265.3
MS-MOSSERI-IV-00266-00001,http://cudl.lib.cam.ac.uk/iiif/MS-MOSSERI-IV-00266-00001,mosseriiv266.1
MS-MOSSERI-IV-00266-00002,http://cudl.lib.cam.ac.uk/iiif/MS-MOSSERI-IV-00266-00002,mosseriiv266.2
MS-MOSSERI-IV-00266-00003,http://cudl.lib.cam.ac.uk/iiif/MS-MOSSERI-IV-00266-00003,mosseriiv266.3
MS-MOSSERI-IV-00267-00001,http://cudl.lib.cam.ac.uk/iiif/MS-MOSSERI-IV-00267-00001,mosseriiv267.1
MS-MOSSERI-IV-00267-00002,http://cudl.lib.cam.ac.uk/iiif/MS-MOSSERI-IV-00267-00002,mosseriiv267.2
MS-MOSSERI-IV-00267-00003,http://cudl.lib.cam.ac.uk/iiif/MS-MOSSERI-IV-00267-00003,mosseriiv267.3
MS-MOSSERI-IV-00268-00001,http://cudl.lib.cam.ac.uk/iiif/MS-MOSSERI-IV-00268-00001,mosseriiv268.1
MS-MOSSERI-IV-00268-00002,http://cudl.lib.cam.ac.uk/iiif/MS-MOSSERI-IV-00268-00002,mosseriiv268.2
MS-MOSSERI-IV-00269-00001,http://cudl.lib.cam.ac.uk/iiif/MS-MOSSERI-IV-00269-00001,mosseriiv269.1
MS-MOSSERI-IV-00269-00002,http://cudl.lib.cam.ac.uk/iiif/MS-MOSSERI-IV-00269-00002,mosseriiv269.2
MS-MOSSERI-IV-00270,http://cudl.lib.cam.ac.uk/iiif/MS-MOSSERI-IV-00270,mosseriiv270
MS-MOSSERI-IV-00271-00001,http://cudl.lib.cam.ac.uk/iiif/MS-MOSSERI-IV-00271-00001,mosseriiv271.1
MS-MOSSERI-IV-00271-00002,http://cudl.lib.cam.ac.uk/iiif/MS-MOSSERI-IV-00271-00002,mosseriiv271.2
MS-MOSSERI-IV-00272-00001,http://cudl.lib.cam.ac.uk/iiif/MS-MOSSERI-IV-00272-00001,mosseriiv272.1
MS-MOSSERI-IV-00272-00002,http://cudl.lib.cam.ac.uk/iiif/MS-MOSSERI-IV-00272-00002,mosseriiv272.2
MS-MOSSERI-IV-00273-00001,http://cudl.lib.cam.ac.uk/iiif/MS-MOSSERI-IV-00273-00001,mosseriiv273.1
MS-MOSSERI-IV-00273-00002,http://cudl.lib.cam.ac.uk/iiif/MS-MOSSERI-IV-00273-00002,mosseriiv273.2
MS-MOSSERI-IV-00274-00001,http://cudl.lib.cam.ac.uk/iiif/MS-MOSSERI-IV-00274-00001,mosseriiv274.1
MS-MOSSERI-IV-00274-00002,http://cudl.lib.cam.ac.uk/iiif/MS-MOSSERI-IV-00274-00002,mosseriiv274.2
MS-MOSSERI-IV-00274-00003,http://cudl.lib.cam.ac.uk/iiif/MS-MOSSERI-IV-00274-00003,mosseriiv274.3
MS-MOSSERI-IV-00274-00004,http://cudl.lib.cam.ac.uk/iiif/MS-MOSSERI-IV-00274-00004,mosseriiv274.4
MS-MOSSERI-IV-00274-00005,http://cudl.lib.cam.ac.uk/iiif/MS-MOSSERI-IV-00274-00005,mosseriiv274.5
MS-MOSSERI-IV-00275-00001,http://cudl.lib.cam.ac.uk/iiif/MS-MOSSERI-IV-00275-00001,mosseriiv275.1
MS-MOSSERI-IV-00275-00002,http://cudl.lib.cam.ac.uk/iiif/MS-MOSSERI-IV-00275-00002,mosseriiv275.2
MS-MOSSERI-IV-00275-00003,http://cudl.lib.cam.ac.uk/iiif/MS-MOSSERI-IV-00275-00003,mosseriiv275.3
MS-MOSSERI-IV-00276-00001,http://cudl.lib.cam.ac.uk/iiif/MS-MOSSERI-IV-00276-00001,mosseriiv276.1
MS-MOSSERI-IV-00276-00002,http://cudl.lib.cam.ac.uk/iiif/MS-MOSSERI-IV-00276-00002,mosseriiv276.2
MS-MOSSERI-IV-00277,http://cudl.lib.cam.ac.uk/iiif/MS-MOSSERI-IV-00277,mosseriiv277
MS-MOSSERI-IV-00278-00001,http://cudl.lib.cam.ac.uk/iiif/MS-MOSSERI-IV-00278-00001,mosseriiv278.1
MS-MOSSERI-IV-00278-00002,http://cudl.lib.cam.ac.uk/iiif/MS-MOSSERI-IV-00278-00002,mosseriiv278.2
MS-MOSSERI-IV-00279,http://cudl.lib.cam.ac.uk/iiif/MS-MOSSERI-IV-00279,mosseriiv279
MS-MOSSERI-IV-00280,http://cudl.lib.cam.ac.uk/iiif/MS-MOSSERI-IV-00280,mosseriiv280
MS-MOSSERI-IV-00281-A,http://cudl.lib.cam.ac.uk/iiif/MS-MOSSERI-IV-00281-A,mosseriiv281a
MS-MOSSERI-IV-00281-B,http://cudl.lib.cam.ac.uk/iiif/MS-MOSSERI-IV-00281-B,mosseriiv281b
MS-MOSSERI-IV-00281-C,http://cudl.lib.cam.ac.uk/iiif/MS-MOSSERI-IV-00281-C,mosseriiv281c
MS-MOSSERI-IV-00281-D,http://cudl.lib.cam.ac.uk/iiif/MS-MOSSERI-IV-00281-D,mosseriiv281d
MS-MOSSERI-IV-00282-00001,http://cudl.lib.cam.ac.uk/iiif/MS-MOSSERI-IV-00282-00001,mosseriiv282.1
MS-MOSSERI-IV-00282-00002,http://cudl.lib.cam.ac.uk/iiif/MS-MOSSERI-IV-00282-00002,mosseriiv282.2
MS-MOSSERI-IV-00283-00001,http://cudl.lib.cam.ac.uk/iiif/MS-MOSSERI-IV-00283-00001,mosseriiv283.1
MS-MOSSERI-IV-00283-00002,http://cudl.lib.cam.ac.uk/iiif/MS-MOSSERI-IV-00283-00002,mosseriiv283.2
MS-MOSSERI-IV-00283-00003,http://cudl.lib.cam.ac.uk/iiif/MS-MOSSERI-IV-00283-00003,mosseriiv283.3
MS-MOSSERI-IV-00283-00004,http://cudl.lib.cam.ac.uk/iiif/MS-MOSSERI-IV-00283-00004,mosseriiv283.4
MS-MOSSERI-IV-00283-00005,http://cudl.lib.cam.ac.uk/iiif/MS-MOSSERI-IV-00283-00005,mosseriiv283.5
MS-MOSSERI-IV-00284-00001,http://cudl.lib.cam.ac.uk/iiif/MS-MOSSERI-IV-00284-00001,mosseriiv284.1
MS-MOSSERI-IV-00284-00002,http://cudl.lib.cam.ac.uk/iiif/MS-MOSSERI-IV-00284-00002,mosseriiv284.2
MS-MOSSERI-IV-00285,http://cudl.lib.cam.ac.uk/iiif/MS-MOSSERI-IV-00285,mosseriiv285
MS-MOSSERI-IV-00286,http://cudl.lib.cam.ac.uk/iiif/MS-MOSSERI-IV-00286,mosseriiv286
MS-MOSSERI-IV-00287-00001,http://cudl.lib.cam.ac.uk/iiif/MS-MOSSERI-IV-00287-00001,mosseriiv287.1
MS-MOSSERI-IV-00287-00002,http://cudl.lib.cam.ac.uk/iiif/MS-MOSSERI-IV-00287-00002,mosseriiv287.2
MS-MOSSERI-IV-00287-00003,http://cudl.lib.cam.ac.uk/iiif/MS-MOSSERI-IV-00287-00003,mosseriiv287.3
MS-MOSSERI-IV-00288-00001,http://cudl.lib.cam.ac.uk/iiif/MS-MOSSERI-IV-00288-00001,mosseriiv288.1
MS-MOSSERI-IV-00288-00002,http://cudl.lib.cam.ac.uk/iiif/MS-MOSSERI-IV-00288-00002,mosseriiv288.2
MS-MOSSERI-IV-00289-00001,http://cudl.lib.cam.ac.uk/iiif/MS-MOSSERI-IV-00289-00001,mosseriiv289.1
MS-MOSSERI-IV-00289-00002,http://cudl.lib.cam.ac.uk/iiif/MS-MOSSERI-IV-00289-00002,mosseriiv289.2
MS-MOSSERI-IV-00289-00003,http://cudl.lib.cam.ac.uk/iiif/MS-MOSSERI-IV-00289-00003,mosseriiv289.3
MS-MOSSERI-IV-00289-00004,http://cudl.lib.cam.ac.uk/iiif/MS-MOSSERI-IV-00289-00004,mosseriiv289.4
MS-MOSSERI-IV-00290-00001,http://cudl.lib.cam.ac.uk/iiif/MS-MOSSERI-IV-00290-00001,mosseriiv290.1
MS-MOSSERI-IV-00290-00002,http://cudl.lib.cam.ac.uk/iiif/MS-MOSSERI-IV-00290-00002,mosseriiv290.2
MS-MOSSERI-IV-00291-00001,http://cudl.lib.cam.ac.uk/iiif/MS-MOSSERI-IV-00291-00001,mosseriiv291.1
MS-MOSSERI-IV-00291-00002,http://cudl.lib.cam.ac.uk/iiif/MS-MOSSERI-IV-00291-00002,mosseriiv291.2
MS-MOSSERI-IV-00292-00001,http://cudl.lib.cam.ac.uk/iiif/MS-MOSSERI-IV-00292-00001,mosseriiv292.1
MS-MOSSERI-IV-00292-00002,http://cudl.lib.cam.ac.uk/iiif/MS-MOSSERI-IV-00292-00002,mosseriiv292.2
MS-MOSSERI-IV-00293,http://cudl.lib.cam.ac.uk/iiif/MS-MOSSERI-IV-00293,mosseriiv293
MS-MOSSERI-IV-00294-00001,http://cudl.lib.cam.ac.uk/iiif/MS-MOSSERI-IV-00294-00001,mosseriiv294.1
MS-MOSSERI-IV-00294-00002,http://cudl.lib.cam.ac.uk/iiif/MS-MOSSERI-IV-00294-00002,mosseriiv294.2
MS-MOSSERI-IV-00295-00001,http://cudl.lib.cam.ac.uk/iiif/MS-MOSSERI-IV-00295-00001,mosseriiv295.1
MS-MOSSERI-IV-00295-00002,http://cudl.lib.cam.ac.uk/iiif/MS-MOSSERI-IV-00295-00002,mosseriiv295.2
MS-MOSSERI-IV-00296,http://cudl.lib.cam.ac.uk/iiif/MS-MOSSERI-IV-00296,mosseriiv296
MS-MOSSERI-IV-00297-00001,http://cudl.lib.cam.ac.uk/iiif/MS-MOSSERI-IV-00297-00001,mosseriiv297.1
MS-MOSSERI-IV-00297-00002,http://cudl.lib.cam.ac.uk/iiif/MS-MOSSERI-IV-00297-00002,mosseriiv297.2
MS-MOSSERI-IV-00298-00001,http://cudl.lib.cam.ac.uk/iiif/MS-MOSSERI-IV-00298-00001,mosseriiv298.1
MS-MOSSERI-IV-00298-00002,http://cudl.lib.cam.ac.uk/iiif/MS-MOSSERI-IV-00298-00002,mosseriiv298.2
MS-MOSSERI-IV-00298-00003,http://cudl.lib.cam.ac.uk/iiif/MS-MOSSERI-IV-00298-00003,mosseriiv298.3
MS-MOSSERI-IV-00298-00004,http://cudl.lib.cam.ac.uk/iiif/MS-MOSSERI-IV-00298-00004,mosseriiv298.4
MS-MOSSERI-IV-00299-00001,http://cudl.lib.cam.ac.uk/iiif/MS-MOSSERI-IV-00299-00001,mosseriiv299.1
MS-MOSSERI-IV-00299-00002,http://cudl.lib.cam.ac.uk/iiif/MS-MOSSERI-IV-00299-00002,mosseriiv299.2
MS-MOSSERI-IV-00300-00001,http://cudl.lib.cam.ac.uk/iiif/MS-MOSSERI-IV-00300-00001,mosseriiv300.1
MS-MOSSERI-IV-00300-00002,http://cudl.lib.cam.ac.uk/iiif/MS-MOSSERI-IV-00300-00002,mosseriiv300.2
MS-MOSSERI-IV-00301-00001,http://cudl.lib.cam.ac.uk/iiif/MS-MOSSERI-IV-00301-00001,mosseriiv301.1
MS-MOSSERI-IV-00301-00002,http://cudl.lib.cam.ac.uk/iiif/MS-MOSSERI-IV-00301-00002,mosseriiv301.2
MS-MOSSERI-IV-00302-00001,http://cudl.lib.cam.ac.uk/iiif/MS-MOSSERI-IV-00302-00001,mosseriiv302.1
MS-MOSSERI-IV-00302-00002,http://cudl.lib.cam.ac.uk/iiif/MS-MOSSERI-IV-00302-00002,mosseriiv302.2
MS-MOSSERI-IV-00303-00001,http://cudl.lib.cam.ac.uk/iiif/MS-MOSSERI-IV-00303-00001,mosseriiv303.1
MS-MOSSERI-IV-00303-00002,http://cudl.lib.cam.ac.uk/iiif/MS-MOSSERI-IV-00303-00002,mosseriiv303.2
MS-MOSSERI-IV-00304-00001,http://cudl.lib.cam.ac.uk/iiif/MS-MOSSERI-IV-00304-00001,mosseriiv304.1
MS-MOSSERI-IV-00304-00002,http://cudl.lib.cam.ac.uk/iiif/MS-MOSSERI-IV-00304-00002,mosseriiv304.2
MS-MOSSERI-IV-00304-00003,http://cudl.lib.cam.ac.uk/iiif/MS-MOSSERI-IV-00304-00003,mosseriiv304.3
MS-MOSSERI-IV-00304-00004,http://cudl.lib.cam.ac.uk/iiif/MS-MOSSERI-IV-00304-00004,mosseriiv304.4
MS-MOSSERI-IV-00305-00001,http://cudl.lib.cam.ac.uk/iiif/MS-MOSSERI-IV-00305-00001,mosseriiv305.1
MS-MOSSERI-IV-00305-00002,http://cudl.lib.cam.ac.uk/iiif/MS-MOSSERI-IV-00305-00002,mosseriiv305.2
MS-MOSSERI-IV-00306-00001,http://cudl.lib.cam.ac.uk/iiif/MS-MOSSERI-IV-00306-00001,mosseriiv306.1
MS-MOSSERI-IV-00306-00002,http://cudl.lib.cam.ac.uk/iiif/MS-MOSSERI-IV-00306-00002,mosseriiv306.2
MS-MOSSERI-IV-00307-00001,http://cudl.lib.cam.ac.uk/iiif/MS-MOSSERI-IV-00307-00001,mosseriiv307.1
MS-MOSSERI-IV-00307-00002,http://cudl.lib.cam.ac.uk/iiif/MS-MOSSERI-IV-00307-00002,mosseriiv307.2
MS-MOSSERI-IV-00307-00003,http://cudl.lib.cam.ac.uk/iiif/MS-MOSSERI-IV-00307-00003,mosseriiv307.3
MS-MOSSERI-IV-00308-00001,http://cudl.lib.cam.ac.uk/iiif/MS-MOSSERI-IV-00308-00001,mosseriiv308.1
MS-MOSSERI-IV-00308-00002,http://cudl.lib.cam.ac.uk/iiif/MS-MOSSERI-IV-00308-00002,mosseriiv308.2
MS-MOSSERI-IV-00309-00001,http://cudl.lib.cam.ac.uk/iiif/MS-MOSSERI-IV-00309-00001,mosseriiv309.1
MS-MOSSERI-IV-00309-00002,http://cudl.lib.cam.ac.uk/iiif/MS-MOSSERI-IV-00309-00002,mosseriiv309.2
MS-MOSSERI-IV-00310-00001,http://cudl.lib.cam.ac.uk/iiif/MS-MOSSERI-IV-00310-00001,mosseriiv310.1
MS-MOSSERI-IV-00310-00002,http://cudl.lib.cam.ac.uk/iiif/MS-MOSSERI-IV-00310-00002,mosseriiv310.2
MS-MOSSERI-IV-00310-00003,http://cudl.lib.cam.ac.uk/iiif/MS-MOSSERI-IV-00310-00003,mosseriiv310.3
MS-MOSSERI-IV-00311-00001,http://cudl.lib.cam.ac.uk/iiif/MS-MOSSERI-IV-00311-00001,mosseriiv311.1
MS-MOSSERI-IV-00311-00002,http://cudl.lib.cam.ac.uk/iiif/MS-MOSSERI-IV-00311-00002,mosseriiv311.2
MS-MOSSERI-IV-00312-00001,http://cudl.lib.cam.ac.uk/iiif/MS-MOSSERI-IV-00312-00001,mosseriiv312.1
MS-MOSSERI-IV-00312-00002,http://cudl.lib.cam.ac.uk/iiif/MS-MOSSERI-IV-00312-00002,mosseriiv312.2
MS-MOSSERI-IV-00312-00003,http://cudl.lib.cam.ac.uk/iiif/MS-MOSSERI-IV-00312-00003,mosseriiv312.3
MS-MOSSERI-IV-00313-00001,http://cudl.lib.cam.ac.uk/iiif/MS-MOSSERI-IV-00313-00001,mosseriiv313.1
MS-MOSSERI-IV-00313-00002,http://cudl.lib.cam.ac.uk/iiif/MS-MOSSERI-IV-00313-00002,mosseriiv313.2
MS-MOSSERI-IV-00314-00001,http://cudl.lib.cam.ac.uk/iiif/MS-MOSSERI-IV-00314-00001,mosseriiv314.1
MS-MOSSERI-IV-00314-00002,http://cudl.lib.cam.ac.uk/iiif/MS-MOSSERI-IV-00314-00002,mosseriiv314.2
MS-MOSSERI-IV-00314-00003,http://cudl.lib.cam.ac.uk/iiif/MS-MOSSERI-IV-00314-00003,mosseriiv314.3
MS-MOSSERI-IV-00315-00001,http://cudl.lib.cam.ac.uk/iiif/MS-MOSSERI-IV-00315-00001,mosseriiv315.1
MS-MOSSERI-IV-00315-00002,http://cudl.lib.cam.ac.uk/iiif/MS-MOSSERI-IV-00315-00002,mosseriiv315.2
MS-MOSSERI-IV-00315-00003,http://cudl.lib.cam.ac.uk/iiif/MS-MOSSERI-IV-00315-00003,mosseriiv315.3
MS-MOSSERI-IV-00315-00004,http://cudl.lib.cam.ac.uk/iiif/MS-MOSSERI-IV-00315-00004,mosseriiv315.4
MS-MOSSERI-IV-00316-00001,http://cudl.lib.cam.ac.uk/iiif/MS-MOSSERI-IV-00316-00001,mosseriiv316.1
MS-MOSSERI-IV-00316-00002,http://cudl.lib.cam.ac.uk/iiif/MS-MOSSERI-IV-00316-00002,mosseriiv316.2
MS-MOSSERI-IV-00316-00003,http://cudl.lib.cam.ac.uk/iiif/MS-MOSSERI-IV-00316-00003,mosseriiv316.3
MS-MOSSERI-IV-00317-00001,http://cudl.lib.cam.ac.uk/iiif/MS-MOSSERI-IV-00317-00001,mosseriiv317.1
MS-MOSSERI-IV-00317-00002,http://cudl.lib.cam.ac.uk/iiif/MS-MOSSERI-IV-00317-00002,mosseriiv317.2
MS-MOSSERI-IV-00317-00003,http://cudl.lib.cam.ac.uk/iiif/MS-MOSSERI-IV-00317-00003,mosseriiv317.3
MS-MOSSERI-IV-00317-00004,http://cudl.lib.cam.ac.uk/iiif/MS-MOSSERI-IV-00317-00004,mosseriiv317.4
MS-MOSSERI-IV-00318-00001,http://cudl.lib.cam.ac.uk/iiif/MS-MOSSERI-IV-00318-00001,mosseriiv318.1
MS-MOSSERI-IV-00318-00002,http://cudl.lib.cam.ac.uk/iiif/MS-MOSSERI-IV-00318-00002,mosseriiv318.2
MS-MOSSERI-IV-00319-00001,http://cudl.lib.cam.ac.uk/iiif/MS-MOSSERI-IV-00319-00001,mosseriiv319.1
MS-MOSSERI-IV-00319-00002,http://cudl.lib.cam.ac.uk/iiif/MS-MOSSERI-IV-00319-00002,mosseriiv319.2
MS-MOSSERI-IV-00319-00003,http://cudl.lib.cam.ac.uk/iiif/MS-MOSSERI-IV-00319-00003,mosseriiv319.3
MS-MOSSERI-IV-00319-00004,http://cudl.lib.cam.ac.uk/iiif/MS-MOSSERI-IV-00319-00004,mosseriiv319.4
MS-MOSSERI-IV-00319-00005,http://cudl.lib.cam.ac.uk/iiif/MS-MOSSERI-IV-00319-00005,mosseriiv319.5
MS-MOSSERI-IV-00320-00001,http://cudl.lib.cam.ac.uk/iiif/MS-MOSSERI-IV-00320-00001,mosseriiv320.1
MS-MOSSERI-IV-00320-00002,http://cudl.lib.cam.ac.uk/iiif/MS-MOSSERI-IV-00320-00002,mosseriiv320.2
MS-MOSSERI-IV-00320-00003,http://cudl.lib.cam.ac.uk/iiif/MS-MOSSERI-IV-00320-00003,mosseriiv320.3
MS-MOSSERI-IV-00320-00004,http://cudl.lib.cam.ac.uk/iiif/MS-MOSSERI-IV-00320-00004,mosseriiv320.4
MS-MOSSERI-IV-00320-00005,http://cudl.lib.cam.ac.uk/iiif/MS-MOSSERI-IV-00320-00005,mosseriiv320.5
MS-MOSSERI-IV-00321-00001,http://cudl.lib.cam.ac.uk/iiif/MS-MOSSERI-IV-00321-00001,mosseriiv321.1
MS-MOSSERI-IV-00321-00002,http://cudl.lib.cam.ac.uk/iiif/MS-MOSSERI-IV-00321-00002,mosseriiv321.2
MS-MOSSERI-IV-00321-00003,http://cudl.lib.cam.ac.uk/iiif/MS-MOSSERI-IV-00321-00003,mosseriiv321.3
MS-MOSSERI-IV-00321-00004,http://cudl.lib.cam.ac.uk/iiif/MS-MOSSERI-IV-00321-00004,mosseriiv321.4
MS-MOSSERI-IV-00322-00001,http://cudl.lib.cam.ac.uk/iiif/MS-MOSSERI-IV-00322-00001,mosseriiv322.1
MS-MOSSERI-IV-00322-00002,http://cudl.lib.cam.ac.uk/iiif/MS-MOSSERI-IV-00322-00002,mosseriiv322.2
MS-MOSSERI-IV-00323,http://cudl.lib.cam.ac.uk/iiif/MS-MOSSERI-IV-00323,mosseriiv323
MS-MOSSERI-IV-00324-00001,http://cudl.lib.cam.ac.uk/iiif/MS-MOSSERI-IV-00324-00001,mosseriiv324.1
MS-MOSSERI-IV-00324-00002,http://cudl.lib.cam.ac.uk/iiif/MS-MOSSERI-IV-00324-00002,mosseriiv324.2
MS-MOSSERI-IV-00324-00003,http://cudl.lib.cam.ac.uk/iiif/MS-MOSSERI-IV-00324-00003,mosseriiv324.3
MS-MOSSERI-IV-00325-00001,http://cudl.lib.cam.ac.uk/iiif/MS-MOSSERI-IV-00325-00001,mosseriiv325.1
MS-MOSSERI-IV-00325-00002,http://cudl.lib.cam.ac.uk/iiif/MS-MOSSERI-IV-00325-00002,mosseriiv325.2
MS-MOSSERI-IV-00326-00001,http://cudl.lib.cam.ac.uk/iiif/MS-MOSSERI-IV-00326-00001,mosseriiv326.1
MS-MOSSERI-IV-00326-00002,http://cudl.lib.cam.ac.uk/iiif/MS-MOSSERI-IV-00326-00002,mosseriiv326.2
MS-MOSSERI-IV-00326-00003,http://cudl.lib.cam.ac.uk/iiif/MS-MOSSERI-IV-00326-00003,mosseriiv326.3
MS-MOSSERI-IV-00327-00001,http://cudl.lib.cam.ac.uk/iiif/MS-MOSSERI-IV-00327-00001,mosseriiv327.1
MS-MOSSERI-IV-00327-00002,http://cudl.lib.cam.ac.uk/iiif/MS-MOSSERI-IV-00327-00002,mosseriiv327.2
MS-MOSSERI-IV-00327-00003,http://cudl.lib.cam.ac.uk/iiif/MS-MOSSERI-IV-00327-00003,mosseriiv327.3
MS-MOSSERI-IV-00328-00001,http://cudl.lib.cam.ac.uk/iiif/MS-MOSSERI-IV-00328-00001,mosseriiv328.1
MS-MOSSERI-IV-00328-00002,http://cudl.lib.cam.ac.uk/iiif/MS-MOSSERI-IV-00328-00002,mosseriiv328.2
MS-MOSSERI-IV-00328-00003,http://cudl.lib.cam.ac.uk/iiif/MS-MOSSERI-IV-00328-00003,mosseriiv328.3
MS-MOSSERI-IV-00329-00001,http://cudl.lib.cam.ac.uk/iiif/MS-MOSSERI-IV-00329-00001,mosseriiv329.1
MS-MOSSERI-IV-00329-00002,http://cudl.lib.cam.ac.uk/iiif/MS-MOSSERI-IV-00329-00002,mosseriiv329.2
MS-MOSSERI-IV-00329-00003,http://cudl.lib.cam.ac.uk/iiif/MS-MOSSERI-IV-00329-00003,mosseriiv329.3
MS-MOSSERI-IV-00330-00001,http://cudl.lib.cam.ac.uk/iiif/MS-MOSSERI-IV-00330-00001,mosseriiv330.1
MS-MOSSERI-IV-00330-00002,http://cudl.lib.cam.ac.uk/iiif/MS-MOSSERI-IV-00330-00002,mosseriiv330.2
MS-MOSSERI-IV-00331-00001,http://cudl.lib.cam.ac.uk/iiif/MS-MOSSERI-IV-00331-00001,mosseriiv331.1
MS-MOSSERI-IV-00331-00002,http://cudl.lib.cam.ac.uk/iiif/MS-MOSSERI-IV-00331-00002,mosseriiv331.2
MS-MOSSERI-IV-00331-00003,http://cudl.lib.cam.ac.uk/iiif/MS-MOSSERI-IV-00331-00003,mosseriiv331.3
MS-MOSSERI-IV-00331-00004,http://cudl.lib.cam.ac.uk/iiif/MS-MOSSERI-IV-00331-00004,mosseriiv331.4
MS-MOSSERI-IV-00331-00005,http://cudl.lib.cam.ac.uk/iiif/MS-MOSSERI-IV-00331-00005,mosseriiv331.5
MS-MOSSERI-IV-00332-00001,http://cudl.lib.cam.ac.uk/iiif/MS-MOSSERI-IV-00332-00001,mosseriiv332.1
MS-MOSSERI-IV-00332-00002,http://cudl.lib.cam.ac.uk/iiif/MS-MOSSERI-IV-00332-00002,mosseriiv332.2
MS-MOSSERI-IV-00332-00003,http://cudl.lib.cam.ac.uk/iiif/MS-MOSSERI-IV-00332-00003,mosseriiv332.3
MS-MOSSERI-IV-00333-00001,http://cudl.lib.cam.ac.uk/iiif/MS-MOSSERI-IV-00333-00001,mosseriiv333.1
MS-MOSSERI-IV-00333-00002,http://cudl.lib.cam.ac.uk/iiif/MS-MOSSERI-IV-00333-00002,mosseriiv333.2
MS-MOSSERI-IV-00334-00001,http://cudl.lib.cam.ac.uk/iiif/MS-MOSSERI-IV-00334-00001,mosseriiv334.1
MS-MOSSERI-IV-00334-00002,http://cudl.lib.cam.ac.uk/iiif/MS-MOSSERI-IV-00334-00002,mosseriiv334.2
MS-MOSSERI-IV-00334-00003,http://cudl.lib.cam.ac.uk/iiif/MS-MOSSERI-IV-00334-00003,mosseriiv334.3
MS-MOSSERI-IV-00334-00004,http://cudl.lib.cam.ac.uk/iiif/MS-MOSSERI-IV-00334-00004,mosseriiv334.4
MS-MOSSERI-IV-00334-00005,http://cudl.lib.cam.ac.uk/iiif/MS-MOSSERI-IV-00334-00005,mosseriiv334.5
MS-MOSSERI-IV-00335-00001,http://cudl.lib.cam.ac.uk/iiif/MS-MOSSERI-IV-00335-00001,mosseriiv335.1
MS-MOSSERI-IV-00335-00002,http://cudl.lib.cam.ac.uk/iiif/MS-MOSSERI-IV-00335-00002,mosseriiv335.2
MS-MOSSERI-IV-00336-00001,http://cudl.lib.cam.ac.uk/iiif/MS-MOSSERI-IV-00336-00001,mosseriiv336.1
MS-MOSSERI-IV-00336-00002,http://cudl.lib.cam.ac.uk/iiif/MS-MOSSERI-IV-00336-00002,mosseriiv336.2
MS-MOSSERI-IV-00337-00001,http://cudl.lib.cam.ac.uk/iiif/MS-MOSSERI-IV-00337-00001,mosseriiv337.1
MS-MOSSERI-IV-00337-00002,http://cudl.lib.cam.ac.uk/iiif/MS-MOSSERI-IV-00337-00002,mosseriiv337.2
MS-MOSSERI-IV-00338-00001,http://cudl.lib.cam.ac.uk/iiif/MS-MOSSERI-IV-00338-00001,mosseriiv338.1
MS-MOSSERI-IV-00338-00002,http://cudl.lib.cam.ac.uk/iiif/MS-MOSSERI-IV-00338-00002,mosseriiv338.2
MS-MOSSERI-IV-00339-00001,http://cudl.lib.cam.ac.uk/iiif/MS-MOSSERI-IV-00339-00001,mosseriiv339.1
MS-MOSSERI-IV-00339-00002,http://cudl.lib.cam.ac.uk/iiif/MS-MOSSERI-IV-00339-00002,mosseriiv339.2
MS-MOSSERI-IV-00340,http://cudl.lib.cam.ac.uk/iiif/MS-MOSSERI-IV-00340,mosseriiv340
MS-MOSSERI-IV-00341-00001,http://cudl.lib.cam.ac.uk/iiif/MS-MOSSERI-IV-00341-00001,mosseriiv341.1
MS-MOSSERI-IV-00341-00002,http://cudl.lib.cam.ac.uk/iiif/MS-MOSSERI-IV-00341-00002,mosseriiv341.2
MS-MOSSERI-IV-00341-00003,http://cudl.lib.cam.ac.uk/iiif/MS-MOSSERI-IV-00341-00003,mosseriiv341.3
MS-MOSSERI-IV-00342-00001,http://cudl.lib.cam.ac.uk/iiif/MS-MOSSERI-IV-00342-00001,mosseriiv342.1
MS-MOSSERI-IV-00342-00002,http://cudl.lib.cam.ac.uk/iiif/MS-MOSSERI-IV-00342-00002,mosseriiv342.2
MS-MOSSERI-IV-00343,http://cudl.lib.cam.ac.uk/iiif/MS-MOSSERI-IV-00343,mosseriiv343
MS-MOSSERI-IV-00344-00001,http://cudl.lib.cam.ac.uk/iiif/MS-MOSSERI-IV-00344-00001,mosseriiv344.1
MS-MOSSERI-IV-00344-00002,http://cudl.lib.cam.ac.uk/iiif/MS-MOSSERI-IV-00344-00002,mosseriiv344.2
MS-MOSSERI-IV-00345-00001,http://cudl.lib.cam.ac.uk/iiif/MS-MOSSERI-IV-00345-00001,mosseriiv345.1
MS-MOSSERI-IV-00345-00002,http://cudl.lib.cam.ac.uk/iiif/MS-MOSSERI-IV-00345-00002,mosseriiv345.2
MS-MOSSERI-IV-00346-00001,http://cudl.lib.cam.ac.uk/iiif/MS-MOSSERI-IV-00346-00001,mosseriiv346.1
MS-MOSSERI-IV-00346-00002,http://cudl.lib.cam.ac.uk/iiif/MS-MOSSERI-IV-00346-00002,mosseriiv346.2
MS-MOSSERI-IV-00347-00002,http://cudl.lib.cam.ac.uk/iiif/MS-MOSSERI-IV-00347-00002,mosseriiv347.2
MS-MOSSERI-IV-00348,http://cudl.lib.cam.ac.uk/iiif/MS-MOSSERI-IV-00348,mosseriiv348
MS-MOSSERI-IV-00349,http://cudl.lib.cam.ac.uk/iiif/MS-MOSSERI-IV-00349,mosseriiv349
MS-MOSSERI-IV-00350-00001,http://cudl.lib.cam.ac.uk/iiif/MS-MOSSERI-IV-00350-00001,mosseriiv350.1
MS-MOSSERI-IV-00350-00002,http://cudl.lib.cam.ac.uk/iiif/MS-MOSSERI-IV-00350-00002,mosseriiv350.2
MS-MOSSERI-IV-00351,http://cudl.lib.cam.ac.uk/iiif/MS-MOSSERI-IV-00351,mosseriiv351
MS-MOSSERI-IV-00352,http://cudl.lib.cam.ac.uk/iiif/MS-MOSSERI-IV-00352,mosseriiv352
MS-MOSSERI-IV-00353,http://cudl.lib.cam.ac.uk/iiif/MS-MOSSERI-IV-00353,mosseriiv353
MS-MOSSERI-IV-00354,http://cudl.lib.cam.ac.uk/iiif/MS-MOSSERI-IV-00354,mosseriiv354
MS-MOSSERI-IV-00355,http://cudl.lib.cam.ac.uk/iiif/MS-MOSSERI-IV-00355,mosseriiv355
MS-MOSSERI-IV-00356,http://cudl.lib.cam.ac.uk/iiif/MS-MOSSERI-IV-00356,mosseriiv356
MS-MOSSERI-IV-00357,http://cudl.lib.cam.ac.uk/iiif/MS-MOSSERI-IV-00357,mosseriiv357
MS-MOSSERI-IV-00358,http://cudl.lib.cam.ac.uk/iiif/MS-MOSSERI-IV-00358,mosseriiv358
MS-MOSSERI-IV-00359,http://cudl.lib.cam.ac.uk/iiif/MS-MOSSERI-IV-00359,mosseriiv359
MS-MOSSERI-IV-00360-00002,http://cudl.lib.cam.ac.uk/iiif/MS-MOSSERI-IV-00360-00002,mosseriiv360.2
MS-MOSSERI-IV-00361-00001,http://cudl.lib.cam.ac.uk/iiif/MS-MOSSERI-IV-00361-00001,mosseriiv361.1
MS-MOSSERI-IV-00361-00002,http://cudl.lib.cam.ac.uk/iiif/MS-MOSSERI-IV-00361-00002,mosseriiv361.2
MS-MOSSERI-IV-00362-00001,http://cudl.lib.cam.ac.uk/iiif/MS-MOSSERI-IV-00362-00001,mosseriiv362.1
MS-MOSSERI-IV-00362-00002,http://cudl.lib.cam.ac.uk/iiif/MS-MOSSERI-IV-00362-00002,mosseriiv362.2
MS-MOSSERI-IV-00363,http://cudl.lib.cam.ac.uk/iiif/MS-MOSSERI-IV-00363,mosseriiv363
MS-MOSSERI-IV-00365,http://cudl.lib.cam.ac.uk/iiif/MS-MOSSERI-IV-00365,mosseriiv365
MS-MOSSERI-IV-00366-00001,http://cudl.lib.cam.ac.uk/iiif/MS-MOSSERI-IV-00366-00001,mosseriiv366.1
MS-MOSSERI-IV-00366-00002,http://cudl.lib.cam.ac.uk/iiif/MS-MOSSERI-IV-00366-00002,mosseriiv366.2
MS-MOSSERI-IV-00366-00003,http://cudl.lib.cam.ac.uk/iiif/MS-MOSSERI-IV-00366-00003,mosseriiv366.3
MS-MOSSERI-IV-00367,http://cudl.lib.cam.ac.uk/iiif/MS-MOSSERI-IV-00367,mosseriiv367
MS-MOSSERI-IV-00368-00001,http://cudl.lib.cam.ac.uk/iiif/MS-MOSSERI-IV-00368-00001,mosseriiv368.1
MS-MOSSERI-IV-00368-00002,http://cudl.lib.cam.ac.uk/iiif/MS-MOSSERI-IV-00368-00002,mosseriiv368.2
MS-MOSSERI-IV-00369,http://cudl.lib.cam.ac.uk/iiif/MS-MOSSERI-IV-00369,mosseriiv369
MS-MOSSERI-IV-00371,http://cudl.lib.cam.ac.uk/iiif/MS-MOSSERI-IV-00371,mosseriiv371
MS-MOSSERI-IV-00372,http://cudl.lib.cam.ac.uk/iiif/MS-MOSSERI-IV-00372,mosseriiv372
MS-MOSSERI-IV-00373-00001,http://cudl.lib.cam.ac.uk/iiif/MS-MOSSERI-IV-00373-00001,mosseriiv373.1
MS-MOSSERI-IV-00373-00002,http://cudl.lib.cam.ac.uk/iiif/MS-MOSSERI-IV-00373-00002,mosseriiv373.2
MS-MOSSERI-IV-00374-00001,http://cudl.lib.cam.ac.uk/iiif/MS-MOSSERI-IV-00374-00001,mosseriiv374.1
MS-MOSSERI-IV-00374-00002,http://cudl.lib.cam.ac.uk/iiif/MS-MOSSERI-IV-00374-00002,mosseriiv374.2
MS-MOSSERI-IV-00375,http://cudl.lib.cam.ac.uk/iiif/MS-MOSSERI-IV-00375,mosseriiv375
MS-MOSSERI-IV-00376,http://cudl.lib.cam.ac.uk/iiif/MS-MOSSERI-IV-00376,mosseriiv376
MS-MOSSERI-IV-00377,http://cudl.lib.cam.ac.uk/iiif/MS-MOSSERI-IV-00377,mosseriiv377
MS-MOSSERI-IV-00378,http://cudl.lib.cam.ac.uk/iiif/MS-MOSSERI-IV-00378,mosseriiv378
MS-MOSSERI-IV-00379-00001,http://cudl.lib.cam.ac.uk/iiif/MS-MOSSERI-IV-00379-00001,mosseriiv379.1
MS-MOSSERI-IV-00379-00002,http://cudl.lib.cam.ac.uk/iiif/MS-MOSSERI-IV-00379-00002,mosseriiv379.2
MS-MOSSERI-IV-00380,http://cudl.lib.cam.ac.uk/iiif/MS-MOSSERI-IV-00380,mosseriiv380
MS-MOSSERI-IV-00381-00001,http://cudl.lib.cam.ac.uk/iiif/MS-MOSSERI-IV-00381-00001,mosseriiv381.1
MS-MOSSERI-IV-00381-00002,http://cudl.lib.cam.ac.uk/iiif/MS-MOSSERI-IV-00381-00002,mosseriiv381.2
MS-MOSSERI-IV-00381-00003,http://cudl.lib.cam.ac.uk/iiif/MS-MOSSERI-IV-00381-00003,mosseriiv381.3
MS-MOSSERI-IV-00381-00004,http://cudl.lib.cam.ac.uk/iiif/MS-MOSSERI-IV-00381-00004,mosseriiv381.4
MS-MOSSERI-IV-00381-00005,http://cudl.lib.cam.ac.uk/iiif/MS-MOSSERI-IV-00381-00005,mosseriiv381.5
MS-MOSSERI-IV-00381-00006,http://cudl.lib.cam.ac.uk/iiif/MS-MOSSERI-IV-00381-00006,mosseriiv381.6
MS-MOSSERI-IV-00382-00001,http://cudl.lib.cam.ac.uk/iiif/MS-MOSSERI-IV-00382-00001,mosseriiv382.1
MS-MOSSERI-IV-00382-00002,http://cudl.lib.cam.ac.uk/iiif/MS-MOSSERI-IV-00382-00002,mosseriiv382.2
MS-MOSSERI-IV-00382-00003,http://cudl.lib.cam.ac.uk/iiif/MS-MOSSERI-IV-00382-00003,mosseriiv382.3
MS-MOSSERI-IV-00382-00004,http://cudl.lib.cam.ac.uk/iiif/MS-MOSSERI-IV-00382-00004,mosseriiv382.4
MS-MOSSERI-IV-00383-00001,http://cudl.lib.cam.ac.uk/iiif/MS-MOSSERI-IV-00383-00001,mosseriiv383.1
MS-MOSSERI-IV-00383-00002,http://cudl.lib.cam.ac.uk/iiif/MS-MOSSERI-IV-00383-00002,mosseriiv383.2
MS-MOSSERI-IV-00384,http://cudl.lib.cam.ac.uk/iiif/MS-MOSSERI-IV-00384,mosseriiv384
MS-MOSSERI-IV-00385,http://cudl.lib.cam.ac.uk/iiif/MS-MOSSERI-IV-00385,mosseriiv385
MS-MOSSERI-IV-00386,http://cudl.lib.cam.ac.uk/iiif/MS-MOSSERI-IV-00386,mosseriiv386
MS-MOSSERI-IV-00387-00001,http://cudl.lib.cam.ac.uk/iiif/MS-MOSSERI-IV-00387-00001,mosseriiv387.1
MS-MOSSERI-IV-00387-00002,http://cudl.lib.cam.ac.uk/iiif/MS-MOSSERI-IV-00387-00002,mosseriiv387.2
MS-MOSSERI-IV-00387-00003-A-00001,http://cudl.lib.cam.ac.uk/iiif/MS-MOSSERI-IV-00387-00003-A-00001,mosseriiv387.3a1
MS-MOSSERI-IV-00387-00003-A-00002,http://cudl.lib.cam.ac.uk/iiif/MS-MOSSERI-IV-00387-00003-A-00002,mosseriiv387.3a2
MS-MOSSERI-IV-00387-00003-A-00003,http://cudl.lib.cam.ac.uk/iiif/MS-MOSSERI-IV-00387-00003-A-00003,mosseriiv387.3a3
MS-MOSSERI-IV-00387-00003-B,http://cudl.lib.cam.ac.uk/iiif/MS-MOSSERI-IV-00387-00003-B,mosseriiv387.3b
MS-MOSSERI-IV-00387-00003-C,http://cudl.lib.cam.ac.uk/iiif/MS-MOSSERI-IV-00387-00003-C,mosseriiv387.3c
MS-MOSSERI-IV-00387-00003-D,http://cudl.lib.cam.ac.uk/iiif/MS-MOSSERI-IV-00387-00003-D,mosseriiv387.3d
MS-MOSSERI-IV-00388-00001,http://cudl.lib.cam.ac.uk/iiif/MS-MOSSERI-IV-00388-00001,mosseriiv388.1
MS-MOSSERI-IV-00388-00002,http://cudl.lib.cam.ac.uk/iiif/MS-MOSSERI-IV-00388-00002,mosseriiv388.2
MS-MOSSERI-IV-00388-00003,http://cudl.lib.cam.ac.uk/iiif/MS-MOSSERI-IV-00388-00003,mosseriiv388.3
MS-MOSSERI-IV-00389,http://cudl.lib.cam.ac.uk/iiif/MS-MOSSERI-IV-00389,mosseriiv389
MS-MOSSERI-IV-00390,http://cudl.lib.cam.ac.uk/iiif/MS-MOSSERI-IV-00390,mosseriiv390
MS-MOSSERI-IV-00391-00001,http://cudl.lib.cam.ac.uk/iiif/MS-MOSSERI-IV-00391-00001,mosseriiv391.1
MS-MOSSERI-IV-00391-00002,http://cudl.lib.cam.ac.uk/iiif/MS-MOSSERI-IV-00391-00002,mosseriiv391.2
MS-MOSSERI-IV-00392,http://cudl.lib.cam.ac.uk/iiif/MS-MOSSERI-IV-00392,mosseriiv392
MS-MOSSERI-IX-00047-00001,http://cudl.lib.cam.ac.uk/iiif/MS-MOSSERI-IX-00047-00001,mosseriix47.1
MS-MOSSERI-IX-00047-00002,http://cudl.lib.cam.ac.uk/iiif/MS-MOSSERI-IX-00047-00002,mosseriix47.2
MS-MOSSERI-IX-00118,http://cudl.lib.cam.ac.uk/iiif/MS-MOSSERI-IX-00118,mosseriix118
MS-MOSSERI-IX-00122,http://cudl.lib.cam.ac.uk/iiif/MS-MOSSERI-IX-00122,mosseriix122
MS-MOSSERI-IX-00124,http://cudl.lib.cam.ac.uk/iiif/MS-MOSSERI-IX-00124,mosseriix124
MS-MOSSERI-IX-00126,http://cudl.lib.cam.ac.uk/iiif/MS-MOSSERI-IX-00126,mosseriix126
MS-MOSSERI-IX-00167,http://cudl.lib.cam.ac.uk/iiif/MS-MOSSERI-IX-00167,mosseriix167
MS-MOSSERI-IX-00221-00001,http://cudl.lib.cam.ac.uk/iiif/MS-MOSSERI-IX-00221-00001,mosseriix221.1
MS-MOSSERI-IX-00221-00002,http://cudl.lib.cam.ac.uk/iiif/MS-MOSSERI-IX-00221-00002,mosseriix221.2
MS-MOSSERI-V-00001,http://cudl.lib.cam.ac.uk/iiif/MS-MOSSERI-V-00001,mosseriv1
MS-MOSSERI-V-00002-00001,http://cudl.lib.cam.ac.uk/iiif/MS-MOSSERI-V-00002-00001,mosseriv2.1
MS-MOSSERI-V-00002-00002,http://cudl.lib.cam.ac.uk/iiif/MS-MOSSERI-V-00002-00002,mosseriv2.2
MS-MOSSERI-V-00003,http://cudl.lib.cam.ac.uk/iiif/MS-MOSSERI-V-00003,mosseriv3
MS-MOSSERI-V-00005,http://cudl.lib.cam.ac.uk/iiif/MS-MOSSERI-V-00005,mosseriv5
MS-MOSSERI-V-00006,http://cudl.lib.cam.ac.uk/iiif/MS-MOSSERI-V-00006,mosseriv6
MS-MOSSERI-V-00007-00001,http://cudl.lib.cam.ac.uk/iiif/MS-MOSSERI-V-00007-00001,mosseriv7.1
MS-MOSSERI-V-00007-00002,http://cudl.lib.cam.ac.uk/iiif/MS-MOSSERI-V-00007-00002,mosseriv7.2
MS-MOSSERI-V-00008,http://cudl.lib.cam.ac.uk/iiif/MS-MOSSERI-V-00008,mosseriv8
MS-MOSSERI-V-00009-00001-A,http://cudl.lib.cam.ac.uk/iiif/MS-MOSSERI-V-00009-00001-A,mosseriv9.1a
MS-MOSSERI-V-00009-00001-B,http://cudl.lib.cam.ac.uk/iiif/MS-MOSSERI-V-00009-00001-B,mosseriv9.1b
MS-MOSSERI-V-00009-00001-C,http://cudl.lib.cam.ac.uk/iiif/MS-MOSSERI-V-00009-00001-C,mosseriv9.1c
MS-MOSSERI-V-00009-00001-D,http://cudl.lib.cam.ac.uk/iiif/MS-MOSSERI-V-00009-00001-D,mosseriv9.1d
MS-MOSSERI-V-00009-00001-E,http://cudl.lib.cam.ac.uk/iiif/MS-MOSSERI-V-00009-00001-E,mosseriv9.1e
MS-MOSSERI-V-00009-00001-F,http://cudl.lib.cam.ac.uk/iiif/MS-MOSSERI-V-00009-00001-F,mosseriv9.1f
MS-MOSSERI-V-00009-00002,http://cudl.lib.cam.ac.uk/iiif/MS-MOSSERI-V-00009-00002,mosseriv9.2
MS-MOSSERI-V-00010-00002,http://cudl.lib.cam.ac.uk/iiif/MS-MOSSERI-V-00010-00002,mosseriv10.2
MS-MOSSERI-V-00011,http://cudl.lib.cam.ac.uk/iiif/MS-MOSSERI-V-00011,mosseriv11
MS-MOSSERI-V-00012-00001,http://cudl.lib.cam.ac.uk/iiif/MS-MOSSERI-V-00012-00001,mosseriv12.1
MS-MOSSERI-V-00012-00002,http://cudl.lib.cam.ac.uk/iiif/MS-MOSSERI-V-00012-00002,mosseriv12.2
MS-MOSSERI-V-00012-00003,http://cudl.lib.cam.ac.uk/iiif/MS-MOSSERI-V-00012-00003,mosseriv12.3
MS-MOSSERI-V-00013-00001-A,http://cudl.lib.cam.ac.uk/iiif/MS-MOSSERI-V-00013-00001-A,mosseriv13.1a
MS-MOSSERI-V-00013-00001-B,http://cudl.lib.cam.ac.uk/iiif/MS-MOSSERI-V-00013-00001-B,mosseriv13.1b
MS-MOSSERI-V-00013-00001-C,http://cudl.lib.cam.ac.uk/iiif/MS-MOSSERI-V-00013-00001-C,mosseriv13.1c
MS-MOSSERI-V-00013-00001-D,http://cudl.lib.cam.ac.uk/iiif/MS-MOSSERI-V-00013-00001-D,mosseriv13.1d
MS-MOSSERI-V-00013-00001-E,http://cudl.lib.cam.ac.uk/iiif/MS-MOSSERI-V-00013-00001-E,mosseriv13.1e
MS-MOSSERI-V-00013-00001-F,http://cudl.lib.cam.ac.uk/iiif/MS-MOSSERI-V-00013-00001-F,mosseriv13.1f
MS-MOSSERI-V-00013-00001-G,http://cudl.lib.cam.ac.uk/iiif/MS-MOSSERI-V-00013-00001-G,mosseriv13.1g
MS-MOSSERI-V-00013-00001-H,http://cudl.lib.cam.ac.uk/iiif/MS-MOSSERI-V-00013-00001-H,mosseriv13.1h
MS-MOSSERI-V-00013-00001-I,http://cudl.lib.cam.ac.uk/iiif/MS-MOSSERI-V-00013-00001-I,mosseriv13.1i
MS-MOSSERI-V-00013-00001-J,http://cudl.lib.cam.ac.uk/iiif/MS-MOSSERI-V-00013-00001-J,mosseriv13.1j
MS-MOSSERI-V-00013-00001-K,http://cudl.lib.cam.ac.uk/iiif/MS-MOSSERI-V-00013-00001-K,mosseriv13.1k
MS-MOSSERI-V-00013-00001-L,http://cudl.lib.cam.ac.uk/iiif/MS-MOSSERI-V-00013-00001-L,mosseriv13.1l
MS-MOSSERI-V-00013-00001-M,http://cudl.lib.cam.ac.uk/iiif/MS-MOSSERI-V-00013-00001-M,mosseriv13.1m
MS-MOSSERI-V-00013-00002,http://cudl.lib.cam.ac.uk/iiif/MS-MOSSERI-V-00013-00002,mosseriv13.2
MS-MOSSERI-V-00013-00003,http://cudl.lib.cam.ac.uk/iiif/MS-MOSSERI-V-00013-00003,mosseriv13.3
MS-MOSSERI-V-00013-00004,http://cudl.lib.cam.ac.uk/iiif/MS-MOSSERI-V-00013-00004,mosseriv13.4
MS-MOSSERI-V-00014,http://cudl.lib.cam.ac.uk/iiif/MS-MOSSERI-V-00014,mosseriv14
MS-MOSSERI-V-00015,http://cudl.lib.cam.ac.uk/iiif/MS-MOSSERI-V-00015,mosseriv15
MS-MOSSERI-V-00016-00001,http://cudl.lib.cam.ac.uk/iiif/MS-MOSSERI-V-00016-00001,mosseriv16.1
MS-MOSSERI-V-00016-00002,http://cudl.lib.cam.ac.uk/iiif/MS-MOSSERI-V-00016-00002,mosseriv16.2
MS-MOSSERI-V-00017-00001,http://cudl.lib.cam.ac.uk/iiif/MS-MOSSERI-V-00017-00001,mosseriv17.1
MS-MOSSERI-V-00017-00002-A,http://cudl.lib.cam.ac.uk/iiif/MS-MOSSERI-V-00017-00002-A,mosseriv17.2a
MS-MOSSERI-V-00017-00002-B,http://cudl.lib.cam.ac.uk/iiif/MS-MOSSERI-V-00017-00002-B,mosseriv17.2b
MS-MOSSERI-V-00018-00001,http://cudl.lib.cam.ac.uk/iiif/MS-MOSSERI-V-00018-00001,mosseriv18.1
MS-MOSSERI-V-00018-00002,http://cudl.lib.cam.ac.uk/iiif/MS-MOSSERI-V-00018-00002,mosseriv18.2
MS-MOSSERI-V-00018-00003,http://cudl.lib.cam.ac.uk/iiif/MS-MOSSERI-V-00018-00003,mosseriv18.3
MS-MOSSERI-V-00019-00001,http://cudl.lib.cam.ac.uk/iiif/MS-MOSSERI-V-00019-00001,mosseriv19.1
MS-MOSSERI-V-00019-00002,http://cudl.lib.cam.ac.uk/iiif/MS-MOSSERI-V-00019-00002,mosseriv19.2
MS-MOSSERI-V-00019-00003,http://cudl.lib.cam.ac.uk/iiif/MS-MOSSERI-V-00019-00003,mosseriv19.3
MS-MOSSERI-V-00020,http://cudl.lib.cam.ac.uk/iiif/MS-MOSSERI-V-00020,mosseriv20
MS-MOSSERI-V-00021-00001,http://cudl.lib.cam.ac.uk/iiif/MS-MOSSERI-V-00021-00001,mosseriv21.1
MS-MOSSERI-V-00021-00002,http://cudl.lib.cam.ac.uk/iiif/MS-MOSSERI-V-00021-00002,mosseriv21.2
MS-MOSSERI-V-00022-00001-A,http://cudl.lib.cam.ac.uk/iiif/MS-MOSSERI-V-00022-00001-A,mosseriv22.1a
MS-MOSSERI-V-00022-00001-B,http://cudl.lib.cam.ac.uk/iiif/MS-MOSSERI-V-00022-00001-B,mosseriv22.1b
MS-MOSSERI-V-00022-00001-C,http://cudl.lib.cam.ac.uk/iiif/MS-MOSSERI-V-00022-00001-C,mosseriv22.1c
MS-MOSSERI-V-00022-00001-D,http://cudl.lib.cam.ac.uk/iiif/MS-MOSSERI-V-00022-00001-D,mosseriv22.1d
MS-MOSSERI-V-00022-00001-E,http://cudl.lib.cam.ac.uk/iiif/MS-MOSSERI-V-00022-00001-E,mosseriv22.1e
MS-MOSSERI-V-00022-00002-A,http://cudl.lib.cam.ac.uk/iiif/MS-MOSSERI-V-00022-00002-A,mosseriv22.2a
MS-MOSSERI-V-00022-00002-B,http://cudl.lib.cam.ac.uk/iiif/MS-MOSSERI-V-00022-00002-B,mosseriv22.2b
MS-MOSSERI-V-00022-00003,http://cudl.lib.cam.ac.uk/iiif/MS-MOSSERI-V-00022-00003,mosseriv22.3
MS-MOSSERI-V-00023-00002,http://cudl.lib.cam.ac.uk/iiif/MS-MOSSERI-V-00023-00002,mosseriv23.2
MS-MOSSERI-V-00023-00003,http://cudl.lib.cam.ac.uk/iiif/MS-MOSSERI-V-00023-00003,mosseriv23.3
MS-MOSSERI-V-00024,http://cudl.lib.cam.ac.uk/iiif/MS-MOSSERI-V-00024,mosseriv24
MS-MOSSERI-V-00025,http://cudl.lib.cam.ac.uk/iiif/MS-MOSSERI-V-00025,mosseriv25
MS-MOSSERI-V-00026,http://cudl.lib.cam.ac.uk/iiif/MS-MOSSERI-V-00026,mosseriv26
MS-MOSSERI-V-00027-00001,http://cudl.lib.cam.ac.uk/iiif/MS-MOSSERI-V-00027-00001,mosseriv27.1
MS-MOSSERI-V-00027-00002,http://cudl.lib.cam.ac.uk/iiif/MS-MOSSERI-V-00027-00002,mosseriv27.2
MS-MOSSERI-V-00027-00003,http://cudl.lib.cam.ac.uk/iiif/MS-MOSSERI-V-00027-00003,mosseriv27.3
MS-MOSSERI-V-00027-00004,http://cudl.lib.cam.ac.uk/iiif/MS-MOSSERI-V-00027-00004,mosseriv27.4
MS-MOSSERI-V-00028,http://cudl.lib.cam.ac.uk/iiif/MS-MOSSERI-V-00028,mosseriv28
MS-MOSSERI-V-00029-00001,http://cudl.lib.cam.ac.uk/iiif/MS-MOSSERI-V-00029-00001,mosseriv29.1
MS-MOSSERI-V-00029-00002,http://cudl.lib.cam.ac.uk/iiif/MS-MOSSERI-V-00029-00002,mosseriv29.2
MS-MOSSERI-V-00030,http://cudl.lib.cam.ac.uk/iiif/MS-MOSSERI-V-00030,mosseriv30
MS-MOSSERI-V-00032,http://cudl.lib.cam.ac.uk/iiif/MS-MOSSERI-V-00032,mosseriv32
MS-MOSSERI-V-00033-00001,http://cudl.lib.cam.ac.uk/iiif/MS-MOSSERI-V-00033-00001,mosseriv33.1
MS-MOSSERI-V-00033-00002,http://cudl.lib.cam.ac.uk/iiif/MS-MOSSERI-V-00033-00002,mosseriv33.2
MS-MOSSERI-V-00034-00002,http://cudl.lib.cam.ac.uk/iiif/MS-MOSSERI-V-00034-00002,mosseriv34.2
MS-MOSSERI-V-00034-00003,http://cudl.lib.cam.ac.uk/iiif/MS-MOSSERI-V-00034-00003,mosseriv34.3
MS-MOSSERI-V-00035-00001,http://cudl.lib.cam.ac.uk/iiif/MS-MOSSERI-V-00035-00001,mosseriv35.1
MS-MOSSERI-V-00035-00002,http://cudl.lib.cam.ac.uk/iiif/MS-MOSSERI-V-00035-00002,mosseriv35.2
MS-MOSSERI-V-00035-00003,http://cudl.lib.cam.ac.uk/iiif/MS-MOSSERI-V-00035-00003,mosseriv35.3
MS-MOSSERI-V-00035-00004,http://cudl.lib.cam.ac.uk/iiif/MS-MOSSERI-V-00035-00004,mosseriv35.4
MS-MOSSERI-V-00036,http://cudl.lib.cam.ac.uk/iiif/MS-MOSSERI-V-00036,mosseriv36
MS-MOSSERI-V-00037,http://cudl.lib.cam.ac.uk/iiif/MS-MOSSERI-V-00037,mosseriv37
MS-MOSSERI-V-00038-00001,http://cudl.lib.cam.ac.uk/iiif/MS-MOSSERI-V-00038-00001,mosseriv38.1
MS-MOSSERI-V-00038-00002,http://cudl.lib.cam.ac.uk/iiif/MS-MOSSERI-V-00038-00002,mosseriv38.2
MS-MOSSERI-V-00039-00001,http://cudl.lib.cam.ac.uk/iiif/MS-MOSSERI-V-00039-00001,mosseriv39.1
MS-MOSSERI-V-00039-00002,http://cudl.lib.cam.ac.uk/iiif/MS-MOSSERI-V-00039-00002,mosseriv39.2
MS-MOSSERI-V-00039-00003,http://cudl.lib.cam.ac.uk/iiif/MS-MOSSERI-V-00039-00003,mosseriv39.3
MS-MOSSERI-V-00039-00004,http://cudl.lib.cam.ac.uk/iiif/MS-MOSSERI-V-00039-00004,mosseriv39.4
MS-MOSSERI-V-00039-00005,http://cudl.lib.cam.ac.uk/iiif/MS-MOSSERI-V-00039-00005,mosseriv39.5
MS-MOSSERI-V-00039-00006,http://cudl.lib.cam.ac.uk/iiif/MS-MOSSERI-V-00039-00006,mosseriv39.6
MS-MOSSERI-V-00040-00001,http://cudl.lib.cam.ac.uk/iiif/MS-MOSSERI-V-00040-00001,mosseriv40.1
MS-MOSSERI-V-00040-00002,http://cudl.lib.cam.ac.uk/iiif/MS-MOSSERI-V-00040-00002,mosseriv40.2
MS-MOSSERI-V-00041-00001,http://cudl.lib.cam.ac.uk/iiif/MS-MOSSERI-V-00041-00001,mosseriv41.1
MS-MOSSERI-V-00041-00002,http://cudl.lib.cam.ac.uk/iiif/MS-MOSSERI-V-00041-00002,mosseriv41.2
MS-MOSSERI-V-00042-00001,http://cudl.lib.cam.ac.uk/iiif/MS-MOSSERI-V-00042-00001,mosseriv42.1
MS-MOSSERI-V-00042-00002,http://cudl.lib.cam.ac.uk/iiif/MS-MOSSERI-V-00042-00002,mosseriv42.2
MS-MOSSERI-V-00042-00003,http://cudl.lib.cam.ac.uk/iiif/MS-MOSSERI-V-00042-00003,mosseriv42.3
MS-MOSSERI-V-00043-00001,http://cudl.lib.cam.ac.uk/iiif/MS-MOSSERI-V-00043-00001,mosseriv43.1
MS-MOSSERI-V-00043-00002,http://cudl.lib.cam.ac.uk/iiif/MS-MOSSERI-V-00043-00002,mosseriv43.2
MS-MOSSERI-V-00044-00001,http://cudl.lib.cam.ac.uk/iiif/MS-MOSSERI-V-00044-00001,mosseriv44.1
MS-MOSSERI-V-00044-00002,http://cudl.lib.cam.ac.uk/iiif/MS-MOSSERI-V-00044-00002,mosseriv44.2
MS-MOSSERI-V-00044-00003,http://cudl.lib.cam.ac.uk/iiif/MS-MOSSERI-V-00044-00003,mosseriv44.3
MS-MOSSERI-V-00044-00004,http://cudl.lib.cam.ac.uk/iiif/MS-MOSSERI-V-00044-00004,mosseriv44.4
MS-MOSSERI-V-00045-00001,http://cudl.lib.cam.ac.uk/iiif/MS-MOSSERI-V-00045-00001,mosseriv45.1
MS-MOSSERI-V-00045-00002,http://cudl.lib.cam.ac.uk/iiif/MS-MOSSERI-V-00045-00002,mosseriv45.2
MS-MOSSERI-V-00046-00001,http://cudl.lib.cam.ac.uk/iiif/MS-MOSSERI-V-00046-00001,mosseriv46.1
MS-MOSSERI-V-00046-00002,http://cudl.lib.cam.ac.uk/iiif/MS-MOSSERI-V-00046-00002,mosseriv46.2
MS-MOSSERI-V-00047,http://cudl.lib.cam.ac.uk/iiif/MS-MOSSERI-V-00047,mosseriv47
MS-MOSSERI-V-00048-00001,http://cudl.lib.cam.ac.uk/iiif/MS-MOSSERI-V-00048-00001,mosseriv48.1
MS-MOSSERI-V-00048-00002,http://cudl.lib.cam.ac.uk/iiif/MS-MOSSERI-V-00048-00002,mosseriv48.2
MS-MOSSERI-V-00049-00001,http://cudl.lib.cam.ac.uk/iiif/MS-MOSSERI-V-00049-00001,mosseriv49.1
MS-MOSSERI-V-00049-00002,http://cudl.lib.cam.ac.uk/iiif/MS-MOSSERI-V-00049-00002,mosseriv49.2
MS-MOSSERI-V-00049-00003,http://cudl.lib.cam.ac.uk/iiif/MS-MOSSERI-V-00049-00003,mosseriv49.3
MS-MOSSERI-V-00050,http://cudl.lib.cam.ac.uk/iiif/MS-MOSSERI-V-00050,mosseriv50
MS-MOSSERI-V-00051-00001-A,http://cudl.lib.cam.ac.uk/iiif/MS-MOSSERI-V-00051-00001-A,mosseriv51.1a
MS-MOSSERI-V-00051-00001-B,http://cudl.lib.cam.ac.uk/iiif/MS-MOSSERI-V-00051-00001-B,mosseriv51.1b
MS-MOSSERI-V-00051-00002,http://cudl.lib.cam.ac.uk/iiif/MS-MOSSERI-V-00051-00002,mosseriv51.2
MS-MOSSERI-V-00051-00003,http://cudl.lib.cam.ac.uk/iiif/MS-MOSSERI-V-00051-00003,mosseriv51.3
MS-MOSSERI-V-00051-00004,http://cudl.lib.cam.ac.uk/iiif/MS-MOSSERI-V-00051-00004,mosseriv51.4
MS-MOSSERI-V-00052-00001,http://cudl.lib.cam.ac.uk/iiif/MS-MOSSERI-V-00052-00001,mosseriv52.1
MS-MOSSERI-V-00052-00002,http://cudl.lib.cam.ac.uk/iiif/MS-MOSSERI-V-00052-00002,mosseriv52.2
MS-MOSSERI-V-00053-A,http://cudl.lib.cam.ac.uk/iiif/MS-MOSSERI-V-00053-A,mosseriv53a
MS-MOSSERI-V-00053-B,http://cudl.lib.cam.ac.uk/iiif/MS-MOSSERI-V-00053-B,mosseriv53b
MS-MOSSERI-V-00053-C,http://cudl.lib.cam.ac.uk/iiif/MS-MOSSERI-V-00053-C,mosseriv53c
MS-MOSSERI-V-00053-D,http://cudl.lib.cam.ac.uk/iiif/MS-MOSSERI-V-00053-D,mosseriv53d
MS-MOSSERI-V-00055-00001,http://cudl.lib.cam.ac.uk/iiif/MS-MOSSERI-V-00055-00001,mosseriv55.1
MS-MOSSERI-V-00055-00002,http://cudl.lib.cam.ac.uk/iiif/MS-MOSSERI-V-00055-00002,mosseriv55.2
MS-MOSSERI-V-00056,http://cudl.lib.cam.ac.uk/iiif/MS-MOSSERI-V-00056,mosseriv56
MS-MOSSERI-V-00057-00001,http://cudl.lib.cam.ac.uk/iiif/MS-MOSSERI-V-00057-00001,mosseriv57.1
MS-MOSSERI-V-00057-00002-A,http://cudl.lib.cam.ac.uk/iiif/MS-MOSSERI-V-00057-00002-A,mosseriv57.2a
MS-MOSSERI-V-00057-00002-B,http://cudl.lib.cam.ac.uk/iiif/MS-MOSSERI-V-00057-00002-B,mosseriv57.2b
MS-MOSSERI-V-00058,http://cudl.lib.cam.ac.uk/iiif/MS-MOSSERI-V-00058,mosseriv58
MS-MOSSERI-V-00059-00001,http://cudl.lib.cam.ac.uk/iiif/MS-MOSSERI-V-00059-00001,mosseriv59.1
MS-MOSSERI-V-00059-00002,http://cudl.lib.cam.ac.uk/iiif/MS-MOSSERI-V-00059-00002,mosseriv59.2
MS-MOSSERI-V-00060-00001,http://cudl.lib.cam.ac.uk/iiif/MS-MOSSERI-V-00060-00001,mosseriv60.1
MS-MOSSERI-V-00060-00002,http://cudl.lib.cam.ac.uk/iiif/MS-MOSSERI-V-00060-00002,mosseriv60.2
MS-MOSSERI-V-00061-00001,http://cudl.lib.cam.ac.uk/iiif/MS-MOSSERI-V-00061-00001,mosseriv61.1
MS-MOSSERI-V-00069-00001,http://cudl.lib.cam.ac.uk/iiif/MS-MOSSERI-V-00069-00001,mosseriv69.1
MS-MOSSERI-V-00072-00001,http://cudl.lib.cam.ac.uk/iiif/MS-MOSSERI-V-00072-00001,mosseriv72.1
MS-MOSSERI-V-00074-00002,http://cudl.lib.cam.ac.uk/iiif/MS-MOSSERI-V-00074-00002,mosseriv74.2
MS-MOSSERI-V-00080,http://cudl.lib.cam.ac.uk/iiif/MS-MOSSERI-V-00080,mosseriv80
MS-MOSSERI-V-00089-00002,http://cudl.lib.cam.ac.uk/iiif/MS-MOSSERI-V-00089-00002,mosseriv89.2
MS-MOSSERI-V-00116-00001,http://cudl.lib.cam.ac.uk/iiif/MS-MOSSERI-V-00116-00001,mosseriv116.1
MS-MOSSERI-V-00117-00004,http://cudl.lib.cam.ac.uk/iiif/MS-MOSSERI-V-00117-00004,mosseriv117.4
MS-MOSSERI-V-00130-00001,http://cudl.lib.cam.ac.uk/iiif/MS-MOSSERI-V-00130-00001,mosseriv130.1
MS-MOSSERI-V-00130-00002,http://cudl.lib.cam.ac.uk/iiif/MS-MOSSERI-V-00130-00002,mosseriv130.2
MS-MOSSERI-V-00133,http://cudl.lib.cam.ac.uk/iiif/MS-MOSSERI-V-00133,mosseriv133
MS-MOSSERI-V-00142-00002,http://cudl.lib.cam.ac.uk/iiif/MS-MOSSERI-V-00142-00002,mosseriv142.2
MS-MOSSERI-V-00142-00003,http://cudl.lib.cam.ac.uk/iiif/MS-MOSSERI-V-00142-00003,mosseriv142.3
MS-MOSSERI-V-00153-00001,http://cudl.lib.cam.ac.uk/iiif/MS-MOSSERI-V-00153-00001,mosseriv153.1
MS-MOSSERI-V-00153-00004,http://cudl.lib.cam.ac.uk/iiif/MS-MOSSERI-V-00153-00004,mosseriv153.4
MS-MOSSERI-V-00167-00001,http://cudl.lib.cam.ac.uk/iiif/MS-MOSSERI-V-00167-00001,mosseriv167.1
MS-MOSSERI-V-00167-00002,http://cudl.lib.cam.ac.uk/iiif/MS-MOSSERI-V-00167-00002,mosseriv167.2
MS-MOSSERI-V-00183-00001,http://cudl.lib.cam.ac.uk/iiif/MS-MOSSERI-V-00183-00001,mosseriv183.1
MS-MOSSERI-V-00183-00002,http://cudl.lib.cam.ac.uk/iiif/MS-MOSSERI-V-00183-00002,mosseriv183.2
MS-MOSSERI-V-00183-00003,http://cudl.lib.cam.ac.uk/iiif/MS-MOSSERI-V-00183-00003,mosseriv183.3
MS-MOSSERI-V-00183-00004,http://cudl.lib.cam.ac.uk/iiif/MS-MOSSERI-V-00183-00004,mosseriv183.4
MS-MOSSERI-V-00183-00005,http://cudl.lib.cam.ac.uk/iiif/MS-MOSSERI-V-00183-00005,mosseriv183.5
MS-MOSSERI-V-00183-00006,http://cudl.lib.cam.ac.uk/iiif/MS-MOSSERI-V-00183-00006,mosseriv183.6
MS-MOSSERI-V-00184-00001,http://cudl.lib.cam.ac.uk/iiif/MS-MOSSERI-V-00184-00001,mosseriv184.1
MS-MOSSERI-V-00189,http://cudl.lib.cam.ac.uk/iiif/MS-MOSSERI-V-00189,mosseriv189
MS-MOSSERI-V-00199-00001,http://cudl.lib.cam.ac.uk/iiif/MS-MOSSERI-V-00199-00001,mosseriv199.1
MS-MOSSERI-V-00199-00002,http://cudl.lib.cam.ac.uk/iiif/MS-MOSSERI-V-00199-00002,mosseriv199.2
MS-MOSSERI-V-00200-00001,http://cudl.lib.cam.ac.uk/iiif/MS-MOSSERI-V-00200-00001,mosseriv200.1
MS-MOSSERI-V-00200-00002,http://cudl.lib.cam.ac.uk/iiif/MS-MOSSERI-V-00200-00002,mosseriv200.2
MS-MOSSERI-V-00200-00003,http://cudl.lib.cam.ac.uk/iiif/MS-MOSSERI-V-00200-00003,mosseriv200.3
MS-MOSSERI-V-00201,http://cudl.lib.cam.ac.uk/iiif/MS-MOSSERI-V-00201,mosseriv201
MS-MOSSERI-V-00202,http://cudl.lib.cam.ac.uk/iiif/MS-MOSSERI-V-00202,mosseriv202
MS-MOSSERI-V-00203,http://cudl.lib.cam.ac.uk/iiif/MS-MOSSERI-V-00203,mosseriv203
MS-MOSSERI-V-00204,http://cudl.lib.cam.ac.uk/iiif/MS-MOSSERI-V-00204,mosseriv204
MS-MOSSERI-V-00206,http://cudl.lib.cam.ac.uk/iiif/MS-MOSSERI-V-00206,mosseriv206
MS-MOSSERI-V-00220,http://cudl.lib.cam.ac.uk/iiif/MS-MOSSERI-V-00220,mosseriv220
MS-MOSSERI-V-00222,http://cudl.lib.cam.ac.uk/iiif/MS-MOSSERI-V-00222,mosseriv222
MS-MOSSERI-V-00223,http://cudl.lib.cam.ac.uk/iiif/MS-MOSSERI-V-00223,mosseriv223
MS-MOSSERI-V-00224,http://cudl.lib.cam.ac.uk/iiif/MS-MOSSERI-V-00224,mosseriv224
MS-MOSSERI-V-00225-00001,http://cudl.lib.cam.ac.uk/iiif/MS-MOSSERI-V-00225-00001,mosseriv225.1
MS-MOSSERI-V-00225-00002,http://cudl.lib.cam.ac.uk/iiif/MS-MOSSERI-V-00225-00002,mosseriv225.2
MS-MOSSERI-V-00227,http://cudl.lib.cam.ac.uk/iiif/MS-MOSSERI-V-00227,mosseriv227
MS-MOSSERI-V-00228,http://cudl.lib.cam.ac.uk/iiif/MS-MOSSERI-V-00228,mosseriv228
MS-MOSSERI-V-00229,http://cudl.lib.cam.ac.uk/iiif/MS-MOSSERI-V-00229,mosseriv229
MS-MOSSERI-V-00230-00001,http://cudl.lib.cam.ac.uk/iiif/MS-MOSSERI-V-00230-00001,mosseriv230.1
MS-MOSSERI-V-00230-00002,http://cudl.lib.cam.ac.uk/iiif/MS-MOSSERI-V-00230-00002,mosseriv230.2
MS-MOSSERI-V-00231-00001,http://cudl.lib.cam.ac.uk/iiif/MS-MOSSERI-V-00231-00001,mosseriv231.1
MS-MOSSERI-V-00231-00002,http://cudl.lib.cam.ac.uk/iiif/MS-MOSSERI-V-00231-00002,mosseriv231.2
MS-MOSSERI-V-00232-00001,http://cudl.lib.cam.ac.uk/iiif/MS-MOSSERI-V-00232-00001,mosseriv232.1
MS-MOSSERI-V-00232-00002,http://cudl.lib.cam.ac.uk/iiif/MS-MOSSERI-V-00232-00002,mosseriv232.2
MS-MOSSERI-V-00234-00001,http://cudl.lib.cam.ac.uk/iiif/MS-MOSSERI-V-00234-00001,mosseriv234.1
MS-MOSSERI-V-00234-00002,http://cudl.lib.cam.ac.uk/iiif/MS-MOSSERI-V-00234-00002,mosseriv234.2
MS-MOSSERI-V-00236-00001,http://cudl.lib.cam.ac.uk/iiif/MS-MOSSERI-V-00236-00001,mosseriv236.1
MS-MOSSERI-V-00236-00002,http://cudl.lib.cam.ac.uk/iiif/MS-MOSSERI-V-00236-00002,mosseriv236.2
MS-MOSSERI-V-00236-00003,http://cudl.lib.cam.ac.uk/iiif/MS-MOSSERI-V-00236-00003,mosseriv236.3
MS-MOSSERI-V-00240,http://cudl.lib.cam.ac.uk/iiif/MS-MOSSERI-V-00240,mosseriv240
MS-MOSSERI-V-00241,http://cudl.lib.cam.ac.uk/iiif/MS-MOSSERI-V-00241,mosseriv241
MS-MOSSERI-V-00257-00003,http://cudl.lib.cam.ac.uk/iiif/MS-MOSSERI-V-00257-00003,mosseriv257.3
MS-MOSSERI-V-00258-00001,http://cudl.lib.cam.ac.uk/iiif/MS-MOSSERI-V-00258-00001,mosseriv258.1
MS-MOSSERI-V-00258-00002,http://cudl.lib.cam.ac.uk/iiif/MS-MOSSERI-V-00258-00002,mosseriv258.2
MS-MOSSERI-V-00258-00004,http://cudl.lib.cam.ac.uk/iiif/MS-MOSSERI-V-00258-00004,mosseriv258.4
MS-MOSSERI-V-00260,http://cudl.lib.cam.ac.uk/iiif/MS-MOSSERI-V-00260,mosseriv260
MS-MOSSERI-V-00261-00001,http://cudl.lib.cam.ac.uk/iiif/MS-MOSSERI-V-00261-00001,mosseriv261.1
MS-MOSSERI-V-00261-00002,http://cudl.lib.cam.ac.uk/iiif/MS-MOSSERI-V-00261-00002,mosseriv261.2
MS-MOSSERI-V-00265,http://cudl.lib.cam.ac.uk/iiif/MS-MOSSERI-V-00265,mosseriv265
MS-MOSSERI-V-00266,http://cudl.lib.cam.ac.uk/iiif/MS-MOSSERI-V-00266,mosseriv266
MS-MOSSERI-V-00270-B,http://cudl.lib.cam.ac.uk/iiif/MS-MOSSERI-V-00270-B,mosseriv270b
MS-MOSSERI-V-00270-C,http://cudl.lib.cam.ac.uk/iiif/MS-MOSSERI-V-00270-C,mosseriv270c
MS-MOSSERI-V-00270-D,http://cudl.lib.cam.ac.uk/iiif/MS-MOSSERI-V-00270-D,mosseriv270d
MS-MOSSERI-V-00270-E,http://cudl.lib.cam.ac.uk/iiif/MS-MOSSERI-V-00270-E,mosseriv270e
MS-MOSSERI-V-00270-F,http://cudl.lib.cam.ac.uk/iiif/MS-MOSSERI-V-00270-F,mosseriv270f
MS-MOSSERI-V-00274-00001,http://cudl.lib.cam.ac.uk/iiif/MS-MOSSERI-V-00274-00001,mosseriv274.1
MS-MOSSERI-V-00274-00002-A,http://cudl.lib.cam.ac.uk/iiif/MS-MOSSERI-V-00274-00002-A,mosseriv274.2a
MS-MOSSERI-V-00274-00002-B,http://cudl.lib.cam.ac.uk/iiif/MS-MOSSERI-V-00274-00002-B,mosseriv274.2b
MS-MOSSERI-V-00274-00003,http://cudl.lib.cam.ac.uk/iiif/MS-MOSSERI-V-00274-00003,mosseriv274.3
MS-MOSSERI-V-00276,http://cudl.lib.cam.ac.uk/iiif/MS-MOSSERI-V-00276,mosseriv276
MS-MOSSERI-V-00282,http://cudl.lib.cam.ac.uk/iiif/MS-MOSSERI-V-00282,mosseriv282
MS-MOSSERI-V-00285-A,http://cudl.lib.cam.ac.uk/iiif/MS-MOSSERI-V-00285-A,mosseriv285a
MS-MOSSERI-V-00285-B,http://cudl.lib.cam.ac.uk/iiif/MS-MOSSERI-V-00285-B,mosseriv285b
MS-MOSSERI-V-00289,http://cudl.lib.cam.ac.uk/iiif/MS-MOSSERI-V-00289,mosseriv289
MS-MOSSERI-V-00291-00001,http://cudl.lib.cam.ac.uk/iiif/MS-MOSSERI-V-00291-00001,mosseriv291.1
MS-MOSSERI-V-00291-00002,http://cudl.lib.cam.ac.uk/iiif/MS-MOSSERI-V-00291-00002,mosseriv291.2
MS-MOSSERI-V-00292,http://cudl.lib.cam.ac.uk/iiif/MS-MOSSERI-V-00292,mosseriv292
MS-MOSSERI-V-00296-00005,http://cudl.lib.cam.ac.uk/iiif/MS-MOSSERI-V-00296-00005,mosseriv296.5
MS-MOSSERI-V-00298-00001,http://cudl.lib.cam.ac.uk/iiif/MS-MOSSERI-V-00298-00001,mosseriv298.1
MS-MOSSERI-V-00302,http://cudl.lib.cam.ac.uk/iiif/MS-MOSSERI-V-00302,mosseriv302
MS-MOSSERI-V-00303,http://cudl.lib.cam.ac.uk/iiif/MS-MOSSERI-V-00303,mosseriv303
MS-MOSSERI-V-00304,http://cudl.lib.cam.ac.uk/iiif/MS-MOSSERI-V-00304,mosseriv304
MS-MOSSERI-V-00305,http://cudl.lib.cam.ac.uk/iiif/MS-MOSSERI-V-00305,mosseriv305
MS-MOSSERI-V-00310,http://cudl.lib.cam.ac.uk/iiif/MS-MOSSERI-V-00310,mosseriv310
MS-MOSSERI-V-00311,http://cudl.lib.cam.ac.uk/iiif/MS-MOSSERI-V-00311,mosseriv311
MS-MOSSERI-V-00313,http://cudl.lib.cam.ac.uk/iiif/MS-MOSSERI-V-00313,mosseriv313
MS-MOSSERI-V-00314,http://cudl.lib.cam.ac.uk/iiif/MS-MOSSERI-V-00314,mosseriv314
MS-MOSSERI-V-00316,http://cudl.lib.cam.ac.uk/iiif/MS-MOSSERI-V-00316,mosseriv316
MS-MOSSERI-V-00319,http://cudl.lib.cam.ac.uk/iiif/MS-MOSSERI-V-00319,mosseriv319
MS-MOSSERI-V-00321-00001-A,http://cudl.lib.cam.ac.uk/iiif/MS-MOSSERI-V-00321-00001-A,mosseriv321.1a
MS-MOSSERI-V-00321-00001-B,http://cudl.lib.cam.ac.uk/iiif/MS-MOSSERI-V-00321-00001-B,mosseriv321.1b
MS-MOSSERI-V-00322-00001,http://cudl.lib.cam.ac.uk/iiif/MS-MOSSERI-V-00322-00001,mosseriv322.1
MS-MOSSERI-V-00322-00002,http://cudl.lib.cam.ac.uk/iiif/MS-MOSSERI-V-00322-00002,mosseriv322.2
MS-MOSSERI-V-00323-00002,http://cudl.lib.cam.ac.uk/iiif/MS-MOSSERI-V-00323-00002,mosseriv323.2
MS-MOSSERI-V-00325-00001,http://cudl.lib.cam.ac.uk/iiif/MS-MOSSERI-V-00325-00001,mosseriv325.1
MS-MOSSERI-V-00326-00002,http://cudl.lib.cam.ac.uk/iiif/MS-MOSSERI-V-00326-00002,mosseriv326.2
MS-MOSSERI-V-00326-00003,http://cudl.lib.cam.ac.uk/iiif/MS-MOSSERI-V-00326-00003,mosseriv326.3
MS-MOSSERI-V-00326-00004,http://cudl.lib.cam.ac.uk/iiif/MS-MOSSERI-V-00326-00004,mosseriv326.4
MS-MOSSERI-V-00327,http://cudl.lib.cam.ac.uk/iiif/MS-MOSSERI-V-00327,mosseriv327
MS-MOSSERI-V-00328-00001,http://cudl.lib.cam.ac.uk/iiif/MS-MOSSERI-V-00328-00001,mosseriv328.1
MS-MOSSERI-V-00329,http://cudl.lib.cam.ac.uk/iiif/MS-MOSSERI-V-00329,mosseriv329
MS-MOSSERI-V-00333-00001,http://cudl.lib.cam.ac.uk/iiif/MS-MOSSERI-V-00333-00001,mosseriv333.1
MS-MOSSERI-V-00334-00001,http://cudl.lib.cam.ac.uk/iiif/MS-MOSSERI-V-00334-00001,mosseriv334.1
MS-MOSSERI-V-00334-00002,http://cudl.lib.cam.ac.uk/iiif/MS-MOSSERI-V-00334-00002,mosseriv334.2
MS-MOSSERI-V-00335-00002,http://cudl.lib.cam.ac.uk/iiif/MS-MOSSERI-V-00335-00002,mosseriv335.2
MS-MOSSERI-V-00336-00001,http://cudl.lib.cam.ac.uk/iiif/MS-MOSSERI-V-00336-00001,mosseriv336.1
MS-MOSSERI-V-00336-00002,http://cudl.lib.cam.ac.uk/iiif/MS-MOSSERI-V-00336-00002,mosseriv336.2
MS-MOSSERI-V-00336-00003,http://cudl.lib.cam.ac.uk/iiif/MS-MOSSERI-V-00336-00003,mosseriv336.3
MS-MOSSERI-V-00337-00001,http://cudl.lib.cam.ac.uk/iiif/MS-MOSSERI-V-00337-00001,mosseriv337.1
MS-MOSSERI-V-00337-00002,http://cudl.lib.cam.ac.uk/iiif/MS-MOSSERI-V-00337-00002,mosseriv337.2
MS-MOSSERI-V-00338-00001,http://cudl.lib.cam.ac.uk/iiif/MS-MOSSERI-V-00338-00001,mosseriv338.1
MS-MOSSERI-V-00338-00002,http://cudl.lib.cam.ac.uk/iiif/MS-MOSSERI-V-00338-00002,mosseriv338.2
MS-MOSSERI-V-00338-00003,http://cudl.lib.cam.ac.uk/iiif/MS-MOSSERI-V-00338-00003,mosseriv338.3
MS-MOSSERI-V-00339,http://cudl.lib.cam.ac.uk/iiif/MS-MOSSERI-V-00339,mosseriv339
MS-MOSSERI-V-00341-00001,http://cudl.lib.cam.ac.uk/iiif/MS-MOSSERI-V-00341-00001,mosseriv341.1
MS-MOSSERI-V-00341-00002,http://cudl.lib.cam.ac.uk/iiif/MS-MOSSERI-V-00341-00002,mosseriv341.2
MS-MOSSERI-V-00342-00001,http://cudl.lib.cam.ac.uk/iiif/MS-MOSSERI-V-00342-00001,mosseriv342.1
MS-MOSSERI-V-00342-00002,http://cudl.lib.cam.ac.uk/iiif/MS-MOSSERI-V-00342-00002,mosseriv342.2
MS-MOSSERI-V-00344-00002,http://cudl.lib.cam.ac.uk/iiif/MS-MOSSERI-V-00344-00002,mosseriv344.2
MS-MOSSERI-V-00345-00001,http://cudl.lib.cam.ac.uk/iiif/MS-MOSSERI-V-00345-00001,mosseriv345.1
MS-MOSSERI-V-00353-00001,http://cudl.lib.cam.ac.uk/iiif/MS-MOSSERI-V-00353-00001,mosseriv353.1
MS-MOSSERI-V-00353-00002,http://cudl.lib.cam.ac.uk/iiif/MS-MOSSERI-V-00353-00002,mosseriv353.2
MS-MOSSERI-V-00354-00001,http://cudl.lib.cam.ac.uk/iiif/MS-MOSSERI-V-00354-00001,mosseriv354.1
MS-MOSSERI-V-00354-00002,http://cudl.lib.cam.ac.uk/iiif/MS-MOSSERI-V-00354-00002,mosseriv354.2
MS-MOSSERI-V-00354-00003,http://cudl.lib.cam.ac.uk/iiif/MS-MOSSERI-V-00354-00003,mosseriv354.3
MS-MOSSERI-V-00354-00004,http://cudl.lib.cam.ac.uk/iiif/MS-MOSSERI-V-00354-00004,mosseriv354.4
MS-MOSSERI-V-00355,http://cudl.lib.cam.ac.uk/iiif/MS-MOSSERI-V-00355,mosseriv355
MS-MOSSERI-V-00356,http://cudl.lib.cam.ac.uk/iiif/MS-MOSSERI-V-00356,mosseriv356
MS-MOSSERI-V-00361-00001,http://cudl.lib.cam.ac.uk/iiif/MS-MOSSERI-V-00361-00001,mosseriv361.1
MS-MOSSERI-V-00361-00002,http://cudl.lib.cam.ac.uk/iiif/MS-MOSSERI-V-00361-00002,mosseriv361.2
MS-MOSSERI-V-00363-00002,http://cudl.lib.cam.ac.uk/iiif/MS-MOSSERI-V-00363-00002,mosseriv363.2
MS-MOSSERI-V-00363-00003,http://cudl.lib.cam.ac.uk/iiif/MS-MOSSERI-V-00363-00003,mosseriv363.3
MS-MOSSERI-V-00363-00005,http://cudl.lib.cam.ac.uk/iiif/MS-MOSSERI-V-00363-00005,mosseriv363.5
MS-MOSSERI-V-00366-00001,http://cudl.lib.cam.ac.uk/iiif/MS-MOSSERI-V-00366-00001,mosseriv366.1
MS-MOSSERI-V-00366-00002,http://cudl.lib.cam.ac.uk/iiif/MS-MOSSERI-V-00366-00002,mosseriv366.2
MS-MOSSERI-V-00369,http://cudl.lib.cam.ac.uk/iiif/MS-MOSSERI-V-00369,mosseriv369
MS-MOSSERI-V-00372-00005,http://cudl.lib.cam.ac.uk/iiif/MS-MOSSERI-V-00372-00005,mosseriv372.5
MS-MOSSERI-V-00372-00006,http://cudl.lib.cam.ac.uk/iiif/MS-MOSSERI-V-00372-00006,mosseriv372.6
MS-MOSSERI-V-00374,http://cudl.lib.cam.ac.uk/iiif/MS-MOSSERI-V-00374,mosseriv374
MS-MOSSERI-V-00376,http://cudl.lib.cam.ac.uk/iiif/MS-MOSSERI-V-00376,mosseriv376
MS-MOSSERI-V-00377,http://cudl.lib.cam.ac.uk/iiif/MS-MOSSERI-V-00377,mosseriv377
MS-MOSSERI-V-00387,http://cudl.lib.cam.ac.uk/iiif/MS-MOSSERI-V-00387,mosseriv387
MS-MOSSERI-V-00388-A,http://cudl.lib.cam.ac.uk/iiif/MS-MOSSERI-V-00388-A,mosseriv388a
MS-MOSSERI-V-00388-B,http://cudl.lib.cam.ac.uk/iiif/MS-MOSSERI-V-00388-B,mosseriv388b
MS-MOSSERI-V-00388-C,http://cudl.lib.cam.ac.uk/iiif/MS-MOSSERI-V-00388-C,mosseriv388c
MS-MOSSERI-V-00388-D,http://cudl.lib.cam.ac.uk/iiif/MS-MOSSERI-V-00388-D,mosseriv388d
MS-MOSSERI-V-00390-00001,http://cudl.lib.cam.ac.uk/iiif/MS-MOSSERI-V-00390-00001,mosseriv390.1
MS-MOSSERI-V-00390-00002,http://cudl.lib.cam.ac.uk/iiif/MS-MOSSERI-V-00390-00002,mosseriv390.2
MS-MOSSERI-V-00390-00003,http://cudl.lib.cam.ac.uk/iiif/MS-MOSSERI-V-00390-00003,mosseriv390.3
MS-MOSSERI-V-00392-00001-A,http://cudl.lib.cam.ac.uk/iiif/MS-MOSSERI-V-00392-00001-A,mosseriv392.1a
MS-MOSSERI-V-00392-00001-B,http://cudl.lib.cam.ac.uk/iiif/MS-MOSSERI-V-00392-00001-B,mosseriv392.1b
MS-MOSSERI-V-00392-00002,http://cudl.lib.cam.ac.uk/iiif/MS-MOSSERI-V-00392-00002,mosseriv392.2
MS-MOSSERI-V-00392,http://cudl.lib.cam.ac.uk/iiif/MS-MOSSERI-V-00392,mosseriv392
MS-MOSSERI-V-00393-00001,http://cudl.lib.cam.ac.uk/iiif/MS-MOSSERI-V-00393-00001,mosseriv393.1
MS-MOSSERI-V-00393-00003,http://cudl.lib.cam.ac.uk/iiif/MS-MOSSERI-V-00393-00003,mosseriv393.3
MS-MOSSERI-V-00394-00001,http://cudl.lib.cam.ac.uk/iiif/MS-MOSSERI-V-00394-00001,mosseriv394.1
MS-MOSSERI-V-00394-00002,http://cudl.lib.cam.ac.uk/iiif/MS-MOSSERI-V-00394-00002,mosseriv394.2
MS-MOSSERI-VI-00002-00001,http://cudl.lib.cam.ac.uk/iiif/MS-MOSSERI-VI-00002-00001,mosserivi2.1
MS-MOSSERI-VI-00002-00002,http://cudl.lib.cam.ac.uk/iiif/MS-MOSSERI-VI-00002-00002,mosserivi2.2
MS-MOSSERI-VI-00003,http://cudl.lib.cam.ac.uk/iiif/MS-MOSSERI-VI-00003,mosserivi3
MS-MOSSERI-VI-00004-00002,http://cudl.lib.cam.ac.uk/iiif/MS-MOSSERI-VI-00004-00002,mosserivi4.2
MS-MOSSERI-VI-00006-00001,http://cudl.lib.cam.ac.uk/iiif/MS-MOSSERI-VI-00006-00001,mosserivi6.1
MS-MOSSERI-VI-00006-00002,http://cudl.lib.cam.ac.uk/iiif/MS-MOSSERI-VI-00006-00002,mosserivi6.2
MS-MOSSERI-VI-00007-00001,http://cudl.lib.cam.ac.uk/iiif/MS-MOSSERI-VI-00007-00001,mosserivi7.1
MS-MOSSERI-VI-00007-00002,http://cudl.lib.cam.ac.uk/iiif/MS-MOSSERI-VI-00007-00002,mosserivi7.2
MS-MOSSERI-VI-00007-00003,http://cudl.lib.cam.ac.uk/iiif/MS-MOSSERI-VI-00007-00003,mosserivi7.3
MS-MOSSERI-VI-00007-00004,http://cudl.lib.cam.ac.uk/iiif/MS-MOSSERI-VI-00007-00004,mosserivi7.4
MS-MOSSERI-VI-00008-00001,http://cudl.lib.cam.ac.uk/iiif/MS-MOSSERI-VI-00008-00001,mosserivi8.1
MS-MOSSERI-VI-00008-00002,http://cudl.lib.cam.ac.uk/iiif/MS-MOSSERI-VI-00008-00002,mosserivi8.2
MS-MOSSERI-VI-00009-00001,http://cudl.lib.cam.ac.uk/iiif/MS-MOSSERI-VI-00009-00001,mosserivi9.1
MS-MOSSERI-VI-00009-00002,http://cudl.lib.cam.ac.uk/iiif/MS-MOSSERI-VI-00009-00002,mosserivi9.2
MS-MOSSERI-VI-00009-00003,http://cudl.lib.cam.ac.uk/iiif/MS-MOSSERI-VI-00009-00003,mosserivi9.3
MS-MOSSERI-VI-00010,http://cudl.lib.cam.ac.uk/iiif/MS-MOSSERI-VI-00010,mosserivi10
MS-MOSSERI-VI-00011-00001,http://cudl.lib.cam.ac.uk/iiif/MS-MOSSERI-VI-00011-00001,mosserivi11.1
MS-MOSSERI-VI-00011-00002,http://cudl.lib.cam.ac.uk/iiif/MS-MOSSERI-VI-00011-00002,mosserivi11.2
MS-MOSSERI-VI-00012,http://cudl.lib.cam.ac.uk/iiif/MS-MOSSERI-VI-00012,mosserivi12
MS-MOSSERI-VI-00013-00001,http://cudl.lib.cam.ac.uk/iiif/MS-MOSSERI-VI-00013-00001,mosserivi13.1
MS-MOSSERI-VI-00014-00001,http://cudl.lib.cam.ac.uk/iiif/MS-MOSSERI-VI-00014-00001,mosserivi14.1
MS-MOSSERI-VI-00014-00002,http://cudl.lib.cam.ac.uk/iiif/MS-MOSSERI-VI-00014-00002,mosserivi14.2
MS-MOSSERI-VI-00014-00003,http://cudl.lib.cam.ac.uk/iiif/MS-MOSSERI-VI-00014-00003,mosserivi14.3
MS-MOSSERI-VI-00014-00004,http://cudl.lib.cam.ac.uk/iiif/MS-MOSSERI-VI-00014-00004,mosserivi14.4
MS-MOSSERI-VI-00014-00005,http://cudl.lib.cam.ac.uk/iiif/MS-MOSSERI-VI-00014-00005,mosserivi14.5
MS-MOSSERI-VI-00015-00001,http://cudl.lib.cam.ac.uk/iiif/MS-MOSSERI-VI-00015-00001,mosserivi15.1
MS-MOSSERI-VI-00015-00002,http://cudl.lib.cam.ac.uk/iiif/MS-MOSSERI-VI-00015-00002,mosserivi15.2
MS-MOSSERI-VI-00015-00003,http://cudl.lib.cam.ac.uk/iiif/MS-MOSSERI-VI-00015-00003,mosserivi15.3
MS-MOSSERI-VI-00015-00004,http://cudl.lib.cam.ac.uk/iiif/MS-MOSSERI-VI-00015-00004,mosserivi15.4
MS-MOSSERI-VI-00016-00001,http://cudl.lib.cam.ac.uk/iiif/MS-MOSSERI-VI-00016-00001,mosserivi16.1
MS-MOSSERI-VI-00017-00001,http://cudl.lib.cam.ac.uk/iiif/MS-MOSSERI-VI-00017-00001,mosserivi17.1
MS-MOSSERI-VI-00017-00002,http://cudl.lib.cam.ac.uk/iiif/MS-MOSSERI-VI-00017-00002,mosserivi17.2
MS-MOSSERI-VI-00017-00003,http://cudl.lib.cam.ac.uk/iiif/MS-MOSSERI-VI-00017-00003,mosserivi17.3
MS-MOSSERI-VI-00017-00004,http://cudl.lib.cam.ac.uk/iiif/MS-MOSSERI-VI-00017-00004,mosserivi17.4
MS-MOSSERI-VI-00018-00001,http://cudl.lib.cam.ac.uk/iiif/MS-MOSSERI-VI-00018-00001,mosserivi18.1
MS-MOSSERI-VI-00018-00002,http://cudl.lib.cam.ac.uk/iiif/MS-MOSSERI-VI-00018-00002,mosserivi18.2
MS-MOSSERI-VI-00019-00001,http://cudl.lib.cam.ac.uk/iiif/MS-MOSSERI-VI-00019-00001,mosserivi19.1
MS-MOSSERI-VI-00019-00002,http://cudl.lib.cam.ac.uk/iiif/MS-MOSSERI-VI-00019-00002,mosserivi19.2
MS-MOSSERI-VI-00020,http://cudl.lib.cam.ac.uk/iiif/MS-MOSSERI-VI-00020,mosserivi20
MS-MOSSERI-VI-00021-00001,http://cudl.lib.cam.ac.uk/iiif/MS-MOSSERI-VI-00021-00001,mosserivi21.1
MS-MOSSERI-VI-00021-00002,http://cudl.lib.cam.ac.uk/iiif/MS-MOSSERI-VI-00021-00002,mosserivi21.2
MS-MOSSERI-VI-00021-00003,http://cudl.lib.cam.ac.uk/iiif/MS-MOSSERI-VI-00021-00003,mosserivi21.3
MS-MOSSERI-VI-00022-00001,http://cudl.lib.cam.ac.uk/iiif/MS-MOSSERI-VI-00022-00001,mosserivi22.1
MS-MOSSERI-VI-00022-00002,http://cudl.lib.cam.ac.uk/iiif/MS-MOSSERI-VI-00022-00002,mosserivi22.2
MS-MOSSERI-VI-00022-00003,http://cudl.lib.cam.ac.uk/iiif/MS-MOSSERI-VI-00022-00003,mosserivi22.3
MS-MOSSERI-VI-00023-00001,http://cudl.lib.cam.ac.uk/iiif/MS-MOSSERI-VI-00023-00001,mosserivi23.1
MS-MOSSERI-VI-00023-00002,http://cudl.lib.cam.ac.uk/iiif/MS-MOSSERI-VI-00023-00002,mosserivi23.2
MS-MOSSERI-VI-00023-00003,http://cudl.lib.cam.ac.uk/iiif/MS-MOSSERI-VI-00023-00003,mosserivi23.3
MS-MOSSERI-VI-00023-00004,http://cudl.lib.cam.ac.uk/iiif/MS-MOSSERI-VI-00023-00004,mosserivi23.4
MS-MOSSERI-VI-00024-00001,http://cudl.lib.cam.ac.uk/iiif/MS-MOSSERI-VI-00024-00001,mosserivi24.1
MS-MOSSERI-VI-00024-00002,http://cudl.lib.cam.ac.uk/iiif/MS-MOSSERI-VI-00024-00002,mosserivi24.2
MS-MOSSERI-VI-00024-00003,http://cudl.lib.cam.ac.uk/iiif/MS-MOSSERI-VI-00024-00003,mosserivi24.3
MS-MOSSERI-VI-00025,http://cudl.lib.cam.ac.uk/iiif/MS-MOSSERI-VI-00025,mosserivi25
MS-MOSSERI-VI-00026-00002,http://cudl.lib.cam.ac.uk/iiif/MS-MOSSERI-VI-00026-00002,mosserivi26.2
MS-MOSSERI-VI-00027-00001,http://cudl.lib.cam.ac.uk/iiif/MS-MOSSERI-VI-00027-00001,mosserivi27.1
MS-MOSSERI-VI-00027-00002,http://cudl.lib.cam.ac.uk/iiif/MS-MOSSERI-VI-00027-00002,mosserivi27.2
MS-MOSSERI-VI-00028-00001,http://cudl.lib.cam.ac.uk/iiif/MS-MOSSERI-VI-00028-00001,mosserivi28.1
MS-MOSSERI-VI-00028-00002,http://cudl.lib.cam.ac.uk/iiif/MS-MOSSERI-VI-00028-00002,mosserivi28.2
MS-MOSSERI-VI-00029-00001,http://cudl.lib.cam.ac.uk/iiif/MS-MOSSERI-VI-00029-00001,mosserivi29.1
MS-MOSSERI-VI-00029-00002,http://cudl.lib.cam.ac.uk/iiif/MS-MOSSERI-VI-00029-00002,mosserivi29.2
MS-MOSSERI-VI-00029-00003,http://cudl.lib.cam.ac.uk/iiif/MS-MOSSERI-VI-00029-00003,mosserivi29.3
MS-MOSSERI-VI-00030-00001,http://cudl.lib.cam.ac.uk/iiif/MS-MOSSERI-VI-00030-00001,mosserivi30.1
MS-MOSSERI-VI-00030-00002,http://cudl.lib.cam.ac.uk/iiif/MS-MOSSERI-VI-00030-00002,mosserivi30.2
MS-MOSSERI-VI-00030-00003,http://cudl.lib.cam.ac.uk/iiif/MS-MOSSERI-VI-00030-00003,mosserivi30.3
MS-MOSSERI-VI-00032-00001,http://cudl.lib.cam.ac.uk/iiif/MS-MOSSERI-VI-00032-00001,mosserivi32.1
MS-MOSSERI-VI-00032-00002,http://cudl.lib.cam.ac.uk/iiif/MS-MOSSERI-VI-00032-00002,mosserivi32.2
MS-MOSSERI-VI-00035-00001,http://cudl.lib.cam.ac.uk/iiif/MS-MOSSERI-VI-00035-00001,mosserivi35.1
MS-MOSSERI-VI-00035-00002,http://cudl.lib.cam.ac.uk/iiif/MS-MOSSERI-VI-00035-00002,mosserivi35.2
MS-MOSSERI-VI-00035-00003,http://cudl.lib.cam.ac.uk/iiif/MS-MOSSERI-VI-00035-00003,mosserivi35.3
MS-MOSSERI-VI-00037-A,http://cudl.lib.cam.ac.uk/iiif/MS-MOSSERI-VI-00037-A,mosserivi37a
MS-MOSSERI-VI-00037-B,http://cudl.lib.cam.ac.uk/iiif/MS-MOSSERI-VI-00037-B,mosserivi37b
MS-MOSSERI-VI-00038-00001,http://cudl.lib.cam.ac.uk/iiif/MS-MOSSERI-VI-00038-00001,mosserivi38.1
MS-MOSSERI-VI-00038-00002,http://cudl.lib.cam.ac.uk/iiif/MS-MOSSERI-VI-00038-00002,mosserivi38.2
MS-MOSSERI-VI-00038-00003,http://cudl.lib.cam.ac.uk/iiif/MS-MOSSERI-VI-00038-00003,mosserivi38.3
MS-MOSSERI-VI-00041-00001,http://cudl.lib.cam.ac.uk/iiif/MS-MOSSERI-VI-00041-00001,mosserivi41.1
MS-MOSSERI-VI-00041-00002,http://cudl.lib.cam.ac.uk/iiif/MS-MOSSERI-VI-00041-00002,mosserivi41.2
MS-MOSSERI-VI-00041-00003,http://cudl.lib.cam.ac.uk/iiif/MS-MOSSERI-VI-00041-00003,mosserivi41.3
MS-MOSSERI-VI-00041-00004,http://cudl.lib.cam.ac.uk/iiif/MS-MOSSERI-VI-00041-00004,mosserivi41.4
MS-MOSSERI-VI-00044,http://cudl.lib.cam.ac.uk/iiif/MS-MOSSERI-VI-00044,mosserivi44
MS-MOSSERI-VI-00066-00001,http://cudl.lib.cam.ac.uk/iiif/MS-MOSSERI-VI-00066-00001,mosserivi66.1
MS-MOSSERI-VI-00066-00002,http://cudl.lib.cam.ac.uk/iiif/MS-MOSSERI-VI-00066-00002,mosserivi66.2
MS-MOSSERI-VI-00066-00003,http://cudl.lib.cam.ac.uk/iiif/MS-MOSSERI-VI-00066-00003,mosserivi66.3
MS-MOSSERI-VI-00066-00004,http://cudl.lib.cam.ac.uk/iiif/MS-MOSSERI-VI-00066-00004,mosserivi66.4
MS-MOSSERI-VI-00069,http://cudl.lib.cam.ac.uk/iiif/MS-MOSSERI-VI-00069,mosserivi69
MS-MOSSERI-VI-00081-00001,http://cudl.lib.cam.ac.uk/iiif/MS-MOSSERI-VI-00081-00001,mosserivi81.1
MS-MOSSERI-VI-00081-00002,http://cudl.lib.cam.ac.uk/iiif/MS-MOSSERI-VI-00081-00002,mosserivi81.2
MS-MOSSERI-VI-00092-00001,http://cudl.lib.cam.ac.uk/iiif/MS-MOSSERI-VI-00092-00001,mosserivi92.1
MS-MOSSERI-VI-00097-00001,http://cudl.lib.cam.ac.uk/iiif/MS-MOSSERI-VI-00097-00001,mosserivi97.1
MS-MOSSERI-VI-00097-00002,http://cudl.lib.cam.ac.uk/iiif/MS-MOSSERI-VI-00097-00002,mosserivi97.2
MS-MOSSERI-VI-00107-00001,http://cudl.lib.cam.ac.uk/iiif/MS-MOSSERI-VI-00107-00001,mosserivi107.1
MS-MOSSERI-VI-00107-00002,http://cudl.lib.cam.ac.uk/iiif/MS-MOSSERI-VI-00107-00002,mosserivi107.2
MS-MOSSERI-VI-00108,http://cudl.lib.cam.ac.uk/iiif/MS-MOSSERI-VI-00108,mosserivi108
MS-MOSSERI-VI-00110,http://cudl.lib.cam.ac.uk/iiif/MS-MOSSERI-VI-00110,mosserivi110
MS-MOSSERI-VI-00111-00001,http://cudl.lib.cam.ac.uk/iiif/MS-MOSSERI-VI-00111-00001,mosserivi111.1
MS-MOSSERI-VI-00111-00002,http://cudl.lib.cam.ac.uk/iiif/MS-MOSSERI-VI-00111-00002,mosserivi111.2
MS-MOSSERI-VI-00114,http://cudl.lib.cam.ac.uk/iiif/MS-MOSSERI-VI-00114,mosserivi114
MS-MOSSERI-VI-00115-00001-A,http://cudl.lib.cam.ac.uk/iiif/MS-MOSSERI-VI-00115-00001-A,mosserivi115.1a
MS-MOSSERI-VI-00115-00001-B,http://cudl.lib.cam.ac.uk/iiif/MS-MOSSERI-VI-00115-00001-B,mosserivi115.1b
MS-MOSSERI-VI-00115-00001-C,http://cudl.lib.cam.ac.uk/iiif/MS-MOSSERI-VI-00115-00001-C,mosserivi115.1c
MS-MOSSERI-VI-00115-00001-D,http://cudl.lib.cam.ac.uk/iiif/MS-MOSSERI-VI-00115-00001-D,mosserivi115.1d
MS-MOSSERI-VI-00115-00002,http://cudl.lib.cam.ac.uk/iiif/MS-MOSSERI-VI-00115-00002,mosserivi115.2
MS-MOSSERI-VI-00117-00001,http://cudl.lib.cam.ac.uk/iiif/MS-MOSSERI-VI-00117-00001,mosserivi117.1
MS-MOSSERI-VI-00117-00002,http://cudl.lib.cam.ac.uk/iiif/MS-MOSSERI-VI-00117-00002,mosserivi117.2
MS-MOSSERI-VI-00119-00002-A,http://cudl.lib.cam.ac.uk/iiif/MS-MOSSERI-VI-00119-00002-A,mosserivi119.2a
MS-MOSSERI-VI-00119-00002-B,http://cudl.lib.cam.ac.uk/iiif/MS-MOSSERI-VI-00119-00002-B,mosserivi119.2b
MS-MOSSERI-VI-00120,http://cudl.lib.cam.ac.uk/iiif/MS-MOSSERI-VI-00120,mosserivi120
MS-MOSSERI-VI-00124-00001,http://cudl.lib.cam.ac.uk/iiif/MS-MOSSERI-VI-00124-00001,mosserivi124.1
MS-MOSSERI-VI-00126,http://cudl.lib.cam.ac.uk/iiif/MS-MOSSERI-VI-00126,mosserivi126
MS-MOSSERI-VI-00127,http://cudl.lib.cam.ac.uk/iiif/MS-MOSSERI-VI-00127,mosserivi127
MS-MOSSERI-VI-00129-00002,http://cudl.lib.cam.ac.uk/iiif/MS-MOSSERI-VI-00129-00002,mosserivi129.2
MS-MOSSERI-VI-00129-00003,http://cudl.lib.cam.ac.uk/iiif/MS-MOSSERI-VI-00129-00003,mosserivi129.3
MS-MOSSERI-VI-00130-00001,http://cudl.lib.cam.ac.uk/iiif/MS-MOSSERI-VI-00130-00001,mosserivi130.1
MS-MOSSERI-VI-00131,http://cudl.lib.cam.ac.uk/iiif/MS-MOSSERI-VI-00131,mosserivi131
MS-MOSSERI-VI-00133-00001,http://cudl.lib.cam.ac.uk/iiif/MS-MOSSERI-VI-00133-00001,mosserivi133.1
MS-MOSSERI-VI-00135-00001,http://cudl.lib.cam.ac.uk/iiif/MS-MOSSERI-VI-00135-00001,mosserivi135.1
MS-MOSSERI-VI-00135-00002,http://cudl.lib.cam.ac.uk/iiif/MS-MOSSERI-VI-00135-00002,mosserivi135.2
MS-MOSSERI-VI-00136-00001,http://cudl.lib.cam.ac.uk/iiif/MS-MOSSERI-VI-00136-00001,mosserivi136.1
MS-MOSSERI-VI-00136-00002,http://cudl.lib.cam.ac.uk/iiif/MS-MOSSERI-VI-00136-00002,mosserivi136.2
MS-MOSSERI-VI-00137-00001,http://cudl.lib.cam.ac.uk/iiif/MS-MOSSERI-VI-00137-00001,mosserivi137.1
MS-MOSSERI-VI-00137-00002,http://cudl.lib.cam.ac.uk/iiif/MS-MOSSERI-VI-00137-00002,mosserivi137.2
MS-MOSSERI-VI-00139-00001,http://cudl.lib.cam.ac.uk/iiif/MS-MOSSERI-VI-00139-00001,mosserivi139.1
MS-MOSSERI-VI-00139-00002,http://cudl.lib.cam.ac.uk/iiif/MS-MOSSERI-VI-00139-00002,mosserivi139.2
MS-MOSSERI-VI-00140,http://cudl.lib.cam.ac.uk/iiif/MS-MOSSERI-VI-00140,mosserivi140
MS-MOSSERI-VI-00141-00002,http://cudl.lib.cam.ac.uk/iiif/MS-MOSSERI-VI-00141-00002,mosserivi141.2
MS-MOSSERI-VI-00141-00004,http://cudl.lib.cam.ac.uk/iiif/MS-MOSSERI-VI-00141-00004,mosserivi141.4
MS-MOSSERI-VI-00142,http://cudl.lib.cam.ac.uk/iiif/MS-MOSSERI-VI-00142,mosserivi142
MS-MOSSERI-VI-00145-00001,http://cudl.lib.cam.ac.uk/iiif/MS-MOSSERI-VI-00145-00001,mosserivi145.1
MS-MOSSERI-VI-00145-00002,http://cudl.lib.cam.ac.uk/iiif/MS-MOSSERI-VI-00145-00002,mosserivi145.2
MS-MOSSERI-VI-00146,http://cudl.lib.cam.ac.uk/iiif/MS-MOSSERI-VI-00146,mosserivi146
MS-MOSSERI-VI-00147-00001,http://cudl.lib.cam.ac.uk/iiif/MS-MOSSERI-VI-00147-00001,mosserivi147.1
MS-MOSSERI-VI-00148-00001,http://cudl.lib.cam.ac.uk/iiif/MS-MOSSERI-VI-00148-00001,mosserivi148.1
MS-MOSSERI-VI-00148-00002,http://cudl.lib.cam.ac.uk/iiif/MS-MOSSERI-VI-00148-00002,mosserivi148.2
MS-MOSSERI-VI-00150-00001,http://cudl.lib.cam.ac.uk/iiif/MS-MOSSERI-VI-00150-00001,mosserivi150.1
MS-MOSSERI-VI-00152-00001,http://cudl.lib.cam.ac.uk/iiif/MS-MOSSERI-VI-00152-00001,mosserivi152.1
MS-MOSSERI-VI-00154-00001,http://cudl.lib.cam.ac.uk/iiif/MS-MOSSERI-VI-00154-00001,mosserivi154.1
MS-MOSSERI-VI-00154-00002,http://cudl.lib.cam.ac.uk/iiif/MS-MOSSERI-VI-00154-00002,mosserivi154.2
MS-MOSSERI-VI-00155-00001,http://cudl.lib.cam.ac.uk/iiif/MS-MOSSERI-VI-00155-00001,mosserivi155.1
MS-MOSSERI-VI-00155-00002,http://cudl.lib.cam.ac.uk/iiif/MS-MOSSERI-VI-00155-00002,mosserivi155.2
MS-MOSSERI-VI-00157-00001,http://cudl.lib.cam.ac.uk/iiif/MS-MOSSERI-VI-00157-00001,mosserivi157.1
MS-MOSSERI-VI-00157-00002,http://cudl.lib.cam.ac.uk/iiif/MS-MOSSERI-VI-00157-00002,mosserivi157.2
MS-MOSSERI-VI-00158-00001,http://cudl.lib.cam.ac.uk/iiif/MS-MOSSERI-VI-00158-00001,mosserivi158.1
MS-MOSSERI-VI-00158-00002,http://cudl.lib.cam.ac.uk/iiif/MS-MOSSERI-VI-00158-00002,mosserivi158.2
MS-MOSSERI-VI-00159-00001,http://cudl.lib.cam.ac.uk/iiif/MS-MOSSERI-VI-00159-00001,mosserivi159.1
MS-MOSSERI-VI-00159-00002,http://cudl.lib.cam.ac.uk/iiif/MS-MOSSERI-VI-00159-00002,mosserivi159.2
MS-MOSSERI-VI-00160-00001,http://cudl.lib.cam.ac.uk/iiif/MS-MOSSERI-VI-00160-00001,mosserivi160.1
MS-MOSSERI-VI-00161-00001,http://cudl.lib.cam.ac.uk/iiif/MS-MOSSERI-VI-00161-00001,mosserivi161.1
MS-MOSSERI-VI-00161-00002,http://cudl.lib.cam.ac.uk/iiif/MS-MOSSERI-VI-00161-00002,mosserivi161.2
MS-MOSSERI-VI-00163-00001,http://cudl.lib.cam.ac.uk/iiif/MS-MOSSERI-VI-00163-00001,mosserivi163.1
MS-MOSSERI-VI-00164-00001,http://cudl.lib.cam.ac.uk/iiif/MS-MOSSERI-VI-00164-00001,mosserivi164.1
MS-MOSSERI-VI-00164-00002,http://cudl.lib.cam.ac.uk/iiif/MS-MOSSERI-VI-00164-00002,mosserivi164.2
MS-MOSSERI-VI-00165,http://cudl.lib.cam.ac.uk/iiif/MS-MOSSERI-VI-00165,mosserivi165
MS-MOSSERI-VI-00166,http://cudl.lib.cam.ac.uk/iiif/MS-MOSSERI-VI-00166,mosserivi166
MS-MOSSERI-VI-00167,http://cudl.lib.cam.ac.uk/iiif/MS-MOSSERI-VI-00167,mosserivi167
MS-MOSSERI-VI-00169,http://cudl.lib.cam.ac.uk/iiif/MS-MOSSERI-VI-00169,mosserivi169
MS-MOSSERI-VI-00170,http://cudl.lib.cam.ac.uk/iiif/MS-MOSSERI-VI-00170,mosserivi170
MS-MOSSERI-VI-00173-00001,http://cudl.lib.cam.ac.uk/iiif/MS-MOSSERI-VI-00173-00001,mosserivi173.1
MS-MOSSERI-VI-00173-00002,http://cudl.lib.cam.ac.uk/iiif/MS-MOSSERI-VI-00173-00002,mosserivi173.2
MS-MOSSERI-VI-00174-00001,http://cudl.lib.cam.ac.uk/iiif/MS-MOSSERI-VI-00174-00001,mosserivi174.1
MS-MOSSERI-VI-00175,http://cudl.lib.cam.ac.uk/iiif/MS-MOSSERI-VI-00175,mosserivi175
MS-MOSSERI-VI-00176-00003,http://cudl.lib.cam.ac.uk/iiif/MS-MOSSERI-VI-00176-00003,mosserivi176.3
MS-MOSSERI-VI-00176-00004,http://cudl.lib.cam.ac.uk/iiif/MS-MOSSERI-VI-00176-00004,mosserivi176.4
MS-MOSSERI-VI-00177-00001,http://cudl.lib.cam.ac.uk/iiif/MS-MOSSERI-VI-00177-00001,mosserivi177.1
MS-MOSSERI-VI-00178-00001,http://cudl.lib.cam.ac.uk/iiif/MS-MOSSERI-VI-00178-00001,mosserivi178.1
MS-MOSSERI-VI-00178-00002,http://cudl.lib.cam.ac.uk/iiif/MS-MOSSERI-VI-00178-00002,mosserivi178.2
MS-MOSSERI-VI-00180-00002,http://cudl.lib.cam.ac.uk/iiif/MS-MOSSERI-VI-00180-00002,mosserivi180.2
MS-MOSSERI-VI-00181,http://cudl.lib.cam.ac.uk/iiif/MS-MOSSERI-VI-00181,mosserivi181
MS-MOSSERI-VI-00182,http://cudl.lib.cam.ac.uk/iiif/MS-MOSSERI-VI-00182,mosserivi182
MS-MOSSERI-VI-00183-00001,http://cudl.lib.cam.ac.uk/iiif/MS-MOSSERI-VI-00183-00001,mosserivi183.1
MS-MOSSERI-VI-00183-00002,http://cudl.lib.cam.ac.uk/iiif/MS-MOSSERI-VI-00183-00002,mosserivi183.2
MS-MOSSERI-VI-00184-00001,http://cudl.lib.cam.ac.uk/iiif/MS-MOSSERI-VI-00184-00001,mosserivi184.1
MS-MOSSERI-VI-00184-00002,http://cudl.lib.cam.ac.uk/iiif/MS-MOSSERI-VI-00184-00002,mosserivi184.2
MS-MOSSERI-VI-00185-00001,http://cudl.lib.cam.ac.uk/iiif/MS-MOSSERI-VI-00185-00001,mosserivi185.1
MS-MOSSERI-VI-00185-00002,http://cudl.lib.cam.ac.uk/iiif/MS-MOSSERI-VI-00185-00002,mosserivi185.2
MS-MOSSERI-VI-00186,http://cudl.lib.cam.ac.uk/iiif/MS-MOSSERI-VI-00186,mosserivi186
MS-MOSSERI-VI-00187-00001,http://cudl.lib.cam.ac.uk/iiif/MS-MOSSERI-VI-00187-00001,mosserivi187.1
MS-MOSSERI-VI-00187-00002,http://cudl.lib.cam.ac.uk/iiif/MS-MOSSERI-VI-00187-00002,mosserivi187.2
MS-MOSSERI-VI-00187-00004,http://cudl.lib.cam.ac.uk/iiif/MS-MOSSERI-VI-00187-00004,mosserivi187.4
MS-MOSSERI-VI-00188-00001,http://cudl.lib.cam.ac.uk/iiif/MS-MOSSERI-VI-00188-00001,mosserivi188.1
MS-MOSSERI-VI-00188-00002,http://cudl.lib.cam.ac.uk/iiif/MS-MOSSERI-VI-00188-00002,mosserivi188.2
MS-MOSSERI-VI-00189-00001,http://cudl.lib.cam.ac.uk/iiif/MS-MOSSERI-VI-00189-00001,mosserivi189.1
MS-MOSSERI-VI-00190,http://cudl.lib.cam.ac.uk/iiif/MS-MOSSERI-VI-00190,mosserivi190
MS-MOSSERI-VI-00191-00001,http://cudl.lib.cam.ac.uk/iiif/MS-MOSSERI-VI-00191-00001,mosserivi191.1
MS-MOSSERI-VI-00192-00001,http://cudl.lib.cam.ac.uk/iiif/MS-MOSSERI-VI-00192-00001,mosserivi192.1
MS-MOSSERI-VI-00192-00002,http://cudl.lib.cam.ac.uk/iiif/MS-MOSSERI-VI-00192-00002,mosserivi192.2
MS-MOSSERI-VI-00192-00003,http://cudl.lib.cam.ac.uk/iiif/MS-MOSSERI-VI-00192-00003,mosserivi192.3
MS-MOSSERI-VI-00193-00002,http://cudl.lib.cam.ac.uk/iiif/MS-MOSSERI-VI-00193-00002,mosserivi193.2
MS-MOSSERI-VI-00193-00003,http://cudl.lib.cam.ac.uk/iiif/MS-MOSSERI-VI-00193-00003,mosserivi193.3
MS-MOSSERI-VI-00194-00001,http://cudl.lib.cam.ac.uk/iiif/MS-MOSSERI-VI-00194-00001,mosserivi194.1
MS-MOSSERI-VI-00195-00002,http://cudl.lib.cam.ac.uk/iiif/MS-MOSSERI-VI-00195-00002,mosserivi195.2
MS-MOSSERI-VI-00196,http://cudl.lib.cam.ac.uk/iiif/MS-MOSSERI-VI-00196,mosserivi196
MS-MOSSERI-VI-00197-00001,http://cudl.lib.cam.ac.uk/iiif/MS-MOSSERI-VI-00197-00001,mosserivi197.1
MS-MOSSERI-VI-00197-00002,http://cudl.lib.cam.ac.uk/iiif/MS-MOSSERI-VI-00197-00002,mosserivi197.2
MS-MOSSERI-VI-00199-00001,http://cudl.lib.cam.ac.uk/iiif/MS-MOSSERI-VI-00199-00001,mosserivi199.1
MS-MOSSERI-VI-00199-00002,http://cudl.lib.cam.ac.uk/iiif/MS-MOSSERI-VI-00199-00002,mosserivi199.2
MS-MOSSERI-VI-00202,http://cudl.lib.cam.ac.uk/iiif/MS-MOSSERI-VI-00202,mosserivi202
MS-MOSSERI-VI-00203-00001,http://cudl.lib.cam.ac.uk/iiif/MS-MOSSERI-VI-00203-00001,mosserivi203.1
MS-MOSSERI-VI-00203-00002,http://cudl.lib.cam.ac.uk/iiif/MS-MOSSERI-VI-00203-00002,mosserivi203.2
MS-MOSSERI-VI-00204-00002,http://cudl.lib.cam.ac.uk/iiif/MS-MOSSERI-VI-00204-00002,mosserivi204.2
MS-MOSSERI-VI-00206,http://cudl.lib.cam.ac.uk/iiif/MS-MOSSERI-VI-00206,mosserivi206
MS-MOSSERI-VI-00208-00001,http://cudl.lib.cam.ac.uk/iiif/MS-MOSSERI-VI-00208-00001,mosserivi208.1
MS-MOSSERI-VI-00208-00002,http://cudl.lib.cam.ac.uk/iiif/MS-MOSSERI-VI-00208-00002,mosserivi208.2
MS-MOSSERI-VI-00210-00001,http://cudl.lib.cam.ac.uk/iiif/MS-MOSSERI-VI-00210-00001,mosserivi210.1
MS-MOSSERI-VI-00211-00002,http://cudl.lib.cam.ac.uk/iiif/MS-MOSSERI-VI-00211-00002,mosserivi211.2
MS-MOSSERI-VI-00214-00001,http://cudl.lib.cam.ac.uk/iiif/MS-MOSSERI-VI-00214-00001,mosserivi214.1
MS-MOSSERI-VI-00216-00001,http://cudl.lib.cam.ac.uk/iiif/MS-MOSSERI-VI-00216-00001,mosserivi216.1
MS-MOSSERI-VI-00216-00003,http://cudl.lib.cam.ac.uk/iiif/MS-MOSSERI-VI-00216-00003,mosserivi216.3
MS-MOSSERI-VI-00217-A,http://cudl.lib.cam.ac.uk/iiif/MS-MOSSERI-VI-00217-A,mosserivi217a
MS-MOSSERI-VI-00217-B,http://cudl.lib.cam.ac.uk/iiif/MS-MOSSERI-VI-00217-B,mosserivi217b
MS-MOSSERI-VI-00218-00001,http://cudl.lib.cam.ac.uk/iiif/MS-MOSSERI-VI-00218-00001,mosserivi218.1
MS-MOSSERI-VI-00218-00002,http://cudl.lib.cam.ac.uk/iiif/MS-MOSSERI-VI-00218-00002,mosserivi218.2
MS-MOSSERI-VI-00219,http://cudl.lib.cam.ac.uk/iiif/MS-MOSSERI-VI-00219,mosserivi219
MS-MOSSERI-VI-00221-00002,http://cudl.lib.cam.ac.uk/iiif/MS-MOSSERI-VI-00221-00002,mosserivi221.2
MS-MOSSERI-VI-00222-00001,http://cudl.lib.cam.ac.uk/iiif/MS-MOSSERI-VI-00222-00001,mosserivi222.1
MS-MOSSERI-VI-00222-00002,http://cudl.lib.cam.ac.uk/iiif/MS-MOSSERI-VI-00222-00002,mosserivi222.2
MS-MOSSERI-VI-00222-00003,http://cudl.lib.cam.ac.uk/iiif/MS-MOSSERI-VI-00222-00003,mosserivi222.3
MS-MOSSERI-VI-00222-00004,http://cudl.lib.cam.ac.uk/iiif/MS-MOSSERI-VI-00222-00004,mosserivi222.4
MS-MOSSERI-VI-00223-00001,http://cudl.lib.cam.ac.uk/iiif/MS-MOSSERI-VI-00223-00001,mosserivi223.1
MS-MOSSERI-VI-00223-00002,http://cudl.lib.cam.ac.uk/iiif/MS-MOSSERI-VI-00223-00002,mosserivi223.2
MS-MOSSERI-VI-00223-00003,http://cudl.lib.cam.ac.uk/iiif/MS-MOSSERI-VI-00223-00003,mosserivi223.3
MS-MOSSERI-VI-00224-00001,http://cudl.lib.cam.ac.uk/iiif/MS-MOSSERI-VI-00224-00001,mosserivi224.1
MS-MOSSERI-VI-00224-00002,http://cudl.lib.cam.ac.uk/iiif/MS-MOSSERI-VI-00224-00002,mosserivi224.2
MS-MOSSERI-VI-00225-00001,http://cudl.lib.cam.ac.uk/iiif/MS-MOSSERI-VI-00225-00001,mosserivi225.1
MS-MOSSERI-VI-00225-00002,http://cudl.lib.cam.ac.uk/iiif/MS-MOSSERI-VI-00225-00002,mosserivi225.2
MS-MOSSERI-VI-00225-00003,http://cudl.lib.cam.ac.uk/iiif/MS-MOSSERI-VI-00225-00003,mosserivi225.3
MS-MOSSERI-VI-00226,http://cudl.lib.cam.ac.uk/iiif/MS-MOSSERI-VI-00226,mosserivi226
MS-MOSSERI-VI-00227-00002,http://cudl.lib.cam.ac.uk/iiif/MS-MOSSERI-VI-00227-00002,mosserivi227.2
MS-MOSSERI-VI-00227-00003,http://cudl.lib.cam.ac.uk/iiif/MS-MOSSERI-VI-00227-00003,mosserivi227.3
MS-MOSSERI-VI-00228,http://cudl.lib.cam.ac.uk/iiif/MS-MOSSERI-VI-00228,mosserivi228
MS-MOSSERI-VI-00229-00001,http://cudl.lib.cam.ac.uk/iiif/MS-MOSSERI-VI-00229-00001,mosserivi229.1
MS-MOSSERI-VI-00229-00002,http://cudl.lib.cam.ac.uk/iiif/MS-MOSSERI-VI-00229-00002,mosserivi229.2
MS-MOSSERI-VI-00230-00002,http://cudl.lib.cam.ac.uk/iiif/MS-MOSSERI-VI-00230-00002,mosserivi230.2
MS-MOSSERI-VI-00231-00001,http://cudl.lib.cam.ac.uk/iiif/MS-MOSSERI-VI-00231-00001,mosserivi231.1
MS-MOSSERI-VI-00233-00002,http://cudl.lib.cam.ac.uk/iiif/MS-MOSSERI-VI-00233-00002,mosserivi233.2
MS-MOSSERI-VI-00235-00001,http://cudl.lib.cam.ac.uk/iiif/MS-MOSSERI-VI-00235-00001,mosserivi235.1
MS-MOSSERI-VI-00235-00002,http://cudl.lib.cam.ac.uk/iiif/MS-MOSSERI-VI-00235-00002,mosserivi235.2
MS-MOSSERI-VI-00235-00003,http://cudl.lib.cam.ac.uk/iiif/MS-MOSSERI-VI-00235-00003,mosserivi235.3
MS-MOSSERI-VI-00235-00004,http://cudl.lib.cam.ac.uk/iiif/MS-MOSSERI-VI-00235-00004,mosserivi235.4
MS-MOSSERI-VI-00235-00005,http://cudl.lib.cam.ac.uk/iiif/MS-MOSSERI-VI-00235-00005,mosserivi235.5
MS-MOSSERI-VI-00235-00006,http://cudl.lib.cam.ac.uk/iiif/MS-MOSSERI-VI-00235-00006,mosserivi235.6
MS-MOSSERI-VI-00235-00007,http://cudl.lib.cam.ac.uk/iiif/MS-MOSSERI-VI-00235-00007,mosserivi235.7
MS-MOSSERI-VI-00237-00001,http://cudl.lib.cam.ac.uk/iiif/MS-MOSSERI-VI-00237-00001,mosserivi237.1
MS-MOSSERI-VI-00238-00002,http://cudl.lib.cam.ac.uk/iiif/MS-MOSSERI-VI-00238-00002,mosserivi238.2
MS-MOSSERI-VI-00241-00001,http://cudl.lib.cam.ac.uk/iiif/MS-MOSSERI-VI-00241-00001,mosserivi241.1
MS-MOSSERI-VI-00241-00002,http://cudl.lib.cam.ac.uk/iiif/MS-MOSSERI-VI-00241-00002,mosserivi241.2
MS-MOSSERI-VI-00243-00001,http://cudl.lib.cam.ac.uk/iiif/MS-MOSSERI-VI-00243-00001,mosserivi243.1
MS-MOSSERI-VI-00243-00002,http://cudl.lib.cam.ac.uk/iiif/MS-MOSSERI-VI-00243-00002,mosserivi243.2
MS-MOSSERI-VI-00243-00003,http://cudl.lib.cam.ac.uk/iiif/MS-MOSSERI-VI-00243-00003,mosserivi243.3
MS-MOSSERI-VI-00243-00004,http://cudl.lib.cam.ac.uk/iiif/MS-MOSSERI-VI-00243-00004,mosserivi243.4
MS-MOSSERI-VI-00249,http://cudl.lib.cam.ac.uk/iiif/MS-MOSSERI-VI-00249,mosserivi249
MS-MOSSERI-VII-00001,http://cudl.lib.cam.ac.uk/iiif/MS-MOSSERI-VII-00001,mosserivii1
MS-MOSSERI-VII-00002-00001,http://cudl.lib.cam.ac.uk/iiif/MS-MOSSERI-VII-00002-00001,mosserivii2.1
MS-MOSSERI-VII-00002-00002,http://cudl.lib.cam.ac.uk/iiif/MS-MOSSERI-VII-00002-00002,mosserivii2.2
MS-MOSSERI-VII-00003-00001,http://cudl.lib.cam.ac.uk/iiif/MS-MOSSERI-VII-00003-00001,mosserivii3.1
MS-MOSSERI-VII-00003-00002,http://cudl.lib.cam.ac.uk/iiif/MS-MOSSERI-VII-00003-00002,mosserivii3.2
MS-MOSSERI-VII-00004-00001,http://cudl.lib.cam.ac.uk/iiif/MS-MOSSERI-VII-00004-00001,mosserivii4.1
MS-MOSSERI-VII-00004-00002,http://cudl.lib.cam.ac.uk/iiif/MS-MOSSERI-VII-00004-00002,mosserivii4.2
MS-MOSSERI-VII-00004-00003,http://cudl.lib.cam.ac.uk/iiif/MS-MOSSERI-VII-00004-00003,mosserivii4.3
MS-MOSSERI-VII-00005,http://cudl.lib.cam.ac.uk/iiif/MS-MOSSERI-VII-00005,mosserivii5
MS-MOSSERI-VII-00006-00001,http://cudl.lib.cam.ac.uk/iiif/MS-MOSSERI-VII-00006-00001,mosserivii6.1
MS-MOSSERI-VII-00006-00002,http://cudl.lib.cam.ac.uk/iiif/MS-MOSSERI-VII-00006-00002,mosserivii6.2
MS-MOSSERI-VII-00007,http://cudl.lib.cam.ac.uk/iiif/MS-MOSSERI-VII-00007,mosserivii7
MS-MOSSERI-VII-00008-00001,http://cudl.lib.cam.ac.uk/iiif/MS-MOSSERI-VII-00008-00001,mosserivii8.1
MS-MOSSERI-VII-00008-00002,http://cudl.lib.cam.ac.uk/iiif/MS-MOSSERI-VII-00008-00002,mosserivii8.2
MS-MOSSERI-VII-00008-00003,http://cudl.lib.cam.ac.uk/iiif/MS-MOSSERI-VII-00008-00003,mosserivii8.3
MS-MOSSERI-VII-00008-00004,http://cudl.lib.cam.ac.uk/iiif/MS-MOSSERI-VII-00008-00004,mosserivii8.4
MS-MOSSERI-VII-00009-00001,http://cudl.lib.cam.ac.uk/iiif/MS-MOSSERI-VII-00009-00001,mosserivii9.1
MS-MOSSERI-VII-00009-00002,http://cudl.lib.cam.ac.uk/iiif/MS-MOSSERI-VII-00009-00002,mosserivii9.2
MS-MOSSERI-VII-00009-00003,http://cudl.lib.cam.ac.uk/iiif/MS-MOSSERI-VII-00009-00003,mosserivii9.3
MS-MOSSERI-VII-00009-00004,http://cudl.lib.cam.ac.uk/iiif/MS-MOSSERI-VII-00009-00004,mosserivii9.4
MS-MOSSERI-VII-00009-00005,http://cudl.lib.cam.ac.uk/iiif/MS-MOSSERI-VII-00009-00005,mosserivii9.5
MS-MOSSERI-VII-00009-00006,http://cudl.lib.cam.ac.uk/iiif/MS-MOSSERI-VII-00009-00006,mosserivii9.6
MS-MOSSERI-VII-00010-00001,http://cudl.lib.cam.ac.uk/iiif/MS-MOSSERI-VII-00010-00001,mosserivii10.1
MS-MOSSERI-VII-00010-00002,http://cudl.lib.cam.ac.uk/iiif/MS-MOSSERI-VII-00010-00002,mosserivii10.2
MS-MOSSERI-VII-00010-00003,http://cudl.lib.cam.ac.uk/iiif/MS-MOSSERI-VII-00010-00003,mosserivii10.3
MS-MOSSERI-VII-00010-00004,http://cudl.lib.cam.ac.uk/iiif/MS-MOSSERI-VII-00010-00004,mosserivii10.4
MS-MOSSERI-VII-00011,http://cudl.lib.cam.ac.uk/iiif/MS-MOSSERI-VII-00011,mosserivii11
MS-MOSSERI-VII-00012-00001,http://cudl.lib.cam.ac.uk/iiif/MS-MOSSERI-VII-00012-00001,mosserivii12.1
MS-MOSSERI-VII-00012-00002,http://cudl.lib.cam.ac.uk/iiif/MS-MOSSERI-VII-00012-00002,mosserivii12.2
MS-MOSSERI-VII-00013-00001,http://cudl.lib.cam.ac.uk/iiif/MS-MOSSERI-VII-00013-00001,mosserivii13.1
MS-MOSSERI-VII-00013-00002,http://cudl.lib.cam.ac.uk/iiif/MS-MOSSERI-VII-00013-00002,mosserivii13.2
MS-MOSSERI-VII-00014,http://cudl.lib.cam.ac.uk/iiif/MS-MOSSERI-VII-00014,mosserivii14
MS-MOSSERI-VII-00015-00001,http://cudl.lib.cam.ac.uk/iiif/MS-MOSSERI-VII-00015-00001,mosserivii15.1
MS-MOSSERI-VII-00015-00002,http://cudl.lib.cam.ac.uk/iiif/MS-MOSSERI-VII-00015-00002,mosserivii15.2
MS-MOSSERI-VII-00015-00003,http://cudl.lib.cam.ac.uk/iiif/MS-MOSSERI-VII-00015-00003,mosserivii15.3
MS-MOSSERI-VII-00016-00001,http://cudl.lib.cam.ac.uk/iiif/MS-MOSSERI-VII-00016-00001,mosserivii16.1
MS-MOSSERI-VII-00016-00002,http://cudl.lib.cam.ac.uk/iiif/MS-MOSSERI-VII-00016-00002,mosserivii16.2
MS-MOSSERI-VII-00017,http://cudl.lib.cam.ac.uk/iiif/MS-MOSSERI-VII-00017,mosserivii17
MS-MOSSERI-VII-00018,http://cudl.lib.cam.ac.uk/iiif/MS-MOSSERI-VII-00018,mosserivii18
MS-MOSSERI-VII-00019,http://cudl.lib.cam.ac.uk/iiif/MS-MOSSERI-VII-00019,mosserivii19
MS-MOSSERI-VII-00020-00001,http://cudl.lib.cam.ac.uk/iiif/MS-MOSSERI-VII-00020-00001,mosserivii20.1
MS-MOSSERI-VII-00020-00002,http://cudl.lib.cam.ac.uk/iiif/MS-MOSSERI-VII-00020-00002,mosserivii20.2
MS-MOSSERI-VII-00021-00001,http://cudl.lib.cam.ac.uk/iiif/MS-MOSSERI-VII-00021-00001,mosserivii21.1
MS-MOSSERI-VII-00021-00002,http://cudl.lib.cam.ac.uk/iiif/MS-MOSSERI-VII-00021-00002,mosserivii21.2
MS-MOSSERI-VII-00022-00001,http://cudl.lib.cam.ac.uk/iiif/MS-MOSSERI-VII-00022-00001,mosserivii22.1
MS-MOSSERI-VII-00022-00002,http://cudl.lib.cam.ac.uk/iiif/MS-MOSSERI-VII-00022-00002,mosserivii22.2
MS-MOSSERI-VII-00023,http://cudl.lib.cam.ac.uk/iiif/MS-MOSSERI-VII-00023,mosserivii23
MS-MOSSERI-VII-00024,http://cudl.lib.cam.ac.uk/iiif/MS-MOSSERI-VII-00024,mosserivii24
MS-MOSSERI-VII-00025,http://cudl.lib.cam.ac.uk/iiif/MS-MOSSERI-VII-00025,mosserivii25
MS-MOSSERI-VII-00026,http://cudl.lib.cam.ac.uk/iiif/MS-MOSSERI-VII-00026,mosserivii26
MS-MOSSERI-VII-00027,http://cudl.lib.cam.ac.uk/iiif/MS-MOSSERI-VII-00027,mosserivii27
MS-MOSSERI-VII-00028,http://cudl.lib.cam.ac.uk/iiif/MS-MOSSERI-VII-00028,mosserivii28
MS-MOSSERI-VII-00029,http://cudl.lib.cam.ac.uk/iiif/MS-MOSSERI-VII-00029,mosserivii29
MS-MOSSERI-VII-00030,http://cudl.lib.cam.ac.uk/iiif/MS-MOSSERI-VII-00030,mosserivii30
MS-MOSSERI-VII-00031-00001,http://cudl.lib.cam.ac.uk/iiif/MS-MOSSERI-VII-00031-00001,mosserivii31.1
MS-MOSSERI-VII-00031-00002,http://cudl.lib.cam.ac.uk/iiif/MS-MOSSERI-VII-00031-00002,mosserivii31.2
MS-MOSSERI-VII-00031-00003,http://cudl.lib.cam.ac.uk/iiif/MS-MOSSERI-VII-00031-00003,mosserivii31.3
MS-MOSSERI-VII-00032-00001,http://cudl.lib.cam.ac.uk/iiif/MS-MOSSERI-VII-00032-00001,mosserivii32.1
MS-MOSSERI-VII-00032-00002,http://cudl.lib.cam.ac.uk/iiif/MS-MOSSERI-VII-00032-00002,mosserivii32.2
MS-MOSSERI-VII-00033-00001,http://cudl.lib.cam.ac.uk/iiif/MS-MOSSERI-VII-00033-00001,mosserivii33.1
MS-MOSSERI-VII-00033-00002,http://cudl.lib.cam.ac.uk/iiif/MS-MOSSERI-VII-00033-00002,mosserivii33.2
MS-MOSSERI-VII-00034,http://cudl.lib.cam.ac.uk/iiif/MS-MOSSERI-VII-00034,mosserivii34
MS-MOSSERI-VII-00035,http://cudl.lib.cam.ac.uk/iiif/MS-MOSSERI-VII-00035,mosserivii35
MS-MOSSERI-VII-00036,http://cudl.lib.cam.ac.uk/iiif/MS-MOSSERI-VII-00036,mosserivii36
MS-MOSSERI-VII-00037-00001,http://cudl.lib.cam.ac.uk/iiif/MS-MOSSERI-VII-00037-00001,mosserivii37.1
MS-MOSSERI-VII-00037-00002,http://cudl.lib.cam.ac.uk/iiif/MS-MOSSERI-VII-00037-00002,mosserivii37.2
MS-MOSSERI-VII-00038,http://cudl.lib.cam.ac.uk/iiif/MS-MOSSERI-VII-00038,mosserivii38
MS-MOSSERI-VII-00039,http://cudl.lib.cam.ac.uk/iiif/MS-MOSSERI-VII-00039,mosserivii39
MS-MOSSERI-VII-00040-00001,http://cudl.lib.cam.ac.uk/iiif/MS-MOSSERI-VII-00040-00001,mosserivii40.1
MS-MOSSERI-VII-00040-00002,http://cudl.lib.cam.ac.uk/iiif/MS-MOSSERI-VII-00040-00002,mosserivii40.2
MS-MOSSERI-VII-00040-00003,http://cudl.lib.cam.ac.uk/iiif/MS-MOSSERI-VII-00040-00003,mosserivii40.3
MS-MOSSERI-VII-00041-00001,http://cudl.lib.cam.ac.uk/iiif/MS-MOSSERI-VII-00041-00001,mosserivii41.1
MS-MOSSERI-VII-00041-00002,http://cudl.lib.cam.ac.uk/iiif/MS-MOSSERI-VII-00041-00002,mosserivii41.2
MS-MOSSERI-VII-00042-00001,http://cudl.lib.cam.ac.uk/iiif/MS-MOSSERI-VII-00042-00001,mosserivii42.1
MS-MOSSERI-VII-00042-00002,http://cudl.lib.cam.ac.uk/iiif/MS-MOSSERI-VII-00042-00002,mosserivii42.2
MS-MOSSERI-VII-00042-00003,http://cudl.lib.cam.ac.uk/iiif/MS-MOSSERI-VII-00042-00003,mosserivii42.3
MS-MOSSERI-VII-00043,http://cudl.lib.cam.ac.uk/iiif/MS-MOSSERI-VII-00043,mosserivii43
MS-MOSSERI-VII-00044,http://cudl.lib.cam.ac.uk/iiif/MS-MOSSERI-VII-00044,mosserivii44
MS-MOSSERI-VII-00045-00001,http://cudl.lib.cam.ac.uk/iiif/MS-MOSSERI-VII-00045-00001,mosserivii45.1
MS-MOSSERI-VII-00045-00002,http://cudl.lib.cam.ac.uk/iiif/MS-MOSSERI-VII-00045-00002,mosserivii45.2
MS-MOSSERI-VII-00046,http://cudl.lib.cam.ac.uk/iiif/MS-MOSSERI-VII-00046,mosserivii46
MS-MOSSERI-VII-00047,http://cudl.lib.cam.ac.uk/iiif/MS-MOSSERI-VII-00047,mosserivii47
MS-MOSSERI-VII-00048-00001,http://cudl.lib.cam.ac.uk/iiif/MS-MOSSERI-VII-00048-00001,mosserivii48.1
MS-MOSSERI-VII-00048-00002,http://cudl.lib.cam.ac.uk/iiif/MS-MOSSERI-VII-00048-00002,mosserivii48.2
MS-MOSSERI-VII-00049,http://cudl.lib.cam.ac.uk/iiif/MS-MOSSERI-VII-00049,mosserivii49
MS-MOSSERI-VII-00050-00001,http://cudl.lib.cam.ac.uk/iiif/MS-MOSSERI-VII-00050-00001,mosserivii50.1
MS-MOSSERI-VII-00050-00002,http://cudl.lib.cam.ac.uk/iiif/MS-MOSSERI-VII-00050-00002,mosserivii50.2
MS-MOSSERI-VII-00050-00003,http://cudl.lib.cam.ac.uk/iiif/MS-MOSSERI-VII-00050-00003,mosserivii50.3
MS-MOSSERI-VII-00051-00001,http://cudl.lib.cam.ac.uk/iiif/MS-MOSSERI-VII-00051-00001,mosserivii51.1
MS-MOSSERI-VII-00051-00002,http://cudl.lib.cam.ac.uk/iiif/MS-MOSSERI-VII-00051-00002,mosserivii51.2
MS-MOSSERI-VII-00051-00003,http://cudl.lib.cam.ac.uk/iiif/MS-MOSSERI-VII-00051-00003,mosserivii51.3
MS-MOSSERI-VII-00052-00001,http://cudl.lib.cam.ac.uk/iiif/MS-MOSSERI-VII-00052-00001,mosserivii52.1
MS-MOSSERI-VII-00052-00002,http://cudl.lib.cam.ac.uk/iiif/MS-MOSSERI-VII-00052-00002,mosserivii52.2
MS-MOSSERI-VII-00053,http://cudl.lib.cam.ac.uk/iiif/MS-MOSSERI-VII-00053,mosserivii53
MS-MOSSERI-VII-00054-00001,http://cudl.lib.cam.ac.uk/iiif/MS-MOSSERI-VII-00054-00001,mosserivii54.1
MS-MOSSERI-VII-00054-00002,http://cudl.lib.cam.ac.uk/iiif/MS-MOSSERI-VII-00054-00002,mosserivii54.2
MS-MOSSERI-VII-00055,http://cudl.lib.cam.ac.uk/iiif/MS-MOSSERI-VII-00055,mosserivii55
MS-MOSSERI-VII-00056,http://cudl.lib.cam.ac.uk/iiif/MS-MOSSERI-VII-00056,mosserivii56
MS-MOSSERI-VII-00057-00001,http://cudl.lib.cam.ac.uk/iiif/MS-MOSSERI-VII-00057-00001,mosserivii57.1
MS-MOSSERI-VII-00057-00002,http://cudl.lib.cam.ac.uk/iiif/MS-MOSSERI-VII-00057-00002,mosserivii57.2
MS-MOSSERI-VII-00058-00001,http://cudl.lib.cam.ac.uk/iiif/MS-MOSSERI-VII-00058-00001,mosserivii58.1
MS-MOSSERI-VII-00058-00002,http://cudl.lib.cam.ac.uk/iiif/MS-MOSSERI-VII-00058-00002,mosserivii58.2
MS-MOSSERI-VII-00059,http://cudl.lib.cam.ac.uk/iiif/MS-MOSSERI-VII-00059,mosserivii59
MS-MOSSERI-VII-00060,http://cudl.lib.cam.ac.uk/iiif/MS-MOSSERI-VII-00060,mosserivii60
MS-MOSSERI-VII-00061,http://cudl.lib.cam.ac.uk/iiif/MS-MOSSERI-VII-00061,mosserivii61
MS-MOSSERI-VII-00062-00001,http://cudl.lib.cam.ac.uk/iiif/MS-MOSSERI-VII-00062-00001,mosserivii62.1
MS-MOSSERI-VII-00062-00002,http://cudl.lib.cam.ac.uk/iiif/MS-MOSSERI-VII-00062-00002,mosserivii62.2
MS-MOSSERI-VII-00063-00001,http://cudl.lib.cam.ac.uk/iiif/MS-MOSSERI-VII-00063-00001,mosserivii63.1
MS-MOSSERI-VII-00063-00002,http://cudl.lib.cam.ac.uk/iiif/MS-MOSSERI-VII-00063-00002,mosserivii63.2
MS-MOSSERI-VII-00064-00001,http://cudl.lib.cam.ac.uk/iiif/MS-MOSSERI-VII-00064-00001,mosserivii64.1
MS-MOSSERI-VII-00064-00002,http://cudl.lib.cam.ac.uk/iiif/MS-MOSSERI-VII-00064-00002,mosserivii64.2
MS-MOSSERI-VII-00065-00001,http://cudl.lib.cam.ac.uk/iiif/MS-MOSSERI-VII-00065-00001,mosserivii65.1
MS-MOSSERI-VII-00065-00002,http://cudl.lib.cam.ac.uk/iiif/MS-MOSSERI-VII-00065-00002,mosserivii65.2
MS-MOSSERI-VII-00065-00003,http://cudl.lib.cam.ac.uk/iiif/MS-MOSSERI-VII-00065-00003,mosserivii65.3
MS-MOSSERI-VII-00066-00001,http://cudl.lib.cam.ac.uk/iiif/MS-MOSSERI-VII-00066-00001,mosserivii66.1
MS-MOSSERI-VII-00066-00002,http://cudl.lib.cam.ac.uk/iiif/MS-MOSSERI-VII-00066-00002,mosserivii66.2
MS-MOSSERI-VII-00067-00001,http://cudl.lib.cam.ac.uk/iiif/MS-MOSSERI-VII-00067-00001,mosserivii67.1
MS-MOSSERI-VII-00067-00002,http://cudl.lib.cam.ac.uk/iiif/MS-MOSSERI-VII-00067-00002,mosserivii67.2
MS-MOSSERI-VII-00068,http://cudl.lib.cam.ac.uk/iiif/MS-MOSSERI-VII-00068,mosserivii68
MS-MOSSERI-VII-00069-00001,http://cudl.lib.cam.ac.uk/iiif/MS-MOSSERI-VII-00069-00001,mosserivii69.1
MS-MOSSERI-VII-00069-00002,http://cudl.lib.cam.ac.uk/iiif/MS-MOSSERI-VII-00069-00002,mosserivii69.2
MS-MOSSERI-VII-00070,http://cudl.lib.cam.ac.uk/iiif/MS-MOSSERI-VII-00070,mosserivii70
MS-MOSSERI-VII-00071,http://cudl.lib.cam.ac.uk/iiif/MS-MOSSERI-VII-00071,mosserivii71
MS-MOSSERI-VII-00072,http://cudl.lib.cam.ac.uk/iiif/MS-MOSSERI-VII-00072,mosserivii72
MS-MOSSERI-VII-00073,http://cudl.lib.cam.ac.uk/iiif/MS-MOSSERI-VII-00073,mosserivii73
MS-MOSSERI-VII-00074-00001,http://cudl.lib.cam.ac.uk/iiif/MS-MOSSERI-VII-00074-00001,mosserivii74.1
MS-MOSSERI-VII-00074-00002,http://cudl.lib.cam.ac.uk/iiif/MS-MOSSERI-VII-00074-00002,mosserivii74.2
MS-MOSSERI-VII-00075,http://cudl.lib.cam.ac.uk/iiif/MS-MOSSERI-VII-00075,mosserivii75
MS-MOSSERI-VII-00076-00001,http://cudl.lib.cam.ac.uk/iiif/MS-MOSSERI-VII-00076-00001,mosserivii76.1
MS-MOSSERI-VII-00076-00002,http://cudl.lib.cam.ac.uk/iiif/MS-MOSSERI-VII-00076-00002,mosserivii76.2
MS-MOSSERI-VII-00077,http://cudl.lib.cam.ac.uk/iiif/MS-MOSSERI-VII-00077,mosserivii77
MS-MOSSERI-VII-00078-00001,http://cudl.lib.cam.ac.uk/iiif/MS-MOSSERI-VII-00078-00001,mosserivii78.1
MS-MOSSERI-VII-00078-00002,http://cudl.lib.cam.ac.uk/iiif/MS-MOSSERI-VII-00078-00002,mosserivii78.2
MS-MOSSERI-VII-00078-00003,http://cudl.lib.cam.ac.uk/iiif/MS-MOSSERI-VII-00078-00003,mosserivii78.3
MS-MOSSERI-VII-00078-00004,http://cudl.lib.cam.ac.uk/iiif/MS-MOSSERI-VII-00078-00004,mosserivii78.4
MS-MOSSERI-VII-00078-00005,http://cudl.lib.cam.ac.uk/iiif/MS-MOSSERI-VII-00078-00005,mosserivii78.5
MS-MOSSERI-VII-00079-00001,http://cudl.lib.cam.ac.uk/iiif/MS-MOSSERI-VII-00079-00001,mosserivii79.1
MS-MOSSERI-VII-00079-00002,http://cudl.lib.cam.ac.uk/iiif/MS-MOSSERI-VII-00079-00002,mosserivii79.2
MS-MOSSERI-VII-00080-00001,http://cudl.lib.cam.ac.uk/iiif/MS-MOSSERI-VII-00080-00001,mosserivii80.1
MS-MOSSERI-VII-00080-00002,http://cudl.lib.cam.ac.uk/iiif/MS-MOSSERI-VII-00080-00002,mosserivii80.2
MS-MOSSERI-VII-00081-00001,http://cudl.lib.cam.ac.uk/iiif/MS-MOSSERI-VII-00081-00001,mosserivii81.1
MS-MOSSERI-VII-00081-00002,http://cudl.lib.cam.ac.uk/iiif/MS-MOSSERI-VII-00081-00002,mosserivii81.2
MS-MOSSERI-VII-00082-00001,http://cudl.lib.cam.ac.uk/iiif/MS-MOSSERI-VII-00082-00001,mosserivii82.1
MS-MOSSERI-VII-00082-00002,http://cudl.lib.cam.ac.uk/iiif/MS-MOSSERI-VII-00082-00002,mosserivii82.2
MS-MOSSERI-VII-00083-00001,http://cudl.lib.cam.ac.uk/iiif/MS-MOSSERI-VII-00083-00001,mosserivii83.1
MS-MOSSERI-VII-00083-00002,http://cudl.lib.cam.ac.uk/iiif/MS-MOSSERI-VII-00083-00002,mosserivii83.2
MS-MOSSERI-VII-00084-00001,http://cudl.lib.cam.ac.uk/iiif/MS-MOSSERI-VII-00084-00001,mosserivii84.1
MS-MOSSERI-VII-00084-00002,http://cudl.lib.cam.ac.uk/iiif/MS-MOSSERI-VII-00084-00002,mosserivii84.2
MS-MOSSERI-VII-00084-00003,http://cudl.lib.cam.ac.uk/iiif/MS-MOSSERI-VII-00084-00003,mosserivii84.3
MS-MOSSERI-VII-00085-00001,http://cudl.lib.cam.ac.uk/iiif/MS-MOSSERI-VII-00085-00001,mosserivii85.1
MS-MOSSERI-VII-00085-00002,http://cudl.lib.cam.ac.uk/iiif/MS-MOSSERI-VII-00085-00002,mosserivii85.2
MS-MOSSERI-VII-00085-00003,http://cudl.lib.cam.ac.uk/iiif/MS-MOSSERI-VII-00085-00003,mosserivii85.3
MS-MOSSERI-VII-00085-00004,http://cudl.lib.cam.ac.uk/iiif/MS-MOSSERI-VII-00085-00004,mosserivii85.4
MS-MOSSERI-VII-00086-00001,http://cudl.lib.cam.ac.uk/iiif/MS-MOSSERI-VII-00086-00001,mosserivii86.1
MS-MOSSERI-VII-00086-00002,http://cudl.lib.cam.ac.uk/iiif/MS-MOSSERI-VII-00086-00002,mosserivii86.2
MS-MOSSERI-VII-00086-00003,http://cudl.lib.cam.ac.uk/iiif/MS-MOSSERI-VII-00086-00003,mosserivii86.3
MS-MOSSERI-VII-00087-00001,http://cudl.lib.cam.ac.uk/iiif/MS-MOSSERI-VII-00087-00001,mosserivii87.1
MS-MOSSERI-VII-00087-00002,http://cudl.lib.cam.ac.uk/iiif/MS-MOSSERI-VII-00087-00002,mosserivii87.2
MS-MOSSERI-VII-00087-00003,http://cudl.lib.cam.ac.uk/iiif/MS-MOSSERI-VII-00087-00003,mosserivii87.3
MS-MOSSERI-VII-00087-00004,http://cudl.lib.cam.ac.uk/iiif/MS-MOSSERI-VII-00087-00004,mosserivii87.4
MS-MOSSERI-VII-00087-00005,http://cudl.lib.cam.ac.uk/iiif/MS-MOSSERI-VII-00087-00005,mosserivii87.5
MS-MOSSERI-VII-00088-00001,http://cudl.lib.cam.ac.uk/iiif/MS-MOSSERI-VII-00088-00001,mosserivii88.1
MS-MOSSERI-VII-00088-00002,http://cudl.lib.cam.ac.uk/iiif/MS-MOSSERI-VII-00088-00002,mosserivii88.2
MS-MOSSERI-VII-00088-00003,http://cudl.lib.cam.ac.uk/iiif/MS-MOSSERI-VII-00088-00003,mosserivii88.3
MS-MOSSERI-VII-00089-00001,http://cudl.lib.cam.ac.uk/iiif/MS-MOSSERI-VII-00089-00001,mosserivii89.1
MS-MOSSERI-VII-00089-00002,http://cudl.lib.cam.ac.uk/iiif/MS-MOSSERI-VII-00089-00002,mosserivii89.2
MS-MOSSERI-VII-00089-00003,http://cudl.lib.cam.ac.uk/iiif/MS-MOSSERI-VII-00089-00003,mosserivii89.3
MS-MOSSERI-VII-00089-00004,http://cudl.lib.cam.ac.uk/iiif/MS-MOSSERI-VII-00089-00004,mosserivii89.4
MS-MOSSERI-VII-00090-00001,http://cudl.lib.cam.ac.uk/iiif/MS-MOSSERI-VII-00090-00001,mosserivii90.1
MS-MOSSERI-VII-00090-00002,http://cudl.lib.cam.ac.uk/iiif/MS-MOSSERI-VII-00090-00002,mosserivii90.2
MS-MOSSERI-VII-00091-00001,http://cudl.lib.cam.ac.uk/iiif/MS-MOSSERI-VII-00091-00001,mosserivii91.1
MS-MOSSERI-VII-00091-00002,http://cudl.lib.cam.ac.uk/iiif/MS-MOSSERI-VII-00091-00002,mosserivii91.2
MS-MOSSERI-VII-00092-00001,http://cudl.lib.cam.ac.uk/iiif/MS-MOSSERI-VII-00092-00001,mosserivii92.1
MS-MOSSERI-VII-00092-00002,http://cudl.lib.cam.ac.uk/iiif/MS-MOSSERI-VII-00092-00002,mosserivii92.2
MS-MOSSERI-VII-00092-00003,http://cudl.lib.cam.ac.uk/iiif/MS-MOSSERI-VII-00092-00003,mosserivii92.3
MS-MOSSERI-VII-00092-00004,http://cudl.lib.cam.ac.uk/iiif/MS-MOSSERI-VII-00092-00004,mosserivii92.4
MS-MOSSERI-VII-00093-00001,http://cudl.lib.cam.ac.uk/iiif/MS-MOSSERI-VII-00093-00001,mosserivii93.1
MS-MOSSERI-VII-00093-00002,http://cudl.lib.cam.ac.uk/iiif/MS-MOSSERI-VII-00093-00002,mosserivii93.2
MS-MOSSERI-VII-00093-00003,http://cudl.lib.cam.ac.uk/iiif/MS-MOSSERI-VII-00093-00003,mosserivii93.3
MS-MOSSERI-VII-00093-00004,http://cudl.lib.cam.ac.uk/iiif/MS-MOSSERI-VII-00093-00004,mosserivii93.4
MS-MOSSERI-VII-00093-00005,http://cudl.lib.cam.ac.uk/iiif/MS-MOSSERI-VII-00093-00005,mosserivii93.5
MS-MOSSERI-VII-00093-00006,http://cudl.lib.cam.ac.uk/iiif/MS-MOSSERI-VII-00093-00006,mosserivii93.6
MS-MOSSERI-VII-00094-00001,http://cudl.lib.cam.ac.uk/iiif/MS-MOSSERI-VII-00094-00001,mosserivii94.1
MS-MOSSERI-VII-00094-00002,http://cudl.lib.cam.ac.uk/iiif/MS-MOSSERI-VII-00094-00002,mosserivii94.2
MS-MOSSERI-VII-00094-00003,http://cudl.lib.cam.ac.uk/iiif/MS-MOSSERI-VII-00094-00003,mosserivii94.3
MS-MOSSERI-VII-00094-00004,http://cudl.lib.cam.ac.uk/iiif/MS-MOSSERI-VII-00094-00004,mosserivii94.4
MS-MOSSERI-VII-00095-00001,http://cudl.lib.cam.ac.uk/iiif/MS-MOSSERI-VII-00095-00001,mosserivii95.1
MS-MOSSERI-VII-00095-00002,http://cudl.lib.cam.ac.uk/iiif/MS-MOSSERI-VII-00095-00002,mosserivii95.2
MS-MOSSERI-VII-00095-00003,http://cudl.lib.cam.ac.uk/iiif/MS-MOSSERI-VII-00095-00003,mosserivii95.3
MS-MOSSERI-VII-00096-00001,http://cudl.lib.cam.ac.uk/iiif/MS-MOSSERI-VII-00096-00001,mosserivii96.1
MS-MOSSERI-VII-00096-00002,http://cudl.lib.cam.ac.uk/iiif/MS-MOSSERI-VII-00096-00002,mosserivii96.2
MS-MOSSERI-VII-00096-00003,http://cudl.lib.cam.ac.uk/iiif/MS-MOSSERI-VII-00096-00003,mosserivii96.3
MS-MOSSERI-VII-00097-00001,http://cudl.lib.cam.ac.uk/iiif/MS-MOSSERI-VII-00097-00001,mosserivii97.1
MS-MOSSERI-VII-00097-00002,http://cudl.lib.cam.ac.uk/iiif/MS-MOSSERI-VII-00097-00002,mosserivii97.2
MS-MOSSERI-VII-00098,http://cudl.lib.cam.ac.uk/iiif/MS-MOSSERI-VII-00098,mosserivii98
MS-MOSSERI-VII-00099-00001,http://cudl.lib.cam.ac.uk/iiif/MS-MOSSERI-VII-00099-00001,mosserivii99.1
MS-MOSSERI-VII-00099-00002,http://cudl.lib.cam.ac.uk/iiif/MS-MOSSERI-VII-00099-00002,mosserivii99.2
MS-MOSSERI-VII-00100,http://cudl.lib.cam.ac.uk/iiif/MS-MOSSERI-VII-00100,mosserivii100
MS-MOSSERI-VII-00101,http://cudl.lib.cam.ac.uk/iiif/MS-MOSSERI-VII-00101,mosserivii101
MS-MOSSERI-VII-00102-00001,http://cudl.lib.cam.ac.uk/iiif/MS-MOSSERI-VII-00102-00001,mosserivii102.1
MS-MOSSERI-VII-00102-00002,http://cudl.lib.cam.ac.uk/iiif/MS-MOSSERI-VII-00102-00002,mosserivii102.2
MS-MOSSERI-VII-00103-00001,http://cudl.lib.cam.ac.uk/iiif/MS-MOSSERI-VII-00103-00001,mosserivii103.1
MS-MOSSERI-VII-00103-00002,http://cudl.lib.cam.ac.uk/iiif/MS-MOSSERI-VII-00103-00002,mosserivii103.2
MS-MOSSERI-VII-00104-00001,http://cudl.lib.cam.ac.uk/iiif/MS-MOSSERI-VII-00104-00001,mosserivii104.1
MS-MOSSERI-VII-00104-00002,http://cudl.lib.cam.ac.uk/iiif/MS-MOSSERI-VII-00104-00002,mosserivii104.2
MS-MOSSERI-VII-00104-00003,http://cudl.lib.cam.ac.uk/iiif/MS-MOSSERI-VII-00104-00003,mosserivii104.3
MS-MOSSERI-VII-00105-00001-A,http://cudl.lib.cam.ac.uk/iiif/MS-MOSSERI-VII-00105-00001-A,mosserivii105.1a
MS-MOSSERI-VII-00105-00001-B,http://cudl.lib.cam.ac.uk/iiif/MS-MOSSERI-VII-00105-00001-B,mosserivii105.1b
MS-MOSSERI-VII-00105-00001-C,http://cudl.lib.cam.ac.uk/iiif/MS-MOSSERI-VII-00105-00001-C,mosserivii105.1c
MS-MOSSERI-VII-00105-00001-D,http://cudl.lib.cam.ac.uk/iiif/MS-MOSSERI-VII-00105-00001-D,mosserivii105.1d
MS-MOSSERI-VII-00105-00001-E,http://cudl.lib.cam.ac.uk/iiif/MS-MOSSERI-VII-00105-00001-E,mosserivii105.1e
MS-MOSSERI-VII-00105-00002,http://cudl.lib.cam.ac.uk/iiif/MS-MOSSERI-VII-00105-00002,mosserivii105.2
MS-MOSSERI-VII-00105-00003,http://cudl.lib.cam.ac.uk/iiif/MS-MOSSERI-VII-00105-00003,mosserivii105.3
MS-MOSSERI-VII-00106-00001,http://cudl.lib.cam.ac.uk/iiif/MS-MOSSERI-VII-00106-00001,mosserivii106.1
MS-MOSSERI-VII-00106-00002,http://cudl.lib.cam.ac.uk/iiif/MS-MOSSERI-VII-00106-00002,mosserivii106.2
MS-MOSSERI-VII-00107,http://cudl.lib.cam.ac.uk/iiif/MS-MOSSERI-VII-00107,mosserivii107
MS-MOSSERI-VII-00108,http://cudl.lib.cam.ac.uk/iiif/MS-MOSSERI-VII-00108,mosserivii108
MS-MOSSERI-VII-00109-00001,http://cudl.lib.cam.ac.uk/iiif/MS-MOSSERI-VII-00109-00001,mosserivii109.1
MS-MOSSERI-VII-00109-00002,http://cudl.lib.cam.ac.uk/iiif/MS-MOSSERI-VII-00109-00002,mosserivii109.2
MS-MOSSERI-VII-00110-00001,http://cudl.lib.cam.ac.uk/iiif/MS-MOSSERI-VII-00110-00001,mosserivii110.1
MS-MOSSERI-VII-00110,http://cudl.lib.cam.ac.uk/iiif/MS-MOSSERI-VII-00110,mosserivii110
MS-MOSSERI-VII-00111,http://cudl.lib.cam.ac.uk/iiif/MS-MOSSERI-VII-00111,mosserivii111
MS-MOSSERI-VII-00112-00001,http://cudl.lib.cam.ac.uk/iiif/MS-MOSSERI-VII-00112-00001,mosserivii112.1
MS-MOSSERI-VII-00112-00002,http://cudl.lib.cam.ac.uk/iiif/MS-MOSSERI-VII-00112-00002,mosserivii112.2
MS-MOSSERI-VII-00113-00001,http://cudl.lib.cam.ac.uk/iiif/MS-MOSSERI-VII-00113-00001,mosserivii113.1
MS-MOSSERI-VII-00113-00002,http://cudl.lib.cam.ac.uk/iiif/MS-MOSSERI-VII-00113-00002,mosserivii113.2
MS-MOSSERI-VII-00114,http://cudl.lib.cam.ac.uk/iiif/MS-MOSSERI-VII-00114,mosserivii114
MS-MOSSERI-VII-00115,http://cudl.lib.cam.ac.uk/iiif/MS-MOSSERI-VII-00115,mosserivii115
MS-MOSSERI-VII-00116-00001,http://cudl.lib.cam.ac.uk/iiif/MS-MOSSERI-VII-00116-00001,mosserivii116.1
MS-MOSSERI-VII-00116-00002,http://cudl.lib.cam.ac.uk/iiif/MS-MOSSERI-VII-00116-00002,mosserivii116.2
MS-MOSSERI-VII-00116-00003,http://cudl.lib.cam.ac.uk/iiif/MS-MOSSERI-VII-00116-00003,mosserivii116.3
MS-MOSSERI-VII-00117-00001,http://cudl.lib.cam.ac.uk/iiif/MS-MOSSERI-VII-00117-00001,mosserivii117.1
MS-MOSSERI-VII-00117-00002,http://cudl.lib.cam.ac.uk/iiif/MS-MOSSERI-VII-00117-00002,mosserivii117.2
MS-MOSSERI-VII-00118-00001,http://cudl.lib.cam.ac.uk/iiif/MS-MOSSERI-VII-00118-00001,mosserivii118.1
MS-MOSSERI-VII-00118-00002,http://cudl.lib.cam.ac.uk/iiif/MS-MOSSERI-VII-00118-00002,mosserivii118.2
MS-MOSSERI-VII-00118-00003,http://cudl.lib.cam.ac.uk/iiif/MS-MOSSERI-VII-00118-00003,mosserivii118.3
MS-MOSSERI-VII-00119-00001,http://cudl.lib.cam.ac.uk/iiif/MS-MOSSERI-VII-00119-00001,mosserivii119.1
MS-MOSSERI-VII-00119-00002,http://cudl.lib.cam.ac.uk/iiif/MS-MOSSERI-VII-00119-00002,mosserivii119.2
MS-MOSSERI-VII-00120-00001,http://cudl.lib.cam.ac.uk/iiif/MS-MOSSERI-VII-00120-00001,mosserivii120.1
MS-MOSSERI-VII-00120-00002,http://cudl.lib.cam.ac.uk/iiif/MS-MOSSERI-VII-00120-00002,mosserivii120.2
MS-MOSSERI-VII-00120-00003,http://cudl.lib.cam.ac.uk/iiif/MS-MOSSERI-VII-00120-00003,mosserivii120.3
MS-MOSSERI-VII-00121-00001,http://cudl.lib.cam.ac.uk/iiif/MS-MOSSERI-VII-00121-00001,mosserivii121.1
MS-MOSSERI-VII-00121-00002,http://cudl.lib.cam.ac.uk/iiif/MS-MOSSERI-VII-00121-00002,mosserivii121.2
MS-MOSSERI-VII-00121-00003,http://cudl.lib.cam.ac.uk/iiif/MS-MOSSERI-VII-00121-00003,mosserivii121.3
MS-MOSSERI-VII-00122-00001,http://cudl.lib.cam.ac.uk/iiif/MS-MOSSERI-VII-00122-00001,mosserivii122.1
MS-MOSSERI-VII-00122-00002,http://cudl.lib.cam.ac.uk/iiif/MS-MOSSERI-VII-00122-00002,mosserivii122.2
MS-MOSSERI-VII-00122-00003,http://cudl.lib.cam.ac.uk/iiif/MS-MOSSERI-VII-00122-00003,mosserivii122.3
MS-MOSSERI-VII-00122-00004,http://cudl.lib.cam.ac.uk/iiif/MS-MOSSERI-VII-00122-00004,mosserivii122.4
MS-MOSSERI-VII-00123,http://cudl.lib.cam.ac.uk/iiif/MS-MOSSERI-VII-00123,mosserivii123
MS-MOSSERI-VII-00124-00001,http://cudl.lib.cam.ac.uk/iiif/MS-MOSSERI-VII-00124-00001,mosserivii124.1
MS-MOSSERI-VII-00124-00002,http://cudl.lib.cam.ac.uk/iiif/MS-MOSSERI-VII-00124-00002,mosserivii124.2
MS-MOSSERI-VII-00125-00001,http://cudl.lib.cam.ac.uk/iiif/MS-MOSSERI-VII-00125-00001,mosserivii125.1
MS-MOSSERI-VII-00125-00002,http://cudl.lib.cam.ac.uk/iiif/MS-MOSSERI-VII-00125-00002,mosserivii125.2
MS-MOSSERI-VII-00126-00001,http://cudl.lib.cam.ac.uk/iiif/MS-MOSSERI-VII-00126-00001,mosserivii126.1
MS-MOSSERI-VII-00126-00002,http://cudl.lib.cam.ac.uk/iiif/MS-MOSSERI-VII-00126-00002,mosserivii126.2
MS-MOSSERI-VII-00126-00003,http://cudl.lib.cam.ac.uk/iiif/MS-MOSSERI-VII-00126-00003,mosserivii126.3
MS-MOSSERI-VII-00126-00004,http://cudl.lib.cam.ac.uk/iiif/MS-MOSSERI-VII-00126-00004,mosserivii126.4
MS-MOSSERI-VII-00127,http://cudl.lib.cam.ac.uk/iiif/MS-MOSSERI-VII-00127,mosserivii127
MS-MOSSERI-VII-00128-00001,http://cudl.lib.cam.ac.uk/iiif/MS-MOSSERI-VII-00128-00001,mosserivii128.1
MS-MOSSERI-VII-00128-00002,http://cudl.lib.cam.ac.uk/iiif/MS-MOSSERI-VII-00128-00002,mosserivii128.2
MS-MOSSERI-VII-00129-00001,http://cudl.lib.cam.ac.uk/iiif/MS-MOSSERI-VII-00129-00001,mosserivii129.1
MS-MOSSERI-VII-00129-00002,http://cudl.lib.cam.ac.uk/iiif/MS-MOSSERI-VII-00129-00002,mosserivii129.2
MS-MOSSERI-VII-00129-00003,http://cudl.lib.cam.ac.uk/iiif/MS-MOSSERI-VII-00129-00003,mosserivii129.3
MS-MOSSERI-VII-00129-00004,http://cudl.lib.cam.ac.uk/iiif/MS-MOSSERI-VII-00129-00004,mosserivii129.4
MS-MOSSERI-VII-00130-00001,http://cudl.lib.cam.ac.uk/iiif/MS-MOSSERI-VII-00130-00001,mosserivii130.1
MS-MOSSERI-VII-00130-00002,http://cudl.lib.cam.ac.uk/iiif/MS-MOSSERI-VII-00130-00002,mosserivii130.2
MS-MOSSERI-VII-00131,http://cudl.lib.cam.ac.uk/iiif/MS-MOSSERI-VII-00131,mosserivii131
MS-MOSSERI-VII-00132,http://cudl.lib.cam.ac.uk/iiif/MS-MOSSERI-VII-00132,mosserivii132
MS-MOSSERI-VII-00133-00001,http://cudl.lib.cam.ac.uk/iiif/MS-MOSSERI-VII-00133-00001,mosserivii133.1
MS-MOSSERI-VII-00133-00002,http://cudl.lib.cam.ac.uk/iiif/MS-MOSSERI-VII-00133-00002,mosserivii133.2
MS-MOSSERI-VII-00134,http://cudl.lib.cam.ac.uk/iiif/MS-MOSSERI-VII-00134,mosserivii134
MS-MOSSERI-VII-00135-00001,http://cudl.lib.cam.ac.uk/iiif/MS-MOSSERI-VII-00135-00001,mosserivii135.1
MS-MOSSERI-VII-00135-00002,http://cudl.lib.cam.ac.uk/iiif/MS-MOSSERI-VII-00135-00002,mosserivii135.2
MS-MOSSERI-VII-00136-00001,http://cudl.lib.cam.ac.uk/iiif/MS-MOSSERI-VII-00136-00001,mosserivii136.1
MS-MOSSERI-VII-00136-00002,http://cudl.lib.cam.ac.uk/iiif/MS-MOSSERI-VII-00136-00002,mosserivii136.2
MS-MOSSERI-VII-00137,http://cudl.lib.cam.ac.uk/iiif/MS-MOSSERI-VII-00137,mosserivii137
MS-MOSSERI-VII-00138-00001,http://cudl.lib.cam.ac.uk/iiif/MS-MOSSERI-VII-00138-00001,mosserivii138.1
MS-MOSSERI-VII-00138-00002,http://cudl.lib.cam.ac.uk/iiif/MS-MOSSERI-VII-00138-00002,mosserivii138.2
MS-MOSSERI-VII-00139-00001,http://cudl.lib.cam.ac.uk/iiif/MS-MOSSERI-VII-00139-00001,mosserivii139.1
MS-MOSSERI-VII-00139-00002,http://cudl.lib.cam.ac.uk/iiif/MS-MOSSERI-VII-00139-00002,mosserivii139.2
MS-MOSSERI-VII-00140-00001,http://cudl.lib.cam.ac.uk/iiif/MS-MOSSERI-VII-00140-00001,mosserivii140.1
MS-MOSSERI-VII-00140-00002,http://cudl.lib.cam.ac.uk/iiif/MS-MOSSERI-VII-00140-00002,mosserivii140.2
MS-MOSSERI-VII-00141,http://cudl.lib.cam.ac.uk/iiif/MS-MOSSERI-VII-00141,mosserivii141
MS-MOSSERI-VII-00142,http://cudl.lib.cam.ac.uk/iiif/MS-MOSSERI-VII-00142,mosserivii142
MS-MOSSERI-VII-00143-00001,http://cudl.lib.cam.ac.uk/iiif/MS-MOSSERI-VII-00143-00001,mosserivii143.1
MS-MOSSERI-VII-00143-00002,http://cudl.lib.cam.ac.uk/iiif/MS-MOSSERI-VII-00143-00002,mosserivii143.2
MS-MOSSERI-VII-00144-00001,http://cudl.lib.cam.ac.uk/iiif/MS-MOSSERI-VII-00144-00001,mosserivii144.1
MS-MOSSERI-VII-00144-00002,http://cudl.lib.cam.ac.uk/iiif/MS-MOSSERI-VII-00144-00002,mosserivii144.2
MS-MOSSERI-VII-00145-00001,http://cudl.lib.cam.ac.uk/iiif/MS-MOSSERI-VII-00145-00001,mosserivii145.1
MS-MOSSERI-VII-00145-00002,http://cudl.lib.cam.ac.uk/iiif/MS-MOSSERI-VII-00145-00002,mosserivii145.2
MS-MOSSERI-VII-00146-00001,http://cudl.lib.cam.ac.uk/iiif/MS-MOSSERI-VII-00146-00001,mosserivii146.1
MS-MOSSERI-VII-00146-00002,http://cudl.lib.cam.ac.uk/iiif/MS-MOSSERI-VII-00146-00002,mosserivii146.2
MS-MOSSERI-VII-00147-00001,http://cudl.lib.cam.ac.uk/iiif/MS-MOSSERI-VII-00147-00001,mosserivii147.1
MS-MOSSERI-VII-00147-00002,http://cudl.lib.cam.ac.uk/iiif/MS-MOSSERI-VII-00147-00002,mosserivii147.2
MS-MOSSERI-VII-00148-00001,http://cudl.lib.cam.ac.uk/iiif/MS-MOSSERI-VII-00148-00001,mosserivii148.1
MS-MOSSERI-VII-00148-00002,http://cudl.lib.cam.ac.uk/iiif/MS-MOSSERI-VII-00148-00002,mosserivii148.2
MS-MOSSERI-VII-00149,http://cudl.lib.cam.ac.uk/iiif/MS-MOSSERI-VII-00149,mosserivii149
MS-MOSSERI-VII-00150-00001,http://cudl.lib.cam.ac.uk/iiif/MS-MOSSERI-VII-00150-00001,mosserivii150.1
MS-MOSSERI-VII-00150-00002,http://cudl.lib.cam.ac.uk/iiif/MS-MOSSERI-VII-00150-00002,mosserivii150.2
MS-MOSSERI-VII-00151,http://cudl.lib.cam.ac.uk/iiif/MS-MOSSERI-VII-00151,mosserivii151
MS-MOSSERI-VII-00152-00001,http://cudl.lib.cam.ac.uk/iiif/MS-MOSSERI-VII-00152-00001,mosserivii152.1
MS-MOSSERI-VII-00152-00002,http://cudl.lib.cam.ac.uk/iiif/MS-MOSSERI-VII-00152-00002,mosserivii152.2
MS-MOSSERI-VII-00152-00003,http://cudl.lib.cam.ac.uk/iiif/MS-MOSSERI-VII-00152-00003,mosserivii152.3
MS-MOSSERI-VII-00153,http://cudl.lib.cam.ac.uk/iiif/MS-MOSSERI-VII-00153,mosserivii153
MS-MOSSERI-VII-00154-00001,http://cudl.lib.cam.ac.uk/iiif/MS-MOSSERI-VII-00154-00001,mosserivii154.1
MS-MOSSERI-VII-00154-00002,http://cudl.lib.cam.ac.uk/iiif/MS-MOSSERI-VII-00154-00002,mosserivii154.2
MS-MOSSERI-VII-00155,http://cudl.lib.cam.ac.uk/iiif/MS-MOSSERI-VII-00155,mosserivii155
MS-MOSSERI-VII-00156,http://cudl.lib.cam.ac.uk/iiif/MS-MOSSERI-VII-00156,mosserivii156
MS-MOSSERI-VII-00157,http://cudl.lib.cam.ac.uk/iiif/MS-MOSSERI-VII-00157,mosserivii157
MS-MOSSERI-VII-00158,http://cudl.lib.cam.ac.uk/iiif/MS-MOSSERI-VII-00158,mosserivii158
MS-MOSSERI-VII-00159-00001,http://cudl.lib.cam.ac.uk/iiif/MS-MOSSERI-VII-00159-00001,mosserivii159.1
MS-MOSSERI-VII-00159-00002,http://cudl.lib.cam.ac.uk/iiif/MS-MOSSERI-VII-00159-00002,mosserivii159.2
MS-MOSSERI-VII-00160-00001,http://cudl.lib.cam.ac.uk/iiif/MS-MOSSERI-VII-00160-00001,mosserivii160.1
MS-MOSSERI-VII-00160-00002,http://cudl.lib.cam.ac.uk/iiif/MS-MOSSERI-VII-00160-00002,mosserivii160.2
MS-MOSSERI-VII-00161,http://cudl.lib.cam.ac.uk/iiif/MS-MOSSERI-VII-00161,mosserivii161
MS-MOSSERI-VII-00162-00001,http://cudl.lib.cam.ac.uk/iiif/MS-MOSSERI-VII-00162-00001,mosserivii162.1
MS-MOSSERI-VII-00162-00002,http://cudl.lib.cam.ac.uk/iiif/MS-MOSSERI-VII-00162-00002,mosserivii162.2
MS-MOSSERI-VII-00162-00003,http://cudl.lib.cam.ac.uk/iiif/MS-MOSSERI-VII-00162-00003,mosserivii162.3
MS-MOSSERI-VII-00163-00001,http://cudl.lib.cam.ac.uk/iiif/MS-MOSSERI-VII-00163-00001,mosserivii163.1
MS-MOSSERI-VII-00163-00002,http://cudl.lib.cam.ac.uk/iiif/MS-MOSSERI-VII-00163-00002,mosserivii163.2
MS-MOSSERI-VII-00163-00003,http://cudl.lib.cam.ac.uk/iiif/MS-MOSSERI-VII-00163-00003,mosserivii163.3
MS-MOSSERI-VII-00164-00001,http://cudl.lib.cam.ac.uk/iiif/MS-MOSSERI-VII-00164-00001,mosserivii164.1
MS-MOSSERI-VII-00164-00002,http://cudl.lib.cam.ac.uk/iiif/MS-MOSSERI-VII-00164-00002,mosserivii164.2
MS-MOSSERI-VII-00165,http://cudl.lib.cam.ac.uk/iiif/MS-MOSSERI-VII-00165,mosserivii165
MS-MOSSERI-VII-00166-00001,http://cudl.lib.cam.ac.uk/iiif/MS-MOSSERI-VII-00166-00001,mosserivii166.1
MS-MOSSERI-VII-00166-00002,http://cudl.lib.cam.ac.uk/iiif/MS-MOSSERI-VII-00166-00002,mosserivii166.2
MS-MOSSERI-VII-00167,http://cudl.lib.cam.ac.uk/iiif/MS-MOSSERI-VII-00167,mosserivii167
MS-MOSSERI-VII-00168,http://cudl.lib.cam.ac.uk/iiif/MS-MOSSERI-VII-00168,mosserivii168
MS-MOSSERI-VII-00169,http://cudl.lib.cam.ac.uk/iiif/MS-MOSSERI-VII-00169,mosserivii169
MS-MOSSERI-VII-00170-00001,http://cudl.lib.cam.ac.uk/iiif/MS-MOSSERI-VII-00170-00001,mosserivii170.1
MS-MOSSERI-VII-00170-00002,http://cudl.lib.cam.ac.uk/iiif/MS-MOSSERI-VII-00170-00002,mosserivii170.2
MS-MOSSERI-VII-00171-00001,http://cudl.lib.cam.ac.uk/iiif/MS-MOSSERI-VII-00171-00001,mosserivii171.1
MS-MOSSERI-VII-00171-00002,http://cudl.lib.cam.ac.uk/iiif/MS-MOSSERI-VII-00171-00002,mosserivii171.2
MS-MOSSERI-VII-00171-00003,http://cudl.lib.cam.ac.uk/iiif/MS-MOSSERI-VII-00171-00003,mosserivii171.3
MS-MOSSERI-VII-00172-00001,http://cudl.lib.cam.ac.uk/iiif/MS-MOSSERI-VII-00172-00001,mosserivii172.1
MS-MOSSERI-VII-00172-00002,http://cudl.lib.cam.ac.uk/iiif/MS-MOSSERI-VII-00172-00002,mosserivii172.2
MS-MOSSERI-VII-00172-00003,http://cudl.lib.cam.ac.uk/iiif/MS-MOSSERI-VII-00172-00003,mosserivii172.3
MS-MOSSERI-VII-00173-00001,http://cudl.lib.cam.ac.uk/iiif/MS-MOSSERI-VII-00173-00001,mosserivii173.1
MS-MOSSERI-VII-00173-00002,http://cudl.lib.cam.ac.uk/iiif/MS-MOSSERI-VII-00173-00002,mosserivii173.2
MS-MOSSERI-VII-00173-00003,http://cudl.lib.cam.ac.uk/iiif/MS-MOSSERI-VII-00173-00003,mosserivii173.3
MS-MOSSERI-VII-00173-00004,http://cudl.lib.cam.ac.uk/iiif/MS-MOSSERI-VII-00173-00004,mosserivii173.4
MS-MOSSERI-VII-00174,http://cudl.lib.cam.ac.uk/iiif/MS-MOSSERI-VII-00174,mosserivii174
MS-MOSSERI-VII-00175,http://cudl.lib.cam.ac.uk/iiif/MS-MOSSERI-VII-00175,mosserivii175
MS-MOSSERI-VII-00176,http://cudl.lib.cam.ac.uk/iiif/MS-MOSSERI-VII-00176,mosserivii176
MS-MOSSERI-VII-00177,http://cudl.lib.cam.ac.uk/iiif/MS-MOSSERI-VII-00177,mosserivii177
MS-MOSSERI-VII-00178-00001,http://cudl.lib.cam.ac.uk/iiif/MS-MOSSERI-VII-00178-00001,mosserivii178.1
MS-MOSSERI-VII-00178-00002,http://cudl.lib.cam.ac.uk/iiif/MS-MOSSERI-VII-00178-00002,mosserivii178.2
MS-MOSSERI-VII-00179,http://cudl.lib.cam.ac.uk/iiif/MS-MOSSERI-VII-00179,mosserivii179
MS-MOSSERI-VII-00180,http://cudl.lib.cam.ac.uk/iiif/MS-MOSSERI-VII-00180,mosserivii180
MS-MOSSERI-VII-00181,http://cudl.lib.cam.ac.uk/iiif/MS-MOSSERI-VII-00181,mosserivii181
MS-MOSSERI-VII-00182,http://cudl.lib.cam.ac.uk/iiif/MS-MOSSERI-VII-00182,mosserivii182
MS-MOSSERI-VII-00183-00001,http://cudl.lib.cam.ac.uk/iiif/MS-MOSSERI-VII-00183-00001,mosserivii183.1
MS-MOSSERI-VII-00183-00002,http://cudl.lib.cam.ac.uk/iiif/MS-MOSSERI-VII-00183-00002,mosserivii183.2
MS-MOSSERI-VII-00184-00001,http://cudl.lib.cam.ac.uk/iiif/MS-MOSSERI-VII-00184-00001,mosserivii184.1
MS-MOSSERI-VII-00184-00002,http://cudl.lib.cam.ac.uk/iiif/MS-MOSSERI-VII-00184-00002,mosserivii184.2
MS-MOSSERI-VII-00185-00001,http://cudl.lib.cam.ac.uk/iiif/MS-MOSSERI-VII-00185-00001,mosserivii185.1
MS-MOSSERI-VII-00185-00002,http://cudl.lib.cam.ac.uk/iiif/MS-MOSSERI-VII-00185-00002,mosserivii185.2
MS-MOSSERI-VII-00186-00001,http://cudl.lib.cam.ac.uk/iiif/MS-MOSSERI-VII-00186-00001,mosserivii186.1
MS-MOSSERI-VII-00186-00002,http://cudl.lib.cam.ac.uk/iiif/MS-MOSSERI-VII-00186-00002,mosserivii186.2
MS-MOSSERI-VII-00186-00003,http://cudl.lib.cam.ac.uk/iiif/MS-MOSSERI-VII-00186-00003,mosserivii186.3
MS-MOSSERI-VII-00187-00001,http://cudl.lib.cam.ac.uk/iiif/MS-MOSSERI-VII-00187-00001,mosserivii187.1
MS-MOSSERI-VII-00187-00002,http://cudl.lib.cam.ac.uk/iiif/MS-MOSSERI-VII-00187-00002,mosserivii187.2
MS-MOSSERI-VII-00188-00001,http://cudl.lib.cam.ac.uk/iiif/MS-MOSSERI-VII-00188-00001,mosserivii188.1
MS-MOSSERI-VII-00188-00002,http://cudl.lib.cam.ac.uk/iiif/MS-MOSSERI-VII-00188-00002,mosserivii188.2
MS-MOSSERI-VII-00188-00003,http://cudl.lib.cam.ac.uk/iiif/MS-MOSSERI-VII-00188-00003,mosserivii188.3
MS-MOSSERI-VII-00189-00001,http://cudl.lib.cam.ac.uk/iiif/MS-MOSSERI-VII-00189-00001,mosserivii189.1
MS-MOSSERI-VII-00189-00002,http://cudl.lib.cam.ac.uk/iiif/MS-MOSSERI-VII-00189-00002,mosserivii189.2
MS-MOSSERI-VII-00189-00003,http://cudl.lib.cam.ac.uk/iiif/MS-MOSSERI-VII-00189-00003,mosserivii189.3
MS-MOSSERI-VII-00189-00004,http://cudl.lib.cam.ac.uk/iiif/MS-MOSSERI-VII-00189-00004,mosserivii189.4
MS-MOSSERI-VII-00190,http://cudl.lib.cam.ac.uk/iiif/MS-MOSSERI-VII-00190,mosserivii190
MS-MOSSERI-VII-00191-00001,http://cudl.lib.cam.ac.uk/iiif/MS-MOSSERI-VII-00191-00001,mosserivii191.1
MS-MOSSERI-VII-00191-00002,http://cudl.lib.cam.ac.uk/iiif/MS-MOSSERI-VII-00191-00002,mosserivii191.2
MS-MOSSERI-VII-00192-00001,http://cudl.lib.cam.ac.uk/iiif/MS-MOSSERI-VII-00192-00001,mosserivii192.1
MS-MOSSERI-VII-00192-00002,http://cudl.lib.cam.ac.uk/iiif/MS-MOSSERI-VII-00192-00002,mosserivii192.2
MS-MOSSERI-VII-00192-00003,http://cudl.lib.cam.ac.uk/iiif/MS-MOSSERI-VII-00192-00003,mosserivii192.3
MS-MOSSERI-VII-00192-00004,http://cudl.lib.cam.ac.uk/iiif/MS-MOSSERI-VII-00192-00004,mosserivii192.4
MS-MOSSERI-VII-00193,http://cudl.lib.cam.ac.uk/iiif/MS-MOSSERI-VII-00193,mosserivii193
MS-MOSSERI-VII-00194-00001,http://cudl.lib.cam.ac.uk/iiif/MS-MOSSERI-VII-00194-00001,mosserivii194.1
MS-MOSSERI-VII-00194-00002,http://cudl.lib.cam.ac.uk/iiif/MS-MOSSERI-VII-00194-00002,mosserivii194.2
MS-MOSSERI-VII-00194-00003,http://cudl.lib.cam.ac.uk/iiif/MS-MOSSERI-VII-00194-00003,mosserivii194.3
MS-MOSSERI-VII-00194-00004,http://cudl.lib.cam.ac.uk/iiif/MS-MOSSERI-VII-00194-00004,mosserivii194.4
MS-MOSSERI-VII-00194-00005,http://cudl.lib.cam.ac.uk/iiif/MS-MOSSERI-VII-00194-00005,mosserivii194.5
MS-MOSSERI-VII-00194-00006,http://cudl.lib.cam.ac.uk/iiif/MS-MOSSERI-VII-00194-00006,mosserivii194.6
MS-MOSSERI-VII-00194-00007,http://cudl.lib.cam.ac.uk/iiif/MS-MOSSERI-VII-00194-00007,mosserivii194.7
MS-MOSSERI-VII-00194-00008,http://cudl.lib.cam.ac.uk/iiif/MS-MOSSERI-VII-00194-00008,mosserivii194.8
MS-MOSSERI-VII-00194-00009,http://cudl.lib.cam.ac.uk/iiif/MS-MOSSERI-VII-00194-00009,mosserivii194.9
MS-MOSSERI-VII-00195-00001,http://cudl.lib.cam.ac.uk/iiif/MS-MOSSERI-VII-00195-00001,mosserivii195.1
MS-MOSSERI-VII-00195-00002,http://cudl.lib.cam.ac.uk/iiif/MS-MOSSERI-VII-00195-00002,mosserivii195.2
MS-MOSSERI-VII-00195-00003,http://cudl.lib.cam.ac.uk/iiif/MS-MOSSERI-VII-00195-00003,mosserivii195.3
MS-MOSSERI-VII-00195-00004,http://cudl.lib.cam.ac.uk/iiif/MS-MOSSERI-VII-00195-00004,mosserivii195.4
MS-MOSSERI-VII-00196-00001,http://cudl.lib.cam.ac.uk/iiif/MS-MOSSERI-VII-00196-00001,mosserivii196.1
MS-MOSSERI-VII-00196-00002,http://cudl.lib.cam.ac.uk/iiif/MS-MOSSERI-VII-00196-00002,mosserivii196.2
MS-MOSSERI-VII-00197-00001,http://cudl.lib.cam.ac.uk/iiif/MS-MOSSERI-VII-00197-00001,mosserivii197.1
MS-MOSSERI-VII-00197-00002,http://cudl.lib.cam.ac.uk/iiif/MS-MOSSERI-VII-00197-00002,mosserivii197.2
MS-MOSSERI-VII-00198,http://cudl.lib.cam.ac.uk/iiif/MS-MOSSERI-VII-00198,mosserivii198
MS-MOSSERI-VII-00199-00001,http://cudl.lib.cam.ac.uk/iiif/MS-MOSSERI-VII-00199-00001,mosserivii199.1
MS-MOSSERI-VII-00199-00002,http://cudl.lib.cam.ac.uk/iiif/MS-MOSSERI-VII-00199-00002,mosserivii199.2
MS-MOSSERI-VII-00199-00003,http://cudl.lib.cam.ac.uk/iiif/MS-MOSSERI-VII-00199-00003,mosserivii199.3
MS-MOSSERI-VII-00199-00004,http://cudl.lib.cam.ac.uk/iiif/MS-MOSSERI-VII-00199-00004,mosserivii199.4
MS-MOSSERI-VII-00199-00005,http://cudl.lib.cam.ac.uk/iiif/MS-MOSSERI-VII-00199-00005,mosserivii199.5
MS-MOSSERI-VII-00199-00006,http://cudl.lib.cam.ac.uk/iiif/MS-MOSSERI-VII-00199-00006,mosserivii199.6
MS-MOSSERI-VII-00200,http://cudl.lib.cam.ac.uk/iiif/MS-MOSSERI-VII-00200,mosserivii200
MS-MOSSERI-VII-00201-00001,http://cudl.lib.cam.ac.uk/iiif/MS-MOSSERI-VII-00201-00001,mosserivii201.1
MS-MOSSERI-VII-00201-00002,http://cudl.lib.cam.ac.uk/iiif/MS-MOSSERI-VII-00201-00002,mosserivii201.2
MS-MOSSERI-VII-00201-00003,http://cudl.lib.cam.ac.uk/iiif/MS-MOSSERI-VII-00201-00003,mosserivii201.3
MS-MOSSERI-VII-00201-00004,http://cudl.lib.cam.ac.uk/iiif/MS-MOSSERI-VII-00201-00004,mosserivii201.4
MS-MOSSERI-VII-00201-00005,http://cudl.lib.cam.ac.uk/iiif/MS-MOSSERI-VII-00201-00005,mosserivii201.5
MS-MOSSERI-VII-00201-00006,http://cudl.lib.cam.ac.uk/iiif/MS-MOSSERI-VII-00201-00006,mosserivii201.6
MS-MOSSERI-VII-00201-00007,http://cudl.lib.cam.ac.uk/iiif/MS-MOSSERI-VII-00201-00007,mosserivii201.7
MS-MOSSERI-VII-00202,http://cudl.lib.cam.ac.uk/iiif/MS-MOSSERI-VII-00202,mosserivii202
MS-MOSSERI-VII-00203,http://cudl.lib.cam.ac.uk/iiif/MS-MOSSERI-VII-00203,mosserivii203
MS-MOSSERI-VII-00204-00001,http://cudl.lib.cam.ac.uk/iiif/MS-MOSSERI-VII-00204-00001,mosserivii204.1
MS-MOSSERI-VII-00204-00002,http://cudl.lib.cam.ac.uk/iiif/MS-MOSSERI-VII-00204-00002,mosserivii204.2
MS-MOSSERI-VII-00205,http://cudl.lib.cam.ac.uk/iiif/MS-MOSSERI-VII-00205,mosserivii205
MS-MOSSERI-VII-00206-00001,http://cudl.lib.cam.ac.uk/iiif/MS-MOSSERI-VII-00206-00001,mosserivii206.1
MS-MOSSERI-VII-00206-00002,http://cudl.lib.cam.ac.uk/iiif/MS-MOSSERI-VII-00206-00002,mosserivii206.2
MS-MOSSERI-VII-00207-00001,http://cudl.lib.cam.ac.uk/iiif/MS-MOSSERI-VII-00207-00001,mosserivii207.1
MS-MOSSERI-VII-00207-00002,http://cudl.lib.cam.ac.uk/iiif/MS-MOSSERI-VII-00207-00002,mosserivii207.2
MS-MOSSERI-VII-00208-00001,http://cudl.lib.cam.ac.uk/iiif/MS-MOSSERI-VII-00208-00001,mosserivii208.1
MS-MOSSERI-VII-00208-00002,http://cudl.lib.cam.ac.uk/iiif/MS-MOSSERI-VII-00208-00002,mosserivii208.2
MS-MOSSERI-VII-00209,http://cudl.lib.cam.ac.uk/iiif/MS-MOSSERI-VII-00209,mosserivii209
MS-MOSSERI-VII-00210,http://cudl.lib.cam.ac.uk/iiif/MS-MOSSERI-VII-00210,mosserivii210
MS-MOSSERI-VII-00211-00001,http://cudl.lib.cam.ac.uk/iiif/MS-MOSSERI-VII-00211-00001,mosserivii211.1
MS-MOSSERI-VII-00211-00002,http://cudl.lib.cam.ac.uk/iiif/MS-MOSSERI-VII-00211-00002,mosserivii211.2
MS-MOSSERI-VII-00211-00003,http://cudl.lib.cam.ac.uk/iiif/MS-MOSSERI-VII-00211-00003,mosserivii211.3
MS-MOSSERI-VII-00212-00001,http://cudl.lib.cam.ac.uk/iiif/MS-MOSSERI-VII-00212-00001,mosserivii212.1
MS-MOSSERI-VII-00212-00002,http://cudl.lib.cam.ac.uk/iiif/MS-MOSSERI-VII-00212-00002,mosserivii212.2
MS-MOSSERI-VII-00213-00001,http://cudl.lib.cam.ac.uk/iiif/MS-MOSSERI-VII-00213-00001,mosserivii213.1
MS-MOSSERI-VII-00213-00002,http://cudl.lib.cam.ac.uk/iiif/MS-MOSSERI-VII-00213-00002,mosserivii213.2
MS-MOSSERI-VII-00214,http://cudl.lib.cam.ac.uk/iiif/MS-MOSSERI-VII-00214,mosserivii214
MS-MOSSERI-VII-00215-00001,http://cudl.lib.cam.ac.uk/iiif/MS-MOSSERI-VII-00215-00001,mosserivii215.1
MS-MOSSERI-VII-00215-00002,http://cudl.lib.cam.ac.uk/iiif/MS-MOSSERI-VII-00215-00002,mosserivii215.2
MS-MOSSERI-VIII-00001,http://cudl.lib.cam.ac.uk/iiif/MS-MOSSERI-VIII-00001,mosseriviii1
MS-MOSSERI-VIII-00002,http://cudl.lib.cam.ac.uk/iiif/MS-MOSSERI-VIII-00002,mosseriviii2
MS-MOSSERI-VIII-00003,http://cudl.lib.cam.ac.uk/iiif/MS-MOSSERI-VIII-00003,mosseriviii3
MS-MOSSERI-VIII-00004,http://cudl.lib.cam.ac.uk/iiif/MS-MOSSERI-VIII-00004,mosseriviii4
MS-MOSSERI-VIII-00005,http://cudl.lib.cam.ac.uk/iiif/MS-MOSSERI-VIII-00005,mosseriviii5
MS-MOSSERI-VIII-00006,http://cudl.lib.cam.ac.uk/iiif/MS-MOSSERI-VIII-00006,mosseriviii6
MS-MOSSERI-VIII-00007,http://cudl.lib.cam.ac.uk/iiif/MS-MOSSERI-VIII-00007,mosseriviii7
MS-MOSSERI-VIII-00008,http://cudl.lib.cam.ac.uk/iiif/MS-MOSSERI-VIII-00008,mosseriviii8
MS-MOSSERI-VIII-00009,http://cudl.lib.cam.ac.uk/iiif/MS-MOSSERI-VIII-00009,mosseriviii9
MS-MOSSERI-VIII-00010-00001,http://cudl.lib.cam.ac.uk/iiif/MS-MOSSERI-VIII-00010-00001,mosseriviii10.1
MS-MOSSERI-VIII-00010-00002,http://cudl.lib.cam.ac.uk/iiif/MS-MOSSERI-VIII-00010-00002,mosseriviii10.2
MS-MOSSERI-VIII-00010-00003,http://cudl.lib.cam.ac.uk/iiif/MS-MOSSERI-VIII-00010-00003,mosseriviii10.3
MS-MOSSERI-VIII-00011-00001,http://cudl.lib.cam.ac.uk/iiif/MS-MOSSERI-VIII-00011-00001,mosseriviii11.1
MS-MOSSERI-VIII-00011-00002,http://cudl.lib.cam.ac.uk/iiif/MS-MOSSERI-VIII-00011-00002,mosseriviii11.2
MS-MOSSERI-VIII-00012-00001,http://cudl.lib.cam.ac.uk/iiif/MS-MOSSERI-VIII-00012-00001,mosseriviii12.1
MS-MOSSERI-VIII-00012-00002,http://cudl.lib.cam.ac.uk/iiif/MS-MOSSERI-VIII-00012-00002,mosseriviii12.2
MS-MOSSERI-VIII-00013,http://cudl.lib.cam.ac.uk/iiif/MS-MOSSERI-VIII-00013,mosseriviii13
MS-MOSSERI-VIII-00014-00001,http://cudl.lib.cam.ac.uk/iiif/MS-MOSSERI-VIII-00014-00001,mosseriviii14.1
MS-MOSSERI-VIII-00014-00002,http://cudl.lib.cam.ac.uk/iiif/MS-MOSSERI-VIII-00014-00002,mosseriviii14.2
MS-MOSSERI-VIII-00015,http://cudl.lib.cam.ac.uk/iiif/MS-MOSSERI-VIII-00015,mosseriviii15
MS-MOSSERI-VIII-00016-00001,http://cudl.lib.cam.ac.uk/iiif/MS-MOSSERI-VIII-00016-00001,mosseriviii16.1
MS-MOSSERI-VIII-00016-00002,http://cudl.lib.cam.ac.uk/iiif/MS-MOSSERI-VIII-00016-00002,mosseriviii16.2
MS-MOSSERI-VIII-00017,http://cudl.lib.cam.ac.uk/iiif/MS-MOSSERI-VIII-00017,mosseriviii17
MS-MOSSERI-VIII-00018-00001,http://cudl.lib.cam.ac.uk/iiif/MS-MOSSERI-VIII-00018-00001,mosseriviii18.1
MS-MOSSERI-VIII-00018-00002,http://cudl.lib.cam.ac.uk/iiif/MS-MOSSERI-VIII-00018-00002,mosseriviii18.2
MS-MOSSERI-VIII-00018-00003,http://cudl.lib.cam.ac.uk/iiif/MS-MOSSERI-VIII-00018-00003,mosseriviii18.3
MS-MOSSERI-VIII-00019,http://cudl.lib.cam.ac.uk/iiif/MS-MOSSERI-VIII-00019,mosseriviii19
MS-MOSSERI-VIII-00020-00001,http://cudl.lib.cam.ac.uk/iiif/MS-MOSSERI-VIII-00020-00001,mosseriviii20.1
MS-MOSSERI-VIII-00020-00002,http://cudl.lib.cam.ac.uk/iiif/MS-MOSSERI-VIII-00020-00002,mosseriviii20.2
MS-MOSSERI-VIII-00021-A,http://cudl.lib.cam.ac.uk/iiif/MS-MOSSERI-VIII-00021-A,mosseriviii21a
MS-MOSSERI-VIII-00021-B,http://cudl.lib.cam.ac.uk/iiif/MS-MOSSERI-VIII-00021-B,mosseriviii21b
MS-MOSSERI-VIII-00021-C,http://cudl.lib.cam.ac.uk/iiif/MS-MOSSERI-VIII-00021-C,mosseriviii21c
MS-MOSSERI-VIII-00021-D,http://cudl.lib.cam.ac.uk/iiif/MS-MOSSERI-VIII-00021-D,mosseriviii21d
MS-MOSSERI-VIII-00022-A,http://cudl.lib.cam.ac.uk/iiif/MS-MOSSERI-VIII-00022-A,mosseriviii22a
MS-MOSSERI-VIII-00022-B,http://cudl.lib.cam.ac.uk/iiif/MS-MOSSERI-VIII-00022-B,mosseriviii22b
MS-MOSSERI-VIII-00023,http://cudl.lib.cam.ac.uk/iiif/MS-MOSSERI-VIII-00023,mosseriviii23
MS-MOSSERI-VIII-00024-00001,http://cudl.lib.cam.ac.uk/iiif/MS-MOSSERI-VIII-00024-00001,mosseriviii24.1
MS-MOSSERI-VIII-00024-00002,http://cudl.lib.cam.ac.uk/iiif/MS-MOSSERI-VIII-00024-00002,mosseriviii24.2
MS-MOSSERI-VIII-00025-A,http://cudl.lib.cam.ac.uk/iiif/MS-MOSSERI-VIII-00025-A,mosseriviii25a
MS-MOSSERI-VIII-00025-B,http://cudl.lib.cam.ac.uk/iiif/MS-MOSSERI-VIII-00025-B,mosseriviii25b
MS-MOSSERI-VIII-00025-C,http://cudl.lib.cam.ac.uk/iiif/MS-MOSSERI-VIII-00025-C,mosseriviii25c
MS-MOSSERI-VIII-00025-D,http://cudl.lib.cam.ac.uk/iiif/MS-MOSSERI-VIII-00025-D,mosseriviii25d
MS-MOSSERI-VIII-00026-00001,http://cudl.lib.cam.ac.uk/iiif/MS-MOSSERI-VIII-00026-00001,mosseriviii26.1
MS-MOSSERI-VIII-00026-00002,http://cudl.lib.cam.ac.uk/iiif/MS-MOSSERI-VIII-00026-00002,mosseriviii26.2
MS-MOSSERI-VIII-00027,http://cudl.lib.cam.ac.uk/iiif/MS-MOSSERI-VIII-00027,mosseriviii27
MS-MOSSERI-VIII-00028-00001,http://cudl.lib.cam.ac.uk/iiif/MS-MOSSERI-VIII-00028-00001,mosseriviii28.1
MS-MOSSERI-VIII-00028-00002,http://cudl.lib.cam.ac.uk/iiif/MS-MOSSERI-VIII-00028-00002,mosseriviii28.2
MS-MOSSERI-VIII-00029-00001,http://cudl.lib.cam.ac.uk/iiif/MS-MOSSERI-VIII-00029-00001,mosseriviii29.1
MS-MOSSERI-VIII-00029-00002,http://cudl.lib.cam.ac.uk/iiif/MS-MOSSERI-VIII-00029-00002,mosseriviii29.2
MS-MOSSERI-VIII-00029-00003,http://cudl.lib.cam.ac.uk/iiif/MS-MOSSERI-VIII-00029-00003,mosseriviii29.3
MS-MOSSERI-VIII-00029-00004,http://cudl.lib.cam.ac.uk/iiif/MS-MOSSERI-VIII-00029-00004,mosseriviii29.4
MS-MOSSERI-VIII-00030,http://cudl.lib.cam.ac.uk/iiif/MS-MOSSERI-VIII-00030,mosseriviii30
MS-MOSSERI-VIII-00031,http://cudl.lib.cam.ac.uk/iiif/MS-MOSSERI-VIII-00031,mosseriviii31
MS-MOSSERI-VIII-00032-00001,http://cudl.lib.cam.ac.uk/iiif/MS-MOSSERI-VIII-00032-00001,mosseriviii32.1
MS-MOSSERI-VIII-00032-00002,http://cudl.lib.cam.ac.uk/iiif/MS-MOSSERI-VIII-00032-00002,mosseriviii32.2
MS-MOSSERI-VIII-00032-00003,http://cudl.lib.cam.ac.uk/iiif/MS-MOSSERI-VIII-00032-00003,mosseriviii32.3
MS-MOSSERI-VIII-00033-00001,http://cudl.lib.cam.ac.uk/iiif/MS-MOSSERI-VIII-00033-00001,mosseriviii33.1
MS-MOSSERI-VIII-00033-00002,http://cudl.lib.cam.ac.uk/iiif/MS-MOSSERI-VIII-00033-00002,mosseriviii33.2
MS-MOSSERI-VIII-00034-00001,http://cudl.lib.cam.ac.uk/iiif/MS-MOSSERI-VIII-00034-00001,mosseriviii34.1
MS-MOSSERI-VIII-00034-00002,http://cudl.lib.cam.ac.uk/iiif/MS-MOSSERI-VIII-00034-00002,mosseriviii34.2
MS-MOSSERI-VIII-00034-00003,http://cudl.lib.cam.ac.uk/iiif/MS-MOSSERI-VIII-00034-00003,mosseriviii34.3
MS-MOSSERI-VIII-00035,http://cudl.lib.cam.ac.uk/iiif/MS-MOSSERI-VIII-00035,mosseriviii35
MS-MOSSERI-VIII-00036,http://cudl.lib.cam.ac.uk/iiif/MS-MOSSERI-VIII-00036,mosseriviii36
MS-MOSSERI-VIII-00037,http://cudl.lib.cam.ac.uk/iiif/MS-MOSSERI-VIII-00037,mosseriviii37
MS-MOSSERI-VIII-00038-00001,http://cudl.lib.cam.ac.uk/iiif/MS-MOSSERI-VIII-00038-00001,mosseriviii38.1
MS-MOSSERI-VIII-00038-00002,http://cudl.lib.cam.ac.uk/iiif/MS-MOSSERI-VIII-00038-00002,mosseriviii38.2
MS-MOSSERI-VIII-00039,http://cudl.lib.cam.ac.uk/iiif/MS-MOSSERI-VIII-00039,mosseriviii39
MS-MOSSERI-VIII-00040,http://cudl.lib.cam.ac.uk/iiif/MS-MOSSERI-VIII-00040,mosseriviii40
MS-MOSSERI-VIII-00041-A,http://cudl.lib.cam.ac.uk/iiif/MS-MOSSERI-VIII-00041-A,mosseriviii41a
MS-MOSSERI-VIII-00041-B,http://cudl.lib.cam.ac.uk/iiif/MS-MOSSERI-VIII-00041-B,mosseriviii41b
MS-MOSSERI-VIII-00042,http://cudl.lib.cam.ac.uk/iiif/MS-MOSSERI-VIII-00042,mosseriviii42
MS-MOSSERI-VIII-00043,http://cudl.lib.cam.ac.uk/iiif/MS-MOSSERI-VIII-00043,mosseriviii43
MS-MOSSERI-VIII-00044-00001-A,http://cudl.lib.cam.ac.uk/iiif/MS-MOSSERI-VIII-00044-00001-A,mosseriviii44.1a
MS-MOSSERI-VIII-00044-00001-B,http://cudl.lib.cam.ac.uk/iiif/MS-MOSSERI-VIII-00044-00001-B,mosseriviii44.1b
MS-MOSSERI-VIII-00044-00002,http://cudl.lib.cam.ac.uk/iiif/MS-MOSSERI-VIII-00044-00002,mosseriviii44.2
MS-MOSSERI-VIII-00045,http://cudl.lib.cam.ac.uk/iiif/MS-MOSSERI-VIII-00045,mosseriviii45
MS-MOSSERI-VIII-00046,http://cudl.lib.cam.ac.uk/iiif/MS-MOSSERI-VIII-00046,mosseriviii46
MS-MOSSERI-VIII-00047-00001-A,http://cudl.lib.cam.ac.uk/iiif/MS-MOSSERI-VIII-00047-00001-A,mosseriviii47.1a
MS-MOSSERI-VIII-00047-00001-B,http://cudl.lib.cam.ac.uk/iiif/MS-MOSSERI-VIII-00047-00001-B,mosseriviii47.1b
MS-MOSSERI-VIII-00047-00002,http://cudl.lib.cam.ac.uk/iiif/MS-MOSSERI-VIII-00047-00002,mosseriviii47.2
MS-MOSSERI-VIII-00047-00003,http://cudl.lib.cam.ac.uk/iiif/MS-MOSSERI-VIII-00047-00003,mosseriviii47.3
MS-MOSSERI-VIII-00048,http://cudl.lib.cam.ac.uk/iiif/MS-MOSSERI-VIII-00048,mosseriviii48
MS-MOSSERI-VIII-00049,http://cudl.lib.cam.ac.uk/iiif/MS-MOSSERI-VIII-00049,mosseriviii49
MS-MOSSERI-VIII-00050,http://cudl.lib.cam.ac.uk/iiif/MS-MOSSERI-VIII-00050,mosseriviii50
MS-MOSSERI-VIII-00051-00001,http://cudl.lib.cam.ac.uk/iiif/MS-MOSSERI-VIII-00051-00001,mosseriviii51.1
MS-MOSSERI-VIII-00051-00002,http://cudl.lib.cam.ac.uk/iiif/MS-MOSSERI-VIII-00051-00002,mosseriviii51.2
MS-MOSSERI-VIII-00052-00001,http://cudl.lib.cam.ac.uk/iiif/MS-MOSSERI-VIII-00052-00001,mosseriviii52.1
MS-MOSSERI-VIII-00052-00002,http://cudl.lib.cam.ac.uk/iiif/MS-MOSSERI-VIII-00052-00002,mosseriviii52.2
MS-MOSSERI-VIII-00052-00003,http://cudl.lib.cam.ac.uk/iiif/MS-MOSSERI-VIII-00052-00003,mosseriviii52.3
MS-MOSSERI-VIII-00053-00001,http://cudl.lib.cam.ac.uk/iiif/MS-MOSSERI-VIII-00053-00001,mosseriviii53.1
MS-MOSSERI-VIII-00053-00002,http://cudl.lib.cam.ac.uk/iiif/MS-MOSSERI-VIII-00053-00002,mosseriviii53.2
MS-MOSSERI-VIII-00054-00001,http://cudl.lib.cam.ac.uk/iiif/MS-MOSSERI-VIII-00054-00001,mosseriviii54.1
MS-MOSSERI-VIII-00054-00002,http://cudl.lib.cam.ac.uk/iiif/MS-MOSSERI-VIII-00054-00002,mosseriviii54.2
MS-MOSSERI-VIII-00055,http://cudl.lib.cam.ac.uk/iiif/MS-MOSSERI-VIII-00055,mosseriviii55
MS-MOSSERI-VIII-00056-00001,http://cudl.lib.cam.ac.uk/iiif/MS-MOSSERI-VIII-00056-00001,mosseriviii56.1
MS-MOSSERI-VIII-00056-00002,http://cudl.lib.cam.ac.uk/iiif/MS-MOSSERI-VIII-00056-00002,mosseriviii56.2
MS-MOSSERI-VIII-00057-00001,http://cudl.lib.cam.ac.uk/iiif/MS-MOSSERI-VIII-00057-00001,mosseriviii57.1
MS-MOSSERI-VIII-00057-00002,http://cudl.lib.cam.ac.uk/iiif/MS-MOSSERI-VIII-00057-00002,mosseriviii57.2
MS-MOSSERI-VIII-00058-00001,http://cudl.lib.cam.ac.uk/iiif/MS-MOSSERI-VIII-00058-00001,mosseriviii58.1
MS-MOSSERI-VIII-00058-00002,http://cudl.lib.cam.ac.uk/iiif/MS-MOSSERI-VIII-00058-00002,mosseriviii58.2
MS-MOSSERI-VIII-00059-00001,http://cudl.lib.cam.ac.uk/iiif/MS-MOSSERI-VIII-00059-00001,mosseriviii59.1
MS-MOSSERI-VIII-00059-00002,http://cudl.lib.cam.ac.uk/iiif/MS-MOSSERI-VIII-00059-00002,mosseriviii59.2
MS-MOSSERI-VIII-00060-00001,http://cudl.lib.cam.ac.uk/iiif/MS-MOSSERI-VIII-00060-00001,mosseriviii60.1
MS-MOSSERI-VIII-00060-00002,http://cudl.lib.cam.ac.uk/iiif/MS-MOSSERI-VIII-00060-00002,mosseriviii60.2
MS-MOSSERI-VIII-00061-00001,http://cudl.lib.cam.ac.uk/iiif/MS-MOSSERI-VIII-00061-00001,mosseriviii61.1
MS-MOSSERI-VIII-00061-00002,http://cudl.lib.cam.ac.uk/iiif/MS-MOSSERI-VIII-00061-00002,mosseriviii61.2
MS-MOSSERI-VIII-00062-00001,http://cudl.lib.cam.ac.uk/iiif/MS-MOSSERI-VIII-00062-00001,mosseriviii62.1
MS-MOSSERI-VIII-00062-00002,http://cudl.lib.cam.ac.uk/iiif/MS-MOSSERI-VIII-00062-00002,mosseriviii62.2
MS-MOSSERI-VIII-00063-00001,http://cudl.lib.cam.ac.uk/iiif/MS-MOSSERI-VIII-00063-00001,mosseriviii63.1
MS-MOSSERI-VIII-00063-00002,http://cudl.lib.cam.ac.uk/iiif/MS-MOSSERI-VIII-00063-00002,mosseriviii63.2
MS-MOSSERI-VIII-00063-00003,http://cudl.lib.cam.ac.uk/iiif/MS-MOSSERI-VIII-00063-00003,mosseriviii63.3
MS-MOSSERI-VIII-00064-00001,http://cudl.lib.cam.ac.uk/iiif/MS-MOSSERI-VIII-00064-00001,mosseriviii64.1
MS-MOSSERI-VIII-00064-00002,http://cudl.lib.cam.ac.uk/iiif/MS-MOSSERI-VIII-00064-00002,mosseriviii64.2
MS-MOSSERI-VIII-00065,http://cudl.lib.cam.ac.uk/iiif/MS-MOSSERI-VIII-00065,mosseriviii65
MS-MOSSERI-VIII-00066-00001,http://cudl.lib.cam.ac.uk/iiif/MS-MOSSERI-VIII-00066-00001,mosseriviii66.1
MS-MOSSERI-VIII-00066-00002,http://cudl.lib.cam.ac.uk/iiif/MS-MOSSERI-VIII-00066-00002,mosseriviii66.2
MS-MOSSERI-VIII-00067-00001,http://cudl.lib.cam.ac.uk/iiif/MS-MOSSERI-VIII-00067-00001,mosseriviii67.1
MS-MOSSERI-VIII-00067-00002,http://cudl.lib.cam.ac.uk/iiif/MS-MOSSERI-VIII-00067-00002,mosseriviii67.2
MS-MOSSERI-VIII-00068-00001,http://cudl.lib.cam.ac.uk/iiif/MS-MOSSERI-VIII-00068-00001,mosseriviii68.1
MS-MOSSERI-VIII-00068-00002,http://cudl.lib.cam.ac.uk/iiif/MS-MOSSERI-VIII-00068-00002,mosseriviii68.2
MS-MOSSERI-VIII-00069,http://cudl.lib.cam.ac.uk/iiif/MS-MOSSERI-VIII-00069,mosseriviii69
MS-MOSSERI-VIII-00070,http://cudl.lib.cam.ac.uk/iiif/MS-MOSSERI-VIII-00070,mosseriviii70
MS-MOSSERI-VIII-00071,http://cudl.lib.cam.ac.uk/iiif/MS-MOSSERI-VIII-00071,mosseriviii71
MS-MOSSERI-VIII-00072-00001-A,http://cudl.lib.cam.ac.uk/iiif/MS-MOSSERI-VIII-00072-00001-A,mosseriviii72.1a
MS-MOSSERI-VIII-00072-00001-B,http://cudl.lib.cam.ac.uk/iiif/MS-MOSSERI-VIII-00072-00001-B,mosseriviii72.1b
MS-MOSSERI-VIII-00072-00002,http://cudl.lib.cam.ac.uk/iiif/MS-MOSSERI-VIII-00072-00002,mosseriviii72.2
MS-MOSSERI-VIII-00073-00001,http://cudl.lib.cam.ac.uk/iiif/MS-MOSSERI-VIII-00073-00001,mosseriviii73.1
MS-MOSSERI-VIII-00073-00002,http://cudl.lib.cam.ac.uk/iiif/MS-MOSSERI-VIII-00073-00002,mosseriviii73.2
MS-MOSSERI-VIII-00074,http://cudl.lib.cam.ac.uk/iiif/MS-MOSSERI-VIII-00074,mosseriviii74
MS-MOSSERI-VIII-00075-00001,http://cudl.lib.cam.ac.uk/iiif/MS-MOSSERI-VIII-00075-00001,mosseriviii75.1
MS-MOSSERI-VIII-00075-00002,http://cudl.lib.cam.ac.uk/iiif/MS-MOSSERI-VIII-00075-00002,mosseriviii75.2
MS-MOSSERI-VIII-00076-00001,http://cudl.lib.cam.ac.uk/iiif/MS-MOSSERI-VIII-00076-00001,mosseriviii76.1
MS-MOSSERI-VIII-00076-00002,http://cudl.lib.cam.ac.uk/iiif/MS-MOSSERI-VIII-00076-00002,mosseriviii76.2
MS-MOSSERI-VIII-00077-00001,http://cudl.lib.cam.ac.uk/iiif/MS-MOSSERI-VIII-00077-00001,mosseriviii77.1
MS-MOSSERI-VIII-00077-00002,http://cudl.lib.cam.ac.uk/iiif/MS-MOSSERI-VIII-00077-00002,mosseriviii77.2
MS-MOSSERI-VIII-00078-00001,http://cudl.lib.cam.ac.uk/iiif/MS-MOSSERI-VIII-00078-00001,mosseriviii78.1
MS-MOSSERI-VIII-00078-00002,http://cudl.lib.cam.ac.uk/iiif/MS-MOSSERI-VIII-00078-00002,mosseriviii78.2
MS-MOSSERI-VIII-00079,http://cudl.lib.cam.ac.uk/iiif/MS-MOSSERI-VIII-00079,mosseriviii79
MS-MOSSERI-VIII-00080-00001,http://cudl.lib.cam.ac.uk/iiif/MS-MOSSERI-VIII-00080-00001,mosseriviii80.1
MS-MOSSERI-VIII-00080-00002,http://cudl.lib.cam.ac.uk/iiif/MS-MOSSERI-VIII-00080-00002,mosseriviii80.2
MS-MOSSERI-VIII-00080-00003,http://cudl.lib.cam.ac.uk/iiif/MS-MOSSERI-VIII-00080-00003,mosseriviii80.3
MS-MOSSERI-VIII-00081-00001,http://cudl.lib.cam.ac.uk/iiif/MS-MOSSERI-VIII-00081-00001,mosseriviii81.1
MS-MOSSERI-VIII-00081-00002,http://cudl.lib.cam.ac.uk/iiif/MS-MOSSERI-VIII-00081-00002,mosseriviii81.2
MS-MOSSERI-VIII-00082-00001,http://cudl.lib.cam.ac.uk/iiif/MS-MOSSERI-VIII-00082-00001,mosseriviii82.1
MS-MOSSERI-VIII-00082-00002,http://cudl.lib.cam.ac.uk/iiif/MS-MOSSERI-VIII-00082-00002,mosseriviii82.2
MS-MOSSERI-VIII-00083-00001,http://cudl.lib.cam.ac.uk/iiif/MS-MOSSERI-VIII-00083-00001,mosseriviii83.1
MS-MOSSERI-VIII-00083-00002,http://cudl.lib.cam.ac.uk/iiif/MS-MOSSERI-VIII-00083-00002,mosseriviii83.2
MS-MOSSERI-VIII-00083-00003,http://cudl.lib.cam.ac.uk/iiif/MS-MOSSERI-VIII-00083-00003,mosseriviii83.3
MS-MOSSERI-VIII-00084-00001,http://cudl.lib.cam.ac.uk/iiif/MS-MOSSERI-VIII-00084-00001,mosseriviii84.1
MS-MOSSERI-VIII-00084-00002,http://cudl.lib.cam.ac.uk/iiif/MS-MOSSERI-VIII-00084-00002,mosseriviii84.2
MS-MOSSERI-VIII-00085,http://cudl.lib.cam.ac.uk/iiif/MS-MOSSERI-VIII-00085,mosseriviii85
MS-MOSSERI-VIII-00086-A,http://cudl.lib.cam.ac.uk/iiif/MS-MOSSERI-VIII-00086-A,mosseriviii86a
MS-MOSSERI-VIII-00086-B,http://cudl.lib.cam.ac.uk/iiif/MS-MOSSERI-VIII-00086-B,mosseriviii86b
MS-MOSSERI-VIII-00086-C,http://cudl.lib.cam.ac.uk/iiif/MS-MOSSERI-VIII-00086-C,mosseriviii86c
MS-MOSSERI-VIII-00087-00001,http://cudl.lib.cam.ac.uk/iiif/MS-MOSSERI-VIII-00087-00001,mosseriviii87.1
MS-MOSSERI-VIII-00087-00002,http://cudl.lib.cam.ac.uk/iiif/MS-MOSSERI-VIII-00087-00002,mosseriviii87.2
MS-MOSSERI-VIII-00088-00001,http://cudl.lib.cam.ac.uk/iiif/MS-MOSSERI-VIII-00088-00001,mosseriviii88.1
MS-MOSSERI-VIII-00088-00002,http://cudl.lib.cam.ac.uk/iiif/MS-MOSSERI-VIII-00088-00002,mosseriviii88.2
MS-MOSSERI-VIII-00089,http://cudl.lib.cam.ac.uk/iiif/MS-MOSSERI-VIII-00089,mosseriviii89
MS-MOSSERI-VIII-00090-00001,http://cudl.lib.cam.ac.uk/iiif/MS-MOSSERI-VIII-00090-00001,mosseriviii90.1
MS-MOSSERI-VIII-00090-00002,http://cudl.lib.cam.ac.uk/iiif/MS-MOSSERI-VIII-00090-00002,mosseriviii90.2
MS-MOSSERI-VIII-00091-00001,http://cudl.lib.cam.ac.uk/iiif/MS-MOSSERI-VIII-00091-00001,mosseriviii91.1
MS-MOSSERI-VIII-00091-00002,http://cudl.lib.cam.ac.uk/iiif/MS-MOSSERI-VIII-00091-00002,mosseriviii91.2
MS-MOSSERI-VIII-00092-00001,http://cudl.lib.cam.ac.uk/iiif/MS-MOSSERI-VIII-00092-00001,mosseriviii92.1
MS-MOSSERI-VIII-00092-00002,http://cudl.lib.cam.ac.uk/iiif/MS-MOSSERI-VIII-00092-00002,mosseriviii92.2
MS-MOSSERI-VIII-00093-00001,http://cudl.lib.cam.ac.uk/iiif/MS-MOSSERI-VIII-00093-00001,mosseriviii93.1
MS-MOSSERI-VIII-00093-00002,http://cudl.lib.cam.ac.uk/iiif/MS-MOSSERI-VIII-00093-00002,mosseriviii93.2
MS-MOSSERI-VIII-00093-00003,http://cudl.lib.cam.ac.uk/iiif/MS-MOSSERI-VIII-00093-00003,mosseriviii93.3
MS-MOSSERI-VIII-00094,http://cudl.lib.cam.ac.uk/iiif/MS-MOSSERI-VIII-00094,mosseriviii94
MS-MOSSERI-VIII-00095,http://cudl.lib.cam.ac.uk/iiif/MS-MOSSERI-VIII-00095,mosseriviii95
MS-MOSSERI-VIII-00096-00002,http://cudl.lib.cam.ac.uk/iiif/MS-MOSSERI-VIII-00096-00002,mosseriviii96.2
MS-MOSSERI-VIII-00096-00003,http://cudl.lib.cam.ac.uk/iiif/MS-MOSSERI-VIII-00096-00003,mosseriviii96.3
MS-MOSSERI-VIII-00097,http://cudl.lib.cam.ac.uk/iiif/MS-MOSSERI-VIII-00097,mosseriviii97
MS-MOSSERI-VIII-00098-00001,http://cudl.lib.cam.ac.uk/iiif/MS-MOSSERI-VIII-00098-00001,mosseriviii98.1
MS-MOSSERI-VIII-00098-00002,http://cudl.lib.cam.ac.uk/iiif/MS-MOSSERI-VIII-00098-00002,mosseriviii98.2
MS-MOSSERI-VIII-00099-00001,http://cudl.lib.cam.ac.uk/iiif/MS-MOSSERI-VIII-00099-00001,mosseriviii99.1
MS-MOSSERI-VIII-00099-00002,http://cudl.lib.cam.ac.uk/iiif/MS-MOSSERI-VIII-00099-00002,mosseriviii99.2
MS-MOSSERI-VIII-00099-00003,http://cudl.lib.cam.ac.uk/iiif/MS-MOSSERI-VIII-00099-00003,mosseriviii99.3
MS-MOSSERI-VIII-00100-00001,http://cudl.lib.cam.ac.uk/iiif/MS-MOSSERI-VIII-00100-00001,mosseriviii100.1
MS-MOSSERI-VIII-00100-00002-A,http://cudl.lib.cam.ac.uk/iiif/MS-MOSSERI-VIII-00100-00002-A,mosseriviii100.2a
MS-MOSSERI-VIII-00100-00002-B,http://cudl.lib.cam.ac.uk/iiif/MS-MOSSERI-VIII-00100-00002-B,mosseriviii100.2b
MS-MOSSERI-VIII-00101-00001,http://cudl.lib.cam.ac.uk/iiif/MS-MOSSERI-VIII-00101-00001,mosseriviii101.1
MS-MOSSERI-VIII-00101-00002,http://cudl.lib.cam.ac.uk/iiif/MS-MOSSERI-VIII-00101-00002,mosseriviii101.2
MS-MOSSERI-VIII-00101-00003,http://cudl.lib.cam.ac.uk/iiif/MS-MOSSERI-VIII-00101-00003,mosseriviii101.3
MS-MOSSERI-VIII-00101-00004,http://cudl.lib.cam.ac.uk/iiif/MS-MOSSERI-VIII-00101-00004,mosseriviii101.4
MS-MOSSERI-VIII-00102-00001,http://cudl.lib.cam.ac.uk/iiif/MS-MOSSERI-VIII-00102-00001,mosseriviii102.1
MS-MOSSERI-VIII-00102-00002,http://cudl.lib.cam.ac.uk/iiif/MS-MOSSERI-VIII-00102-00002,mosseriviii102.2
MS-MOSSERI-VIII-00102-00003,http://cudl.lib.cam.ac.uk/iiif/MS-MOSSERI-VIII-00102-00003,mosseriviii102.3
MS-MOSSERI-VIII-00103-00001,http://cudl.lib.cam.ac.uk/iiif/MS-MOSSERI-VIII-00103-00001,mosseriviii103.1
MS-MOSSERI-VIII-00103-00002,http://cudl.lib.cam.ac.uk/iiif/MS-MOSSERI-VIII-00103-00002,mosseriviii103.2
MS-MOSSERI-VIII-00104-00001,http://cudl.lib.cam.ac.uk/iiif/MS-MOSSERI-VIII-00104-00001,mosseriviii104.1
MS-MOSSERI-VIII-00104-00002,http://cudl.lib.cam.ac.uk/iiif/MS-MOSSERI-VIII-00104-00002,mosseriviii104.2
MS-MOSSERI-VIII-00105-00001,http://cudl.lib.cam.ac.uk/iiif/MS-MOSSERI-VIII-00105-00001,mosseriviii105.1
MS-MOSSERI-VIII-00105-00002,http://cudl.lib.cam.ac.uk/iiif/MS-MOSSERI-VIII-00105-00002,mosseriviii105.2
MS-MOSSERI-VIII-00105-00003,http://cudl.lib.cam.ac.uk/iiif/MS-MOSSERI-VIII-00105-00003,mosseriviii105.3
MS-MOSSERI-VIII-00105-00004,http://cudl.lib.cam.ac.uk/iiif/MS-MOSSERI-VIII-00105-00004,mosseriviii105.4
MS-MOSSERI-VIII-00106-00001,http://cudl.lib.cam.ac.uk/iiif/MS-MOSSERI-VIII-00106-00001,mosseriviii106.1
MS-MOSSERI-VIII-00106-00002,http://cudl.lib.cam.ac.uk/iiif/MS-MOSSERI-VIII-00106-00002,mosseriviii106.2
MS-MOSSERI-VIII-00107-00001,http://cudl.lib.cam.ac.uk/iiif/MS-MOSSERI-VIII-00107-00001,mosseriviii107.1
MS-MOSSERI-VIII-00107-00002,http://cudl.lib.cam.ac.uk/iiif/MS-MOSSERI-VIII-00107-00002,mosseriviii107.2
MS-MOSSERI-VIII-00108,http://cudl.lib.cam.ac.uk/iiif/MS-MOSSERI-VIII-00108,mosseriviii108
MS-MOSSERI-VIII-00109-00001,http://cudl.lib.cam.ac.uk/iiif/MS-MOSSERI-VIII-00109-00001,mosseriviii109.1
MS-MOSSERI-VIII-00109-00002,http://cudl.lib.cam.ac.uk/iiif/MS-MOSSERI-VIII-00109-00002,mosseriviii109.2
MS-MOSSERI-VIII-00110-00001,http://cudl.lib.cam.ac.uk/iiif/MS-MOSSERI-VIII-00110-00001,mosseriviii110.1
MS-MOSSERI-VIII-00110-00002,http://cudl.lib.cam.ac.uk/iiif/MS-MOSSERI-VIII-00110-00002,mosseriviii110.2
MS-MOSSERI-VIII-00111-00001,http://cudl.lib.cam.ac.uk/iiif/MS-MOSSERI-VIII-00111-00001,mosseriviii111.1
MS-MOSSERI-VIII-00111-00002,http://cudl.lib.cam.ac.uk/iiif/MS-MOSSERI-VIII-00111-00002,mosseriviii111.2
MS-MOSSERI-VIII-00112-00001,http://cudl.lib.cam.ac.uk/iiif/MS-MOSSERI-VIII-00112-00001,mosseriviii112.1
MS-MOSSERI-VIII-00112-00002,http://cudl.lib.cam.ac.uk/iiif/MS-MOSSERI-VIII-00112-00002,mosseriviii112.2
MS-MOSSERI-VIII-00113-00001,http://cudl.lib.cam.ac.uk/iiif/MS-MOSSERI-VIII-00113-00001,mosseriviii113.1
MS-MOSSERI-VIII-00113-00002,http://cudl.lib.cam.ac.uk/iiif/MS-MOSSERI-VIII-00113-00002,mosseriviii113.2
MS-MOSSERI-VIII-00113-00003,http://cudl.lib.cam.ac.uk/iiif/MS-MOSSERI-VIII-00113-00003,mosseriviii113.3
MS-MOSSERI-VIII-00114,http://cudl.lib.cam.ac.uk/iiif/MS-MOSSERI-VIII-00114,mosseriviii114
MS-MOSSERI-VIII-00115,http://cudl.lib.cam.ac.uk/iiif/MS-MOSSERI-VIII-00115,mosseriviii115
MS-MOSSERI-VIII-00116,http://cudl.lib.cam.ac.uk/iiif/MS-MOSSERI-VIII-00116,mosseriviii116
MS-MOSSERI-VIII-00117-00001,http://cudl.lib.cam.ac.uk/iiif/MS-MOSSERI-VIII-00117-00001,mosseriviii117.1
MS-MOSSERI-VIII-00117-00002,http://cudl.lib.cam.ac.uk/iiif/MS-MOSSERI-VIII-00117-00002,mosseriviii117.2
MS-MOSSERI-VIII-00118,http://cudl.lib.cam.ac.uk/iiif/MS-MOSSERI-VIII-00118,mosseriviii118
MS-MOSSERI-VIII-00119-00001,http://cudl.lib.cam.ac.uk/iiif/MS-MOSSERI-VIII-00119-00001,mosseriviii119.1
MS-MOSSERI-VIII-00119-00002,http://cudl.lib.cam.ac.uk/iiif/MS-MOSSERI-VIII-00119-00002,mosseriviii119.2
MS-MOSSERI-VIII-00120,http://cudl.lib.cam.ac.uk/iiif/MS-MOSSERI-VIII-00120,mosseriviii120
MS-MOSSERI-VIII-00121,http://cudl.lib.cam.ac.uk/iiif/MS-MOSSERI-VIII-00121,mosseriviii121
MS-MOSSERI-VIII-00122-00001,http://cudl.lib.cam.ac.uk/iiif/MS-MOSSERI-VIII-00122-00001,mosseriviii122.1
MS-MOSSERI-VIII-00122-00002,http://cudl.lib.cam.ac.uk/iiif/MS-MOSSERI-VIII-00122-00002,mosseriviii122.2
MS-MOSSERI-VIII-00123-00001,http://cudl.lib.cam.ac.uk/iiif/MS-MOSSERI-VIII-00123-00001,mosseriviii123.1
MS-MOSSERI-VIII-00123-00002,http://cudl.lib.cam.ac.uk/iiif/MS-MOSSERI-VIII-00123-00002,mosseriviii123.2
MS-MOSSERI-VIII-00123-00003,http://cudl.lib.cam.ac.uk/iiif/MS-MOSSERI-VIII-00123-00003,mosseriviii123.3
MS-MOSSERI-VIII-00124,http://cudl.lib.cam.ac.uk/iiif/MS-MOSSERI-VIII-00124,mosseriviii124
MS-MOSSERI-VIII-00125-00001,http://cudl.lib.cam.ac.uk/iiif/MS-MOSSERI-VIII-00125-00001,mosseriviii125.1
MS-MOSSERI-VIII-00125-00002,http://cudl.lib.cam.ac.uk/iiif/MS-MOSSERI-VIII-00125-00002,mosseriviii125.2
MS-MOSSERI-VIII-00125-00003,http://cudl.lib.cam.ac.uk/iiif/MS-MOSSERI-VIII-00125-00003,mosseriviii125.3
MS-MOSSERI-VIII-00126,http://cudl.lib.cam.ac.uk/iiif/MS-MOSSERI-VIII-00126,mosseriviii126
MS-MOSSERI-VIII-00127-00001,http://cudl.lib.cam.ac.uk/iiif/MS-MOSSERI-VIII-00127-00001,mosseriviii127.1
MS-MOSSERI-VIII-00127-00002,http://cudl.lib.cam.ac.uk/iiif/MS-MOSSERI-VIII-00127-00002,mosseriviii127.2
MS-MOSSERI-VIII-00128-00001,http://cudl.lib.cam.ac.uk/iiif/MS-MOSSERI-VIII-00128-00001,mosseriviii128.1
MS-MOSSERI-VIII-00128-00002,http://cudl.lib.cam.ac.uk/iiif/MS-MOSSERI-VIII-00128-00002,mosseriviii128.2
MS-MOSSERI-VIII-00128-00003,http://cudl.lib.cam.ac.uk/iiif/MS-MOSSERI-VIII-00128-00003,mosseriviii128.3
MS-MOSSERI-VIII-00129-00001,http://cudl.lib.cam.ac.uk/iiif/MS-MOSSERI-VIII-00129-00001,mosseriviii129.1
MS-MOSSERI-VIII-00129-00002,http://cudl.lib.cam.ac.uk/iiif/MS-MOSSERI-VIII-00129-00002,mosseriviii129.2
MS-MOSSERI-VIII-00130,http://cudl.lib.cam.ac.uk/iiif/MS-MOSSERI-VIII-00130,mosseriviii130
MS-MOSSERI-VIII-00131,http://cudl.lib.cam.ac.uk/iiif/MS-MOSSERI-VIII-00131,mosseriviii131
MS-MOSSERI-VIII-00132,http://cudl.lib.cam.ac.uk/iiif/MS-MOSSERI-VIII-00132,mosseriviii132
MS-MOSSERI-VIII-00133,http://cudl.lib.cam.ac.uk/iiif/MS-MOSSERI-VIII-00133,mosseriviii133
MS-MOSSERI-VIII-00134-00001,http://cudl.lib.cam.ac.uk/iiif/MS-MOSSERI-VIII-00134-00001,mosseriviii134.1
MS-MOSSERI-VIII-00134-00002,http://cudl.lib.cam.ac.uk/iiif/MS-MOSSERI-VIII-00134-00002,mosseriviii134.2
MS-MOSSERI-VIII-00135-00001,http://cudl.lib.cam.ac.uk/iiif/MS-MOSSERI-VIII-00135-00001,mosseriviii135.1
MS-MOSSERI-VIII-00135-00002,http://cudl.lib.cam.ac.uk/iiif/MS-MOSSERI-VIII-00135-00002,mosseriviii135.2
MS-MOSSERI-VIII-00136-00001,http://cudl.lib.cam.ac.uk/iiif/MS-MOSSERI-VIII-00136-00001,mosseriviii136.1
MS-MOSSERI-VIII-00136-00002,http://cudl.lib.cam.ac.uk/iiif/MS-MOSSERI-VIII-00136-00002,mosseriviii136.2
MS-MOSSERI-VIII-00137,http://cudl.lib.cam.ac.uk/iiif/MS-MOSSERI-VIII-00137,mosseriviii137
MS-MOSSERI-VIII-00138-00001,http://cudl.lib.cam.ac.uk/iiif/MS-MOSSERI-VIII-00138-00001,mosseriviii138.1
MS-MOSSERI-VIII-00138-00002,http://cudl.lib.cam.ac.uk/iiif/MS-MOSSERI-VIII-00138-00002,mosseriviii138.2
MS-MOSSERI-VIII-00139-00001,http://cudl.lib.cam.ac.uk/iiif/MS-MOSSERI-VIII-00139-00001,mosseriviii139.1
MS-MOSSERI-VIII-00139-00002,http://cudl.lib.cam.ac.uk/iiif/MS-MOSSERI-VIII-00139-00002,mosseriviii139.2
MS-MOSSERI-VIII-00139-00003,http://cudl.lib.cam.ac.uk/iiif/MS-MOSSERI-VIII-00139-00003,mosseriviii139.3
MS-MOSSERI-VIII-00140-00001,http://cudl.lib.cam.ac.uk/iiif/MS-MOSSERI-VIII-00140-00001,mosseriviii140.1
MS-MOSSERI-VIII-00140-00002,http://cudl.lib.cam.ac.uk/iiif/MS-MOSSERI-VIII-00140-00002,mosseriviii140.2
MS-MOSSERI-VIII-00141-00001,http://cudl.lib.cam.ac.uk/iiif/MS-MOSSERI-VIII-00141-00001,mosseriviii141.1
MS-MOSSERI-VIII-00141-00002,http://cudl.lib.cam.ac.uk/iiif/MS-MOSSERI-VIII-00141-00002,mosseriviii141.2
MS-MOSSERI-VIII-00142,http://cudl.lib.cam.ac.uk/iiif/MS-MOSSERI-VIII-00142,mosseriviii142
MS-MOSSERI-VIII-00143,http://cudl.lib.cam.ac.uk/iiif/MS-MOSSERI-VIII-00143,mosseriviii143
MS-MOSSERI-VIII-00144-00001,http://cudl.lib.cam.ac.uk/iiif/MS-MOSSERI-VIII-00144-00001,mosseriviii144.1
MS-MOSSERI-VIII-00144-00002,http://cudl.lib.cam.ac.uk/iiif/MS-MOSSERI-VIII-00144-00002,mosseriviii144.2
MS-MOSSERI-VIII-00145-00001,http://cudl.lib.cam.ac.uk/iiif/MS-MOSSERI-VIII-00145-00001,mosseriviii145.1
MS-MOSSERI-VIII-00145-00002,http://cudl.lib.cam.ac.uk/iiif/MS-MOSSERI-VIII-00145-00002,mosseriviii145.2
MS-MOSSERI-VIII-00145-00003,http://cudl.lib.cam.ac.uk/iiif/MS-MOSSERI-VIII-00145-00003,mosseriviii145.3
MS-MOSSERI-VIII-00145-00004,http://cudl.lib.cam.ac.uk/iiif/MS-MOSSERI-VIII-00145-00004,mosseriviii145.4
MS-MOSSERI-VIII-00145-00005,http://cudl.lib.cam.ac.uk/iiif/MS-MOSSERI-VIII-00145-00005,mosseriviii145.5
MS-MOSSERI-VIII-00146-00001,http://cudl.lib.cam.ac.uk/iiif/MS-MOSSERI-VIII-00146-00001,mosseriviii146.1
MS-MOSSERI-VIII-00146-00002,http://cudl.lib.cam.ac.uk/iiif/MS-MOSSERI-VIII-00146-00002,mosseriviii146.2
MS-MOSSERI-VIII-00146-00003,http://cudl.lib.cam.ac.uk/iiif/MS-MOSSERI-VIII-00146-00003,mosseriviii146.3
MS-MOSSERI-VIII-00147-00001,http://cudl.lib.cam.ac.uk/iiif/MS-MOSSERI-VIII-00147-00001,mosseriviii147.1
MS-MOSSERI-VIII-00147-00002,http://cudl.lib.cam.ac.uk/iiif/MS-MOSSERI-VIII-00147-00002,mosseriviii147.2
MS-MOSSERI-VIII-00148-00001,http://cudl.lib.cam.ac.uk/iiif/MS-MOSSERI-VIII-00148-00001,mosseriviii148.1
MS-MOSSERI-VIII-00148-00002,http://cudl.lib.cam.ac.uk/iiif/MS-MOSSERI-VIII-00148-00002,mosseriviii148.2
MS-MOSSERI-VIII-00148-00003,http://cudl.lib.cam.ac.uk/iiif/MS-MOSSERI-VIII-00148-00003,mosseriviii148.3
MS-MOSSERI-VIII-00149-00001,http://cudl.lib.cam.ac.uk/iiif/MS-MOSSERI-VIII-00149-00001,mosseriviii149.1
MS-MOSSERI-VIII-00149-00002,http://cudl.lib.cam.ac.uk/iiif/MS-MOSSERI-VIII-00149-00002,mosseriviii149.2
MS-MOSSERI-VIII-00150-00001,http://cudl.lib.cam.ac.uk/iiif/MS-MOSSERI-VIII-00150-00001,mosseriviii150.1
MS-MOSSERI-VIII-00150-00002,http://cudl.lib.cam.ac.uk/iiif/MS-MOSSERI-VIII-00150-00002,mosseriviii150.2
MS-MOSSERI-VIII-00151-00001,http://cudl.lib.cam.ac.uk/iiif/MS-MOSSERI-VIII-00151-00001,mosseriviii151.1
MS-MOSSERI-VIII-00151-00002,http://cudl.lib.cam.ac.uk/iiif/MS-MOSSERI-VIII-00151-00002,mosseriviii151.2
MS-MOSSERI-VIII-00151-00003,http://cudl.lib.cam.ac.uk/iiif/MS-MOSSERI-VIII-00151-00003,mosseriviii151.3
MS-MOSSERI-VIII-00152-00001,http://cudl.lib.cam.ac.uk/iiif/MS-MOSSERI-VIII-00152-00001,mosseriviii152.1
MS-MOSSERI-VIII-00152-00002,http://cudl.lib.cam.ac.uk/iiif/MS-MOSSERI-VIII-00152-00002,mosseriviii152.2
MS-MOSSERI-VIII-00153-00001,http://cudl.lib.cam.ac.uk/iiif/MS-MOSSERI-VIII-00153-00001,mosseriviii153.1
MS-MOSSERI-VIII-00153-00002,http://cudl.lib.cam.ac.uk/iiif/MS-MOSSERI-VIII-00153-00002,mosseriviii153.2
MS-MOSSERI-VIII-00154-00001,http://cudl.lib.cam.ac.uk/iiif/MS-MOSSERI-VIII-00154-00001,mosseriviii154.1
MS-MOSSERI-VIII-00154-00002,http://cudl.lib.cam.ac.uk/iiif/MS-MOSSERI-VIII-00154-00002,mosseriviii154.2
MS-MOSSERI-VIII-00155-00001,http://cudl.lib.cam.ac.uk/iiif/MS-MOSSERI-VIII-00155-00001,mosseriviii155.1
MS-MOSSERI-VIII-00155-00002,http://cudl.lib.cam.ac.uk/iiif/MS-MOSSERI-VIII-00155-00002,mosseriviii155.2
MS-MOSSERI-VIII-00156-00001,http://cudl.lib.cam.ac.uk/iiif/MS-MOSSERI-VIII-00156-00001,mosseriviii156.1
MS-MOSSERI-VIII-00156-00002,http://cudl.lib.cam.ac.uk/iiif/MS-MOSSERI-VIII-00156-00002,mosseriviii156.2
MS-MOSSERI-VIII-00157-00001,http://cudl.lib.cam.ac.uk/iiif/MS-MOSSERI-VIII-00157-00001,mosseriviii157.1
MS-MOSSERI-VIII-00157-00002,http://cudl.lib.cam.ac.uk/iiif/MS-MOSSERI-VIII-00157-00002,mosseriviii157.2
MS-MOSSERI-VIII-00157-00003,http://cudl.lib.cam.ac.uk/iiif/MS-MOSSERI-VIII-00157-00003,mosseriviii157.3
MS-MOSSERI-VIII-00158-00001,http://cudl.lib.cam.ac.uk/iiif/MS-MOSSERI-VIII-00158-00001,mosseriviii158.1
MS-MOSSERI-VIII-00158-00002,http://cudl.lib.cam.ac.uk/iiif/MS-MOSSERI-VIII-00158-00002,mosseriviii158.2
MS-MOSSERI-VIII-00159-00001,http://cudl.lib.cam.ac.uk/iiif/MS-MOSSERI-VIII-00159-00001,mosseriviii159.1
MS-MOSSERI-VIII-00159-00002,http://cudl.lib.cam.ac.uk/iiif/MS-MOSSERI-VIII-00159-00002,mosseriviii159.2
MS-MOSSERI-VIII-00159-00003,http://cudl.lib.cam.ac.uk/iiif/MS-MOSSERI-VIII-00159-00003,mosseriviii159.3
MS-MOSSERI-VIII-00159-00004,http://cudl.lib.cam.ac.uk/iiif/MS-MOSSERI-VIII-00159-00004,mosseriviii159.4
MS-MOSSERI-VIII-00160,http://cudl.lib.cam.ac.uk/iiif/MS-MOSSERI-VIII-00160,mosseriviii160
MS-MOSSERI-VIII-00161,http://cudl.lib.cam.ac.uk/iiif/MS-MOSSERI-VIII-00161,mosseriviii161
MS-MOSSERI-VIII-00162,http://cudl.lib.cam.ac.uk/iiif/MS-MOSSERI-VIII-00162,mosseriviii162
MS-MOSSERI-VIII-00163,http://cudl.lib.cam.ac.uk/iiif/MS-MOSSERI-VIII-00163,mosseriviii163
MS-MOSSERI-VIII-00164-A,http://cudl.lib.cam.ac.uk/iiif/MS-MOSSERI-VIII-00164-A,mosseriviii164a
MS-MOSSERI-VIII-00164-B,http://cudl.lib.cam.ac.uk/iiif/MS-MOSSERI-VIII-00164-B,mosseriviii164b
MS-MOSSERI-VIII-00165-00001,http://cudl.lib.cam.ac.uk/iiif/MS-MOSSERI-VIII-00165-00001,mosseriviii165.1
MS-MOSSERI-VIII-00165-00002,http://cudl.lib.cam.ac.uk/iiif/MS-MOSSERI-VIII-00165-00002,mosseriviii165.2
MS-MOSSERI-VIII-00166,http://cudl.lib.cam.ac.uk/iiif/MS-MOSSERI-VIII-00166,mosseriviii166
MS-MOSSERI-VIII-00167-00001,http://cudl.lib.cam.ac.uk/iiif/MS-MOSSERI-VIII-00167-00001,mosseriviii167.1
MS-MOSSERI-VIII-00167-00002,http://cudl.lib.cam.ac.uk/iiif/MS-MOSSERI-VIII-00167-00002,mosseriviii167.2
MS-MOSSERI-VIII-00168-00001,http://cudl.lib.cam.ac.uk/iiif/MS-MOSSERI-VIII-00168-00001,mosseriviii168.1
MS-MOSSERI-VIII-00168-00002,http://cudl.lib.cam.ac.uk/iiif/MS-MOSSERI-VIII-00168-00002,mosseriviii168.2
MS-MOSSERI-VIII-00168-00003,http://cudl.lib.cam.ac.uk/iiif/MS-MOSSERI-VIII-00168-00003,mosseriviii168.3
MS-MOSSERI-VIII-00168-00004,http://cudl.lib.cam.ac.uk/iiif/MS-MOSSERI-VIII-00168-00004,mosseriviii168.4
MS-MOSSERI-VIII-00168-00005,http://cudl.lib.cam.ac.uk/iiif/MS-MOSSERI-VIII-00168-00005,mosseriviii168.5
MS-MOSSERI-VIII-00169-00001-A,http://cudl.lib.cam.ac.uk/iiif/MS-MOSSERI-VIII-00169-00001-A,mosseriviii169.1a
MS-MOSSERI-VIII-00169-00001-B,http://cudl.lib.cam.ac.uk/iiif/MS-MOSSERI-VIII-00169-00001-B,mosseriviii169.1b
MS-MOSSERI-VIII-00169-00002,http://cudl.lib.cam.ac.uk/iiif/MS-MOSSERI-VIII-00169-00002,mosseriviii169.2
MS-MOSSERI-VIII-00170-00001,http://cudl.lib.cam.ac.uk/iiif/MS-MOSSERI-VIII-00170-00001,mosseriviii170.1
MS-MOSSERI-VIII-00170-00002,http://cudl.lib.cam.ac.uk/iiif/MS-MOSSERI-VIII-00170-00002,mosseriviii170.2
MS-MOSSERI-VIII-00171-00001,http://cudl.lib.cam.ac.uk/iiif/MS-MOSSERI-VIII-00171-00001,mosseriviii171.1
MS-MOSSERI-VIII-00171-00002,http://cudl.lib.cam.ac.uk/iiif/MS-MOSSERI-VIII-00171-00002,mosseriviii171.2
MS-MOSSERI-VIII-00172-00001,http://cudl.lib.cam.ac.uk/iiif/MS-MOSSERI-VIII-00172-00001,mosseriviii172.1
MS-MOSSERI-VIII-00172-00002,http://cudl.lib.cam.ac.uk/iiif/MS-MOSSERI-VIII-00172-00002,mosseriviii172.2
MS-MOSSERI-VIII-00173-00001,http://cudl.lib.cam.ac.uk/iiif/MS-MOSSERI-VIII-00173-00001,mosseriviii173.1
MS-MOSSERI-VIII-00173-00002,http://cudl.lib.cam.ac.uk/iiif/MS-MOSSERI-VIII-00173-00002,mosseriviii173.2
MS-MOSSERI-VIII-00174,http://cudl.lib.cam.ac.uk/iiif/MS-MOSSERI-VIII-00174,mosseriviii174
MS-MOSSERI-VIII-00175-00001,http://cudl.lib.cam.ac.uk/iiif/MS-MOSSERI-VIII-00175-00001,mosseriviii175.1
MS-MOSSERI-VIII-00175-00002,http://cudl.lib.cam.ac.uk/iiif/MS-MOSSERI-VIII-00175-00002,mosseriviii175.2
MS-MOSSERI-VIII-00176-00001,http://cudl.lib.cam.ac.uk/iiif/MS-MOSSERI-VIII-00176-00001,mosseriviii176.1
MS-MOSSERI-VIII-00176-00002,http://cudl.lib.cam.ac.uk/iiif/MS-MOSSERI-VIII-00176-00002,mosseriviii176.2
MS-MOSSERI-VIII-00177-00001,http://cudl.lib.cam.ac.uk/iiif/MS-MOSSERI-VIII-00177-00001,mosseriviii177.1
MS-MOSSERI-VIII-00177-00002,http://cudl.lib.cam.ac.uk/iiif/MS-MOSSERI-VIII-00177-00002,mosseriviii177.2
MS-MOSSERI-VIII-00178-00001,http://cudl.lib.cam.ac.uk/iiif/MS-MOSSERI-VIII-00178-00001,mosseriviii178.1
MS-MOSSERI-VIII-00178-00002,http://cudl.lib.cam.ac.uk/iiif/MS-MOSSERI-VIII-00178-00002,mosseriviii178.2
MS-MOSSERI-VIII-00179-00001,http://cudl.lib.cam.ac.uk/iiif/MS-MOSSERI-VIII-00179-00001,mosseriviii179.1
MS-MOSSERI-VIII-00179-00002-A,http://cudl.lib.cam.ac.uk/iiif/MS-MOSSERI-VIII-00179-00002-A,mosseriviii179.2a
MS-MOSSERI-VIII-00179-00002-B,http://cudl.lib.cam.ac.uk/iiif/MS-MOSSERI-VIII-00179-00002-B,mosseriviii179.2b
MS-MOSSERI-VIII-00179-00002-C,http://cudl.lib.cam.ac.uk/iiif/MS-MOSSERI-VIII-00179-00002-C,mosseriviii179.2c
MS-MOSSERI-VIII-00180-00001,http://cudl.lib.cam.ac.uk/iiif/MS-MOSSERI-VIII-00180-00001,mosseriviii180.1
MS-MOSSERI-VIII-00180-00002,http://cudl.lib.cam.ac.uk/iiif/MS-MOSSERI-VIII-00180-00002,mosseriviii180.2
MS-MOSSERI-VIII-00202-00001,http://cudl.lib.cam.ac.uk/iiif/MS-MOSSERI-VIII-00202-00001,mosseriviii202.1
MS-MOSSERI-VIII-00202-00002,http://cudl.lib.cam.ac.uk/iiif/MS-MOSSERI-VIII-00202-00002,mosseriviii202.2
MS-MOSSERI-VIII-00202-00003,http://cudl.lib.cam.ac.uk/iiif/MS-MOSSERI-VIII-00202-00003,mosseriviii202.3
MS-MOSSERI-VIII-00301,http://cudl.lib.cam.ac.uk/iiif/MS-MOSSERI-VIII-00301,mosseriviii301
MS-MOSSERI-VIII-00302,http://cudl.lib.cam.ac.uk/iiif/MS-MOSSERI-VIII-00302,mosseriviii302
MS-MOSSERI-VIII-00303-00001,http://cudl.lib.cam.ac.uk/iiif/MS-MOSSERI-VIII-00303-00001,mosseriviii303.1
MS-MOSSERI-VIII-00303-00002,http://cudl.lib.cam.ac.uk/iiif/MS-MOSSERI-VIII-00303-00002,mosseriviii303.2
MS-MOSSERI-VIII-00303-00003,http://cudl.lib.cam.ac.uk/iiif/MS-MOSSERI-VIII-00303-00003,mosseriviii303.3
MS-MOSSERI-VIII-00304-00001,http://cudl.lib.cam.ac.uk/iiif/MS-MOSSERI-VIII-00304-00001,mosseriviii304.1
MS-MOSSERI-VIII-00304-00002-A,http://cudl.lib.cam.ac.uk/iiif/MS-MOSSERI-VIII-00304-00002-A,mosseriviii304.2a
MS-MOSSERI-VIII-00304-00002-B,http://cudl.lib.cam.ac.uk/iiif/MS-MOSSERI-VIII-00304-00002-B,mosseriviii304.2b
MS-MOSSERI-VIII-00304-00003,http://cudl.lib.cam.ac.uk/iiif/MS-MOSSERI-VIII-00304-00003,mosseriviii304.3
MS-MOSSERI-VIII-00304-00004,http://cudl.lib.cam.ac.uk/iiif/MS-MOSSERI-VIII-00304-00004,mosseriviii304.4
MS-MOSSERI-VIII-00305-00001,http://cudl.lib.cam.ac.uk/iiif/MS-MOSSERI-VIII-00305-00001,mosseriviii305.1
MS-MOSSERI-VIII-00305-00002,http://cudl.lib.cam.ac.uk/iiif/MS-MOSSERI-VIII-00305-00002,mosseriviii305.2
MS-MOSSERI-VIII-00306-00001,http://cudl.lib.cam.ac.uk/iiif/MS-MOSSERI-VIII-00306-00001,mosseriviii306.1
MS-MOSSERI-VIII-00306-00002,http://cudl.lib.cam.ac.uk/iiif/MS-MOSSERI-VIII-00306-00002,mosseriviii306.2
MS-MOSSERI-VIII-00306-00003,http://cudl.lib.cam.ac.uk/iiif/MS-MOSSERI-VIII-00306-00003,mosseriviii306.3
MS-MOSSERI-VIII-00307-00001-A,http://cudl.lib.cam.ac.uk/iiif/MS-MOSSERI-VIII-00307-00001-A,mosseriviii307.1a
MS-MOSSERI-VIII-00307-00001-B,http://cudl.lib.cam.ac.uk/iiif/MS-MOSSERI-VIII-00307-00001-B,mosseriviii307.1b
MS-MOSSERI-VIII-00307-00002,http://cudl.lib.cam.ac.uk/iiif/MS-MOSSERI-VIII-00307-00002,mosseriviii307.2
MS-MOSSERI-VIII-00308-00001,http://cudl.lib.cam.ac.uk/iiif/MS-MOSSERI-VIII-00308-00001,mosseriviii308.1
MS-MOSSERI-VIII-00308-00002,http://cudl.lib.cam.ac.uk/iiif/MS-MOSSERI-VIII-00308-00002,mosseriviii308.2
MS-MOSSERI-VIII-00308-00003,http://cudl.lib.cam.ac.uk/iiif/MS-MOSSERI-VIII-00308-00003,mosseriviii308.3
MS-MOSSERI-VIII-00309-00001,http://cudl.lib.cam.ac.uk/iiif/MS-MOSSERI-VIII-00309-00001,mosseriviii309.1
MS-MOSSERI-VIII-00309-00002,http://cudl.lib.cam.ac.uk/iiif/MS-MOSSERI-VIII-00309-00002,mosseriviii309.2
MS-MOSSERI-VIII-00309-00003,http://cudl.lib.cam.ac.uk/iiif/MS-MOSSERI-VIII-00309-00003,mosseriviii309.3
MS-MOSSERI-VIII-00310-00001,http://cudl.lib.cam.ac.uk/iiif/MS-MOSSERI-VIII-00310-00001,mosseriviii310.1
MS-MOSSERI-VIII-00310-00002,http://cudl.lib.cam.ac.uk/iiif/MS-MOSSERI-VIII-00310-00002,mosseriviii310.2
MS-MOSSERI-VIII-00310-00003,http://cudl.lib.cam.ac.uk/iiif/MS-MOSSERI-VIII-00310-00003,mosseriviii310.3
MS-MOSSERI-VIII-00311-00001,http://cudl.lib.cam.ac.uk/iiif/MS-MOSSERI-VIII-00311-00001,mosseriviii311.1
MS-MOSSERI-VIII-00311-00002,http://cudl.lib.cam.ac.uk/iiif/MS-MOSSERI-VIII-00311-00002,mosseriviii311.2
MS-MOSSERI-VIII-00311-00003,http://cudl.lib.cam.ac.uk/iiif/MS-MOSSERI-VIII-00311-00003,mosseriviii311.3
MS-MOSSERI-VIII-00312-00001,http://cudl.lib.cam.ac.uk/iiif/MS-MOSSERI-VIII-00312-00001,mosseriviii312.1
MS-MOSSERI-VIII-00312-00002,http://cudl.lib.cam.ac.uk/iiif/MS-MOSSERI-VIII-00312-00002,mosseriviii312.2
MS-MOSSERI-VIII-00312-00003,http://cudl.lib.cam.ac.uk/iiif/MS-MOSSERI-VIII-00312-00003,mosseriviii312.3
MS-MOSSERI-VIII-00313-00001,http://cudl.lib.cam.ac.uk/iiif/MS-MOSSERI-VIII-00313-00001,mosseriviii313.1
MS-MOSSERI-VIII-00313-00002,http://cudl.lib.cam.ac.uk/iiif/MS-MOSSERI-VIII-00313-00002,mosseriviii313.2
MS-MOSSERI-VIII-00314-00001,http://cudl.lib.cam.ac.uk/iiif/MS-MOSSERI-VIII-00314-00001,mosseriviii314.1
MS-MOSSERI-VIII-00314-00002,http://cudl.lib.cam.ac.uk/iiif/MS-MOSSERI-VIII-00314-00002,mosseriviii314.2
MS-MOSSERI-VIII-00315-00001,http://cudl.lib.cam.ac.uk/iiif/MS-MOSSERI-VIII-00315-00001,mosseriviii315.1
MS-MOSSERI-VIII-00315-00002,http://cudl.lib.cam.ac.uk/iiif/MS-MOSSERI-VIII-00315-00002,mosseriviii315.2
MS-MOSSERI-VIII-00315-00003,http://cudl.lib.cam.ac.uk/iiif/MS-MOSSERI-VIII-00315-00003,mosseriviii315.3
MS-MOSSERI-VIII-00316,http://cudl.lib.cam.ac.uk/iiif/MS-MOSSERI-VIII-00316,mosseriviii316
MS-MOSSERI-VIII-00317-00001,http://cudl.lib.cam.ac.uk/iiif/MS-MOSSERI-VIII-00317-00001,mosseriviii317.1
MS-MOSSERI-VIII-00317-00002,http://cudl.lib.cam.ac.uk/iiif/MS-MOSSERI-VIII-00317-00002,mosseriviii317.2
MS-MOSSERI-VIII-00317-00003,http://cudl.lib.cam.ac.uk/iiif/MS-MOSSERI-VIII-00317-00003,mosseriviii317.3
MS-MOSSERI-VIII-00317-00004,http://cudl.lib.cam.ac.uk/iiif/MS-MOSSERI-VIII-00317-00004,mosseriviii317.4
MS-MOSSERI-VIII-00318-00001,http://cudl.lib.cam.ac.uk/iiif/MS-MOSSERI-VIII-00318-00001,mosseriviii318.1
MS-MOSSERI-VIII-00318-00002,http://cudl.lib.cam.ac.uk/iiif/MS-MOSSERI-VIII-00318-00002,mosseriviii318.2
MS-MOSSERI-VIII-00319-00001,http://cudl.lib.cam.ac.uk/iiif/MS-MOSSERI-VIII-00319-00001,mosseriviii319.1
MS-MOSSERI-VIII-00319-00002,http://cudl.lib.cam.ac.uk/iiif/MS-MOSSERI-VIII-00319-00002,mosseriviii319.2
MS-MOSSERI-VIII-00319-00003,http://cudl.lib.cam.ac.uk/iiif/MS-MOSSERI-VIII-00319-00003,mosseriviii319.3
MS-MOSSERI-VIII-00320-00001,http://cudl.lib.cam.ac.uk/iiif/MS-MOSSERI-VIII-00320-00001,mosseriviii320.1
MS-MOSSERI-VIII-00320-00002,http://cudl.lib.cam.ac.uk/iiif/MS-MOSSERI-VIII-00320-00002,mosseriviii320.2
MS-MOSSERI-VIII-00321-00001,http://cudl.lib.cam.ac.uk/iiif/MS-MOSSERI-VIII-00321-00001,mosseriviii321.1
MS-MOSSERI-VIII-00321-00002,http://cudl.lib.cam.ac.uk/iiif/MS-MOSSERI-VIII-00321-00002,mosseriviii321.2
MS-MOSSERI-VIII-00322-00001,http://cudl.lib.cam.ac.uk/iiif/MS-MOSSERI-VIII-00322-00001,mosseriviii322.1
MS-MOSSERI-VIII-00322-00002,http://cudl.lib.cam.ac.uk/iiif/MS-MOSSERI-VIII-00322-00002,mosseriviii322.2
MS-MOSSERI-VIII-00322-00003,http://cudl.lib.cam.ac.uk/iiif/MS-MOSSERI-VIII-00322-00003,mosseriviii322.3
MS-MOSSERI-VIII-00323-00001,http://cudl.lib.cam.ac.uk/iiif/MS-MOSSERI-VIII-00323-00001,mosseriviii323.1
MS-MOSSERI-VIII-00323-00002,http://cudl.lib.cam.ac.uk/iiif/MS-MOSSERI-VIII-00323-00002,mosseriviii323.2
MS-MOSSERI-VIII-00323-00003,http://cudl.lib.cam.ac.uk/iiif/MS-MOSSERI-VIII-00323-00003,mosseriviii323.3
MS-MOSSERI-VIII-00324-00001,http://cudl.lib.cam.ac.uk/iiif/MS-MOSSERI-VIII-00324-00001,mosseriviii324.1
MS-MOSSERI-VIII-00324-00002,http://cudl.lib.cam.ac.uk/iiif/MS-MOSSERI-VIII-00324-00002,mosseriviii324.2
MS-MOSSERI-VIII-00324-00003,http://cudl.lib.cam.ac.uk/iiif/MS-MOSSERI-VIII-00324-00003,mosseriviii324.3
MS-MOSSERI-VIII-00324-00004-00001,http://cudl.lib.cam.ac.uk/iiif/MS-MOSSERI-VIII-00324-00004-00001,mosseriviii324.41
MS-MOSSERI-VIII-00324-00004-00002,http://cudl.lib.cam.ac.uk/iiif/MS-MOSSERI-VIII-00324-00004-00002,mosseriviii324.42
MS-MOSSERI-VIII-00324-00005,http://cudl.lib.cam.ac.uk/iiif/MS-MOSSERI-VIII-00324-00005,mosseriviii324.5
MS-MOSSERI-VIII-00324-00006,http://cudl.lib.cam.ac.uk/iiif/MS-MOSSERI-VIII-00324-00006,mosseriviii324.6
MS-MOSSERI-VIII-00324-00007,http://cudl.lib.cam.ac.uk/iiif/MS-MOSSERI-VIII-00324-00007,mosseriviii324.7
MS-MOSSERI-VIII-00325-00001,http://cudl.lib.cam.ac.uk/iiif/MS-MOSSERI-VIII-00325-00001,mosseriviii325.1
MS-MOSSERI-VIII-00325-00002,http://cudl.lib.cam.ac.uk/iiif/MS-MOSSERI-VIII-00325-00002,mosseriviii325.2
MS-MOSSERI-VIII-00325-00003,http://cudl.lib.cam.ac.uk/iiif/MS-MOSSERI-VIII-00325-00003,mosseriviii325.3
MS-MOSSERI-VIII-00325-00004,http://cudl.lib.cam.ac.uk/iiif/MS-MOSSERI-VIII-00325-00004,mosseriviii325.4
MS-MOSSERI-VIII-00325-00005,http://cudl.lib.cam.ac.uk/iiif/MS-MOSSERI-VIII-00325-00005,mosseriviii325.5
MS-MOSSERI-VIII-00326-00001,http://cudl.lib.cam.ac.uk/iiif/MS-MOSSERI-VIII-00326-00001,mosseriviii326.1
MS-MOSSERI-VIII-00326-00002,http://cudl.lib.cam.ac.uk/iiif/MS-MOSSERI-VIII-00326-00002,mosseriviii326.2
MS-MOSSERI-VIII-00326-00003,http://cudl.lib.cam.ac.uk/iiif/MS-MOSSERI-VIII-00326-00003,mosseriviii326.3
MS-MOSSERI-VIII-00326-00004,http://cudl.lib.cam.ac.uk/iiif/MS-MOSSERI-VIII-00326-00004,mosseriviii326.4
MS-MOSSERI-VIII-00327,http://cudl.lib.cam.ac.uk/iiif/MS-MOSSERI-VIII-00327,mosseriviii327
MS-MOSSERI-VIII-00328-00001,http://cudl.lib.cam.ac.uk/iiif/MS-MOSSERI-VIII-00328-00001,mosseriviii328.1
MS-MOSSERI-VIII-00328-00002,http://cudl.lib.cam.ac.uk/iiif/MS-MOSSERI-VIII-00328-00002,mosseriviii328.2
MS-MOSSERI-VIII-00328-00003,http://cudl.lib.cam.ac.uk/iiif/MS-MOSSERI-VIII-00328-00003,mosseriviii328.3
MS-MOSSERI-VIII-00329-00001,http://cudl.lib.cam.ac.uk/iiif/MS-MOSSERI-VIII-00329-00001,mosseriviii329.1
MS-MOSSERI-VIII-00329-00002,http://cudl.lib.cam.ac.uk/iiif/MS-MOSSERI-VIII-00329-00002,mosseriviii329.2
MS-MOSSERI-VIII-00330,http://cudl.lib.cam.ac.uk/iiif/MS-MOSSERI-VIII-00330,mosseriviii330
MS-MOSSERI-VIII-00331-00001,http://cudl.lib.cam.ac.uk/iiif/MS-MOSSERI-VIII-00331-00001,mosseriviii331.1
MS-MOSSERI-VIII-00331-00002-A,http://cudl.lib.cam.ac.uk/iiif/MS-MOSSERI-VIII-00331-00002-A,mosseriviii331.2a
MS-MOSSERI-VIII-00331-00002-B,http://cudl.lib.cam.ac.uk/iiif/MS-MOSSERI-VIII-00331-00002-B,mosseriviii331.2b
MS-MOSSERI-VIII-00331-00003,http://cudl.lib.cam.ac.uk/iiif/MS-MOSSERI-VIII-00331-00003,mosseriviii331.3
MS-MOSSERI-VIII-00332,http://cudl.lib.cam.ac.uk/iiif/MS-MOSSERI-VIII-00332,mosseriviii332
MS-MOSSERI-VIII-00333-00001,http://cudl.lib.cam.ac.uk/iiif/MS-MOSSERI-VIII-00333-00001,mosseriviii333.1
MS-MOSSERI-VIII-00333-00002,http://cudl.lib.cam.ac.uk/iiif/MS-MOSSERI-VIII-00333-00002,mosseriviii333.2
MS-MOSSERI-VIII-00333-00003,http://cudl.lib.cam.ac.uk/iiif/MS-MOSSERI-VIII-00333-00003,mosseriviii333.3
MS-MOSSERI-VIII-00334-00001,http://cudl.lib.cam.ac.uk/iiif/MS-MOSSERI-VIII-00334-00001,mosseriviii334.1
MS-MOSSERI-VIII-00334-00002,http://cudl.lib.cam.ac.uk/iiif/MS-MOSSERI-VIII-00334-00002,mosseriviii334.2
MS-MOSSERI-VIII-00335-00001,http://cudl.lib.cam.ac.uk/iiif/MS-MOSSERI-VIII-00335-00001,mosseriviii335.1
MS-MOSSERI-VIII-00335-00002,http://cudl.lib.cam.ac.uk/iiif/MS-MOSSERI-VIII-00335-00002,mosseriviii335.2
MS-MOSSERI-VIII-00336,http://cudl.lib.cam.ac.uk/iiif/MS-MOSSERI-VIII-00336,mosseriviii336
MS-MOSSERI-VIII-00337-00001,http://cudl.lib.cam.ac.uk/iiif/MS-MOSSERI-VIII-00337-00001,mosseriviii337.1
MS-MOSSERI-VIII-00337-00002,http://cudl.lib.cam.ac.uk/iiif/MS-MOSSERI-VIII-00337-00002,mosseriviii337.2
MS-MOSSERI-VIII-00337-00003,http://cudl.lib.cam.ac.uk/iiif/MS-MOSSERI-VIII-00337-00003,mosseriviii337.3
MS-MOSSERI-VIII-00337-00004,http://cudl.lib.cam.ac.uk/iiif/MS-MOSSERI-VIII-00337-00004,mosseriviii337.4
MS-MOSSERI-VIII-00338,http://cudl.lib.cam.ac.uk/iiif/MS-MOSSERI-VIII-00338,mosseriviii338
MS-MOSSERI-VIII-00339-00001,http://cudl.lib.cam.ac.uk/iiif/MS-MOSSERI-VIII-00339-00001,mosseriviii339.1
MS-MOSSERI-VIII-00339-00002,http://cudl.lib.cam.ac.uk/iiif/MS-MOSSERI-VIII-00339-00002,mosseriviii339.2
MS-MOSSERI-VIII-00340-00001,http://cudl.lib.cam.ac.uk/iiif/MS-MOSSERI-VIII-00340-00001,mosseriviii340.1
MS-MOSSERI-VIII-00341-00001,http://cudl.lib.cam.ac.uk/iiif/MS-MOSSERI-VIII-00341-00001,mosseriviii341.1
MS-MOSSERI-VIII-00341-00002,http://cudl.lib.cam.ac.uk/iiif/MS-MOSSERI-VIII-00341-00002,mosseriviii341.2
MS-MOSSERI-VIII-00342-00001,http://cudl.lib.cam.ac.uk/iiif/MS-MOSSERI-VIII-00342-00001,mosseriviii342.1
MS-MOSSERI-VIII-00342-00002,http://cudl.lib.cam.ac.uk/iiif/MS-MOSSERI-VIII-00342-00002,mosseriviii342.2
MS-MOSSERI-VIII-00343,http://cudl.lib.cam.ac.uk/iiif/MS-MOSSERI-VIII-00343,mosseriviii343
MS-MOSSERI-VIII-00344-00001,http://cudl.lib.cam.ac.uk/iiif/MS-MOSSERI-VIII-00344-00001,mosseriviii344.1
MS-MOSSERI-VIII-00344-00002,http://cudl.lib.cam.ac.uk/iiif/MS-MOSSERI-VIII-00344-00002,mosseriviii344.2
MS-MOSSERI-VIII-00345-00001,http://cudl.lib.cam.ac.uk/iiif/MS-MOSSERI-VIII-00345-00001,mosseriviii345.1
MS-MOSSERI-VIII-00345-00002,http://cudl.lib.cam.ac.uk/iiif/MS-MOSSERI-VIII-00345-00002,mosseriviii345.2
MS-MOSSERI-VIII-00345-00003,http://cudl.lib.cam.ac.uk/iiif/MS-MOSSERI-VIII-00345-00003,mosseriviii345.3
MS-MOSSERI-VIII-00346-00001,http://cudl.lib.cam.ac.uk/iiif/MS-MOSSERI-VIII-00346-00001,mosseriviii346.1
MS-MOSSERI-VIII-00346-00002,http://cudl.lib.cam.ac.uk/iiif/MS-MOSSERI-VIII-00346-00002,mosseriviii346.2
MS-MOSSERI-VIII-00347-00001,http://cudl.lib.cam.ac.uk/iiif/MS-MOSSERI-VIII-00347-00001,mosseriviii347.1
MS-MOSSERI-VIII-00347-00002,http://cudl.lib.cam.ac.uk/iiif/MS-MOSSERI-VIII-00347-00002,mosseriviii347.2
MS-MOSSERI-VIII-00348-00001,http://cudl.lib.cam.ac.uk/iiif/MS-MOSSERI-VIII-00348-00001,mosseriviii348.1
MS-MOSSERI-VIII-00348-00002,http://cudl.lib.cam.ac.uk/iiif/MS-MOSSERI-VIII-00348-00002,mosseriviii348.2
MS-MOSSERI-VIII-00349-00001,http://cudl.lib.cam.ac.uk/iiif/MS-MOSSERI-VIII-00349-00001,mosseriviii349.1
MS-MOSSERI-VIII-00349-00002,http://cudl.lib.cam.ac.uk/iiif/MS-MOSSERI-VIII-00349-00002,mosseriviii349.2
MS-MOSSERI-VIII-00350-00001,http://cudl.lib.cam.ac.uk/iiif/MS-MOSSERI-VIII-00350-00001,mosseriviii350.1
MS-MOSSERI-VIII-00350-00002,http://cudl.lib.cam.ac.uk/iiif/MS-MOSSERI-VIII-00350-00002,mosseriviii350.2
MS-MOSSERI-VIII-00350-00003,http://cudl.lib.cam.ac.uk/iiif/MS-MOSSERI-VIII-00350-00003,mosseriviii350.3
MS-MOSSERI-VIII-00350-00004,http://cudl.lib.cam.ac.uk/iiif/MS-MOSSERI-VIII-00350-00004,mosseriviii350.4
MS-MOSSERI-VIII-00351-00001,http://cudl.lib.cam.ac.uk/iiif/MS-MOSSERI-VIII-00351-00001,mosseriviii351.1
MS-MOSSERI-VIII-00351-00002,http://cudl.lib.cam.ac.uk/iiif/MS-MOSSERI-VIII-00351-00002,mosseriviii351.2
MS-MOSSERI-VIII-00352,http://cudl.lib.cam.ac.uk/iiif/MS-MOSSERI-VIII-00352,mosseriviii352
MS-MOSSERI-VIII-00353-00001,http://cudl.lib.cam.ac.uk/iiif/MS-MOSSERI-VIII-00353-00001,mosseriviii353.1
MS-MOSSERI-VIII-00354-00001,http://cudl.lib.cam.ac.uk/iiif/MS-MOSSERI-VIII-00354-00001,mosseriviii354.1
MS-MOSSERI-VIII-00354-00002,http://cudl.lib.cam.ac.uk/iiif/MS-MOSSERI-VIII-00354-00002,mosseriviii354.2
MS-MOSSERI-VIII-00355,http://cudl.lib.cam.ac.uk/iiif/MS-MOSSERI-VIII-00355,mosseriviii355
MS-MOSSERI-VIII-00356,http://cudl.lib.cam.ac.uk/iiif/MS-MOSSERI-VIII-00356,mosseriviii356
MS-MOSSERI-VIII-00357-00001-A,http://cudl.lib.cam.ac.uk/iiif/MS-MOSSERI-VIII-00357-00001-A,mosseriviii357.1a
MS-MOSSERI-VIII-00357-00001-B,http://cudl.lib.cam.ac.uk/iiif/MS-MOSSERI-VIII-00357-00001-B,mosseriviii357.1b
MS-MOSSERI-VIII-00357-00001-C,http://cudl.lib.cam.ac.uk/iiif/MS-MOSSERI-VIII-00357-00001-C,mosseriviii357.1c
MS-MOSSERI-VIII-00358-00001,http://cudl.lib.cam.ac.uk/iiif/MS-MOSSERI-VIII-00358-00001,mosseriviii358.1
MS-MOSSERI-VIII-00358-00002,http://cudl.lib.cam.ac.uk/iiif/MS-MOSSERI-VIII-00358-00002,mosseriviii358.2
MS-MOSSERI-VIII-00358-00003,http://cudl.lib.cam.ac.uk/iiif/MS-MOSSERI-VIII-00358-00003,mosseriviii358.3
MS-MOSSERI-VIII-00359-00001,http://cudl.lib.cam.ac.uk/iiif/MS-MOSSERI-VIII-00359-00001,mosseriviii359.1
MS-MOSSERI-VIII-00359-00002,http://cudl.lib.cam.ac.uk/iiif/MS-MOSSERI-VIII-00359-00002,mosseriviii359.2
MS-MOSSERI-VIII-00360,http://cudl.lib.cam.ac.uk/iiif/MS-MOSSERI-VIII-00360,mosseriviii360
MS-MOSSERI-VIII-00361,http://cudl.lib.cam.ac.uk/iiif/MS-MOSSERI-VIII-00361,mosseriviii361
MS-MOSSERI-VIII-00362-00001,http://cudl.lib.cam.ac.uk/iiif/MS-MOSSERI-VIII-00362-00001,mosseriviii362.1
MS-MOSSERI-VIII-00362-00002,http://cudl.lib.cam.ac.uk/iiif/MS-MOSSERI-VIII-00362-00002,mosseriviii362.2
MS-MOSSERI-VIII-00363-00001,http://cudl.lib.cam.ac.uk/iiif/MS-MOSSERI-VIII-00363-00001,mosseriviii363.1
MS-MOSSERI-VIII-00363-00002,http://cudl.lib.cam.ac.uk/iiif/MS-MOSSERI-VIII-00363-00002,mosseriviii363.2
MS-MOSSERI-VIII-00363-00003,http://cudl.lib.cam.ac.uk/iiif/MS-MOSSERI-VIII-00363-00003,mosseriviii363.3
MS-MOSSERI-VIII-00364-00001,http://cudl.lib.cam.ac.uk/iiif/MS-MOSSERI-VIII-00364-00001,mosseriviii364.1
MS-MOSSERI-VIII-00364-00002,http://cudl.lib.cam.ac.uk/iiif/MS-MOSSERI-VIII-00364-00002,mosseriviii364.2
MS-MOSSERI-VIII-00364-00003,http://cudl.lib.cam.ac.uk/iiif/MS-MOSSERI-VIII-00364-00003,mosseriviii364.3
MS-MOSSERI-VIII-00365-A,http://cudl.lib.cam.ac.uk/iiif/MS-MOSSERI-VIII-00365-A,mosseriviii365a
MS-MOSSERI-VIII-00365-B,http://cudl.lib.cam.ac.uk/iiif/MS-MOSSERI-VIII-00365-B,mosseriviii365b
MS-MOSSERI-VIII-00365-C,http://cudl.lib.cam.ac.uk/iiif/MS-MOSSERI-VIII-00365-C,mosseriviii365c
MS-MOSSERI-VIII-00365-D,http://cudl.lib.cam.ac.uk/iiif/MS-MOSSERI-VIII-00365-D,mosseriviii365d
MS-MOSSERI-VIII-00366-00001,http://cudl.lib.cam.ac.uk/iiif/MS-MOSSERI-VIII-00366-00001,mosseriviii366.1
MS-MOSSERI-VIII-00366-00002,http://cudl.lib.cam.ac.uk/iiif/MS-MOSSERI-VIII-00366-00002,mosseriviii366.2
MS-MOSSERI-VIII-00367-00002-A,http://cudl.lib.cam.ac.uk/iiif/MS-MOSSERI-VIII-00367-00002-A,mosseriviii367.2a
MS-MOSSERI-VIII-00367-00002-B,http://cudl.lib.cam.ac.uk/iiif/MS-MOSSERI-VIII-00367-00002-B,mosseriviii367.2b
MS-MOSSERI-VIII-00368,http://cudl.lib.cam.ac.uk/iiif/MS-MOSSERI-VIII-00368,mosseriviii368
MS-MOSSERI-VIII-00369-00001-A,http://cudl.lib.cam.ac.uk/iiif/MS-MOSSERI-VIII-00369-00001-A,mosseriviii369.1a
MS-MOSSERI-VIII-00369-00001-B,http://cudl.lib.cam.ac.uk/iiif/MS-MOSSERI-VIII-00369-00001-B,mosseriviii369.1b
MS-MOSSERI-VIII-00369-00002,http://cudl.lib.cam.ac.uk/iiif/MS-MOSSERI-VIII-00369-00002,mosseriviii369.2
MS-MOSSERI-VIII-00370,http://cudl.lib.cam.ac.uk/iiif/MS-MOSSERI-VIII-00370,mosseriviii370
MS-MOSSERI-VIII-00371-00001,http://cudl.lib.cam.ac.uk/iiif/MS-MOSSERI-VIII-00371-00001,mosseriviii371.1
MS-MOSSERI-VIII-00371-00002,http://cudl.lib.cam.ac.uk/iiif/MS-MOSSERI-VIII-00371-00002,mosseriviii371.2
MS-MOSSERI-VIII-00372-00001,http://cudl.lib.cam.ac.uk/iiif/MS-MOSSERI-VIII-00372-00001,mosseriviii372.1
MS-MOSSERI-VIII-00372-00002,http://cudl.lib.cam.ac.uk/iiif/MS-MOSSERI-VIII-00372-00002,mosseriviii372.2
MS-MOSSERI-VIII-00373-00001,http://cudl.lib.cam.ac.uk/iiif/MS-MOSSERI-VIII-00373-00001,mosseriviii373.1
MS-MOSSERI-VIII-00373-00002,http://cudl.lib.cam.ac.uk/iiif/MS-MOSSERI-VIII-00373-00002,mosseriviii373.2
MS-MOSSERI-VIII-00373-00003,http://cudl.lib.cam.ac.uk/iiif/MS-MOSSERI-VIII-00373-00003,mosseriviii373.3
MS-MOSSERI-VIII-00374,http://cudl.lib.cam.ac.uk/iiif/MS-MOSSERI-VIII-00374,mosseriviii374
MS-MOSSERI-VIII-00375,http://cudl.lib.cam.ac.uk/iiif/MS-MOSSERI-VIII-00375,mosseriviii375
MS-MOSSERI-VIII-00393-00001,http://cudl.lib.cam.ac.uk/iiif/MS-MOSSERI-VIII-00393-00001,mosseriviii393.1
MS-MOSSERI-VIII-00393-00002,http://cudl.lib.cam.ac.uk/iiif/MS-MOSSERI-VIII-00393-00002,mosseriviii393.2
MS-MOSSERI-VIII-00396-00001,http://cudl.lib.cam.ac.uk/iiif/MS-MOSSERI-VIII-00396-00001,mosseriviii396.1
MS-MOSSERI-VIII-00396-00003,http://cudl.lib.cam.ac.uk/iiif/MS-MOSSERI-VIII-00396-00003,mosseriviii396.3
MS-MOSSERI-VIII-00403,http://cudl.lib.cam.ac.uk/iiif/MS-MOSSERI-VIII-00403,mosseriviii403
MS-MOSSERI-VIII-00404,http://cudl.lib.cam.ac.uk/iiif/MS-MOSSERI-VIII-00404,mosseriviii404
MS-MOSSERI-VIII-00405,http://cudl.lib.cam.ac.uk/iiif/MS-MOSSERI-VIII-00405,mosseriviii405
MS-MOSSERI-VIII-00407,http://cudl.lib.cam.ac.uk/iiif/MS-MOSSERI-VIII-00407,mosseriviii407
MS-MOSSERI-VIII-00408,http://cudl.lib.cam.ac.uk/iiif/MS-MOSSERI-VIII-00408,mosseriviii408
MS-MOSSERI-VIII-00410-00001,http://cudl.lib.cam.ac.uk/iiif/MS-MOSSERI-VIII-00410-00001,mosseriviii410.1
MS-MOSSERI-VIII-00410-00002,http://cudl.lib.cam.ac.uk/iiif/MS-MOSSERI-VIII-00410-00002,mosseriviii410.2
MS-MOSSERI-VIII-00411-00001,http://cudl.lib.cam.ac.uk/iiif/MS-MOSSERI-VIII-00411-00001,mosseriviii411.1
MS-MOSSERI-VIII-00411-00002-A,http://cudl.lib.cam.ac.uk/iiif/MS-MOSSERI-VIII-00411-00002-A,mosseriviii411.2a
MS-MOSSERI-VIII-00411-00002-B,http://cudl.lib.cam.ac.uk/iiif/MS-MOSSERI-VIII-00411-00002-B,mosseriviii411.2b
MS-MOSSERI-VIII-00412,http://cudl.lib.cam.ac.uk/iiif/MS-MOSSERI-VIII-00412,mosseriviii412
MS-MOSSERI-VIII-00413,http://cudl.lib.cam.ac.uk/iiif/MS-MOSSERI-VIII-00413,mosseriviii413
MS-MOSSERI-VIII-00414,http://cudl.lib.cam.ac.uk/iiif/MS-MOSSERI-VIII-00414,mosseriviii414
MS-MOSSERI-VIII-00416,http://cudl.lib.cam.ac.uk/iiif/MS-MOSSERI-VIII-00416,mosseriviii416
MS-MOSSERI-VIII-00417,http://cudl.lib.cam.ac.uk/iiif/MS-MOSSERI-VIII-00417,mosseriviii417
MS-MOSSERI-VIII-00418,http://cudl.lib.cam.ac.uk/iiif/MS-MOSSERI-VIII-00418,mosseriviii418
MS-MOSSERI-VIII-00419-00001,http://cudl.lib.cam.ac.uk/iiif/MS-MOSSERI-VIII-00419-00001,mosseriviii419.1
MS-MOSSERI-VIII-00419-00002,http://cudl.lib.cam.ac.uk/iiif/MS-MOSSERI-VIII-00419-00002,mosseriviii419.2
MS-MOSSERI-VIII-00420,http://cudl.lib.cam.ac.uk/iiif/MS-MOSSERI-VIII-00420,mosseriviii420
MS-MOSSERI-VIII-00422-00001,http://cudl.lib.cam.ac.uk/iiif/MS-MOSSERI-VIII-00422-00001,mosseriviii422.1
MS-MOSSERI-VIII-00422-00002,http://cudl.lib.cam.ac.uk/iiif/MS-MOSSERI-VIII-00422-00002,mosseriviii422.2
MS-MOSSERI-VIII-00424,http://cudl.lib.cam.ac.uk/iiif/MS-MOSSERI-VIII-00424,mosseriviii424
MS-MOSSERI-VIII-00425,http://cudl.lib.cam.ac.uk/iiif/MS-MOSSERI-VIII-00425,mosseriviii425
MS-MOSSERI-VIII-00426-00001,http://cudl.lib.cam.ac.uk/iiif/MS-MOSSERI-VIII-00426-00001,mosseriviii426.1
MS-MOSSERI-VIII-00426-00002,http://cudl.lib.cam.ac.uk/iiif/MS-MOSSERI-VIII-00426-00002,mosseriviii426.2
MS-MOSSERI-VIII-00427-00001,http://cudl.lib.cam.ac.uk/iiif/MS-MOSSERI-VIII-00427-00001,mosseriviii427.1
MS-MOSSERI-VIII-00427-00002,http://cudl.lib.cam.ac.uk/iiif/MS-MOSSERI-VIII-00427-00002,mosseriviii427.2
MS-MOSSERI-VIII-00427-00003,http://cudl.lib.cam.ac.uk/iiif/MS-MOSSERI-VIII-00427-00003,mosseriviii427.3
MS-MOSSERI-VIII-00428-00001,http://cudl.lib.cam.ac.uk/iiif/MS-MOSSERI-VIII-00428-00001,mosseriviii428.1
MS-MOSSERI-VIII-00428-00002,http://cudl.lib.cam.ac.uk/iiif/MS-MOSSERI-VIII-00428-00002,mosseriviii428.2
MS-MOSSERI-VIII-00428-00003,http://cudl.lib.cam.ac.uk/iiif/MS-MOSSERI-VIII-00428-00003,mosseriviii428.3
MS-MOSSERI-VIII-00431-00001,http://cudl.lib.cam.ac.uk/iiif/MS-MOSSERI-VIII-00431-00001,mosseriviii431.1
MS-MOSSERI-VIII-00431-00002,http://cudl.lib.cam.ac.uk/iiif/MS-MOSSERI-VIII-00431-00002,mosseriviii431.2
MS-MOSSERI-VIII-00432,http://cudl.lib.cam.ac.uk/iiif/MS-MOSSERI-VIII-00432,mosseriviii432
MS-MOSSERI-VIII-00434,http://cudl.lib.cam.ac.uk/iiif/MS-MOSSERI-VIII-00434,mosseriviii434
MS-MOSSERI-VIII-00436-00001,http://cudl.lib.cam.ac.uk/iiif/MS-MOSSERI-VIII-00436-00001,mosseriviii436.1
MS-MOSSERI-VIII-00442,http://cudl.lib.cam.ac.uk/iiif/MS-MOSSERI-VIII-00442,mosseriviii442
MS-MOSSERI-VIII-00446-00001,http://cudl.lib.cam.ac.uk/iiif/MS-MOSSERI-VIII-00446-00001,mosseriviii446.1
MS-MOSSERI-VIII-00446-00002,http://cudl.lib.cam.ac.uk/iiif/MS-MOSSERI-VIII-00446-00002,mosseriviii446.2
MS-MOSSERI-VIII-00447-00002,http://cudl.lib.cam.ac.uk/iiif/MS-MOSSERI-VIII-00447-00002,mosseriviii447.2
MS-MOSSERI-VIII-00449,http://cudl.lib.cam.ac.uk/iiif/MS-MOSSERI-VIII-00449,mosseriviii449
MS-MOSSERI-VIII-00450,http://cudl.lib.cam.ac.uk/iiif/MS-MOSSERI-VIII-00450,mosseriviii450
MS-MOSSERI-VIII-00472,http://cudl.lib.cam.ac.uk/iiif/MS-MOSSERI-VIII-00472,mosseriviii472
MS-MOSSERI-VIII-00473-00002,http://cudl.lib.cam.ac.uk/iiif/MS-MOSSERI-VIII-00473-00002,mosseriviii473.2
MS-MOSSERI-VIII-00477,http://cudl.lib.cam.ac.uk/iiif/MS-MOSSERI-VIII-00477,mosseriviii477
MS-MOSSERI-VIII-00479-00001,http://cudl.lib.cam.ac.uk/iiif/MS-MOSSERI-VIII-00479-00001,mosseriviii479.1
MS-MOSSERI-VIII-00479-00002,http://cudl.lib.cam.ac.uk/iiif/MS-MOSSERI-VIII-00479-00002,mosseriviii479.2
MS-MOSSERI-VIII-00479-00003,http://cudl.lib.cam.ac.uk/iiif/MS-MOSSERI-VIII-00479-00003,mosseriviii479.3
MS-MOSSERI-VIII-00479-00004,http://cudl.lib.cam.ac.uk/iiif/MS-MOSSERI-VIII-00479-00004,mosseriviii479.4
MS-MOSSERI-VIII-00479-00005,http://cudl.lib.cam.ac.uk/iiif/MS-MOSSERI-VIII-00479-00005,mosseriviii479.5
MS-MOSSERI-VIII-00479-00006,http://cudl.lib.cam.ac.uk/iiif/MS-MOSSERI-VIII-00479-00006,mosseriviii479.6
MS-MOSSERI-VIII-00479-00007,http://cudl.lib.cam.ac.uk/iiif/MS-MOSSERI-VIII-00479-00007,mosseriviii479.7
MS-MOSSERI-VIII-00479-00008,http://cudl.lib.cam.ac.uk/iiif/MS-MOSSERI-VIII-00479-00008,mosseriviii479.8
MS-MOSSERI-VIII-00479-00009,http://cudl.lib.cam.ac.uk/iiif/MS-MOSSERI-VIII-00479-00009,mosseriviii479.9
MS-MOSSERI-X-00021,http://cudl.lib.cam.ac.uk/iiif/MS-MOSSERI-X-00021,mosserix21
MS-MOSSERI-X-00023,http://cudl.lib.cam.ac.uk/iiif/MS-MOSSERI-X-00023,mosserix23
MS-MOSSERI-X-00030-00001,http://cudl.lib.cam.ac.uk/iiif/MS-MOSSERI-X-00030-00001,mosserix30.1
MS-MOSSERI-X-00030-00002,http://cudl.lib.cam.ac.uk/iiif/MS-MOSSERI-X-00030-00002,mosserix30.2
MS-MOSSERI-X-00030-00003,http://cudl.lib.cam.ac.uk/iiif/MS-MOSSERI-X-00030-00003,mosserix30.3
MS-MOSSERI-X-00037,http://cudl.lib.cam.ac.uk/iiif/MS-MOSSERI-X-00037,mosserix37
MS-OR-01080-00001-00001,http://cudl.lib.cam.ac.uk/iiif/MS-OR-01080-00001-00001,or1080.11
MS-OR-01080-00001-00002,http://cudl.lib.cam.ac.uk/iiif/MS-OR-01080-00001-00002,or1080.12
MS-OR-01080-00001-00003,http://cudl.lib.cam.ac.uk/iiif/MS-OR-01080-00001-00003,or1080.13
MS-OR-01080-00001-00004,http://cudl.lib.cam.ac.uk/iiif/MS-OR-01080-00001-00004,or1080.14
MS-OR-01080-00001-00005,http://cudl.lib.cam.ac.uk/iiif/MS-OR-01080-00001-00005,or1080.15
MS-OR-01080-00001-00006,http://cudl.lib.cam.ac.uk/iiif/MS-OR-01080-00001-00006,or1080.16
MS-OR-01080-00001-00007,http://cudl.lib.cam.ac.uk/iiif/MS-OR-01080-00001-00007,or1080.17
MS-OR-01080-00001-00008,http://cudl.lib.cam.ac.uk/iiif/MS-OR-01080-00001-00008,or1080.18
MS-OR-01080-00001-00009,http://cudl.lib.cam.ac.uk/iiif/MS-OR-01080-00001-00009,or1080.19
MS-OR-01080-00001-00010,http://cudl.lib.cam.ac.uk/iiif/MS-OR-01080-00001-00010,or1080.110
MS-OR-01080-00001-00011,http://cudl.lib.cam.ac.uk/iiif/MS-OR-01080-00001-00011,or1080.111
MS-OR-01080-00001-00012,http://cudl.lib.cam.ac.uk/iiif/MS-OR-01080-00001-00012,or1080.112
MS-OR-01080-00001-00013,http://cudl.lib.cam.ac.uk/iiif/MS-OR-01080-00001-00013,or1080.113
MS-OR-01080-00001-00014,http://cudl.lib.cam.ac.uk/iiif/MS-OR-01080-00001-00014,or1080.114
MS-OR-01080-00001-00015,http://cudl.lib.cam.ac.uk/iiif/MS-OR-01080-00001-00015,or1080.115
MS-OR-01080-00001-00016,http://cudl.lib.cam.ac.uk/iiif/MS-OR-01080-00001-00016,or1080.116
MS-OR-01080-00001-00017,http://cudl.lib.cam.ac.uk/iiif/MS-OR-01080-00001-00017,or1080.117
MS-OR-01080-00001-00018,http://cudl.lib.cam.ac.uk/iiif/MS-OR-01080-00001-00018,or1080.118
MS-OR-01080-00001-00019,http://cudl.lib.cam.ac.uk/iiif/MS-OR-01080-00001-00019,or1080.119
MS-OR-01080-00001-00020,http://cudl.lib.cam.ac.uk/iiif/MS-OR-01080-00001-00020,or1080.120
MS-OR-01080-00001-00021,http://cudl.lib.cam.ac.uk/iiif/MS-OR-01080-00001-00021,or1080.121
MS-OR-01080-00001-00022,http://cudl.lib.cam.ac.uk/iiif/MS-OR-01080-00001-00022,or1080.122
MS-OR-01080-00001-00023,http://cudl.lib.cam.ac.uk/iiif/MS-OR-01080-00001-00023,or1080.123
MS-OR-01080-00001-00024,http://cudl.lib.cam.ac.uk/iiif/MS-OR-01080-00001-00024,or1080.124
MS-OR-01080-00001-00025,http://cudl.lib.cam.ac.uk/iiif/MS-OR-01080-00001-00025,or1080.125
MS-OR-01080-00001-00026,http://cudl.lib.cam.ac.uk/iiif/MS-OR-01080-00001-00026,or1080.126
MS-OR-01080-00001-00027,http://cudl.lib.cam.ac.uk/iiif/MS-OR-01080-00001-00027,or1080.127
MS-OR-01080-00001-00028,http://cudl.lib.cam.ac.uk/iiif/MS-OR-01080-00001-00028,or1080.128
MS-OR-01080-00001-00029,http://cudl.lib.cam.ac.uk/iiif/MS-OR-01080-00001-00029,or1080.129
MS-OR-01080-00001-00030,http://cudl.lib.cam.ac.uk/iiif/MS-OR-01080-00001-00030,or1080.130
MS-OR-01080-00001-00031,http://cudl.lib.cam.ac.uk/iiif/MS-OR-01080-00001-00031,or1080.131
MS-OR-01080-00001-00032,http://cudl.lib.cam.ac.uk/iiif/MS-OR-01080-00001-00032,or1080.132
MS-OR-01080-00001-00033,http://cudl.lib.cam.ac.uk/iiif/MS-OR-01080-00001-00033,or1080.133
MS-OR-01080-00001-00034-A,http://cudl.lib.cam.ac.uk/iiif/MS-OR-01080-00001-00034-A,or1080.134a
MS-OR-01080-00001-00034-B,http://cudl.lib.cam.ac.uk/iiif/MS-OR-01080-00001-00034-B,or1080.134b
MS-OR-01080-00001-00035,http://cudl.lib.cam.ac.uk/iiif/MS-OR-01080-00001-00035,or1080.135
MS-OR-01080-00001-00036,http://cudl.lib.cam.ac.uk/iiif/MS-OR-01080-00001-00036,or1080.136
MS-OR-01080-00001-00037,http://cudl.lib.cam.ac.uk/iiif/MS-OR-01080-00001-00037,or1080.137
MS-OR-01080-00001-00038,http://cudl.lib.cam.ac.uk/iiif/MS-OR-01080-00001-00038,or1080.138
MS-OR-01080-00001-00039,http://cudl.lib.cam.ac.uk/iiif/MS-OR-01080-00001-00039,or1080.139
MS-OR-01080-00001-00040,http://cudl.lib.cam.ac.uk/iiif/MS-OR-01080-00001-00040,or1080.140
MS-OR-01080-00001-00041,http://cudl.lib.cam.ac.uk/iiif/MS-OR-01080-00001-00041,or1080.141
MS-OR-01080-00001-00042,http://cudl.lib.cam.ac.uk/iiif/MS-OR-01080-00001-00042,or1080.142
MS-OR-01080-00001-00043,http://cudl.lib.cam.ac.uk/iiif/MS-OR-01080-00001-00043,or1080.143
MS-OR-01080-00001-00044,http://cudl.lib.cam.ac.uk/iiif/MS-OR-01080-00001-00044,or1080.144
MS-OR-01080-00001-00045,http://cudl.lib.cam.ac.uk/iiif/MS-OR-01080-00001-00045,or1080.145
MS-OR-01080-00001-00046,http://cudl.lib.cam.ac.uk/iiif/MS-OR-01080-00001-00046,or1080.146
MS-OR-01080-00001-00047,http://cudl.lib.cam.ac.uk/iiif/MS-OR-01080-00001-00047,or1080.147
MS-OR-01080-00001-00048,http://cudl.lib.cam.ac.uk/iiif/MS-OR-01080-00001-00048,or1080.148
MS-OR-01080-00001-00049,http://cudl.lib.cam.ac.uk/iiif/MS-OR-01080-00001-00049,or1080.149
MS-OR-01080-00001-00050,http://cudl.lib.cam.ac.uk/iiif/MS-OR-01080-00001-00050,or1080.150
MS-OR-01080-00001-00051,http://cudl.lib.cam.ac.uk/iiif/MS-OR-01080-00001-00051,or1080.151
MS-OR-01080-00001-00052,http://cudl.lib.cam.ac.uk/iiif/MS-OR-01080-00001-00052,or1080.152
MS-OR-01080-00001-00053,http://cudl.lib.cam.ac.uk/iiif/MS-OR-01080-00001-00053,or1080.153
MS-OR-01080-00001-00054,http://cudl.lib.cam.ac.uk/iiif/MS-OR-01080-00001-00054,or1080.154
MS-OR-01080-00001-00055,http://cudl.lib.cam.ac.uk/iiif/MS-OR-01080-00001-00055,or1080.155
MS-OR-01080-00001-00056,http://cudl.lib.cam.ac.uk/iiif/MS-OR-01080-00001-00056,or1080.156
MS-OR-01080-00001-00057,http://cudl.lib.cam.ac.uk/iiif/MS-OR-01080-00001-00057,or1080.157
MS-OR-01080-00001-00058,http://cudl.lib.cam.ac.uk/iiif/MS-OR-01080-00001-00058,or1080.158
MS-OR-01080-00001-00059,http://cudl.lib.cam.ac.uk/iiif/MS-OR-01080-00001-00059,or1080.159
MS-OR-01080-00001-00060,http://cudl.lib.cam.ac.uk/iiif/MS-OR-01080-00001-00060,or1080.160
MS-OR-01080-00001-00061,http://cudl.lib.cam.ac.uk/iiif/MS-OR-01080-00001-00061,or1080.161
MS-OR-01080-00001-00062,http://cudl.lib.cam.ac.uk/iiif/MS-OR-01080-00001-00062,or1080.162
MS-OR-01080-00001-00063,http://cudl.lib.cam.ac.uk/iiif/MS-OR-01080-00001-00063,or1080.163
MS-OR-01080-00001-00064,http://cudl.lib.cam.ac.uk/iiif/MS-OR-01080-00001-00064,or1080.164
MS-OR-01080-00001-00065,http://cudl.lib.cam.ac.uk/iiif/MS-OR-01080-00001-00065,or1080.165
MS-OR-01080-00001-00066,http://cudl.lib.cam.ac.uk/iiif/MS-OR-01080-00001-00066,or1080.166
MS-OR-01080-00001-00067,http://cudl.lib.cam.ac.uk/iiif/MS-OR-01080-00001-00067,or1080.167
MS-OR-01080-00001-00068,http://cudl.lib.cam.ac.uk/iiif/MS-OR-01080-00001-00068,or1080.168
MS-OR-01080-00001-00069,http://cudl.lib.cam.ac.uk/iiif/MS-OR-01080-00001-00069,or1080.169
MS-OR-01080-00001-00070,http://cudl.lib.cam.ac.uk/iiif/MS-OR-01080-00001-00070,or1080.170
MS-OR-01080-00001-00072,http://cudl.lib.cam.ac.uk/iiif/MS-OR-01080-00001-00072,or1080.172
MS-OR-01080-00001-00073,http://cudl.lib.cam.ac.uk/iiif/MS-OR-01080-00001-00073,or1080.173
MS-OR-01080-00001-00074,http://cudl.lib.cam.ac.uk/iiif/MS-OR-01080-00001-00074,or1080.174
MS-OR-01080-00001-00075,http://cudl.lib.cam.ac.uk/iiif/MS-OR-01080-00001-00075,or1080.175
MS-OR-01080-00001-00076,http://cudl.lib.cam.ac.uk/iiif/MS-OR-01080-00001-00076,or1080.176
MS-OR-01080-00001-00077,http://cudl.lib.cam.ac.uk/iiif/MS-OR-01080-00001-00077,or1080.177
MS-OR-01080-00001-00078,http://cudl.lib.cam.ac.uk/iiif/MS-OR-01080-00001-00078,or1080.178
MS-OR-01080-00001-00079,http://cudl.lib.cam.ac.uk/iiif/MS-OR-01080-00001-00079,or1080.179
MS-OR-01080-00001-00080,http://cudl.lib.cam.ac.uk/iiif/MS-OR-01080-00001-00080,or1080.180
MS-OR-01080-00001-00081,http://cudl.lib.cam.ac.uk/iiif/MS-OR-01080-00001-00081,or1080.181
MS-OR-01080-00001-00082,http://cudl.lib.cam.ac.uk/iiif/MS-OR-01080-00001-00082,or1080.182
MS-OR-01080-00001-00083,http://cudl.lib.cam.ac.uk/iiif/MS-OR-01080-00001-00083,or1080.183
MS-OR-01080-00001-00084,http://cudl.lib.cam.ac.uk/iiif/MS-OR-01080-00001-00084,or1080.184
MS-OR-01080-00001-00085,http://cudl.lib.cam.ac.uk/iiif/MS-OR-01080-00001-00085,or1080.185
MS-OR-01080-00001-00086,http://cudl.lib.cam.ac.uk/iiif/MS-OR-01080-00001-00086,or1080.186
MS-OR-01080-00001-00087,http://cudl.lib.cam.ac.uk/iiif/MS-OR-01080-00001-00087,or1080.187
MS-OR-01080-00001-00088,http://cudl.lib.cam.ac.uk/iiif/MS-OR-01080-00001-00088,or1080.188
MS-OR-01080-00001-00089,http://cudl.lib.cam.ac.uk/iiif/MS-OR-01080-00001-00089,or1080.189
MS-OR-01080-00001-00091,http://cudl.lib.cam.ac.uk/iiif/MS-OR-01080-00001-00091,or1080.191
MS-OR-01080-00002-00001,http://cudl.lib.cam.ac.uk/iiif/MS-OR-01080-00002-00001,or1080.21
MS-OR-01080-00002-00002,http://cudl.lib.cam.ac.uk/iiif/MS-OR-01080-00002-00002,or1080.22
MS-OR-01080-00002-00003,http://cudl.lib.cam.ac.uk/iiif/MS-OR-01080-00002-00003,or1080.23
MS-OR-01080-00002-00004,http://cudl.lib.cam.ac.uk/iiif/MS-OR-01080-00002-00004,or1080.24
MS-OR-01080-00002-00005,http://cudl.lib.cam.ac.uk/iiif/MS-OR-01080-00002-00005,or1080.25
MS-OR-01080-00002-00006,http://cudl.lib.cam.ac.uk/iiif/MS-OR-01080-00002-00006,or1080.26
MS-OR-01080-00002-00007,http://cudl.lib.cam.ac.uk/iiif/MS-OR-01080-00002-00007,or1080.27
MS-OR-01080-00002-00009,http://cudl.lib.cam.ac.uk/iiif/MS-OR-01080-00002-00009,or1080.29
MS-OR-01080-00002-00010,http://cudl.lib.cam.ac.uk/iiif/MS-OR-01080-00002-00010,or1080.210
MS-OR-01080-00002-00011,http://cudl.lib.cam.ac.uk/iiif/MS-OR-01080-00002-00011,or1080.211
MS-OR-01080-00002-00012,http://cudl.lib.cam.ac.uk/iiif/MS-OR-01080-00002-00012,or1080.212
MS-OR-01080-00002-00013,http://cudl.lib.cam.ac.uk/iiif/MS-OR-01080-00002-00013,or1080.213
MS-OR-01080-00002-00014,http://cudl.lib.cam.ac.uk/iiif/MS-OR-01080-00002-00014,or1080.214
MS-OR-01080-00002-00016,http://cudl.lib.cam.ac.uk/iiif/MS-OR-01080-00002-00016,or1080.216
MS-OR-01080-00002-00017,http://cudl.lib.cam.ac.uk/iiif/MS-OR-01080-00002-00017,or1080.217
MS-OR-01080-00002-00018,http://cudl.lib.cam.ac.uk/iiif/MS-OR-01080-00002-00018,or1080.218
MS-OR-01080-00002-00019,http://cudl.lib.cam.ac.uk/iiif/MS-OR-01080-00002-00019,or1080.219
MS-OR-01080-00002-00021,http://cudl.lib.cam.ac.uk/iiif/MS-OR-01080-00002-00021,or1080.221
MS-OR-01080-00002-00022,http://cudl.lib.cam.ac.uk/iiif/MS-OR-01080-00002-00022,or1080.222
MS-OR-01080-00002-00025,http://cudl.lib.cam.ac.uk/iiif/MS-OR-01080-00002-00025,or1080.225
MS-OR-01080-00002-00026,http://cudl.lib.cam.ac.uk/iiif/MS-OR-01080-00002-00026,or1080.226
MS-OR-01080-00002-00027,http://cudl.lib.cam.ac.uk/iiif/MS-OR-01080-00002-00027,or1080.227
MS-OR-01080-00002-00031,http://cudl.lib.cam.ac.uk/iiif/MS-OR-01080-00002-00031,or1080.231
MS-OR-01080-00002-00032,http://cudl.lib.cam.ac.uk/iiif/MS-OR-01080-00002-00032,or1080.232
MS-OR-01080-00002-00036,http://cudl.lib.cam.ac.uk/iiif/MS-OR-01080-00002-00036,or1080.236
MS-OR-01080-00002-00037,http://cudl.lib.cam.ac.uk/iiif/MS-OR-01080-00002-00037,or1080.237
MS-OR-01080-00002-00038,http://cudl.lib.cam.ac.uk/iiif/MS-OR-01080-00002-00038,or1080.238
MS-OR-01080-00002-00041,http://cudl.lib.cam.ac.uk/iiif/MS-OR-01080-00002-00041,or1080.241
MS-OR-01080-00002-00042,http://cudl.lib.cam.ac.uk/iiif/MS-OR-01080-00002-00042,or1080.242
MS-OR-01080-00002-00043,http://cudl.lib.cam.ac.uk/iiif/MS-OR-01080-00002-00043,or1080.243
MS-OR-01080-00002-00044,http://cudl.lib.cam.ac.uk/iiif/MS-OR-01080-00002-00044,or1080.244
MS-OR-01080-00002-00045,http://cudl.lib.cam.ac.uk/iiif/MS-OR-01080-00002-00045,or1080.245
MS-OR-01080-00002-00046,http://cudl.lib.cam.ac.uk/iiif/MS-OR-01080-00002-00046,or1080.246
MS-OR-01080-00002-00047,http://cudl.lib.cam.ac.uk/iiif/MS-OR-01080-00002-00047,or1080.247
MS-OR-01080-00002-00048,http://cudl.lib.cam.ac.uk/iiif/MS-OR-01080-00002-00048,or1080.248
MS-OR-01080-00002-00049,http://cudl.lib.cam.ac.uk/iiif/MS-OR-01080-00002-00049,or1080.249
MS-OR-01080-00002-00050,http://cudl.lib.cam.ac.uk/iiif/MS-OR-01080-00002-00050,or1080.250
MS-OR-01080-00002-00051,http://cudl.lib.cam.ac.uk/iiif/MS-OR-01080-00002-00051,or1080.251
MS-OR-01080-00002-00052,http://cudl.lib.cam.ac.uk/iiif/MS-OR-01080-00002-00052,or1080.252
MS-OR-01080-00002-00053,http://cudl.lib.cam.ac.uk/iiif/MS-OR-01080-00002-00053,or1080.253
MS-OR-01080-00002-00054,http://cudl.lib.cam.ac.uk/iiif/MS-OR-01080-00002-00054,or1080.254
MS-OR-01080-00002-00055,http://cudl.lib.cam.ac.uk/iiif/MS-OR-01080-00002-00055,or1080.255
MS-OR-01080-00002-00056,http://cudl.lib.cam.ac.uk/iiif/MS-OR-01080-00002-00056,or1080.256
MS-OR-01080-00002-00057,http://cudl.lib.cam.ac.uk/iiif/MS-OR-01080-00002-00057,or1080.257
MS-OR-01080-00002-00058,http://cudl.lib.cam.ac.uk/iiif/MS-OR-01080-00002-00058,or1080.258
MS-OR-01080-00002-00059,http://cudl.lib.cam.ac.uk/iiif/MS-OR-01080-00002-00059,or1080.259
MS-OR-01080-00002-00060,http://cudl.lib.cam.ac.uk/iiif/MS-OR-01080-00002-00060,or1080.260
MS-OR-01080-00002-00061,http://cudl.lib.cam.ac.uk/iiif/MS-OR-01080-00002-00061,or1080.261
MS-OR-01080-00002-00062,http://cudl.lib.cam.ac.uk/iiif/MS-OR-01080-00002-00062,or1080.262
MS-OR-01080-00002-00063,http://cudl.lib.cam.ac.uk/iiif/MS-OR-01080-00002-00063,or1080.263
MS-OR-01080-00002-00064,http://cudl.lib.cam.ac.uk/iiif/MS-OR-01080-00002-00064,or1080.264
MS-OR-01080-00002-00065,http://cudl.lib.cam.ac.uk/iiif/MS-OR-01080-00002-00065,or1080.265
MS-OR-01080-00002-00066,http://cudl.lib.cam.ac.uk/iiif/MS-OR-01080-00002-00066,or1080.266
MS-OR-01080-00002-00067,http://cudl.lib.cam.ac.uk/iiif/MS-OR-01080-00002-00067,or1080.267
MS-OR-01080-00002-00068,http://cudl.lib.cam.ac.uk/iiif/MS-OR-01080-00002-00068,or1080.268
MS-OR-01080-00002-00069,http://cudl.lib.cam.ac.uk/iiif/MS-OR-01080-00002-00069,or1080.269
MS-OR-01080-00002-00070,http://cudl.lib.cam.ac.uk/iiif/MS-OR-01080-00002-00070,or1080.270
MS-OR-01080-00002-00071,http://cudl.lib.cam.ac.uk/iiif/MS-OR-01080-00002-00071,or1080.271
MS-OR-01080-00002-00072,http://cudl.lib.cam.ac.uk/iiif/MS-OR-01080-00002-00072,or1080.272
MS-OR-01080-00002-00073,http://cudl.lib.cam.ac.uk/iiif/MS-OR-01080-00002-00073,or1080.273
MS-OR-01080-00002-00074,http://cudl.lib.cam.ac.uk/iiif/MS-OR-01080-00002-00074,or1080.274
MS-OR-01080-00002-00075,http://cudl.lib.cam.ac.uk/iiif/MS-OR-01080-00002-00075,or1080.275
MS-OR-01080-00002-00076,http://cudl.lib.cam.ac.uk/iiif/MS-OR-01080-00002-00076,or1080.276
MS-OR-01080-00002-00077,http://cudl.lib.cam.ac.uk/iiif/MS-OR-01080-00002-00077,or1080.277
MS-OR-01080-00002-00078,http://cudl.lib.cam.ac.uk/iiif/MS-OR-01080-00002-00078,or1080.278
MS-OR-01080-00002-00080,http://cudl.lib.cam.ac.uk/iiif/MS-OR-01080-00002-00080,or1080.280
MS-OR-01080-00002-00081,http://cudl.lib.cam.ac.uk/iiif/MS-OR-01080-00002-00081,or1080.281
MS-OR-01080-00002-00082,http://cudl.lib.cam.ac.uk/iiif/MS-OR-01080-00002-00082,or1080.282
MS-OR-01080-00003-00001,http://cudl.lib.cam.ac.uk/iiif/MS-OR-01080-00003-00001,or1080.31
MS-OR-01080-00003-00002,http://cudl.lib.cam.ac.uk/iiif/MS-OR-01080-00003-00002,or1080.32
MS-OR-01080-00003-00003,http://cudl.lib.cam.ac.uk/iiif/MS-OR-01080-00003-00003,or1080.33
MS-OR-01080-00003-00004,http://cudl.lib.cam.ac.uk/iiif/MS-OR-01080-00003-00004,or1080.34
MS-OR-01080-00003-00005,http://cudl.lib.cam.ac.uk/iiif/MS-OR-01080-00003-00005,or1080.35
MS-OR-01080-00003-00007,http://cudl.lib.cam.ac.uk/iiif/MS-OR-01080-00003-00007,or1080.37
MS-OR-01080-00003-00009,http://cudl.lib.cam.ac.uk/iiif/MS-OR-01080-00003-00009,or1080.39
MS-OR-01080-00003-00010,http://cudl.lib.cam.ac.uk/iiif/MS-OR-01080-00003-00010,or1080.310
MS-OR-01080-00003-00011,http://cudl.lib.cam.ac.uk/iiif/MS-OR-01080-00003-00011,or1080.311
MS-OR-01080-00003-00012,http://cudl.lib.cam.ac.uk/iiif/MS-OR-01080-00003-00012,or1080.312
MS-OR-01080-00003-00013,http://cudl.lib.cam.ac.uk/iiif/MS-OR-01080-00003-00013,or1080.313
MS-OR-01080-00003-00014,http://cudl.lib.cam.ac.uk/iiif/MS-OR-01080-00003-00014,or1080.314
MS-OR-01080-00003-00015,http://cudl.lib.cam.ac.uk/iiif/MS-OR-01080-00003-00015,or1080.315
MS-OR-01080-00003-00016,http://cudl.lib.cam.ac.uk/iiif/MS-OR-01080-00003-00016,or1080.316
MS-OR-01080-00003-00017,http://cudl.lib.cam.ac.uk/iiif/MS-OR-01080-00003-00017,or1080.317
MS-OR-01080-00003-00018,http://cudl.lib.cam.ac.uk/iiif/MS-OR-01080-00003-00018,or1080.318
MS-OR-01080-00003-00019,http://cudl.lib.cam.ac.uk/iiif/MS-OR-01080-00003-00019,or1080.319
MS-OR-01080-00003-00020,http://cudl.lib.cam.ac.uk/iiif/MS-OR-01080-00003-00020,or1080.320
MS-OR-01080-00003-00021,http://cudl.lib.cam.ac.uk/iiif/MS-OR-01080-00003-00021,or1080.321
MS-OR-01080-00003-00022,http://cudl.lib.cam.ac.uk/iiif/MS-OR-01080-00003-00022,or1080.322
MS-OR-01080-00003-00023,http://cudl.lib.cam.ac.uk/iiif/MS-OR-01080-00003-00023,or1080.323
MS-OR-01080-00003-00024,http://cudl.lib.cam.ac.uk/iiif/MS-OR-01080-00003-00024,or1080.324
MS-OR-01080-00003-00025,http://cudl.lib.cam.ac.uk/iiif/MS-OR-01080-00003-00025,or1080.325
MS-OR-01080-00003-00026,http://cudl.lib.cam.ac.uk/iiif/MS-OR-01080-00003-00026,or1080.326
MS-OR-01080-00003-00027,http://cudl.lib.cam.ac.uk/iiif/MS-OR-01080-00003-00027,or1080.327
MS-OR-01080-00003-00028,http://cudl.lib.cam.ac.uk/iiif/MS-OR-01080-00003-00028,or1080.328
MS-OR-01080-00003-00029,http://cudl.lib.cam.ac.uk/iiif/MS-OR-01080-00003-00029,or1080.329
MS-OR-01080-00003-00030,http://cudl.lib.cam.ac.uk/iiif/MS-OR-01080-00003-00030,or1080.330
MS-OR-01080-00003-00031,http://cudl.lib.cam.ac.uk/iiif/MS-OR-01080-00003-00031,or1080.331
MS-OR-01080-00003-00032,http://cudl.lib.cam.ac.uk/iiif/MS-OR-01080-00003-00032,or1080.332
MS-OR-01080-00003-00033,http://cudl.lib.cam.ac.uk/iiif/MS-OR-01080-00003-00033,or1080.333
MS-OR-01080-00003-00035,http://cudl.lib.cam.ac.uk/iiif/MS-OR-01080-00003-00035,or1080.335
MS-OR-01080-00003-00036,http://cudl.lib.cam.ac.uk/iiif/MS-OR-01080-00003-00036,or1080.336
MS-OR-01080-00003-00037,http://cudl.lib.cam.ac.uk/iiif/MS-OR-01080-00003-00037,or1080.337
MS-OR-01080-00003-00038,http://cudl.lib.cam.ac.uk/iiif/MS-OR-01080-00003-00038,or1080.338
MS-OR-01080-00003-00039,http://cudl.lib.cam.ac.uk/iiif/MS-OR-01080-00003-00039,or1080.339
MS-OR-01080-00003-00040,http://cudl.lib.cam.ac.uk/iiif/MS-OR-01080-00003-00040,or1080.340
MS-OR-01080-00003-00041,http://cudl.lib.cam.ac.uk/iiif/MS-OR-01080-00003-00041,or1080.341
MS-OR-01080-00003-00042,http://cudl.lib.cam.ac.uk/iiif/MS-OR-01080-00003-00042,or1080.342
MS-OR-01080-00003-00043,http://cudl.lib.cam.ac.uk/iiif/MS-OR-01080-00003-00043,or1080.343
MS-OR-01080-00003-00044,http://cudl.lib.cam.ac.uk/iiif/MS-OR-01080-00003-00044,or1080.344
MS-OR-01080-00003-00045,http://cudl.lib.cam.ac.uk/iiif/MS-OR-01080-00003-00045,or1080.345
MS-OR-01080-00003-00046,http://cudl.lib.cam.ac.uk/iiif/MS-OR-01080-00003-00046,or1080.346
MS-OR-01080-00003-00048,http://cudl.lib.cam.ac.uk/iiif/MS-OR-01080-00003-00048,or1080.348
MS-OR-01080-00003-00049-A,http://cudl.lib.cam.ac.uk/iiif/MS-OR-01080-00003-00049-A,or1080.349a
MS-OR-01080-00003-00049-B,http://cudl.lib.cam.ac.uk/iiif/MS-OR-01080-00003-00049-B,or1080.349b
MS-OR-01080-00003-00050,http://cudl.lib.cam.ac.uk/iiif/MS-OR-01080-00003-00050,or1080.350
MS-OR-01080-00003-00051,http://cudl.lib.cam.ac.uk/iiif/MS-OR-01080-00003-00051,or1080.351
MS-OR-01080-00003-00052,http://cudl.lib.cam.ac.uk/iiif/MS-OR-01080-00003-00052,or1080.352
MS-OR-01080-00003-00053,http://cudl.lib.cam.ac.uk/iiif/MS-OR-01080-00003-00053,or1080.353
MS-OR-01080-00003-00054,http://cudl.lib.cam.ac.uk/iiif/MS-OR-01080-00003-00054,or1080.354
MS-OR-01080-00003-00055,http://cudl.lib.cam.ac.uk/iiif/MS-OR-01080-00003-00055,or1080.355
MS-OR-01080-00003-00056,http://cudl.lib.cam.ac.uk/iiif/MS-OR-01080-00003-00056,or1080.356
MS-OR-01080-00003-00057,http://cudl.lib.cam.ac.uk/iiif/MS-OR-01080-00003-00057,or1080.357
MS-OR-01080-00003-00058,http://cudl.lib.cam.ac.uk/iiif/MS-OR-01080-00003-00058,or1080.358
MS-OR-01080-00003-00059,http://cudl.lib.cam.ac.uk/iiif/MS-OR-01080-00003-00059,or1080.359
MS-OR-01080-00004-00001,http://cudl.lib.cam.ac.uk/iiif/MS-OR-01080-00004-00001,or1080.41
MS-OR-01080-00004-00002,http://cudl.lib.cam.ac.uk/iiif/MS-OR-01080-00004-00002,or1080.42
MS-OR-01080-00004-00003,http://cudl.lib.cam.ac.uk/iiif/MS-OR-01080-00004-00003,or1080.43
MS-OR-01080-00004-00004,http://cudl.lib.cam.ac.uk/iiif/MS-OR-01080-00004-00004,or1080.44
MS-OR-01080-00004-00005,http://cudl.lib.cam.ac.uk/iiif/MS-OR-01080-00004-00005,or1080.45
MS-OR-01080-00004-00006,http://cudl.lib.cam.ac.uk/iiif/MS-OR-01080-00004-00006,or1080.46
MS-OR-01080-00004-00007,http://cudl.lib.cam.ac.uk/iiif/MS-OR-01080-00004-00007,or1080.47
MS-OR-01080-00004-00008,http://cudl.lib.cam.ac.uk/iiif/MS-OR-01080-00004-00008,or1080.48
MS-OR-01080-00004-00009,http://cudl.lib.cam.ac.uk/iiif/MS-OR-01080-00004-00009,or1080.49
MS-OR-01080-00004-00010,http://cudl.lib.cam.ac.uk/iiif/MS-OR-01080-00004-00010,or1080.410
MS-OR-01080-00004-00011,http://cudl.lib.cam.ac.uk/iiif/MS-OR-01080-00004-00011,or1080.411
MS-OR-01080-00004-00012,http://cudl.lib.cam.ac.uk/iiif/MS-OR-01080-00004-00012,or1080.412
MS-OR-01080-00004-00013,http://cudl.lib.cam.ac.uk/iiif/MS-OR-01080-00004-00013,or1080.413
MS-OR-01080-00004-00014,http://cudl.lib.cam.ac.uk/iiif/MS-OR-01080-00004-00014,or1080.414
MS-OR-01080-00004-00015,http://cudl.lib.cam.ac.uk/iiif/MS-OR-01080-00004-00015,or1080.415
MS-OR-01080-00004-00016,http://cudl.lib.cam.ac.uk/iiif/MS-OR-01080-00004-00016,or1080.416
MS-OR-01080-00004-00017,http://cudl.lib.cam.ac.uk/iiif/MS-OR-01080-00004-00017,or1080.417
MS-OR-01080-00004-00018,http://cudl.lib.cam.ac.uk/iiif/MS-OR-01080-00004-00018,or1080.418
MS-OR-01080-00004-00019,http://cudl.lib.cam.ac.uk/iiif/MS-OR-01080-00004-00019,or1080.419
MS-OR-01080-00004-00020,http://cudl.lib.cam.ac.uk/iiif/MS-OR-01080-00004-00020,or1080.420
MS-OR-01080-00004-00021,http://cudl.lib.cam.ac.uk/iiif/MS-OR-01080-00004-00021,or1080.421
MS-OR-01080-00004-00022,http://cudl.lib.cam.ac.uk/iiif/MS-OR-01080-00004-00022,or1080.422
MS-OR-01080-00004-00023,http://cudl.lib.cam.ac.uk/iiif/MS-OR-01080-00004-00023,or1080.423
MS-OR-01080-00004-00024,http://cudl.lib.cam.ac.uk/iiif/MS-OR-01080-00004-00024,or1080.424
MS-OR-01080-00004-00025,http://cudl.lib.cam.ac.uk/iiif/MS-OR-01080-00004-00025,or1080.425
MS-OR-01080-00004-00026,http://cudl.lib.cam.ac.uk/iiif/MS-OR-01080-00004-00026,or1080.426
MS-OR-01080-00004-00027,http://cudl.lib.cam.ac.uk/iiif/MS-OR-01080-00004-00027,or1080.427
MS-OR-01080-00004-00028,http://cudl.lib.cam.ac.uk/iiif/MS-OR-01080-00004-00028,or1080.428
MS-OR-01080-00004-00029,http://cudl.lib.cam.ac.uk/iiif/MS-OR-01080-00004-00029,or1080.429
MS-OR-01080-00004-00030,http://cudl.lib.cam.ac.uk/iiif/MS-OR-01080-00004-00030,or1080.430
MS-OR-01080-00004-00031,http://cudl.lib.cam.ac.uk/iiif/MS-OR-01080-00004-00031,or1080.431
MS-OR-01080-00004-00032,http://cudl.lib.cam.ac.uk/iiif/MS-OR-01080-00004-00032,or1080.432
MS-OR-01080-00004-00033,http://cudl.lib.cam.ac.uk/iiif/MS-OR-01080-00004-00033,or1080.433
MS-OR-01080-00004-00034,http://cudl.lib.cam.ac.uk/iiif/MS-OR-01080-00004-00034,or1080.434
MS-OR-01080-00004-00035,http://cudl.lib.cam.ac.uk/iiif/MS-OR-01080-00004-00035,or1080.435
MS-OR-01080-00004-00036,http://cudl.lib.cam.ac.uk/iiif/MS-OR-01080-00004-00036,or1080.436
MS-OR-01080-00004-00037,http://cudl.lib.cam.ac.uk/iiif/MS-OR-01080-00004-00037,or1080.437
MS-OR-01080-00004-00038,http://cudl.lib.cam.ac.uk/iiif/MS-OR-01080-00004-00038,or1080.438
MS-OR-01080-00004-00039,http://cudl.lib.cam.ac.uk/iiif/MS-OR-01080-00004-00039,or1080.439
MS-OR-01080-00004-00040,http://cudl.lib.cam.ac.uk/iiif/MS-OR-01080-00004-00040,or1080.440
MS-OR-01080-00004-00041,http://cudl.lib.cam.ac.uk/iiif/MS-OR-01080-00004-00041,or1080.441
MS-OR-01080-00004-00042,http://cudl.lib.cam.ac.uk/iiif/MS-OR-01080-00004-00042,or1080.442
MS-OR-01080-00004-00043,http://cudl.lib.cam.ac.uk/iiif/MS-OR-01080-00004-00043,or1080.443
MS-OR-01080-00004-00044,http://cudl.lib.cam.ac.uk/iiif/MS-OR-01080-00004-00044,or1080.444
MS-OR-01080-00004-00045,http://cudl.lib.cam.ac.uk/iiif/MS-OR-01080-00004-00045,or1080.445
MS-OR-01080-00004-00046,http://cudl.lib.cam.ac.uk/iiif/MS-OR-01080-00004-00046,or1080.446
MS-OR-01080-00004-00047,http://cudl.lib.cam.ac.uk/iiif/MS-OR-01080-00004-00047,or1080.447
MS-OR-01080-00004-00048,http://cudl.lib.cam.ac.uk/iiif/MS-OR-01080-00004-00048,or1080.448
MS-OR-01080-00004-00049,http://cudl.lib.cam.ac.uk/iiif/MS-OR-01080-00004-00049,or1080.449
MS-OR-01080-00004-00050,http://cudl.lib.cam.ac.uk/iiif/MS-OR-01080-00004-00050,or1080.450
MS-OR-01080-00004-00051,http://cudl.lib.cam.ac.uk/iiif/MS-OR-01080-00004-00051,or1080.451
MS-OR-01080-00004-00052,http://cudl.lib.cam.ac.uk/iiif/MS-OR-01080-00004-00052,or1080.452
MS-OR-01080-00004-00053,http://cudl.lib.cam.ac.uk/iiif/MS-OR-01080-00004-00053,or1080.453
MS-OR-01080-00004-00054,http://cudl.lib.cam.ac.uk/iiif/MS-OR-01080-00004-00054,or1080.454
MS-OR-01080-00004-00055,http://cudl.lib.cam.ac.uk/iiif/MS-OR-01080-00004-00055,or1080.455
MS-OR-01080-00004-00056,http://cudl.lib.cam.ac.uk/iiif/MS-OR-01080-00004-00056,or1080.456
MS-OR-01080-00004-00057,http://cudl.lib.cam.ac.uk/iiif/MS-OR-01080-00004-00057,or1080.457
MS-OR-01080-00004-00058,http://cudl.lib.cam.ac.uk/iiif/MS-OR-01080-00004-00058,or1080.458
MS-OR-01080-00004-00059,http://cudl.lib.cam.ac.uk/iiif/MS-OR-01080-00004-00059,or1080.459
MS-OR-01080-00004-00060,http://cudl.lib.cam.ac.uk/iiif/MS-OR-01080-00004-00060,or1080.460
MS-OR-01080-00004-00061,http://cudl.lib.cam.ac.uk/iiif/MS-OR-01080-00004-00061,or1080.461
MS-OR-01080-00004-00065-A,http://cudl.lib.cam.ac.uk/iiif/MS-OR-01080-00004-00065-A,or1080.465a
MS-OR-01080-00004-00065-B,http://cudl.lib.cam.ac.uk/iiif/MS-OR-01080-00004-00065-B,or1080.465b
MS-OR-01080-00004-00066,http://cudl.lib.cam.ac.uk/iiif/MS-OR-01080-00004-00066,or1080.466
MS-OR-01080-00005-00001,http://cudl.lib.cam.ac.uk/iiif/MS-OR-01080-00005-00001,or1080.51
MS-OR-01080-00005-00002,http://cudl.lib.cam.ac.uk/iiif/MS-OR-01080-00005-00002,or1080.52
MS-OR-01080-00005-00003,http://cudl.lib.cam.ac.uk/iiif/MS-OR-01080-00005-00003,or1080.53
MS-OR-01080-00005-00004,http://cudl.lib.cam.ac.uk/iiif/MS-OR-01080-00005-00004,or1080.54
MS-OR-01080-00005-00005,http://cudl.lib.cam.ac.uk/iiif/MS-OR-01080-00005-00005,or1080.55
MS-OR-01080-00005-00006,http://cudl.lib.cam.ac.uk/iiif/MS-OR-01080-00005-00006,or1080.56
MS-OR-01080-00005-00007,http://cudl.lib.cam.ac.uk/iiif/MS-OR-01080-00005-00007,or1080.57
MS-OR-01080-00005-00008,http://cudl.lib.cam.ac.uk/iiif/MS-OR-01080-00005-00008,or1080.58
MS-OR-01080-00005-00009,http://cudl.lib.cam.ac.uk/iiif/MS-OR-01080-00005-00009,or1080.59
MS-OR-01080-00005-00010,http://cudl.lib.cam.ac.uk/iiif/MS-OR-01080-00005-00010,or1080.510
MS-OR-01080-00005-00011,http://cudl.lib.cam.ac.uk/iiif/MS-OR-01080-00005-00011,or1080.511
MS-OR-01080-00005-00013,http://cudl.lib.cam.ac.uk/iiif/MS-OR-01080-00005-00013,or1080.513
MS-OR-01080-00005-00014,http://cudl.lib.cam.ac.uk/iiif/MS-OR-01080-00005-00014,or1080.514
MS-OR-01080-00005-00015,http://cudl.lib.cam.ac.uk/iiif/MS-OR-01080-00005-00015,or1080.515
MS-OR-01080-00005-00016,http://cudl.lib.cam.ac.uk/iiif/MS-OR-01080-00005-00016,or1080.516
MS-OR-01080-00005-00017,http://cudl.lib.cam.ac.uk/iiif/MS-OR-01080-00005-00017,or1080.517
MS-OR-01080-00006-00001,http://cudl.lib.cam.ac.uk/iiif/MS-OR-01080-00006-00001,or1080.61
MS-OR-01080-00006-00002,http://cudl.lib.cam.ac.uk/iiif/MS-OR-01080-00006-00002,or1080.62
MS-OR-01080-00006-00006,http://cudl.lib.cam.ac.uk/iiif/MS-OR-01080-00006-00006,or1080.66
MS-OR-01080-00006-00007,http://cudl.lib.cam.ac.uk/iiif/MS-OR-01080-00006-00007,or1080.67
MS-OR-01080-00006-00008,http://cudl.lib.cam.ac.uk/iiif/MS-OR-01080-00006-00008,or1080.68
MS-OR-01080-00006-00009,http://cudl.lib.cam.ac.uk/iiif/MS-OR-01080-00006-00009,or1080.69
MS-OR-01080-00006-00011,http://cudl.lib.cam.ac.uk/iiif/MS-OR-01080-00006-00011,or1080.611
MS-OR-01080-00006-00012,http://cudl.lib.cam.ac.uk/iiif/MS-OR-01080-00006-00012,or1080.612
MS-OR-01080-00006-00014,http://cudl.lib.cam.ac.uk/iiif/MS-OR-01080-00006-00014,or1080.614
MS-OR-01080-00006-00015,http://cudl.lib.cam.ac.uk/iiif/MS-OR-01080-00006-00015,or1080.615
MS-OR-01080-00006-00017,http://cudl.lib.cam.ac.uk/iiif/MS-OR-01080-00006-00017,or1080.617
MS-OR-01080-00006-00018,http://cudl.lib.cam.ac.uk/iiif/MS-OR-01080-00006-00018,or1080.618
MS-OR-01080-00006-00019,http://cudl.lib.cam.ac.uk/iiif/MS-OR-01080-00006-00019,or1080.619
MS-OR-01080-00006-00020,http://cudl.lib.cam.ac.uk/iiif/MS-OR-01080-00006-00020,or1080.620
MS-OR-01080-00006-00021,http://cudl.lib.cam.ac.uk/iiif/MS-OR-01080-00006-00021,or1080.621
MS-OR-01080-00006-00022,http://cudl.lib.cam.ac.uk/iiif/MS-OR-01080-00006-00022,or1080.622
MS-OR-01080-00006-00023,http://cudl.lib.cam.ac.uk/iiif/MS-OR-01080-00006-00023,or1080.623
MS-OR-01080-00006-00024,http://cudl.lib.cam.ac.uk/iiif/MS-OR-01080-00006-00024,or1080.624
MS-OR-01080-00006-00025,http://cudl.lib.cam.ac.uk/iiif/MS-OR-01080-00006-00025,or1080.625
MS-OR-01080-00006-00026,http://cudl.lib.cam.ac.uk/iiif/MS-OR-01080-00006-00026,or1080.626
MS-OR-01080-00006-00027,http://cudl.lib.cam.ac.uk/iiif/MS-OR-01080-00006-00027,or1080.627
MS-OR-01080-00006-00028,http://cudl.lib.cam.ac.uk/iiif/MS-OR-01080-00006-00028,or1080.628
MS-OR-01080-00006-00029,http://cudl.lib.cam.ac.uk/iiif/MS-OR-01080-00006-00029,or1080.629
MS-OR-01080-00006-00030,http://cudl.lib.cam.ac.uk/iiif/MS-OR-01080-00006-00030,or1080.630
MS-OR-01080-00006-00031,http://cudl.lib.cam.ac.uk/iiif/MS-OR-01080-00006-00031,or1080.631
MS-OR-01080-00006-00032,http://cudl.lib.cam.ac.uk/iiif/MS-OR-01080-00006-00032,or1080.632
MS-OR-01080-00006-00033,http://cudl.lib.cam.ac.uk/iiif/MS-OR-01080-00006-00033,or1080.633
MS-OR-01080-00006-00034,http://cudl.lib.cam.ac.uk/iiif/MS-OR-01080-00006-00034,or1080.634
MS-OR-01080-00006-00035,http://cudl.lib.cam.ac.uk/iiif/MS-OR-01080-00006-00035,or1080.635
MS-OR-01080-00006-00036,http://cudl.lib.cam.ac.uk/iiif/MS-OR-01080-00006-00036,or1080.636
MS-OR-01080-00006-00037,http://cudl.lib.cam.ac.uk/iiif/MS-OR-01080-00006-00037,or1080.637
MS-OR-01080-00006-00038,http://cudl.lib.cam.ac.uk/iiif/MS-OR-01080-00006-00038,or1080.638
MS-OR-01080-00006-00039,http://cudl.lib.cam.ac.uk/iiif/MS-OR-01080-00006-00039,or1080.639
MS-OR-01080-00006-00040,http://cudl.lib.cam.ac.uk/iiif/MS-OR-01080-00006-00040,or1080.640
MS-OR-01080-00006-00041,http://cudl.lib.cam.ac.uk/iiif/MS-OR-01080-00006-00041,or1080.641
MS-OR-01080-00007-00001,http://cudl.lib.cam.ac.uk/iiif/MS-OR-01080-00007-00001,or1080.71
MS-OR-01080-00007-00002,http://cudl.lib.cam.ac.uk/iiif/MS-OR-01080-00007-00002,or1080.72
MS-OR-01080-00007-00003,http://cudl.lib.cam.ac.uk/iiif/MS-OR-01080-00007-00003,or1080.73
MS-OR-01080-00007-00004,http://cudl.lib.cam.ac.uk/iiif/MS-OR-01080-00007-00004,or1080.74
MS-OR-01080-00007-00005,http://cudl.lib.cam.ac.uk/iiif/MS-OR-01080-00007-00005,or1080.75
MS-OR-01080-00007-00006,http://cudl.lib.cam.ac.uk/iiif/MS-OR-01080-00007-00006,or1080.76
MS-OR-01080-00007-00007,http://cudl.lib.cam.ac.uk/iiif/MS-OR-01080-00007-00007,or1080.77
MS-OR-01080-00007-00008,http://cudl.lib.cam.ac.uk/iiif/MS-OR-01080-00007-00008,or1080.78
MS-OR-01080-00007-00009,http://cudl.lib.cam.ac.uk/iiif/MS-OR-01080-00007-00009,or1080.79
MS-OR-01080-00007-00010,http://cudl.lib.cam.ac.uk/iiif/MS-OR-01080-00007-00010,or1080.710
MS-OR-01080-00007-00011,http://cudl.lib.cam.ac.uk/iiif/MS-OR-01080-00007-00011,or1080.711
MS-OR-01080-00007-00012,http://cudl.lib.cam.ac.uk/iiif/MS-OR-01080-00007-00012,or1080.712
MS-OR-01080-00007-00013,http://cudl.lib.cam.ac.uk/iiif/MS-OR-01080-00007-00013,or1080.713
MS-OR-01080-00007-00014,http://cudl.lib.cam.ac.uk/iiif/MS-OR-01080-00007-00014,or1080.714
MS-OR-01080-00007-00015,http://cudl.lib.cam.ac.uk/iiif/MS-OR-01080-00007-00015,or1080.715
MS-OR-01080-00007-00016,http://cudl.lib.cam.ac.uk/iiif/MS-OR-01080-00007-00016,or1080.716
MS-OR-01080-00007-00017,http://cudl.lib.cam.ac.uk/iiif/MS-OR-01080-00007-00017,or1080.717
MS-OR-01080-00007-00018,http://cudl.lib.cam.ac.uk/iiif/MS-OR-01080-00007-00018,or1080.718
MS-OR-01080-00007-00019,http://cudl.lib.cam.ac.uk/iiif/MS-OR-01080-00007-00019,or1080.719
MS-OR-01080-00008-00001,http://cudl.lib.cam.ac.uk/iiif/MS-OR-01080-00008-00001,or1080.81
MS-OR-01080-00008-00002,http://cudl.lib.cam.ac.uk/iiif/MS-OR-01080-00008-00002,or1080.82
MS-OR-01080-00008-00003,http://cudl.lib.cam.ac.uk/iiif/MS-OR-01080-00008-00003,or1080.83
MS-OR-01080-00008-00005,http://cudl.lib.cam.ac.uk/iiif/MS-OR-01080-00008-00005,or1080.85
MS-OR-01080-00008-00006,http://cudl.lib.cam.ac.uk/iiif/MS-OR-01080-00008-00006,or1080.86
MS-OR-01080-00009-00001,http://cudl.lib.cam.ac.uk/iiif/MS-OR-01080-00009-00001,or1080.91
MS-OR-01080-00009-00002,http://cudl.lib.cam.ac.uk/iiif/MS-OR-01080-00009-00002,or1080.92
MS-OR-01080-00009-00003,http://cudl.lib.cam.ac.uk/iiif/MS-OR-01080-00009-00003,or1080.93
MS-OR-01080-00009-00004,http://cudl.lib.cam.ac.uk/iiif/MS-OR-01080-00009-00004,or1080.94
MS-OR-01080-00009-00005,http://cudl.lib.cam.ac.uk/iiif/MS-OR-01080-00009-00005,or1080.95
MS-OR-01080-00009-00006,http://cudl.lib.cam.ac.uk/iiif/MS-OR-01080-00009-00006,or1080.96
MS-OR-01080-00009-00007,http://cudl.lib.cam.ac.uk/iiif/MS-OR-01080-00009-00007,or1080.97
MS-OR-01080-00009-00008,http://cudl.lib.cam.ac.uk/iiif/MS-OR-01080-00009-00008,or1080.98
MS-OR-01080-00009-00009,http://cudl.lib.cam.ac.uk/iiif/MS-OR-01080-00009-00009,or1080.99
MS-OR-01080-00009-00010,http://cudl.lib.cam.ac.uk/iiif/MS-OR-01080-00009-00010,or1080.910
MS-OR-01080-00009-00011,http://cudl.lib.cam.ac.uk/iiif/MS-OR-01080-00009-00011,or1080.911
MS-OR-01080-00009-00012,http://cudl.lib.cam.ac.uk/iiif/MS-OR-01080-00009-00012,or1080.912
MS-OR-01080-00009-00013,http://cudl.lib.cam.ac.uk/iiif/MS-OR-01080-00009-00013,or1080.913
MS-OR-01080-00009-00014,http://cudl.lib.cam.ac.uk/iiif/MS-OR-01080-00009-00014,or1080.914
MS-OR-01080-00009-00015,http://cudl.lib.cam.ac.uk/iiif/MS-OR-01080-00009-00015,or1080.915
MS-OR-01080-00009-00016,http://cudl.lib.cam.ac.uk/iiif/MS-OR-01080-00009-00016,or1080.916
MS-OR-01080-00009-00017,http://cudl.lib.cam.ac.uk/iiif/MS-OR-01080-00009-00017,or1080.917
MS-OR-01080-00009-00019,http://cudl.lib.cam.ac.uk/iiif/MS-OR-01080-00009-00019,or1080.919
MS-OR-01080-00009-00020,http://cudl.lib.cam.ac.uk/iiif/MS-OR-01080-00009-00020,or1080.920
MS-OR-01080-00009-00021,http://cudl.lib.cam.ac.uk/iiif/MS-OR-01080-00009-00021,or1080.921
MS-OR-01080-00010-00002,http://cudl.lib.cam.ac.uk/iiif/MS-OR-01080-00010-00002,or1080.10.2
MS-OR-01080-00010-00005,http://cudl.lib.cam.ac.uk/iiif/MS-OR-01080-00010-00005,or1080.10.5
MS-OR-01080-00010-00014,http://cudl.lib.cam.ac.uk/iiif/MS-OR-01080-00010-00014,or1080.10.14
MS-OR-01080-00010-00020,http://cudl.lib.cam.ac.uk/iiif/MS-OR-01080-00010-00020,or1080.10.20
MS-OR-01080-00010-00021,http://cudl.lib.cam.ac.uk/iiif/MS-OR-01080-00010-00021,or1080.10.21
MS-OR-01080-00011-00001,http://cudl.lib.cam.ac.uk/iiif/MS-OR-01080-00011-00001,or1080.11.1
MS-OR-01080-00011-00002,http://cudl.lib.cam.ac.uk/iiif/MS-OR-01080-00011-00002,or1080.11.2
MS-OR-01080-00011-00003,http://cudl.lib.cam.ac.uk/iiif/MS-OR-01080-00011-00003,or1080.11.3
MS-OR-01080-00011-00004,http://cudl.lib.cam.ac.uk/iiif/MS-OR-01080-00011-00004,or1080.11.4
MS-OR-01080-00011-00005,http://cudl.lib.cam.ac.uk/iiif/MS-OR-01080-00011-00005,or1080.11.5
MS-OR-01080-00011-00006,http://cudl.lib.cam.ac.uk/iiif/MS-OR-01080-00011-00006,or1080.11.6
MS-OR-01080-00011-00007,http://cudl.lib.cam.ac.uk/iiif/MS-OR-01080-00011-00007,or1080.11.7
MS-OR-01080-00011-00008,http://cudl.lib.cam.ac.uk/iiif/MS-OR-01080-00011-00008,or1080.11.8
MS-OR-01080-00011-00009,http://cudl.lib.cam.ac.uk/iiif/MS-OR-01080-00011-00009,or1080.11.9
MS-OR-01080-00011-00010,http://cudl.lib.cam.ac.uk/iiif/MS-OR-01080-00011-00010,or1080.11.10
MS-OR-01080-00011-00011,http://cudl.lib.cam.ac.uk/iiif/MS-OR-01080-00011-00011,or1080.11.11
MS-OR-01080-00011-00012,http://cudl.lib.cam.ac.uk/iiif/MS-OR-01080-00011-00012,or1080.11.12
MS-OR-01080-00011-00013,http://cudl.lib.cam.ac.uk/iiif/MS-OR-01080-00011-00013,or1080.11.13
MS-OR-01080-00011-00014,http://cudl.lib.cam.ac.uk/iiif/MS-OR-01080-00011-00014,or1080.11.14
MS-OR-01080-00011-00015,http://cudl.lib.cam.ac.uk/iiif/MS-OR-01080-00011-00015,or1080.11.15
MS-OR-01080-00011-00016,http://cudl.lib.cam.ac.uk/iiif/MS-OR-01080-00011-00016,or1080.11.16
MS-OR-01080-00011-00017,http://cudl.lib.cam.ac.uk/iiif/MS-OR-01080-00011-00017,or1080.11.17
MS-OR-01080-00011-00018,http://cudl.lib.cam.ac.uk/iiif/MS-OR-01080-00011-00018,or1080.11.18
MS-OR-01080-00011-00019,http://cudl.lib.cam.ac.uk/iiif/MS-OR-01080-00011-00019,or1080.11.19
MS-OR-01080-00011-00020,http://cudl.lib.cam.ac.uk/iiif/MS-OR-01080-00011-00020,or1080.11.20
MS-OR-01080-00011-00021,http://cudl.lib.cam.ac.uk/iiif/MS-OR-01080-00011-00021,or1080.11.21
MS-OR-01080-00011-00022,http://cudl.lib.cam.ac.uk/iiif/MS-OR-01080-00011-00022,or1080.11.22
MS-OR-01080-00011-00023,http://cudl.lib.cam.ac.uk/iiif/MS-OR-01080-00011-00023,or1080.11.23
MS-OR-01080-00011-00024,http://cudl.lib.cam.ac.uk/iiif/MS-OR-01080-00011-00024,or1080.11.24
MS-OR-01080-00011-00025,http://cudl.lib.cam.ac.uk/iiif/MS-OR-01080-00011-00025,or1080.11.25
MS-OR-01080-00011-00044,http://cudl.lib.cam.ac.uk/iiif/MS-OR-01080-00011-00044,or1080.11.44
MS-OR-01080-00011-00045,http://cudl.lib.cam.ac.uk/iiif/MS-OR-01080-00011-00045,or1080.11.45
MS-OR-01080-00011-00061,http://cudl.lib.cam.ac.uk/iiif/MS-OR-01080-00011-00061,or1080.11.61
MS-OR-01080-00011-00062,http://cudl.lib.cam.ac.uk/iiif/MS-OR-01080-00011-00062,or1080.11.62
MS-OR-01080-00011-00063,http://cudl.lib.cam.ac.uk/iiif/MS-OR-01080-00011-00063,or1080.11.63
MS-OR-01080-00012-00056,http://cudl.lib.cam.ac.uk/iiif/MS-OR-01080-00012-00056,or1080.12.56
MS-OR-01080-00012-00057,http://cudl.lib.cam.ac.uk/iiif/MS-OR-01080-00012-00057,or1080.12.57
MS-OR-01080-00013-00001,http://cudl.lib.cam.ac.uk/iiif/MS-OR-01080-00013-00001,or1080.13.1
MS-OR-01080-00013-00002,http://cudl.lib.cam.ac.uk/iiif/MS-OR-01080-00013-00002,or1080.13.2
MS-OR-01080-00013-00003-00001,http://cudl.lib.cam.ac.uk/iiif/MS-OR-01080-00013-00003-00001,or1080.13.31
MS-OR-01080-00013-00003-00002,http://cudl.lib.cam.ac.uk/iiif/MS-OR-01080-00013-00003-00002,or1080.13.32
MS-OR-01080-00013-00003-00003,http://cudl.lib.cam.ac.uk/iiif/MS-OR-01080-00013-00003-00003,or1080.13.33
MS-OR-01080-00013-00003-00004,http://cudl.lib.cam.ac.uk/iiif/MS-OR-01080-00013-00003-00004,or1080.13.34
MS-OR-01080-00013-00003-00005,http://cudl.lib.cam.ac.uk/iiif/MS-OR-01080-00013-00003-00005,or1080.13.35
MS-OR-01080-00013-00003-00006,http://cudl.lib.cam.ac.uk/iiif/MS-OR-01080-00013-00003-00006,or1080.13.36
MS-OR-01080-00013-00004,http://cudl.lib.cam.ac.uk/iiif/MS-OR-01080-00013-00004,or1080.13.4
MS-OR-01080-00013-00005,http://cudl.lib.cam.ac.uk/iiif/MS-OR-01080-00013-00005,or1080.13.5
MS-OR-01080-00013-00006,http://cudl.lib.cam.ac.uk/iiif/MS-OR-01080-00013-00006,or1080.13.6
MS-OR-01080-00013-00007,http://cudl.lib.cam.ac.uk/iiif/MS-OR-01080-00013-00007,or1080.13.7
MS-OR-01080-00013-00009,http://cudl.lib.cam.ac.uk/iiif/MS-OR-01080-00013-00009,or1080.13.9
MS-OR-01080-00013-00010,http://cudl.lib.cam.ac.uk/iiif/MS-OR-01080-00013-00010,or1080.13.10
MS-OR-01080-00013-00012,http://cudl.lib.cam.ac.uk/iiif/MS-OR-01080-00013-00012,or1080.13.12
MS-OR-01080-00013-00013,http://cudl.lib.cam.ac.uk/iiif/MS-OR-01080-00013-00013,or1080.13.13
MS-OR-01080-00013-00014,http://cudl.lib.cam.ac.uk/iiif/MS-OR-01080-00013-00014,or1080.13.14
MS-OR-01080-00013-00015,http://cudl.lib.cam.ac.uk/iiif/MS-OR-01080-00013-00015,or1080.13.15
MS-OR-01080-00013-00016,http://cudl.lib.cam.ac.uk/iiif/MS-OR-01080-00013-00016,or1080.13.16
MS-OR-01080-00013-00017,http://cudl.lib.cam.ac.uk/iiif/MS-OR-01080-00013-00017,or1080.13.17
MS-OR-01080-00013-00018,http://cudl.lib.cam.ac.uk/iiif/MS-OR-01080-00013-00018,or1080.13.18
MS-OR-01080-00013-00019,http://cudl.lib.cam.ac.uk/iiif/MS-OR-01080-00013-00019,or1080.13.19
MS-OR-01080-00013-00020,http://cudl.lib.cam.ac.uk/iiif/MS-OR-01080-00013-00020,or1080.13.20
MS-OR-01080-00013-00021,http://cudl.lib.cam.ac.uk/iiif/MS-OR-01080-00013-00021,or1080.13.21
MS-OR-01080-00013-00022,http://cudl.lib.cam.ac.uk/iiif/MS-OR-01080-00013-00022,or1080.13.22
MS-OR-01080-00013-00023,http://cudl.lib.cam.ac.uk/iiif/MS-OR-01080-00013-00023,or1080.13.23
MS-OR-01080-00013-00024,http://cudl.lib.cam.ac.uk/iiif/MS-OR-01080-00013-00024,or1080.13.24
MS-OR-01080-00013-00025,http://cudl.lib.cam.ac.uk/iiif/MS-OR-01080-00013-00025,or1080.13.25
MS-OR-01080-00013-00026,http://cudl.lib.cam.ac.uk/iiif/MS-OR-01080-00013-00026,or1080.13.26
MS-OR-01080-00013-00027,http://cudl.lib.cam.ac.uk/iiif/MS-OR-01080-00013-00027,or1080.13.27
MS-OR-01080-00013-00028,http://cudl.lib.cam.ac.uk/iiif/MS-OR-01080-00013-00028,or1080.13.28
MS-OR-01080-00013-00029,http://cudl.lib.cam.ac.uk/iiif/MS-OR-01080-00013-00029,or1080.13.29
MS-OR-01080-00013-00030,http://cudl.lib.cam.ac.uk/iiif/MS-OR-01080-00013-00030,or1080.13.30
MS-OR-01080-00013-00031,http://cudl.lib.cam.ac.uk/iiif/MS-OR-01080-00013-00031,or1080.13.31
MS-OR-01080-00013-00032,http://cudl.lib.cam.ac.uk/iiif/MS-OR-01080-00013-00032,or1080.13.32
MS-OR-01080-00013-00033,http://cudl.lib.cam.ac.uk/iiif/MS-OR-01080-00013-00033,or1080.13.33
MS-OR-01080-00013-00034,http://cudl.lib.cam.ac.uk/iiif/MS-OR-01080-00013-00034,or1080.13.34
MS-OR-01080-00013-00035,http://cudl.lib.cam.ac.uk/iiif/MS-OR-01080-00013-00035,or1080.13.35
MS-OR-01080-00013-00037,http://cudl.lib.cam.ac.uk/iiif/MS-OR-01080-00013-00037,or1080.13.37
MS-OR-01080-00013-00038,http://cudl.lib.cam.ac.uk/iiif/MS-OR-01080-00013-00038,or1080.13.38
MS-OR-01080-00013-00039,http://cudl.lib.cam.ac.uk/iiif/MS-OR-01080-00013-00039,or1080.13.39
MS-OR-01080-00013-00040,http://cudl.lib.cam.ac.uk/iiif/MS-OR-01080-00013-00040,or1080.13.40
MS-OR-01080-00013-00041,http://cudl.lib.cam.ac.uk/iiif/MS-OR-01080-00013-00041,or1080.13.41
MS-OR-01080-00013-00042,http://cudl.lib.cam.ac.uk/iiif/MS-OR-01080-00013-00042,or1080.13.42
MS-OR-01080-00013-00043,http://cudl.lib.cam.ac.uk/iiif/MS-OR-01080-00013-00043,or1080.13.43
MS-OR-01080-00013-00045,http://cudl.lib.cam.ac.uk/iiif/MS-OR-01080-00013-00045,or1080.13.45
MS-OR-01080-00013-00046,http://cudl.lib.cam.ac.uk/iiif/MS-OR-01080-00013-00046,or1080.13.46
MS-OR-01080-00013-00047,http://cudl.lib.cam.ac.uk/iiif/MS-OR-01080-00013-00047,or1080.13.47
MS-OR-01080-00013-00048,http://cudl.lib.cam.ac.uk/iiif/MS-OR-01080-00013-00048,or1080.13.48
MS-OR-01080-00013-00049,http://cudl.lib.cam.ac.uk/iiif/MS-OR-01080-00013-00049,or1080.13.49
MS-OR-01080-00013-00050,http://cudl.lib.cam.ac.uk/iiif/MS-OR-01080-00013-00050,or1080.13.50
MS-OR-01080-00013-00051,http://cudl.lib.cam.ac.uk/iiif/MS-OR-01080-00013-00051,or1080.13.51
MS-OR-01080-00013-00052,http://cudl.lib.cam.ac.uk/iiif/MS-OR-01080-00013-00052,or1080.13.52
MS-OR-01080-00013-00053,http://cudl.lib.cam.ac.uk/iiif/MS-OR-01080-00013-00053,or1080.13.53
MS-OR-01080-00013-00054,http://cudl.lib.cam.ac.uk/iiif/MS-OR-01080-00013-00054,or1080.13.54
MS-OR-01080-00013-00055,http://cudl.lib.cam.ac.uk/iiif/MS-OR-01080-00013-00055,or1080.13.55
MS-OR-01080-00013-00056,http://cudl.lib.cam.ac.uk/iiif/MS-OR-01080-00013-00056,or1080.13.56
MS-OR-01080-00013-00057,http://cudl.lib.cam.ac.uk/iiif/MS-OR-01080-00013-00057,or1080.13.57
MS-OR-01080-00013-00058,http://cudl.lib.cam.ac.uk/iiif/MS-OR-01080-00013-00058,or1080.13.58
MS-OR-01080-00013-00059,http://cudl.lib.cam.ac.uk/iiif/MS-OR-01080-00013-00059,or1080.13.59
MS-OR-01080-00013-00060,http://cudl.lib.cam.ac.uk/iiif/MS-OR-01080-00013-00060,or1080.13.60
MS-OR-01080-00013-00061,http://cudl.lib.cam.ac.uk/iiif/MS-OR-01080-00013-00061,or1080.13.61
MS-OR-01080-00013-00062,http://cudl.lib.cam.ac.uk/iiif/MS-OR-01080-00013-00062,or1080.13.62
MS-OR-01080-00013-00063,http://cudl.lib.cam.ac.uk/iiif/MS-OR-01080-00013-00063,or1080.13.63
MS-OR-01080-00013-00064,http://cudl.lib.cam.ac.uk/iiif/MS-OR-01080-00013-00064,or1080.13.64
MS-OR-01080-00013-00065,http://cudl.lib.cam.ac.uk/iiif/MS-OR-01080-00013-00065,or1080.13.65
MS-OR-01080-00013-00066,http://cudl.lib.cam.ac.uk/iiif/MS-OR-01080-00013-00066,or1080.13.66
MS-OR-01080-00013-00067,http://cudl.lib.cam.ac.uk/iiif/MS-OR-01080-00013-00067,or1080.13.67
MS-OR-01080-00013-00069,http://cudl.lib.cam.ac.uk/iiif/MS-OR-01080-00013-00069,or1080.13.69
MS-OR-01080-00014-00001,http://cudl.lib.cam.ac.uk/iiif/MS-OR-01080-00014-00001,or1080.14.1
MS-OR-01080-00014-00002,http://cudl.lib.cam.ac.uk/iiif/MS-OR-01080-00014-00002,or1080.14.2
MS-OR-01080-00014-00003,http://cudl.lib.cam.ac.uk/iiif/MS-OR-01080-00014-00003,or1080.14.3
MS-OR-01080-00014-00004,http://cudl.lib.cam.ac.uk/iiif/MS-OR-01080-00014-00004,or1080.14.4
MS-OR-01080-00014-00005,http://cudl.lib.cam.ac.uk/iiif/MS-OR-01080-00014-00005,or1080.14.5
MS-OR-01080-00014-00006,http://cudl.lib.cam.ac.uk/iiif/MS-OR-01080-00014-00006,or1080.14.6
MS-OR-01080-00014-00007,http://cudl.lib.cam.ac.uk/iiif/MS-OR-01080-00014-00007,or1080.14.7
MS-OR-01080-00014-00008,http://cudl.lib.cam.ac.uk/iiif/MS-OR-01080-00014-00008,or1080.14.8
MS-OR-01080-00014-00009,http://cudl.lib.cam.ac.uk/iiif/MS-OR-01080-00014-00009,or1080.14.9
MS-OR-01080-00014-00010,http://cudl.lib.cam.ac.uk/iiif/MS-OR-01080-00014-00010,or1080.14.10
MS-OR-01080-00014-00011,http://cudl.lib.cam.ac.uk/iiif/MS-OR-01080-00014-00011,or1080.14.11
MS-OR-01080-00014-00012,http://cudl.lib.cam.ac.uk/iiif/MS-OR-01080-00014-00012,or1080.14.12
MS-OR-01080-00014-00013,http://cudl.lib.cam.ac.uk/iiif/MS-OR-01080-00014-00013,or1080.14.13
MS-OR-01080-00014-00014,http://cudl.lib.cam.ac.uk/iiif/MS-OR-01080-00014-00014,or1080.14.14
MS-OR-01080-00014-00015,http://cudl.lib.cam.ac.uk/iiif/MS-OR-01080-00014-00015,or1080.14.15
MS-OR-01080-00014-00016,http://cudl.lib.cam.ac.uk/iiif/MS-OR-01080-00014-00016,or1080.14.16
MS-OR-01080-00014-00017,http://cudl.lib.cam.ac.uk/iiif/MS-OR-01080-00014-00017,or1080.14.17
MS-OR-01080-00014-00018,http://cudl.lib.cam.ac.uk/iiif/MS-OR-01080-00014-00018,or1080.14.18
MS-OR-01080-00014-00019,http://cudl.lib.cam.ac.uk/iiif/MS-OR-01080-00014-00019,or1080.14.19
MS-OR-01080-00014-00020,http://cudl.lib.cam.ac.uk/iiif/MS-OR-01080-00014-00020,or1080.14.20
MS-OR-01080-00014-00021,http://cudl.lib.cam.ac.uk/iiif/MS-OR-01080-00014-00021,or1080.14.21
MS-OR-01080-00014-00022,http://cudl.lib.cam.ac.uk/iiif/MS-OR-01080-00014-00022,or1080.14.22
MS-OR-01080-00014-00023,http://cudl.lib.cam.ac.uk/iiif/MS-OR-01080-00014-00023,or1080.14.23
MS-OR-01080-00014-00024,http://cudl.lib.cam.ac.uk/iiif/MS-OR-01080-00014-00024,or1080.14.24
MS-OR-01080-00014-00025,http://cudl.lib.cam.ac.uk/iiif/MS-OR-01080-00014-00025,or1080.14.25
MS-OR-01080-00014-00026,http://cudl.lib.cam.ac.uk/iiif/MS-OR-01080-00014-00026,or1080.14.26
MS-OR-01080-00014-00027,http://cudl.lib.cam.ac.uk/iiif/MS-OR-01080-00014-00027,or1080.14.27
MS-OR-01080-00014-00028,http://cudl.lib.cam.ac.uk/iiif/MS-OR-01080-00014-00028,or1080.14.28
MS-OR-01080-00014-00029,http://cudl.lib.cam.ac.uk/iiif/MS-OR-01080-00014-00029,or1080.14.29
MS-OR-01080-00014-00030,http://cudl.lib.cam.ac.uk/iiif/MS-OR-01080-00014-00030,or1080.14.30
MS-OR-01080-00014-00031,http://cudl.lib.cam.ac.uk/iiif/MS-OR-01080-00014-00031,or1080.14.31
MS-OR-01080-00014-00032,http://cudl.lib.cam.ac.uk/iiif/MS-OR-01080-00014-00032,or1080.14.32
MS-OR-01080-00014-00033,http://cudl.lib.cam.ac.uk/iiif/MS-OR-01080-00014-00033,or1080.14.33
MS-OR-01080-00014-00034,http://cudl.lib.cam.ac.uk/iiif/MS-OR-01080-00014-00034,or1080.14.34
MS-OR-01080-00014-00035,http://cudl.lib.cam.ac.uk/iiif/MS-OR-01080-00014-00035,or1080.14.35
MS-OR-01080-00014-00036,http://cudl.lib.cam.ac.uk/iiif/MS-OR-01080-00014-00036,or1080.14.36
MS-OR-01080-00014-00037,http://cudl.lib.cam.ac.uk/iiif/MS-OR-01080-00014-00037,or1080.14.37
MS-OR-01080-00014-00038,http://cudl.lib.cam.ac.uk/iiif/MS-OR-01080-00014-00038,or1080.14.38
MS-OR-01080-00014-00039,http://cudl.lib.cam.ac.uk/iiif/MS-OR-01080-00014-00039,or1080.14.39
MS-OR-01080-00014-00040,http://cudl.lib.cam.ac.uk/iiif/MS-OR-01080-00014-00040,or1080.14.40
MS-OR-01080-00014-00041,http://cudl.lib.cam.ac.uk/iiif/MS-OR-01080-00014-00041,or1080.14.41
MS-OR-01080-00014-00042,http://cudl.lib.cam.ac.uk/iiif/MS-OR-01080-00014-00042,or1080.14.42
MS-OR-01080-00014-00043,http://cudl.lib.cam.ac.uk/iiif/MS-OR-01080-00014-00043,or1080.14.43
MS-OR-01080-00014-00044,http://cudl.lib.cam.ac.uk/iiif/MS-OR-01080-00014-00044,or1080.14.44
MS-OR-01080-00014-00045,http://cudl.lib.cam.ac.uk/iiif/MS-OR-01080-00014-00045,or1080.14.45
MS-OR-01080-00014-00046,http://cudl.lib.cam.ac.uk/iiif/MS-OR-01080-00014-00046,or1080.14.46
MS-OR-01080-00014-00047,http://cudl.lib.cam.ac.uk/iiif/MS-OR-01080-00014-00047,or1080.14.47
MS-OR-01080-00014-00048,http://cudl.lib.cam.ac.uk/iiif/MS-OR-01080-00014-00048,or1080.14.48
MS-OR-01080-00014-00049,http://cudl.lib.cam.ac.uk/iiif/MS-OR-01080-00014-00049,or1080.14.49
MS-OR-01080-00014-00050,http://cudl.lib.cam.ac.uk/iiif/MS-OR-01080-00014-00050,or1080.14.50
MS-OR-01080-00014-00051,http://cudl.lib.cam.ac.uk/iiif/MS-OR-01080-00014-00051,or1080.14.51
MS-OR-01080-00014-00052,http://cudl.lib.cam.ac.uk/iiif/MS-OR-01080-00014-00052,or1080.14.52
MS-OR-01080-00014-00053,http://cudl.lib.cam.ac.uk/iiif/MS-OR-01080-00014-00053,or1080.14.53
MS-OR-01080-00014-00054,http://cudl.lib.cam.ac.uk/iiif/MS-OR-01080-00014-00054,or1080.14.54
MS-OR-01080-00014-00055,http://cudl.lib.cam.ac.uk/iiif/MS-OR-01080-00014-00055,or1080.14.55
MS-OR-01080-00014-00056,http://cudl.lib.cam.ac.uk/iiif/MS-OR-01080-00014-00056,or1080.14.56
MS-OR-01080-00014-00057,http://cudl.lib.cam.ac.uk/iiif/MS-OR-01080-00014-00057,or1080.14.57
MS-OR-01080-00014-00058-A,http://cudl.lib.cam.ac.uk/iiif/MS-OR-01080-00014-00058-A,or1080.14.58a
MS-OR-01080-00014-00058,http://cudl.lib.cam.ac.uk/iiif/MS-OR-01080-00014-00058,or1080.14.58
MS-OR-01080-00014-00059,http://cudl.lib.cam.ac.uk/iiif/MS-OR-01080-00014-00059,or1080.14.59
MS-OR-01080-00014-00060,http://cudl.lib.cam.ac.uk/iiif/MS-OR-01080-00014-00060,or1080.14.60
MS-OR-01080-00014-00061,http://cudl.lib.cam.ac.uk/iiif/MS-OR-01080-00014-00061,or1080.14.61
MS-OR-01080-00014-00062,http://cudl.lib.cam.ac.uk/iiif/MS-OR-01080-00014-00062,or1080.14.62
MS-OR-01080-00014-00063,http://cudl.lib.cam.ac.uk/iiif/MS-OR-01080-00014-00063,or1080.14.63
MS-OR-01080-00014-00064,http://cudl.lib.cam.ac.uk/iiif/MS-OR-01080-00014-00064,or1080.14.64
MS-OR-01080-00014-00065,http://cudl.lib.cam.ac.uk/iiif/MS-OR-01080-00014-00065,or1080.14.65
MS-OR-01080-00014-00066,http://cudl.lib.cam.ac.uk/iiif/MS-OR-01080-00014-00066,or1080.14.66
MS-OR-01080-00014-00067,http://cudl.lib.cam.ac.uk/iiif/MS-OR-01080-00014-00067,or1080.14.67
MS-OR-01080-00014-00068,http://cudl.lib.cam.ac.uk/iiif/MS-OR-01080-00014-00068,or1080.14.68
MS-OR-01080-00014-00069,http://cudl.lib.cam.ac.uk/iiif/MS-OR-01080-00014-00069,or1080.14.69
MS-OR-01080-00014-00070,http://cudl.lib.cam.ac.uk/iiif/MS-OR-01080-00014-00070,or1080.14.70
MS-OR-01080-00014-00071,http://cudl.lib.cam.ac.uk/iiif/MS-OR-01080-00014-00071,or1080.14.71
MS-OR-01080-00014-00072,http://cudl.lib.cam.ac.uk/iiif/MS-OR-01080-00014-00072,or1080.14.72
MS-OR-01080-00015-00001,http://cudl.lib.cam.ac.uk/iiif/MS-OR-01080-00015-00001,or1080.15.1
MS-OR-01080-00015-00002,http://cudl.lib.cam.ac.uk/iiif/MS-OR-01080-00015-00002,or1080.15.2
MS-OR-01080-00015-00003,http://cudl.lib.cam.ac.uk/iiif/MS-OR-01080-00015-00003,or1080.15.3
MS-OR-01080-00015-00004,http://cudl.lib.cam.ac.uk/iiif/MS-OR-01080-00015-00004,or1080.15.4
MS-OR-01080-00015-00005,http://cudl.lib.cam.ac.uk/iiif/MS-OR-01080-00015-00005,or1080.15.5
MS-OR-01080-00015-00006,http://cudl.lib.cam.ac.uk/iiif/MS-OR-01080-00015-00006,or1080.15.6
MS-OR-01080-00015-00007,http://cudl.lib.cam.ac.uk/iiif/MS-OR-01080-00015-00007,or1080.15.7
MS-OR-01080-00015-00008,http://cudl.lib.cam.ac.uk/iiif/MS-OR-01080-00015-00008,or1080.15.8
MS-OR-01080-00015-00009,http://cudl.lib.cam.ac.uk/iiif/MS-OR-01080-00015-00009,or1080.15.9
MS-OR-01080-00015-00010,http://cudl.lib.cam.ac.uk/iiif/MS-OR-01080-00015-00010,or1080.15.10
MS-OR-01080-00015-00011,http://cudl.lib.cam.ac.uk/iiif/MS-OR-01080-00015-00011,or1080.15.11
MS-OR-01080-00015-00012,http://cudl.lib.cam.ac.uk/iiif/MS-OR-01080-00015-00012,or1080.15.12
MS-OR-01080-00015-00013,http://cudl.lib.cam.ac.uk/iiif/MS-OR-01080-00015-00013,or1080.15.13
MS-OR-01080-00015-00014,http://cudl.lib.cam.ac.uk/iiif/MS-OR-01080-00015-00014,or1080.15.14
MS-OR-01080-00015-00015,http://cudl.lib.cam.ac.uk/iiif/MS-OR-01080-00015-00015,or1080.15.15
MS-OR-01080-00015-00016,http://cudl.lib.cam.ac.uk/iiif/MS-OR-01080-00015-00016,or1080.15.16
MS-OR-01080-00015-00017,http://cudl.lib.cam.ac.uk/iiif/MS-OR-01080-00015-00017,or1080.15.17
MS-OR-01080-00015-00018,http://cudl.lib.cam.ac.uk/iiif/MS-OR-01080-00015-00018,or1080.15.18
MS-OR-01080-00015-00019,http://cudl.lib.cam.ac.uk/iiif/MS-OR-01080-00015-00019,or1080.15.19
MS-OR-01080-00015-00020,http://cudl.lib.cam.ac.uk/iiif/MS-OR-01080-00015-00020,or1080.15.20
MS-OR-01080-00015-00021,http://cudl.lib.cam.ac.uk/iiif/MS-OR-01080-00015-00021,or1080.15.21
MS-OR-01080-00015-00022,http://cudl.lib.cam.ac.uk/iiif/MS-OR-01080-00015-00022,or1080.15.22
MS-OR-01080-00015-00023,http://cudl.lib.cam.ac.uk/iiif/MS-OR-01080-00015-00023,or1080.15.23
MS-OR-01080-00015-00024,http://cudl.lib.cam.ac.uk/iiif/MS-OR-01080-00015-00024,or1080.15.24
MS-OR-01080-00015-00025,http://cudl.lib.cam.ac.uk/iiif/MS-OR-01080-00015-00025,or1080.15.25
MS-OR-01080-00015-00026,http://cudl.lib.cam.ac.uk/iiif/MS-OR-01080-00015-00026,or1080.15.26
MS-OR-01080-00015-00027,http://cudl.lib.cam.ac.uk/iiif/MS-OR-01080-00015-00027,or1080.15.27
MS-OR-01080-00015-00028,http://cudl.lib.cam.ac.uk/iiif/MS-OR-01080-00015-00028,or1080.15.28
MS-OR-01080-00015-00029,http://cudl.lib.cam.ac.uk/iiif/MS-OR-01080-00015-00029,or1080.15.29
MS-OR-01080-00015-00030,http://cudl.lib.cam.ac.uk/iiif/MS-OR-01080-00015-00030,or1080.15.30
MS-OR-01080-00015-00031,http://cudl.lib.cam.ac.uk/iiif/MS-OR-01080-00015-00031,or1080.15.31
MS-OR-01080-00015-00032,http://cudl.lib.cam.ac.uk/iiif/MS-OR-01080-00015-00032,or1080.15.32
MS-OR-01080-00015-00033,http://cudl.lib.cam.ac.uk/iiif/MS-OR-01080-00015-00033,or1080.15.33
MS-OR-01080-00015-00034,http://cudl.lib.cam.ac.uk/iiif/MS-OR-01080-00015-00034,or1080.15.34
MS-OR-01080-00015-00035,http://cudl.lib.cam.ac.uk/iiif/MS-OR-01080-00015-00035,or1080.15.35
MS-OR-01080-00015-00036,http://cudl.lib.cam.ac.uk/iiif/MS-OR-01080-00015-00036,or1080.15.36
MS-OR-01080-00015-00037,http://cudl.lib.cam.ac.uk/iiif/MS-OR-01080-00015-00037,or1080.15.37
MS-OR-01080-00015-00038,http://cudl.lib.cam.ac.uk/iiif/MS-OR-01080-00015-00038,or1080.15.38
MS-OR-01080-00015-00039,http://cudl.lib.cam.ac.uk/iiif/MS-OR-01080-00015-00039,or1080.15.39
MS-OR-01080-00015-00040,http://cudl.lib.cam.ac.uk/iiif/MS-OR-01080-00015-00040,or1080.15.40
MS-OR-01080-00015-00041,http://cudl.lib.cam.ac.uk/iiif/MS-OR-01080-00015-00041,or1080.15.41
MS-OR-01080-00015-00042,http://cudl.lib.cam.ac.uk/iiif/MS-OR-01080-00015-00042,or1080.15.42
MS-OR-01080-00015-00043,http://cudl.lib.cam.ac.uk/iiif/MS-OR-01080-00015-00043,or1080.15.43
MS-OR-01080-00015-00044,http://cudl.lib.cam.ac.uk/iiif/MS-OR-01080-00015-00044,or1080.15.44
MS-OR-01080-00015-00045,http://cudl.lib.cam.ac.uk/iiif/MS-OR-01080-00015-00045,or1080.15.45
MS-OR-01080-00015-00046,http://cudl.lib.cam.ac.uk/iiif/MS-OR-01080-00015-00046,or1080.15.46
MS-OR-01080-00015-00047,http://cudl.lib.cam.ac.uk/iiif/MS-OR-01080-00015-00047,or1080.15.47
MS-OR-01080-00015-00048,http://cudl.lib.cam.ac.uk/iiif/MS-OR-01080-00015-00048,or1080.15.48
MS-OR-01080-00015-00049,http://cudl.lib.cam.ac.uk/iiif/MS-OR-01080-00015-00049,or1080.15.49
MS-OR-01080-00015-00050,http://cudl.lib.cam.ac.uk/iiif/MS-OR-01080-00015-00050,or1080.15.50
MS-OR-01080-00015-00051,http://cudl.lib.cam.ac.uk/iiif/MS-OR-01080-00015-00051,or1080.15.51
MS-OR-01080-00015-00052,http://cudl.lib.cam.ac.uk/iiif/MS-OR-01080-00015-00052,or1080.15.52
MS-OR-01080-00015-00053,http://cudl.lib.cam.ac.uk/iiif/MS-OR-01080-00015-00053,or1080.15.53
MS-OR-01080-00015-00054,http://cudl.lib.cam.ac.uk/iiif/MS-OR-01080-00015-00054,or1080.15.54
MS-OR-01080-00015-00055,http://cudl.lib.cam.ac.uk/iiif/MS-OR-01080-00015-00055,or1080.15.55
MS-OR-01080-00015-00056,http://cudl.lib.cam.ac.uk/iiif/MS-OR-01080-00015-00056,or1080.15.56
MS-OR-01080-00015-00057,http://cudl.lib.cam.ac.uk/iiif/MS-OR-01080-00015-00057,or1080.15.57
MS-OR-01080-00015-00058,http://cudl.lib.cam.ac.uk/iiif/MS-OR-01080-00015-00058,or1080.15.58
MS-OR-01080-00015-00059,http://cudl.lib.cam.ac.uk/iiif/MS-OR-01080-00015-00059,or1080.15.59
MS-OR-01080-00015-00060,http://cudl.lib.cam.ac.uk/iiif/MS-OR-01080-00015-00060,or1080.15.60
MS-OR-01080-00015-00061,http://cudl.lib.cam.ac.uk/iiif/MS-OR-01080-00015-00061,or1080.15.61
MS-OR-01080-00015-00062,http://cudl.lib.cam.ac.uk/iiif/MS-OR-01080-00015-00062,or1080.15.62
MS-OR-01080-00015-00063,http://cudl.lib.cam.ac.uk/iiif/MS-OR-01080-00015-00063,or1080.15.63
MS-OR-01080-00015-00064,http://cudl.lib.cam.ac.uk/iiif/MS-OR-01080-00015-00064,or1080.15.64
MS-OR-01080-00015-00065,http://cudl.lib.cam.ac.uk/iiif/MS-OR-01080-00015-00065,or1080.15.65
MS-OR-01080-00015-00066,http://cudl.lib.cam.ac.uk/iiif/MS-OR-01080-00015-00066,or1080.15.66
MS-OR-01080-00015-00067,http://cudl.lib.cam.ac.uk/iiif/MS-OR-01080-00015-00067,or1080.15.67
MS-OR-01080-00015-00068,http://cudl.lib.cam.ac.uk/iiif/MS-OR-01080-00015-00068,or1080.15.68
MS-OR-01080-00015-00069,http://cudl.lib.cam.ac.uk/iiif/MS-OR-01080-00015-00069,or1080.15.69
MS-OR-01080-00015-00070,http://cudl.lib.cam.ac.uk/iiif/MS-OR-01080-00015-00070,or1080.15.70
MS-OR-01080-00015-00071,http://cudl.lib.cam.ac.uk/iiif/MS-OR-01080-00015-00071,or1080.15.71
MS-OR-01080-00015-00072,http://cudl.lib.cam.ac.uk/iiif/MS-OR-01080-00015-00072,or1080.15.72
MS-OR-01080-00015-00073,http://cudl.lib.cam.ac.uk/iiif/MS-OR-01080-00015-00073,or1080.15.73
MS-OR-01080-00015-00074,http://cudl.lib.cam.ac.uk/iiif/MS-OR-01080-00015-00074,or1080.15.74
MS-OR-01080-00015-00075,http://cudl.lib.cam.ac.uk/iiif/MS-OR-01080-00015-00075,or1080.15.75
MS-OR-01080-00015-00076,http://cudl.lib.cam.ac.uk/iiif/MS-OR-01080-00015-00076,or1080.15.76
MS-OR-01080-00015-00077,http://cudl.lib.cam.ac.uk/iiif/MS-OR-01080-00015-00077,or1080.15.77
MS-OR-01080-00015-00078,http://cudl.lib.cam.ac.uk/iiif/MS-OR-01080-00015-00078,or1080.15.78
MS-OR-01080-00015-00079,http://cudl.lib.cam.ac.uk/iiif/MS-OR-01080-00015-00079,or1080.15.79
MS-OR-01080-00015-00080,http://cudl.lib.cam.ac.uk/iiif/MS-OR-01080-00015-00080,or1080.15.80
MS-OR-01080-00015-00081,http://cudl.lib.cam.ac.uk/iiif/MS-OR-01080-00015-00081,or1080.15.81
MS-OR-01080-00015-00082,http://cudl.lib.cam.ac.uk/iiif/MS-OR-01080-00015-00082,or1080.15.82
MS-OR-01081-00001-00001,http://cudl.lib.cam.ac.uk/iiif/MS-OR-01081-00001-00001,or1081.11
MS-OR-01081-00001-00002,http://cudl.lib.cam.ac.uk/iiif/MS-OR-01081-00001-00002,or1081.12
MS-OR-01081-00001-00003,http://cudl.lib.cam.ac.uk/iiif/MS-OR-01081-00001-00003,or1081.13
MS-OR-01081-00001-00004,http://cudl.lib.cam.ac.uk/iiif/MS-OR-01081-00001-00004,or1081.14
MS-OR-01081-00001-00005,http://cudl.lib.cam.ac.uk/iiif/MS-OR-01081-00001-00005,or1081.15
MS-OR-01081-00001-00006,http://cudl.lib.cam.ac.uk/iiif/MS-OR-01081-00001-00006,or1081.16
MS-OR-01081-00001-00007,http://cudl.lib.cam.ac.uk/iiif/MS-OR-01081-00001-00007,or1081.17
MS-OR-01081-00001-00008,http://cudl.lib.cam.ac.uk/iiif/MS-OR-01081-00001-00008,or1081.18
MS-OR-01081-00001-00009,http://cudl.lib.cam.ac.uk/iiif/MS-OR-01081-00001-00009,or1081.19
MS-OR-01081-00001-00010,http://cudl.lib.cam.ac.uk/iiif/MS-OR-01081-00001-00010,or1081.110
MS-OR-01081-00001-00011,http://cudl.lib.cam.ac.uk/iiif/MS-OR-01081-00001-00011,or1081.111
MS-OR-01081-00001-00012,http://cudl.lib.cam.ac.uk/iiif/MS-OR-01081-00001-00012,or1081.112
MS-OR-01081-00001-00013,http://cudl.lib.cam.ac.uk/iiif/MS-OR-01081-00001-00013,or1081.113
MS-OR-01081-00001-00014,http://cudl.lib.cam.ac.uk/iiif/MS-OR-01081-00001-00014,or1081.114
MS-OR-01081-00001-00015,http://cudl.lib.cam.ac.uk/iiif/MS-OR-01081-00001-00015,or1081.115
MS-OR-01081-00001-00016,http://cudl.lib.cam.ac.uk/iiif/MS-OR-01081-00001-00016,or1081.116
MS-OR-01081-00001-00017,http://cudl.lib.cam.ac.uk/iiif/MS-OR-01081-00001-00017,or1081.117
MS-OR-01081-00001-00018,http://cudl.lib.cam.ac.uk/iiif/MS-OR-01081-00001-00018,or1081.118
MS-OR-01081-00001-00019,http://cudl.lib.cam.ac.uk/iiif/MS-OR-01081-00001-00019,or1081.119
MS-OR-01081-00001-00020,http://cudl.lib.cam.ac.uk/iiif/MS-OR-01081-00001-00020,or1081.120
MS-OR-01081-00001-00021,http://cudl.lib.cam.ac.uk/iiif/MS-OR-01081-00001-00021,or1081.121
MS-OR-01081-00001-00022,http://cudl.lib.cam.ac.uk/iiif/MS-OR-01081-00001-00022,or1081.122
MS-OR-01081-00001-00023,http://cudl.lib.cam.ac.uk/iiif/MS-OR-01081-00001-00023,or1081.123
MS-OR-01081-00001-00024,http://cudl.lib.cam.ac.uk/iiif/MS-OR-01081-00001-00024,or1081.124
MS-OR-01081-00001-00025,http://cudl.lib.cam.ac.uk/iiif/MS-OR-01081-00001-00025,or1081.125
MS-OR-01081-00001-00026,http://cudl.lib.cam.ac.uk/iiif/MS-OR-01081-00001-00026,or1081.126
MS-OR-01081-00001-00027,http://cudl.lib.cam.ac.uk/iiif/MS-OR-01081-00001-00027,or1081.127
MS-OR-01081-00001-00028,http://cudl.lib.cam.ac.uk/iiif/MS-OR-01081-00001-00028,or1081.128
MS-OR-01081-00001-00029,http://cudl.lib.cam.ac.uk/iiif/MS-OR-01081-00001-00029,or1081.129
MS-OR-01081-00001-00030,http://cudl.lib.cam.ac.uk/iiif/MS-OR-01081-00001-00030,or1081.130
MS-OR-01081-00001-00031,http://cudl.lib.cam.ac.uk/iiif/MS-OR-01081-00001-00031,or1081.131
MS-OR-01081-00001-00032,http://cudl.lib.cam.ac.uk/iiif/MS-OR-01081-00001-00032,or1081.132
MS-OR-01081-00001-00033,http://cudl.lib.cam.ac.uk/iiif/MS-OR-01081-00001-00033,or1081.133
MS-OR-01081-00001-00034,http://cudl.lib.cam.ac.uk/iiif/MS-OR-01081-00001-00034,or1081.134
MS-OR-01081-00001-00035,http://cudl.lib.cam.ac.uk/iiif/MS-OR-01081-00001-00035,or1081.135
MS-OR-01081-00001-00036,http://cudl.lib.cam.ac.uk/iiif/MS-OR-01081-00001-00036,or1081.136
MS-OR-01081-00001-00037,http://cudl.lib.cam.ac.uk/iiif/MS-OR-01081-00001-00037,or1081.137
MS-OR-01081-00001-00038,http://cudl.lib.cam.ac.uk/iiif/MS-OR-01081-00001-00038,or1081.138
MS-OR-01081-00001-00039,http://cudl.lib.cam.ac.uk/iiif/MS-OR-01081-00001-00039,or1081.139
MS-OR-01081-00001-00040,http://cudl.lib.cam.ac.uk/iiif/MS-OR-01081-00001-00040,or1081.140
MS-OR-01081-00001-00041,http://cudl.lib.cam.ac.uk/iiif/MS-OR-01081-00001-00041,or1081.141
MS-OR-01081-00001-00042,http://cudl.lib.cam.ac.uk/iiif/MS-OR-01081-00001-00042,or1081.142
MS-OR-01081-00001-00043,http://cudl.lib.cam.ac.uk/iiif/MS-OR-01081-00001-00043,or1081.143
MS-OR-01081-00001-00044,http://cudl.lib.cam.ac.uk/iiif/MS-OR-01081-00001-00044,or1081.144
MS-OR-01081-00001-00045,http://cudl.lib.cam.ac.uk/iiif/MS-OR-01081-00001-00045,or1081.145
MS-OR-01081-00001-00046,http://cudl.lib.cam.ac.uk/iiif/MS-OR-01081-00001-00046,or1081.146
MS-OR-01081-00001-00047,http://cudl.lib.cam.ac.uk/iiif/MS-OR-01081-00001-00047,or1081.147
MS-OR-01081-00001-00048,http://cudl.lib.cam.ac.uk/iiif/MS-OR-01081-00001-00048,or1081.148
MS-OR-01081-00001-00049,http://cudl.lib.cam.ac.uk/iiif/MS-OR-01081-00001-00049,or1081.149
MS-OR-01081-00001-00050,http://cudl.lib.cam.ac.uk/iiif/MS-OR-01081-00001-00050,or1081.150
MS-OR-01081-00001-00051,http://cudl.lib.cam.ac.uk/iiif/MS-OR-01081-00001-00051,or1081.151
MS-OR-01081-00001-00052,http://cudl.lib.cam.ac.uk/iiif/MS-OR-01081-00001-00052,or1081.152
MS-OR-01081-00001-00053,http://cudl.lib.cam.ac.uk/iiif/MS-OR-01081-00001-00053,or1081.153
MS-OR-01081-00001-00054,http://cudl.lib.cam.ac.uk/iiif/MS-OR-01081-00001-00054,or1081.154
MS-OR-01081-00001-00055,http://cudl.lib.cam.ac.uk/iiif/MS-OR-01081-00001-00055,or1081.155
MS-OR-01081-00001-00056,http://cudl.lib.cam.ac.uk/iiif/MS-OR-01081-00001-00056,or1081.156
MS-OR-01081-00001-00057,http://cudl.lib.cam.ac.uk/iiif/MS-OR-01081-00001-00057,or1081.157
MS-OR-01081-00001-00058,http://cudl.lib.cam.ac.uk/iiif/MS-OR-01081-00001-00058,or1081.158
MS-OR-01081-00001-00059,http://cudl.lib.cam.ac.uk/iiif/MS-OR-01081-00001-00059,or1081.159
MS-OR-01081-00001-00060,http://cudl.lib.cam.ac.uk/iiif/MS-OR-01081-00001-00060,or1081.160
MS-OR-01081-00001-00061,http://cudl.lib.cam.ac.uk/iiif/MS-OR-01081-00001-00061,or1081.161
MS-OR-01081-00001-00062,http://cudl.lib.cam.ac.uk/iiif/MS-OR-01081-00001-00062,or1081.162
MS-OR-01081-00001-00063,http://cudl.lib.cam.ac.uk/iiif/MS-OR-01081-00001-00063,or1081.163
MS-OR-01081-00001-00064,http://cudl.lib.cam.ac.uk/iiif/MS-OR-01081-00001-00064,or1081.164
MS-OR-01081-00001-00065,http://cudl.lib.cam.ac.uk/iiif/MS-OR-01081-00001-00065,or1081.165
MS-OR-01081-00001-00066,http://cudl.lib.cam.ac.uk/iiif/MS-OR-01081-00001-00066,or1081.166
MS-OR-01081-00001-00067,http://cudl.lib.cam.ac.uk/iiif/MS-OR-01081-00001-00067,or1081.167
MS-OR-01081-00001-00068,http://cudl.lib.cam.ac.uk/iiif/MS-OR-01081-00001-00068,or1081.168
MS-OR-01081-00001-00069,http://cudl.lib.cam.ac.uk/iiif/MS-OR-01081-00001-00069,or1081.169
MS-OR-01081-00001-00070,http://cudl.lib.cam.ac.uk/iiif/MS-OR-01081-00001-00070,or1081.170
MS-OR-01081-00001-00071,http://cudl.lib.cam.ac.uk/iiif/MS-OR-01081-00001-00071,or1081.171
MS-OR-01081-00001-00072,http://cudl.lib.cam.ac.uk/iiif/MS-OR-01081-00001-00072,or1081.172
MS-OR-01081-00001-00073,http://cudl.lib.cam.ac.uk/iiif/MS-OR-01081-00001-00073,or1081.173
MS-OR-01081-00001-00074,http://cudl.lib.cam.ac.uk/iiif/MS-OR-01081-00001-00074,or1081.174
MS-OR-01081-00001-00075,http://cudl.lib.cam.ac.uk/iiif/MS-OR-01081-00001-00075,or1081.175
MS-OR-01081-00001-00076,http://cudl.lib.cam.ac.uk/iiif/MS-OR-01081-00001-00076,or1081.176
MS-OR-01081-00001-00077,http://cudl.lib.cam.ac.uk/iiif/MS-OR-01081-00001-00077,or1081.177
MS-OR-01081-00001-00078,http://cudl.lib.cam.ac.uk/iiif/MS-OR-01081-00001-00078,or1081.178
MS-OR-01081-00001-00079,http://cudl.lib.cam.ac.uk/iiif/MS-OR-01081-00001-00079,or1081.179
MS-OR-01081-00001-00080,http://cudl.lib.cam.ac.uk/iiif/MS-OR-01081-00001-00080,or1081.180
MS-OR-01081-00001-00081,http://cudl.lib.cam.ac.uk/iiif/MS-OR-01081-00001-00081,or1081.181
MS-OR-01081-00001-00082,http://cudl.lib.cam.ac.uk/iiif/MS-OR-01081-00001-00082,or1081.182
MS-OR-01081-00002-00001,http://cudl.lib.cam.ac.uk/iiif/MS-OR-01081-00002-00001,or1081.21
MS-OR-01081-00002-00002,http://cudl.lib.cam.ac.uk/iiif/MS-OR-01081-00002-00002,or1081.22
MS-OR-01081-00002-00003,http://cudl.lib.cam.ac.uk/iiif/MS-OR-01081-00002-00003,or1081.23
MS-OR-01081-00002-00004,http://cudl.lib.cam.ac.uk/iiif/MS-OR-01081-00002-00004,or1081.24
MS-OR-01081-00002-00005,http://cudl.lib.cam.ac.uk/iiif/MS-OR-01081-00002-00005,or1081.25
MS-OR-01081-00002-00006-A,http://cudl.lib.cam.ac.uk/iiif/MS-OR-01081-00002-00006-A,or1081.26a
MS-OR-01081-00002-00006,http://cudl.lib.cam.ac.uk/iiif/MS-OR-01081-00002-00006,or1081.26
MS-OR-01081-00002-00007,http://cudl.lib.cam.ac.uk/iiif/MS-OR-01081-00002-00007,or1081.27
MS-OR-01081-00002-00008,http://cudl.lib.cam.ac.uk/iiif/MS-OR-01081-00002-00008,or1081.28
MS-OR-01081-00002-00009,http://cudl.lib.cam.ac.uk/iiif/MS-OR-01081-00002-00009,or1081.29
MS-OR-01081-00002-00010,http://cudl.lib.cam.ac.uk/iiif/MS-OR-01081-00002-00010,or1081.210
MS-OR-01081-00002-00011,http://cudl.lib.cam.ac.uk/iiif/MS-OR-01081-00002-00011,or1081.211
MS-OR-01081-00002-00012,http://cudl.lib.cam.ac.uk/iiif/MS-OR-01081-00002-00012,or1081.212
MS-OR-01081-00002-00013,http://cudl.lib.cam.ac.uk/iiif/MS-OR-01081-00002-00013,or1081.213
MS-OR-01081-00002-00014,http://cudl.lib.cam.ac.uk/iiif/MS-OR-01081-00002-00014,or1081.214
MS-OR-01081-00002-00015,http://cudl.lib.cam.ac.uk/iiif/MS-OR-01081-00002-00015,or1081.215
MS-OR-01081-00002-00016,http://cudl.lib.cam.ac.uk/iiif/MS-OR-01081-00002-00016,or1081.216
MS-OR-01081-00002-00017,http://cudl.lib.cam.ac.uk/iiif/MS-OR-01081-00002-00017,or1081.217
MS-OR-01081-00002-00018,http://cudl.lib.cam.ac.uk/iiif/MS-OR-01081-00002-00018,or1081.218
MS-OR-01081-00002-00019,http://cudl.lib.cam.ac.uk/iiif/MS-OR-01081-00002-00019,or1081.219
MS-OR-01081-00002-00020,http://cudl.lib.cam.ac.uk/iiif/MS-OR-01081-00002-00020,or1081.220
MS-OR-01081-00002-00021,http://cudl.lib.cam.ac.uk/iiif/MS-OR-01081-00002-00021,or1081.221
MS-OR-01081-00002-00022,http://cudl.lib.cam.ac.uk/iiif/MS-OR-01081-00002-00022,or1081.222
MS-OR-01081-00002-00023,http://cudl.lib.cam.ac.uk/iiif/MS-OR-01081-00002-00023,or1081.223
MS-OR-01081-00002-00024,http://cudl.lib.cam.ac.uk/iiif/MS-OR-01081-00002-00024,or1081.224
MS-OR-01081-00002-00025,http://cudl.lib.cam.ac.uk/iiif/MS-OR-01081-00002-00025,or1081.225
MS-OR-01081-00002-00026,http://cudl.lib.cam.ac.uk/iiif/MS-OR-01081-00002-00026,or1081.226
MS-OR-01081-00002-00027,http://cudl.lib.cam.ac.uk/iiif/MS-OR-01081-00002-00027,or1081.227
MS-OR-01081-00002-00028,http://cudl.lib.cam.ac.uk/iiif/MS-OR-01081-00002-00028,or1081.228
MS-OR-01081-00002-00029,http://cudl.lib.cam.ac.uk/iiif/MS-OR-01081-00002-00029,or1081.229
MS-OR-01081-00002-00030,http://cudl.lib.cam.ac.uk/iiif/MS-OR-01081-00002-00030,or1081.230
MS-OR-01081-00002-00031,http://cudl.lib.cam.ac.uk/iiif/MS-OR-01081-00002-00031,or1081.231
MS-OR-01081-00002-00032,http://cudl.lib.cam.ac.uk/iiif/MS-OR-01081-00002-00032,or1081.232
MS-OR-01081-00002-00033,http://cudl.lib.cam.ac.uk/iiif/MS-OR-01081-00002-00033,or1081.233
MS-OR-01081-00002-00034,http://cudl.lib.cam.ac.uk/iiif/MS-OR-01081-00002-00034,or1081.234
MS-OR-01081-00002-00035,http://cudl.lib.cam.ac.uk/iiif/MS-OR-01081-00002-00035,or1081.235
MS-OR-01081-00002-00036,http://cudl.lib.cam.ac.uk/iiif/MS-OR-01081-00002-00036,or1081.236
MS-OR-01081-00002-00037,http://cudl.lib.cam.ac.uk/iiif/MS-OR-01081-00002-00037,or1081.237
MS-OR-01081-00002-00038,http://cudl.lib.cam.ac.uk/iiif/MS-OR-01081-00002-00038,or1081.238
MS-OR-01081-00002-00039,http://cudl.lib.cam.ac.uk/iiif/MS-OR-01081-00002-00039,or1081.239
MS-OR-01081-00002-00040,http://cudl.lib.cam.ac.uk/iiif/MS-OR-01081-00002-00040,or1081.240
MS-OR-01081-00002-00041,http://cudl.lib.cam.ac.uk/iiif/MS-OR-01081-00002-00041,or1081.241
MS-OR-01081-00002-00042,http://cudl.lib.cam.ac.uk/iiif/MS-OR-01081-00002-00042,or1081.242
MS-OR-01081-00002-00043,http://cudl.lib.cam.ac.uk/iiif/MS-OR-01081-00002-00043,or1081.243
MS-OR-01081-00002-00044,http://cudl.lib.cam.ac.uk/iiif/MS-OR-01081-00002-00044,or1081.244
MS-OR-01081-00002-00045,http://cudl.lib.cam.ac.uk/iiif/MS-OR-01081-00002-00045,or1081.245
MS-OR-01081-00002-00046,http://cudl.lib.cam.ac.uk/iiif/MS-OR-01081-00002-00046,or1081.246
MS-OR-01081-00002-00047,http://cudl.lib.cam.ac.uk/iiif/MS-OR-01081-00002-00047,or1081.247
MS-OR-01081-00002-00048,http://cudl.lib.cam.ac.uk/iiif/MS-OR-01081-00002-00048,or1081.248
MS-OR-01081-00002-00049,http://cudl.lib.cam.ac.uk/iiif/MS-OR-01081-00002-00049,or1081.249
MS-OR-01081-00002-00050,http://cudl.lib.cam.ac.uk/iiif/MS-OR-01081-00002-00050,or1081.250
MS-OR-01081-00002-00051,http://cudl.lib.cam.ac.uk/iiif/MS-OR-01081-00002-00051,or1081.251
MS-OR-01081-00002-00052,http://cudl.lib.cam.ac.uk/iiif/MS-OR-01081-00002-00052,or1081.252
MS-OR-01081-00002-00053,http://cudl.lib.cam.ac.uk/iiif/MS-OR-01081-00002-00053,or1081.253
MS-OR-01081-00002-00054,http://cudl.lib.cam.ac.uk/iiif/MS-OR-01081-00002-00054,or1081.254
MS-OR-01081-00002-00055,http://cudl.lib.cam.ac.uk/iiif/MS-OR-01081-00002-00055,or1081.255
MS-OR-01081-00002-00056,http://cudl.lib.cam.ac.uk/iiif/MS-OR-01081-00002-00056,or1081.256
MS-OR-01081-00002-00057,http://cudl.lib.cam.ac.uk/iiif/MS-OR-01081-00002-00057,or1081.257
MS-OR-01081-00002-00058,http://cudl.lib.cam.ac.uk/iiif/MS-OR-01081-00002-00058,or1081.258
MS-OR-01081-00002-00059,http://cudl.lib.cam.ac.uk/iiif/MS-OR-01081-00002-00059,or1081.259
MS-OR-01081-00002-00060,http://cudl.lib.cam.ac.uk/iiif/MS-OR-01081-00002-00060,or1081.260
MS-OR-01081-00002-00061,http://cudl.lib.cam.ac.uk/iiif/MS-OR-01081-00002-00061,or1081.261
MS-OR-01081-00002-00062,http://cudl.lib.cam.ac.uk/iiif/MS-OR-01081-00002-00062,or1081.262
MS-OR-01081-00002-00063,http://cudl.lib.cam.ac.uk/iiif/MS-OR-01081-00002-00063,or1081.263
MS-OR-01081-00002-00064,http://cudl.lib.cam.ac.uk/iiif/MS-OR-01081-00002-00064,or1081.264
MS-OR-01081-00002-00065,http://cudl.lib.cam.ac.uk/iiif/MS-OR-01081-00002-00065,or1081.265
MS-OR-01081-00002-00066,http://cudl.lib.cam.ac.uk/iiif/MS-OR-01081-00002-00066,or1081.266
MS-OR-01081-00002-00067,http://cudl.lib.cam.ac.uk/iiif/MS-OR-01081-00002-00067,or1081.267
MS-OR-01081-00002-00068,http://cudl.lib.cam.ac.uk/iiif/MS-OR-01081-00002-00068,or1081.268
MS-OR-01081-00002-00069,http://cudl.lib.cam.ac.uk/iiif/MS-OR-01081-00002-00069,or1081.269
MS-OR-01081-00002-00070,http://cudl.lib.cam.ac.uk/iiif/MS-OR-01081-00002-00070,or1081.270
MS-OR-01081-00002-00071,http://cudl.lib.cam.ac.uk/iiif/MS-OR-01081-00002-00071,or1081.271
MS-OR-01081-00002-00072,http://cudl.lib.cam.ac.uk/iiif/MS-OR-01081-00002-00072,or1081.272
MS-OR-01081-00002-00073,http://cudl.lib.cam.ac.uk/iiif/MS-OR-01081-00002-00073,or1081.273
MS-OR-01081-00002-00074,http://cudl.lib.cam.ac.uk/iiif/MS-OR-01081-00002-00074,or1081.274
MS-OR-01081-00002-00075-00001,http://cudl.lib.cam.ac.uk/iiif/MS-OR-01081-00002-00075-00001,or1081.275.1
MS-OR-01081-00002-00075-00002,http://cudl.lib.cam.ac.uk/iiif/MS-OR-01081-00002-00075-00002,or1081.275.2
MS-OR-01081-00002-00075-00003,http://cudl.lib.cam.ac.uk/iiif/MS-OR-01081-00002-00075-00003,or1081.275.3
MS-OR-01081-00002-00075-00004,http://cudl.lib.cam.ac.uk/iiif/MS-OR-01081-00002-00075-00004,or1081.275.4
MS-OR-01081-00002-00075-00005,http://cudl.lib.cam.ac.uk/iiif/MS-OR-01081-00002-00075-00005,or1081.275.5
MS-OR-01081-00002-00075-00006,http://cudl.lib.cam.ac.uk/iiif/MS-OR-01081-00002-00075-00006,or1081.275.6
MS-OR-01081-00002-00075-00007,http://cudl.lib.cam.ac.uk/iiif/MS-OR-01081-00002-00075-00007,or1081.275.7
MS-OR-01081-00002-00075-00008,http://cudl.lib.cam.ac.uk/iiif/MS-OR-01081-00002-00075-00008,or1081.275.8
MS-OR-01081-00002-00075-00009,http://cudl.lib.cam.ac.uk/iiif/MS-OR-01081-00002-00075-00009,or1081.275.9
MS-OR-01081-00002-00075-00010,http://cudl.lib.cam.ac.uk/iiif/MS-OR-01081-00002-00075-00010,or1081.275.10
MS-OR-01081-00002-00075-00011,http://cudl.lib.cam.ac.uk/iiif/MS-OR-01081-00002-00075-00011,or1081.275.11
MS-OR-01081-00002-00075-00012,http://cudl.lib.cam.ac.uk/iiif/MS-OR-01081-00002-00075-00012,or1081.275.12
MS-OR-01081-00002-00075-00013,http://cudl.lib.cam.ac.uk/iiif/MS-OR-01081-00002-00075-00013,or1081.275.13
MS-OR-01081-00002-00075-00014,http://cudl.lib.cam.ac.uk/iiif/MS-OR-01081-00002-00075-00014,or1081.275.14
MS-OR-01081-00002-00075-00015,http://cudl.lib.cam.ac.uk/iiif/MS-OR-01081-00002-00075-00015,or1081.275.15
MS-OR-01081-00002-00075-00016,http://cudl.lib.cam.ac.uk/iiif/MS-OR-01081-00002-00075-00016,or1081.275.16
MS-OR-01081-00002-00075-00017,http://cudl.lib.cam.ac.uk/iiif/MS-OR-01081-00002-00075-00017,or1081.275.17
MS-OR-01081-00002-00075-00018,http://cudl.lib.cam.ac.uk/iiif/MS-OR-01081-00002-00075-00018,or1081.275.18
MS-OR-01081-00002-00075-00019,http://cudl.lib.cam.ac.uk/iiif/MS-OR-01081-00002-00075-00019,or1081.275.19
MS-OR-01081-00002-00075-00020,http://cudl.lib.cam.ac.uk/iiif/MS-OR-01081-00002-00075-00020,or1081.275.20
MS-OR-01081-00002-00075-00021,http://cudl.lib.cam.ac.uk/iiif/MS-OR-01081-00002-00075-00021,or1081.275.21
MS-OR-01081-00002-00075-00022,http://cudl.lib.cam.ac.uk/iiif/MS-OR-01081-00002-00075-00022,or1081.275.22
MS-OR-01081-00002-00075-00023,http://cudl.lib.cam.ac.uk/iiif/MS-OR-01081-00002-00075-00023,or1081.275.23
MS-OR-01081-00002-00075-00024,http://cudl.lib.cam.ac.uk/iiif/MS-OR-01081-00002-00075-00024,or1081.275.24
MS-OR-01081-00002-00075-00025,http://cudl.lib.cam.ac.uk/iiif/MS-OR-01081-00002-00075-00025,or1081.275.25
MS-OR-01081-00002-00075-00026,http://cudl.lib.cam.ac.uk/iiif/MS-OR-01081-00002-00075-00026,or1081.275.26
MS-OR-01081-00002-00075-00027,http://cudl.lib.cam.ac.uk/iiif/MS-OR-01081-00002-00075-00027,or1081.275.27
MS-OR-01081-00002-00075-00028,http://cudl.lib.cam.ac.uk/iiif/MS-OR-01081-00002-00075-00028,or1081.275.28
MS-OR-01081-00002-00075-00029,http://cudl.lib.cam.ac.uk/iiif/MS-OR-01081-00002-00075-00029,or1081.275.29
MS-OR-01081-00002-00075-00030,http://cudl.lib.cam.ac.uk/iiif/MS-OR-01081-00002-00075-00030,or1081.275.30
MS-OR-01081-00002-00075-00031,http://cudl.lib.cam.ac.uk/iiif/MS-OR-01081-00002-00075-00031,or1081.275.31
MS-OR-01081-00002-00075-00032,http://cudl.lib.cam.ac.uk/iiif/MS-OR-01081-00002-00075-00032,or1081.275.32
MS-OR-01081-00002-00075-00033,http://cudl.lib.cam.ac.uk/iiif/MS-OR-01081-00002-00075-00033,or1081.275.33
MS-OR-01081-00002-00075-00034,http://cudl.lib.cam.ac.uk/iiif/MS-OR-01081-00002-00075-00034,or1081.275.34
MS-OR-01081-00002-00075-00035,http://cudl.lib.cam.ac.uk/iiif/MS-OR-01081-00002-00075-00035,or1081.275.35
MS-OR-01081-00002-00075-00036,http://cudl.lib.cam.ac.uk/iiif/MS-OR-01081-00002-00075-00036,or1081.275.36
MS-OR-01081-00002-00075-MINUTE-FRAGMENTS,http://cudl.lib.cam.ac.uk/iiif/MS-OR-01081-00002-00075-MINUTE-FRAGMENTS,or1081.275minutefragments
MS-OR-01081-00002-00076,http://cudl.lib.cam.ac.uk/iiif/MS-OR-01081-00002-00076,or1081.276
MS-OR-01081-00002-00077,http://cudl.lib.cam.ac.uk/iiif/MS-OR-01081-00002-00077,or1081.277
MS-OR-01081-00002-00078,http://cudl.lib.cam.ac.uk/iiif/MS-OR-01081-00002-00078,or1081.278
MS-OR-01081-00002-00079,http://cudl.lib.cam.ac.uk/iiif/MS-OR-01081-00002-00079,or1081.279
MS-OR-01081-00002-00080,http://cudl.lib.cam.ac.uk/iiif/MS-OR-01081-00002-00080,or1081.280
MS-OR-01081-00002-00081,http://cudl.lib.cam.ac.uk/iiif/MS-OR-01081-00002-00081,or1081.281
MS-OR-01081-00002-00082,http://cudl.lib.cam.ac.uk/iiif/MS-OR-01081-00002-00082,or1081.282
MS-OR-01081-00002-00083,http://cudl.lib.cam.ac.uk/iiif/MS-OR-01081-00002-00083,or1081.283
MS-OR-01081-00002-00084,http://cudl.lib.cam.ac.uk/iiif/MS-OR-01081-00002-00084,or1081.284
MS-TS-00008-H-00010-00001-MINUTE-FRAGMENTS,http://cudl.lib.cam.ac.uk/iiif/MS-TS-00008-H-00010-00001-MINUTE-FRAGMENTS,ts8h10.1minutefragments
MS-TS-00012-00059-00001,http://cudl.lib.cam.ac.uk/iiif/MS-TS-00012-00059-00001,ts12.59.1
MS-TS-00012-00059-00002,http://cudl.lib.cam.ac.uk/iiif/MS-TS-00012-00059-00002,ts12.59.2
MS-TS-00018-H-00002-00001,http://cudl.lib.cam.ac.uk/iiif/MS-TS-00018-H-00002-00001,ts18h2.1
MS-TS-00018-J-00013,http://cudl.lib.cam.ac.uk/iiif/MS-TS-00018-J-00013,ts18j13
MS-TS-AR-00018-00001-00001,http://cudl.lib.cam.ac.uk/iiif/MS-TS-AR-00018-00001-00001,tsar18.11
MS-TS-AR-00018-00001-00002,http://cudl.lib.cam.ac.uk/iiif/MS-TS-AR-00018-00001-00002,tsar18.12
MS-TS-AR-00018-00001-00003,http://cudl.lib.cam.ac.uk/iiif/MS-TS-AR-00018-00001-00003,tsar18.13
MS-TS-AR-00018-00001-00004,http://cudl.lib.cam.ac.uk/iiif/MS-TS-AR-00018-00001-00004,tsar18.14
MS-TS-AR-00018-00001-00005,http://cudl.lib.cam.ac.uk/iiif/MS-TS-AR-00018-00001-00005,tsar18.15
MS-TS-AR-00018-00001-00006,http://cudl.lib.cam.ac.uk/iiif/MS-TS-AR-00018-00001-00006,tsar18.16
MS-TS-AR-00018-00001-00007,http://cudl.lib.cam.ac.uk/iiif/MS-TS-AR-00018-00001-00007,tsar18.17
MS-TS-AR-00018-00001-00008,http://cudl.lib.cam.ac.uk/iiif/MS-TS-AR-00018-00001-00008,tsar18.18
MS-TS-AR-00018-00001-00009,http://cudl.lib.cam.ac.uk/iiif/MS-TS-AR-00018-00001-00009,tsar18.19
MS-TS-AR-00018-00001-00010,http://cudl.lib.cam.ac.uk/iiif/MS-TS-AR-00018-00001-00010,tsar18.110
MS-TS-AR-00018-00001-00011,http://cudl.lib.cam.ac.uk/iiif/MS-TS-AR-00018-00001-00011,tsar18.111
MS-TS-AR-00018-00001-00012,http://cudl.lib.cam.ac.uk/iiif/MS-TS-AR-00018-00001-00012,tsar18.112
MS-TS-AR-00018-00001-00013,http://cudl.lib.cam.ac.uk/iiif/MS-TS-AR-00018-00001-00013,tsar18.113
MS-TS-AR-00018-00001-00014,http://cudl.lib.cam.ac.uk/iiif/MS-TS-AR-00018-00001-00014,tsar18.114
MS-TS-AR-00018-00001-00015,http://cudl.lib.cam.ac.uk/iiif/MS-TS-AR-00018-00001-00015,tsar18.115
MS-TS-AR-00018-00001-00016,http://cudl.lib.cam.ac.uk/iiif/MS-TS-AR-00018-00001-00016,tsar18.116
MS-TS-AR-00018-00001-00017,http://cudl.lib.cam.ac.uk/iiif/MS-TS-AR-00018-00001-00017,tsar18.117
MS-TS-AR-00018-00001-00018,http://cudl.lib.cam.ac.uk/iiif/MS-TS-AR-00018-00001-00018,tsar18.118
MS-TS-AR-00018-00001-00019,http://cudl.lib.cam.ac.uk/iiif/MS-TS-AR-00018-00001-00019,tsar18.119
MS-TS-AR-00018-00001-00020,http://cudl.lib.cam.ac.uk/iiif/MS-TS-AR-00018-00001-00020,tsar18.120
MS-TS-AR-00018-00001-00021,http://cudl.lib.cam.ac.uk/iiif/MS-TS-AR-00018-00001-00021,tsar18.121
MS-TS-AR-00018-00001-00022,http://cudl.lib.cam.ac.uk/iiif/MS-TS-AR-00018-00001-00022,tsar18.122
MS-TS-AR-00018-00001-00023-A,http://cudl.lib.cam.ac.uk/iiif/MS-TS-AR-00018-00001-00023-A,tsar18.123a
MS-TS-AR-00018-00001-00023,http://cudl.lib.cam.ac.uk/iiif/MS-TS-AR-00018-00001-00023,tsar18.123
MS-TS-AR-00018-00001-00024,http://cudl.lib.cam.ac.uk/iiif/MS-TS-AR-00018-00001-00024,tsar18.124
MS-TS-AR-00018-00001-00025,http://cudl.lib.cam.ac.uk/iiif/MS-TS-AR-00018-00001-00025,tsar18.125
MS-TS-AR-00018-00001-00026,http://cudl.lib.cam.ac.uk/iiif/MS-TS-AR-00018-00001-00026,tsar18.126
MS-TS-AR-00018-00001-00027,http://cudl.lib.cam.ac.uk/iiif/MS-TS-AR-00018-00001-00027,tsar18.127
MS-TS-AR-00018-00001-00028,http://cudl.lib.cam.ac.uk/iiif/MS-TS-AR-00018-00001-00028,tsar18.128
MS-TS-AR-00018-00001-00029,http://cudl.lib.cam.ac.uk/iiif/MS-TS-AR-00018-00001-00029,tsar18.129
MS-TS-AR-00018-00001-00030,http://cudl.lib.cam.ac.uk/iiif/MS-TS-AR-00018-00001-00030,tsar18.130
MS-TS-AR-00018-00001-00031,http://cudl.lib.cam.ac.uk/iiif/MS-TS-AR-00018-00001-00031,tsar18.131
MS-TS-AR-00018-00001-00032,http://cudl.lib.cam.ac.uk/iiif/MS-TS-AR-00018-00001-00032,tsar18.132
MS-TS-AR-00018-00001-00033,http://cudl.lib.cam.ac.uk/iiif/MS-TS-AR-00018-00001-00033,tsar18.133
MS-TS-AR-00018-00001-00034,http://cudl.lib.cam.ac.uk/iiif/MS-TS-AR-00018-00001-00034,tsar18.134
MS-TS-AR-00018-00001-00035,http://cudl.lib.cam.ac.uk/iiif/MS-TS-AR-00018-00001-00035,tsar18.135
MS-TS-AR-00018-00001-00036,http://cudl.lib.cam.ac.uk/iiif/MS-TS-AR-00018-00001-00036,tsar18.136
MS-TS-AR-00018-00001-00037,http://cudl.lib.cam.ac.uk/iiif/MS-TS-AR-00018-00001-00037,tsar18.137
MS-TS-AR-00018-00001-00038,http://cudl.lib.cam.ac.uk/iiif/MS-TS-AR-00018-00001-00038,tsar18.138
MS-TS-AR-00018-00001-00039,http://cudl.lib.cam.ac.uk/iiif/MS-TS-AR-00018-00001-00039,tsar18.139
MS-TS-AR-00018-00001-00040,http://cudl.lib.cam.ac.uk/iiif/MS-TS-AR-00018-00001-00040,tsar18.140
MS-TS-AR-00018-00001-00041,http://cudl.lib.cam.ac.uk/iiif/MS-TS-AR-00018-00001-00041,tsar18.141
MS-TS-AR-00018-00001-00042,http://cudl.lib.cam.ac.uk/iiif/MS-TS-AR-00018-00001-00042,tsar18.142
MS-TS-AR-00018-00001-00043,http://cudl.lib.cam.ac.uk/iiif/MS-TS-AR-00018-00001-00043,tsar18.143
MS-TS-AR-00018-00001-00044,http://cudl.lib.cam.ac.uk/iiif/MS-TS-AR-00018-00001-00044,tsar18.144
MS-TS-AR-00018-00001-00045,http://cudl.lib.cam.ac.uk/iiif/MS-TS-AR-00018-00001-00045,tsar18.145
MS-TS-AR-00018-00001-00046,http://cudl.lib.cam.ac.uk/iiif/MS-TS-AR-00018-00001-00046,tsar18.146
MS-TS-AR-00018-00001-00047,http://cudl.lib.cam.ac.uk/iiif/MS-TS-AR-00018-00001-00047,tsar18.147
MS-TS-AR-00018-00001-00048,http://cudl.lib.cam.ac.uk/iiif/MS-TS-AR-00018-00001-00048,tsar18.148
MS-TS-AR-00018-00001-00049,http://cudl.lib.cam.ac.uk/iiif/MS-TS-AR-00018-00001-00049,tsar18.149
MS-TS-AR-00018-00001-00050,http://cudl.lib.cam.ac.uk/iiif/MS-TS-AR-00018-00001-00050,tsar18.150
MS-TS-AR-00018-00001-00051,http://cudl.lib.cam.ac.uk/iiif/MS-TS-AR-00018-00001-00051,tsar18.151
MS-TS-AR-00018-00001-00052,http://cudl.lib.cam.ac.uk/iiif/MS-TS-AR-00018-00001-00052,tsar18.152
MS-TS-AR-00018-00001-00053,http://cudl.lib.cam.ac.uk/iiif/MS-TS-AR-00018-00001-00053,tsar18.153
MS-TS-AR-00018-00001-00054,http://cudl.lib.cam.ac.uk/iiif/MS-TS-AR-00018-00001-00054,tsar18.154
MS-TS-AR-00018-00001-00055,http://cudl.lib.cam.ac.uk/iiif/MS-TS-AR-00018-00001-00055,tsar18.155
MS-TS-AR-00018-00001-00056,http://cudl.lib.cam.ac.uk/iiif/MS-TS-AR-00018-00001-00056,tsar18.156
MS-TS-AR-00018-00001-00057,http://cudl.lib.cam.ac.uk/iiif/MS-TS-AR-00018-00001-00057,tsar18.157
MS-TS-AR-00018-00001-00058,http://cudl.lib.cam.ac.uk/iiif/MS-TS-AR-00018-00001-00058,tsar18.158
MS-TS-AR-00018-00001-00059,http://cudl.lib.cam.ac.uk/iiif/MS-TS-AR-00018-00001-00059,tsar18.159
MS-TS-AR-00018-00001-00060,http://cudl.lib.cam.ac.uk/iiif/MS-TS-AR-00018-00001-00060,tsar18.160
MS-TS-AR-00018-00001-00061,http://cudl.lib.cam.ac.uk/iiif/MS-TS-AR-00018-00001-00061,tsar18.161
MS-TS-AR-00018-00001-00062,http://cudl.lib.cam.ac.uk/iiif/MS-TS-AR-00018-00001-00062,tsar18.162
MS-TS-AR-00018-00001-00063,http://cudl.lib.cam.ac.uk/iiif/MS-TS-AR-00018-00001-00063,tsar18.163
MS-TS-AR-00018-00001-00064,http://cudl.lib.cam.ac.uk/iiif/MS-TS-AR-00018-00001-00064,tsar18.164
MS-TS-AR-00018-00001-00065,http://cudl.lib.cam.ac.uk/iiif/MS-TS-AR-00018-00001-00065,tsar18.165
MS-TS-AR-00018-00001-00066,http://cudl.lib.cam.ac.uk/iiif/MS-TS-AR-00018-00001-00066,tsar18.166
MS-TS-AR-00018-00001-00067,http://cudl.lib.cam.ac.uk/iiif/MS-TS-AR-00018-00001-00067,tsar18.167
MS-TS-AR-00018-00001-00068,http://cudl.lib.cam.ac.uk/iiif/MS-TS-AR-00018-00001-00068,tsar18.168
MS-TS-AR-00018-00001-00069,http://cudl.lib.cam.ac.uk/iiif/MS-TS-AR-00018-00001-00069,tsar18.169
MS-TS-AR-00018-00001-00070,http://cudl.lib.cam.ac.uk/iiif/MS-TS-AR-00018-00001-00070,tsar18.170
MS-TS-AR-00018-00001-00071,http://cudl.lib.cam.ac.uk/iiif/MS-TS-AR-00018-00001-00071,tsar18.171
MS-TS-AR-00018-00001-00072,http://cudl.lib.cam.ac.uk/iiif/MS-TS-AR-00018-00001-00072,tsar18.172
MS-TS-AR-00018-00001-00073,http://cudl.lib.cam.ac.uk/iiif/MS-TS-AR-00018-00001-00073,tsar18.173
MS-TS-AR-00018-00001-00074,http://cudl.lib.cam.ac.uk/iiif/MS-TS-AR-00018-00001-00074,tsar18.174
MS-TS-AR-00018-00001-00075,http://cudl.lib.cam.ac.uk/iiif/MS-TS-AR-00018-00001-00075,tsar18.175
MS-TS-AR-00018-00001-00076,http://cudl.lib.cam.ac.uk/iiif/MS-TS-AR-00018-00001-00076,tsar18.176
MS-TS-AR-00018-00001-00077,http://cudl.lib.cam.ac.uk/iiif/MS-TS-AR-00018-00001-00077,tsar18.177
MS-TS-AR-00018-00001-00078,http://cudl.lib.cam.ac.uk/iiif/MS-TS-AR-00018-00001-00078,tsar18.178
MS-TS-AR-00018-00001-00079,http://cudl.lib.cam.ac.uk/iiif/MS-TS-AR-00018-00001-00079,tsar18.179
MS-TS-AR-00018-00001-00080,http://cudl.lib.cam.ac.uk/iiif/MS-TS-AR-00018-00001-00080,tsar18.180
MS-TS-AR-00018-00001-00081,http://cudl.lib.cam.ac.uk/iiif/MS-TS-AR-00018-00001-00081,tsar18.181
MS-TS-AR-00018-00001-00082,http://cudl.lib.cam.ac.uk/iiif/MS-TS-AR-00018-00001-00082,tsar18.182
MS-TS-AR-00018-00001-00083,http://cudl.lib.cam.ac.uk/iiif/MS-TS-AR-00018-00001-00083,tsar18.183
MS-TS-AR-00018-00001-00084,http://cudl.lib.cam.ac.uk/iiif/MS-TS-AR-00018-00001-00084,tsar18.184
MS-TS-AR-00018-00001-00085,http://cudl.lib.cam.ac.uk/iiif/MS-TS-AR-00018-00001-00085,tsar18.185
MS-TS-AR-00018-00001-00086,http://cudl.lib.cam.ac.uk/iiif/MS-TS-AR-00018-00001-00086,tsar18.186
MS-TS-AR-00018-00001-00087,http://cudl.lib.cam.ac.uk/iiif/MS-TS-AR-00018-00001-00087,tsar18.187
MS-TS-AR-00018-00001-00088,http://cudl.lib.cam.ac.uk/iiif/MS-TS-AR-00018-00001-00088,tsar18.188
MS-TS-AR-00018-00001-00089,http://cudl.lib.cam.ac.uk/iiif/MS-TS-AR-00018-00001-00089,tsar18.189
MS-TS-AR-00018-00001-00090,http://cudl.lib.cam.ac.uk/iiif/MS-TS-AR-00018-00001-00090,tsar18.190
MS-TS-AR-00018-00001-00091,http://cudl.lib.cam.ac.uk/iiif/MS-TS-AR-00018-00001-00091,tsar18.191
MS-TS-AR-00018-00001-00092,http://cudl.lib.cam.ac.uk/iiif/MS-TS-AR-00018-00001-00092,tsar18.192
MS-TS-AR-00018-00001-00093,http://cudl.lib.cam.ac.uk/iiif/MS-TS-AR-00018-00001-00093,tsar18.193
MS-TS-AR-00018-00001-00094,http://cudl.lib.cam.ac.uk/iiif/MS-TS-AR-00018-00001-00094,tsar18.194
MS-TS-AR-00018-00001-00095,http://cudl.lib.cam.ac.uk/iiif/MS-TS-AR-00018-00001-00095,tsar18.195
MS-TS-AR-00018-00001-00096,http://cudl.lib.cam.ac.uk/iiif/MS-TS-AR-00018-00001-00096,tsar18.196
MS-TS-AR-00018-00001-00097,http://cudl.lib.cam.ac.uk/iiif/MS-TS-AR-00018-00001-00097,tsar18.197
MS-TS-AR-00018-00001-00098,http://cudl.lib.cam.ac.uk/iiif/MS-TS-AR-00018-00001-00098,tsar18.198
MS-TS-AR-00018-00001-00099,http://cudl.lib.cam.ac.uk/iiif/MS-TS-AR-00018-00001-00099,tsar18.199
MS-TS-AR-00018-00001-00100,http://cudl.lib.cam.ac.uk/iiif/MS-TS-AR-00018-00001-00100,tsar18.1100
MS-TS-AR-00018-00001-00101,http://cudl.lib.cam.ac.uk/iiif/MS-TS-AR-00018-00001-00101,tsar18.1101
MS-TS-AR-00018-00001-00102,http://cudl.lib.cam.ac.uk/iiif/MS-TS-AR-00018-00001-00102,tsar18.1102
MS-TS-AR-00018-00001-00103,http://cudl.lib.cam.ac.uk/iiif/MS-TS-AR-00018-00001-00103,tsar18.1103
MS-TS-AR-00018-00001-00104,http://cudl.lib.cam.ac.uk/iiif/MS-TS-AR-00018-00001-00104,tsar18.1104
MS-TS-AR-00018-00001-00105,http://cudl.lib.cam.ac.uk/iiif/MS-TS-AR-00018-00001-00105,tsar18.1105
MS-TS-AR-00018-00001-00106,http://cudl.lib.cam.ac.uk/iiif/MS-TS-AR-00018-00001-00106,tsar18.1106
MS-TS-AR-00018-00001-00107,http://cudl.lib.cam.ac.uk/iiif/MS-TS-AR-00018-00001-00107,tsar18.1107
MS-TS-AR-00018-00001-00108,http://cudl.lib.cam.ac.uk/iiif/MS-TS-AR-00018-00001-00108,tsar18.1108
MS-TS-AR-00018-00001-00109,http://cudl.lib.cam.ac.uk/iiif/MS-TS-AR-00018-00001-00109,tsar18.1109
MS-TS-AR-00018-00001-00110,http://cudl.lib.cam.ac.uk/iiif/MS-TS-AR-00018-00001-00110,tsar18.1110
MS-TS-AR-00018-00001-00111,http://cudl.lib.cam.ac.uk/iiif/MS-TS-AR-00018-00001-00111,tsar18.1111
MS-TS-AR-00018-00001-00112,http://cudl.lib.cam.ac.uk/iiif/MS-TS-AR-00018-00001-00112,tsar18.1112
MS-TS-AR-00018-00001-00113,http://cudl.lib.cam.ac.uk/iiif/MS-TS-AR-00018-00001-00113,tsar18.1113
MS-TS-AR-00018-00001-00114,http://cudl.lib.cam.ac.uk/iiif/MS-TS-AR-00018-00001-00114,tsar18.1114
MS-TS-AR-00018-00001-00115,http://cudl.lib.cam.ac.uk/iiif/MS-TS-AR-00018-00001-00115,tsar18.1115
MS-TS-AR-00018-00001-00116,http://cudl.lib.cam.ac.uk/iiif/MS-TS-AR-00018-00001-00116,tsar18.1116
MS-TS-AR-00018-00001-00117,http://cudl.lib.cam.ac.uk/iiif/MS-TS-AR-00018-00001-00117,tsar18.1117
MS-TS-AR-00018-00001-00118,http://cudl.lib.cam.ac.uk/iiif/MS-TS-AR-00018-00001-00118,tsar18.1118
MS-TS-AR-00018-00001-00119,http://cudl.lib.cam.ac.uk/iiif/MS-TS-AR-00018-00001-00119,tsar18.1119
MS-TS-AR-00018-00001-00120,http://cudl.lib.cam.ac.uk/iiif/MS-TS-AR-00018-00001-00120,tsar18.1120
MS-TS-AR-00018-00001-00121,http://cudl.lib.cam.ac.uk/iiif/MS-TS-AR-00018-00001-00121,tsar18.1121
MS-TS-AR-00018-00001-00122,http://cudl.lib.cam.ac.uk/iiif/MS-TS-AR-00018-00001-00122,tsar18.1122
MS-TS-AR-00018-00001-00123,http://cudl.lib.cam.ac.uk/iiif/MS-TS-AR-00018-00001-00123,tsar18.1123
MS-TS-AR-00018-00001-00124,http://cudl.lib.cam.ac.uk/iiif/MS-TS-AR-00018-00001-00124,tsar18.1124
MS-TS-AR-00018-00001-00125,http://cudl.lib.cam.ac.uk/iiif/MS-TS-AR-00018-00001-00125,tsar18.1125
MS-TS-AR-00018-00001-00126,http://cudl.lib.cam.ac.uk/iiif/MS-TS-AR-00018-00001-00126,tsar18.1126
MS-TS-AR-00018-00001-00127,http://cudl.lib.cam.ac.uk/iiif/MS-TS-AR-00018-00001-00127,tsar18.1127
MS-TS-AR-00018-00001-00128,http://cudl.lib.cam.ac.uk/iiif/MS-TS-AR-00018-00001-00128,tsar18.1128
MS-TS-AR-00018-00001-00129,http://cudl.lib.cam.ac.uk/iiif/MS-TS-AR-00018-00001-00129,tsar18.1129
MS-TS-AR-00018-00001-00130,http://cudl.lib.cam.ac.uk/iiif/MS-TS-AR-00018-00001-00130,tsar18.1130
MS-TS-AR-00018-00001-00131,http://cudl.lib.cam.ac.uk/iiif/MS-TS-AR-00018-00001-00131,tsar18.1131
MS-TS-AR-00018-00001-00132,http://cudl.lib.cam.ac.uk/iiif/MS-TS-AR-00018-00001-00132,tsar18.1132
MS-TS-AR-00018-00001-00133,http://cudl.lib.cam.ac.uk/iiif/MS-TS-AR-00018-00001-00133,tsar18.1133
MS-TS-AR-00018-00001-00134,http://cudl.lib.cam.ac.uk/iiif/MS-TS-AR-00018-00001-00134,tsar18.1134
MS-TS-AR-00018-00001-00135,http://cudl.lib.cam.ac.uk/iiif/MS-TS-AR-00018-00001-00135,tsar18.1135
MS-TS-AR-00018-00001-00136,http://cudl.lib.cam.ac.uk/iiif/MS-TS-AR-00018-00001-00136,tsar18.1136
MS-TS-AR-00018-00001-00137,http://cudl.lib.cam.ac.uk/iiif/MS-TS-AR-00018-00001-00137,tsar18.1137
MS-TS-AR-00018-00001-00138,http://cudl.lib.cam.ac.uk/iiif/MS-TS-AR-00018-00001-00138,tsar18.1138
MS-TS-AR-00018-00001-00139,http://cudl.lib.cam.ac.uk/iiif/MS-TS-AR-00018-00001-00139,tsar18.1139
MS-TS-AR-00018-00001-00140,http://cudl.lib.cam.ac.uk/iiif/MS-TS-AR-00018-00001-00140,tsar18.1140
MS-TS-AR-00018-00001-00141,http://cudl.lib.cam.ac.uk/iiif/MS-TS-AR-00018-00001-00141,tsar18.1141
MS-TS-AR-00018-00001-00142,http://cudl.lib.cam.ac.uk/iiif/MS-TS-AR-00018-00001-00142,tsar18.1142
MS-TS-AR-00018-00001-00143,http://cudl.lib.cam.ac.uk/iiif/MS-TS-AR-00018-00001-00143,tsar18.1143
MS-TS-AR-00018-00001-00144,http://cudl.lib.cam.ac.uk/iiif/MS-TS-AR-00018-00001-00144,tsar18.1144
MS-TS-AR-00018-00001-00145,http://cudl.lib.cam.ac.uk/iiif/MS-TS-AR-00018-00001-00145,tsar18.1145
MS-TS-AR-00018-00001-00146,http://cudl.lib.cam.ac.uk/iiif/MS-TS-AR-00018-00001-00146,tsar18.1146
MS-TS-AR-00018-00001-00147,http://cudl.lib.cam.ac.uk/iiif/MS-TS-AR-00018-00001-00147,tsar18.1147
MS-TS-AR-00018-00001-00148,http://cudl.lib.cam.ac.uk/iiif/MS-TS-AR-00018-00001-00148,tsar18.1148
MS-TS-AR-00018-00001-00149,http://cudl.lib.cam.ac.uk/iiif/MS-TS-AR-00018-00001-00149,tsar18.1149
MS-TS-AR-00018-00001-00150,http://cudl.lib.cam.ac.uk/iiif/MS-TS-AR-00018-00001-00150,tsar18.1150
MS-TS-AR-00018-00001-00151,http://cudl.lib.cam.ac.uk/iiif/MS-TS-AR-00018-00001-00151,tsar18.1151
MS-TS-AR-00018-00001-00152,http://cudl.lib.cam.ac.uk/iiif/MS-TS-AR-00018-00001-00152,tsar18.1152
MS-TS-AR-00018-00001-00153,http://cudl.lib.cam.ac.uk/iiif/MS-TS-AR-00018-00001-00153,tsar18.1153
MS-TS-AR-00018-00001-00154,http://cudl.lib.cam.ac.uk/iiif/MS-TS-AR-00018-00001-00154,tsar18.1154
MS-TS-AR-00018-00001-00155,http://cudl.lib.cam.ac.uk/iiif/MS-TS-AR-00018-00001-00155,tsar18.1155
MS-TS-AR-00018-00001-00156,http://cudl.lib.cam.ac.uk/iiif/MS-TS-AR-00018-00001-00156,tsar18.1156
MS-TS-AR-00018-00001-00157,http://cudl.lib.cam.ac.uk/iiif/MS-TS-AR-00018-00001-00157,tsar18.1157
MS-TS-AR-00018-00001-00158,http://cudl.lib.cam.ac.uk/iiif/MS-TS-AR-00018-00001-00158,tsar18.1158
MS-TS-AR-00018-00001-00159,http://cudl.lib.cam.ac.uk/iiif/MS-TS-AR-00018-00001-00159,tsar18.1159
MS-TS-AR-00018-00001-00160,http://cudl.lib.cam.ac.uk/iiif/MS-TS-AR-00018-00001-00160,tsar18.1160
MS-TS-AR-00018-00001-00161,http://cudl.lib.cam.ac.uk/iiif/MS-TS-AR-00018-00001-00161,tsar18.1161
MS-TS-AR-00018-00001-00162,http://cudl.lib.cam.ac.uk/iiif/MS-TS-AR-00018-00001-00162,tsar18.1162
MS-TS-AR-00018-00001-00163,http://cudl.lib.cam.ac.uk/iiif/MS-TS-AR-00018-00001-00163,tsar18.1163
MS-TS-AR-00018-00001-00164,http://cudl.lib.cam.ac.uk/iiif/MS-TS-AR-00018-00001-00164,tsar18.1164
MS-TS-AR-00018-00001-00165,http://cudl.lib.cam.ac.uk/iiif/MS-TS-AR-00018-00001-00165,tsar18.1165
MS-TS-AR-00018-00001-00166,http://cudl.lib.cam.ac.uk/iiif/MS-TS-AR-00018-00001-00166,tsar18.1166
MS-TS-AR-00018-00001-00167,http://cudl.lib.cam.ac.uk/iiif/MS-TS-AR-00018-00001-00167,tsar18.1167
MS-TS-AR-00018-00001-00168,http://cudl.lib.cam.ac.uk/iiif/MS-TS-AR-00018-00001-00168,tsar18.1168
MS-TS-AR-00018-00001-00169,http://cudl.lib.cam.ac.uk/iiif/MS-TS-AR-00018-00001-00169,tsar18.1169
MS-TS-AR-00018-00001-00170,http://cudl.lib.cam.ac.uk/iiif/MS-TS-AR-00018-00001-00170,tsar18.1170
MS-TS-AR-00018-00001-00171,http://cudl.lib.cam.ac.uk/iiif/MS-TS-AR-00018-00001-00171,tsar18.1171
MS-TS-AR-00018-00001-00172,http://cudl.lib.cam.ac.uk/iiif/MS-TS-AR-00018-00001-00172,tsar18.1172
MS-TS-AR-00018-00001-00173,http://cudl.lib.cam.ac.uk/iiif/MS-TS-AR-00018-00001-00173,tsar18.1173
MS-TS-AR-00018-00001-00174,http://cudl.lib.cam.ac.uk/iiif/MS-TS-AR-00018-00001-00174,tsar18.1174
MS-TS-AR-00018-00001-00175,http://cudl.lib.cam.ac.uk/iiif/MS-TS-AR-00018-00001-00175,tsar18.1175
MS-TS-AR-00018-00001-00176,http://cudl.lib.cam.ac.uk/iiif/MS-TS-AR-00018-00001-00176,tsar18.1176
MS-TS-AR-00018-00001-00177,http://cudl.lib.cam.ac.uk/iiif/MS-TS-AR-00018-00001-00177,tsar18.1177
MS-TS-AR-00018-00001-00178,http://cudl.lib.cam.ac.uk/iiif/MS-TS-AR-00018-00001-00178,tsar18.1178
MS-TS-AR-00018-00001-00179,http://cudl.lib.cam.ac.uk/iiif/MS-TS-AR-00018-00001-00179,tsar18.1179
MS-TS-AR-00018-00001-00180,http://cudl.lib.cam.ac.uk/iiif/MS-TS-AR-00018-00001-00180,tsar18.1180
MS-TS-AR-00018-00001-00181,http://cudl.lib.cam.ac.uk/iiif/MS-TS-AR-00018-00001-00181,tsar18.1181
MS-TS-AR-00018-00001-00182,http://cudl.lib.cam.ac.uk/iiif/MS-TS-AR-00018-00001-00182,tsar18.1182
MS-TS-AR-00018-00001-00183,http://cudl.lib.cam.ac.uk/iiif/MS-TS-AR-00018-00001-00183,tsar18.1183
MS-TS-AR-00018-00001-00184,http://cudl.lib.cam.ac.uk/iiif/MS-TS-AR-00018-00001-00184,tsar18.1184
MS-TS-AR-00018-00001-00185,http://cudl.lib.cam.ac.uk/iiif/MS-TS-AR-00018-00001-00185,tsar18.1185
MS-TS-AR-00018-00001-00186,http://cudl.lib.cam.ac.uk/iiif/MS-TS-AR-00018-00001-00186,tsar18.1186
MS-TS-AR-00018-00001-00187,http://cudl.lib.cam.ac.uk/iiif/MS-TS-AR-00018-00001-00187,tsar18.1187
MS-TS-AR-00018-00001-00188,http://cudl.lib.cam.ac.uk/iiif/MS-TS-AR-00018-00001-00188,tsar18.1188
MS-TS-AR-00018-00001-00189,http://cudl.lib.cam.ac.uk/iiif/MS-TS-AR-00018-00001-00189,tsar18.1189
MS-TS-AR-00018-00002-00001,http://cudl.lib.cam.ac.uk/iiif/MS-TS-AR-00018-00002-00001,tsar18.21
MS-TS-AR-00018-00002-00002,http://cudl.lib.cam.ac.uk/iiif/MS-TS-AR-00018-00002-00002,tsar18.22
MS-TS-AR-00018-00002-00003,http://cudl.lib.cam.ac.uk/iiif/MS-TS-AR-00018-00002-00003,tsar18.23
MS-TS-AR-00018-00002-00004,http://cudl.lib.cam.ac.uk/iiif/MS-TS-AR-00018-00002-00004,tsar18.24
MS-TS-AR-00018-00002-00005,http://cudl.lib.cam.ac.uk/iiif/MS-TS-AR-00018-00002-00005,tsar18.25
MS-TS-AR-00018-00002-00006,http://cudl.lib.cam.ac.uk/iiif/MS-TS-AR-00018-00002-00006,tsar18.26
MS-TS-AR-00018-00002-00007,http://cudl.lib.cam.ac.uk/iiif/MS-TS-AR-00018-00002-00007,tsar18.27
MS-TS-AR-00018-00002-00008,http://cudl.lib.cam.ac.uk/iiif/MS-TS-AR-00018-00002-00008,tsar18.28
MS-TS-AR-00018-00002-00009,http://cudl.lib.cam.ac.uk/iiif/MS-TS-AR-00018-00002-00009,tsar18.29
MS-TS-AR-00018-00002-00010,http://cudl.lib.cam.ac.uk/iiif/MS-TS-AR-00018-00002-00010,tsar18.210
MS-TS-AR-00018-00002-00011,http://cudl.lib.cam.ac.uk/iiif/MS-TS-AR-00018-00002-00011,tsar18.211
MS-TS-AR-00018-00002-00012,http://cudl.lib.cam.ac.uk/iiif/MS-TS-AR-00018-00002-00012,tsar18.212
MS-TS-AR-00018-00002-00013,http://cudl.lib.cam.ac.uk/iiif/MS-TS-AR-00018-00002-00013,tsar18.213
MS-TS-AR-00018-00002-00014,http://cudl.lib.cam.ac.uk/iiif/MS-TS-AR-00018-00002-00014,tsar18.214
MS-TS-AR-00018-00002-00015,http://cudl.lib.cam.ac.uk/iiif/MS-TS-AR-00018-00002-00015,tsar18.215
MS-TS-AR-00018-00002-00016,http://cudl.lib.cam.ac.uk/iiif/MS-TS-AR-00018-00002-00016,tsar18.216
MS-TS-AR-00018-00002-00017,http://cudl.lib.cam.ac.uk/iiif/MS-TS-AR-00018-00002-00017,tsar18.217
MS-TS-AR-00018-00002-00018,http://cudl.lib.cam.ac.uk/iiif/MS-TS-AR-00018-00002-00018,tsar18.218
MS-TS-AR-00018-00002-00019,http://cudl.lib.cam.ac.uk/iiif/MS-TS-AR-00018-00002-00019,tsar18.219
MS-TS-AR-00018-00002-00020,http://cudl.lib.cam.ac.uk/iiif/MS-TS-AR-00018-00002-00020,tsar18.220
MS-TS-AR-00018-00002-00021,http://cudl.lib.cam.ac.uk/iiif/MS-TS-AR-00018-00002-00021,tsar18.221
MS-TS-AR-00018-00002-00022,http://cudl.lib.cam.ac.uk/iiif/MS-TS-AR-00018-00002-00022,tsar18.222
MS-TS-AR-00018-00002-00023,http://cudl.lib.cam.ac.uk/iiif/MS-TS-AR-00018-00002-00023,tsar18.223
MS-TS-AR-00018-00002-00024,http://cudl.lib.cam.ac.uk/iiif/MS-TS-AR-00018-00002-00024,tsar18.224
MS-TS-AR-00018-00002-00025,http://cudl.lib.cam.ac.uk/iiif/MS-TS-AR-00018-00002-00025,tsar18.225
MS-TS-AR-00018-00002-00026,http://cudl.lib.cam.ac.uk/iiif/MS-TS-AR-00018-00002-00026,tsar18.226
MS-TS-AR-00018-00002-00027,http://cudl.lib.cam.ac.uk/iiif/MS-TS-AR-00018-00002-00027,tsar18.227
MS-TS-AR-00018-00002-00028,http://cudl.lib.cam.ac.uk/iiif/MS-TS-AR-00018-00002-00028,tsar18.228
MS-TS-AR-00018-00002-00029,http://cudl.lib.cam.ac.uk/iiif/MS-TS-AR-00018-00002-00029,tsar18.229
MS-TS-AR-00018-00002-00030,http://cudl.lib.cam.ac.uk/iiif/MS-TS-AR-00018-00002-00030,tsar18.230
MS-TS-AR-00018-00002-00031,http://cudl.lib.cam.ac.uk/iiif/MS-TS-AR-00018-00002-00031,tsar18.231
MS-TS-AR-00018-00002-00032,http://cudl.lib.cam.ac.uk/iiif/MS-TS-AR-00018-00002-00032,tsar18.232
MS-TS-AR-00018-00002-00033,http://cudl.lib.cam.ac.uk/iiif/MS-TS-AR-00018-00002-00033,tsar18.233
MS-TS-AR-00018-00002-00034,http://cudl.lib.cam.ac.uk/iiif/MS-TS-AR-00018-00002-00034,tsar18.234
MS-TS-AR-00018-00002-00035,http://cudl.lib.cam.ac.uk/iiif/MS-TS-AR-00018-00002-00035,tsar18.235
MS-TS-AR-00018-00002-00036,http://cudl.lib.cam.ac.uk/iiif/MS-TS-AR-00018-00002-00036,tsar18.236
MS-TS-AR-00018-00002-00037,http://cudl.lib.cam.ac.uk/iiif/MS-TS-AR-00018-00002-00037,tsar18.237
MS-TS-AR-00018-00002-00038,http://cudl.lib.cam.ac.uk/iiif/MS-TS-AR-00018-00002-00038,tsar18.238
MS-TS-AR-00018-00002-00039,http://cudl.lib.cam.ac.uk/iiif/MS-TS-AR-00018-00002-00039,tsar18.239
MS-TS-AR-00018-00002-00040,http://cudl.lib.cam.ac.uk/iiif/MS-TS-AR-00018-00002-00040,tsar18.240
MS-TS-AR-00018-00002-00041,http://cudl.lib.cam.ac.uk/iiif/MS-TS-AR-00018-00002-00041,tsar18.241
MS-TS-AR-00018-00002-00042,http://cudl.lib.cam.ac.uk/iiif/MS-TS-AR-00018-00002-00042,tsar18.242
MS-TS-AR-00018-00002-00043,http://cudl.lib.cam.ac.uk/iiif/MS-TS-AR-00018-00002-00043,tsar18.243
MS-TS-AR-00018-00002-00044,http://cudl.lib.cam.ac.uk/iiif/MS-TS-AR-00018-00002-00044,tsar18.244
MS-TS-AR-00018-00002-00045,http://cudl.lib.cam.ac.uk/iiif/MS-TS-AR-00018-00002-00045,tsar18.245
MS-TS-AR-00018-00002-00047,http://cudl.lib.cam.ac.uk/iiif/MS-TS-AR-00018-00002-00047,tsar18.247
MS-TS-AR-00018-00002-00048,http://cudl.lib.cam.ac.uk/iiif/MS-TS-AR-00018-00002-00048,tsar18.248
MS-TS-AR-00018-00002-00049,http://cudl.lib.cam.ac.uk/iiif/MS-TS-AR-00018-00002-00049,tsar18.249
MS-TS-AR-00018-00002-00050,http://cudl.lib.cam.ac.uk/iiif/MS-TS-AR-00018-00002-00050,tsar18.250
MS-TS-AR-00018-00002-00051,http://cudl.lib.cam.ac.uk/iiif/MS-TS-AR-00018-00002-00051,tsar18.251
MS-TS-AR-00018-00002-00052,http://cudl.lib.cam.ac.uk/iiif/MS-TS-AR-00018-00002-00052,tsar18.252
MS-TS-AR-00018-00002-00053-A,http://cudl.lib.cam.ac.uk/iiif/MS-TS-AR-00018-00002-00053-A,tsar18.253a
MS-TS-AR-00018-00002-00053,http://cudl.lib.cam.ac.uk/iiif/MS-TS-AR-00018-00002-00053,tsar18.253
MS-TS-AR-00018-00002-00054,http://cudl.lib.cam.ac.uk/iiif/MS-TS-AR-00018-00002-00054,tsar18.254
MS-TS-AR-00018-00002-00055,http://cudl.lib.cam.ac.uk/iiif/MS-TS-AR-00018-00002-00055,tsar18.255
MS-TS-AR-00018-00002-00056,http://cudl.lib.cam.ac.uk/iiif/MS-TS-AR-00018-00002-00056,tsar18.256
MS-TS-AR-00018-00002-00057,http://cudl.lib.cam.ac.uk/iiif/MS-TS-AR-00018-00002-00057,tsar18.257
MS-TS-AR-00018-00002-00058,http://cudl.lib.cam.ac.uk/iiif/MS-TS-AR-00018-00002-00058,tsar18.258
MS-TS-AR-00018-00002-00059,http://cudl.lib.cam.ac.uk/iiif/MS-TS-AR-00018-00002-00059,tsar18.259
MS-TS-AR-00018-00002-00060,http://cudl.lib.cam.ac.uk/iiif/MS-TS-AR-00018-00002-00060,tsar18.260
MS-TS-AR-00018-00002-00061,http://cudl.lib.cam.ac.uk/iiif/MS-TS-AR-00018-00002-00061,tsar18.261
MS-TS-AR-00018-00002-00062,http://cudl.lib.cam.ac.uk/iiif/MS-TS-AR-00018-00002-00062,tsar18.262
MS-TS-AR-00018-00002-00063,http://cudl.lib.cam.ac.uk/iiif/MS-TS-AR-00018-00002-00063,tsar18.263
MS-TS-AR-00018-00002-00064,http://cudl.lib.cam.ac.uk/iiif/MS-TS-AR-00018-00002-00064,tsar18.264
MS-TS-AR-00018-00002-00065,http://cudl.lib.cam.ac.uk/iiif/MS-TS-AR-00018-00002-00065,tsar18.265
MS-TS-AR-00018-00002-00066,http://cudl.lib.cam.ac.uk/iiif/MS-TS-AR-00018-00002-00066,tsar18.266
MS-TS-AR-00018-00002-00067,http://cudl.lib.cam.ac.uk/iiif/MS-TS-AR-00018-00002-00067,tsar18.267
MS-TS-AR-00018-00002-00068,http://cudl.lib.cam.ac.uk/iiif/MS-TS-AR-00018-00002-00068,tsar18.268
MS-TS-AR-00018-00002-00069,http://cudl.lib.cam.ac.uk/iiif/MS-TS-AR-00018-00002-00069,tsar18.269
MS-TS-AR-00018-00002-00070,http://cudl.lib.cam.ac.uk/iiif/MS-TS-AR-00018-00002-00070,tsar18.270
MS-TS-AR-00018-00002-00071,http://cudl.lib.cam.ac.uk/iiif/MS-TS-AR-00018-00002-00071,tsar18.271
MS-TS-AR-00018-00002-00072,http://cudl.lib.cam.ac.uk/iiif/MS-TS-AR-00018-00002-00072,tsar18.272
MS-TS-AR-00018-00002-00073,http://cudl.lib.cam.ac.uk/iiif/MS-TS-AR-00018-00002-00073,tsar18.273
MS-TS-AR-00018-00002-00074,http://cudl.lib.cam.ac.uk/iiif/MS-TS-AR-00018-00002-00074,tsar18.274
MS-TS-AR-00018-00002-00075,http://cudl.lib.cam.ac.uk/iiif/MS-TS-AR-00018-00002-00075,tsar18.275
MS-TS-AR-00018-00002-00076,http://cudl.lib.cam.ac.uk/iiif/MS-TS-AR-00018-00002-00076,tsar18.276
MS-TS-AR-00018-00002-00077,http://cudl.lib.cam.ac.uk/iiif/MS-TS-AR-00018-00002-00077,tsar18.277
MS-TS-AR-00018-00002-00078,http://cudl.lib.cam.ac.uk/iiif/MS-TS-AR-00018-00002-00078,tsar18.278
MS-TS-AR-00018-00002-00079,http://cudl.lib.cam.ac.uk/iiif/MS-TS-AR-00018-00002-00079,tsar18.279
MS-TS-AR-00018-00002-00080,http://cudl.lib.cam.ac.uk/iiif/MS-TS-AR-00018-00002-00080,tsar18.280
MS-TS-AR-00018-00002-00081,http://cudl.lib.cam.ac.uk/iiif/MS-TS-AR-00018-00002-00081,tsar18.281
MS-TS-AR-00018-00002-00082,http://cudl.lib.cam.ac.uk/iiif/MS-TS-AR-00018-00002-00082,tsar18.282
MS-TS-AR-00018-00002-00083,http://cudl.lib.cam.ac.uk/iiif/MS-TS-AR-00018-00002-00083,tsar18.283
MS-TS-AR-00018-00002-00084,http://cudl.lib.cam.ac.uk/iiif/MS-TS-AR-00018-00002-00084,tsar18.284
MS-TS-AR-00018-00002-00085,http://cudl.lib.cam.ac.uk/iiif/MS-TS-AR-00018-00002-00085,tsar18.285
MS-TS-AR-00018-00002-00086,http://cudl.lib.cam.ac.uk/iiif/MS-TS-AR-00018-00002-00086,tsar18.286
MS-TS-AR-00018-00002-00087,http://cudl.lib.cam.ac.uk/iiif/MS-TS-AR-00018-00002-00087,tsar18.287
MS-TS-AR-00018-00002-00088,http://cudl.lib.cam.ac.uk/iiif/MS-TS-AR-00018-00002-00088,tsar18.288
MS-TS-AR-00018-00002-00089,http://cudl.lib.cam.ac.uk/iiif/MS-TS-AR-00018-00002-00089,tsar18.289
MS-TS-AR-00018-00002-00090,http://cudl.lib.cam.ac.uk/iiif/MS-TS-AR-00018-00002-00090,tsar18.290
MS-TS-AR-00018-00002-00091,http://cudl.lib.cam.ac.uk/iiif/MS-TS-AR-00018-00002-00091,tsar18.291
MS-TS-AR-00018-00002-00092,http://cudl.lib.cam.ac.uk/iiif/MS-TS-AR-00018-00002-00092,tsar18.292
MS-TS-AR-00018-00002-00093,http://cudl.lib.cam.ac.uk/iiif/MS-TS-AR-00018-00002-00093,tsar18.293
MS-TS-AR-00018-00002-00094,http://cudl.lib.cam.ac.uk/iiif/MS-TS-AR-00018-00002-00094,tsar18.294
MS-TS-AR-00018-00002-00095,http://cudl.lib.cam.ac.uk/iiif/MS-TS-AR-00018-00002-00095,tsar18.295
MS-TS-AR-00018-00002-00096,http://cudl.lib.cam.ac.uk/iiif/MS-TS-AR-00018-00002-00096,tsar18.296
MS-TS-AR-00018-00002-00097,http://cudl.lib.cam.ac.uk/iiif/MS-TS-AR-00018-00002-00097,tsar18.297
MS-TS-AR-00018-00002-00098,http://cudl.lib.cam.ac.uk/iiif/MS-TS-AR-00018-00002-00098,tsar18.298
MS-TS-AR-00018-00002-00099,http://cudl.lib.cam.ac.uk/iiif/MS-TS-AR-00018-00002-00099,tsar18.299
MS-TS-AR-00018-00002-00100,http://cudl.lib.cam.ac.uk/iiif/MS-TS-AR-00018-00002-00100,tsar18.2100
MS-TS-AR-00018-00002-00101,http://cudl.lib.cam.ac.uk/iiif/MS-TS-AR-00018-00002-00101,tsar18.2101
MS-TS-AR-00018-00002-00102,http://cudl.lib.cam.ac.uk/iiif/MS-TS-AR-00018-00002-00102,tsar18.2102
MS-TS-AR-00018-00002-00103,http://cudl.lib.cam.ac.uk/iiif/MS-TS-AR-00018-00002-00103,tsar18.2103
MS-TS-AR-00018-00002-00104,http://cudl.lib.cam.ac.uk/iiif/MS-TS-AR-00018-00002-00104,tsar18.2104
MS-TS-AR-00018-00002-00105,http://cudl.lib.cam.ac.uk/iiif/MS-TS-AR-00018-00002-00105,tsar18.2105
MS-TS-AR-00018-00002-00106,http://cudl.lib.cam.ac.uk/iiif/MS-TS-AR-00018-00002-00106,tsar18.2106
MS-TS-AR-00018-00002-00107,http://cudl.lib.cam.ac.uk/iiif/MS-TS-AR-00018-00002-00107,tsar18.2107
MS-TS-AR-00018-00002-00108,http://cudl.lib.cam.ac.uk/iiif/MS-TS-AR-00018-00002-00108,tsar18.2108
MS-TS-AR-00018-00002-00109,http://cudl.lib.cam.ac.uk/iiif/MS-TS-AR-00018-00002-00109,tsar18.2109
MS-TS-AR-00018-00002-00110,http://cudl.lib.cam.ac.uk/iiif/MS-TS-AR-00018-00002-00110,tsar18.2110
MS-TS-AR-00018-00002-00111,http://cudl.lib.cam.ac.uk/iiif/MS-TS-AR-00018-00002-00111,tsar18.2111
MS-TS-AR-00018-00002-00112,http://cudl.lib.cam.ac.uk/iiif/MS-TS-AR-00018-00002-00112,tsar18.2112
MS-TS-AR-00018-00002-00113,http://cudl.lib.cam.ac.uk/iiif/MS-TS-AR-00018-00002-00113,tsar18.2113
MS-TS-AR-00018-00002-00114,http://cudl.lib.cam.ac.uk/iiif/MS-TS-AR-00018-00002-00114,tsar18.2114
MS-TS-AR-00018-00002-00115,http://cudl.lib.cam.ac.uk/iiif/MS-TS-AR-00018-00002-00115,tsar18.2115
MS-TS-AR-00018-00002-00116,http://cudl.lib.cam.ac.uk/iiif/MS-TS-AR-00018-00002-00116,tsar18.2116
MS-TS-AR-00018-00002-00117,http://cudl.lib.cam.ac.uk/iiif/MS-TS-AR-00018-00002-00117,tsar18.2117
MS-TS-AR-00018-00002-00118,http://cudl.lib.cam.ac.uk/iiif/MS-TS-AR-00018-00002-00118,tsar18.2118
MS-TS-AR-00018-00002-00119,http://cudl.lib.cam.ac.uk/iiif/MS-TS-AR-00018-00002-00119,tsar18.2119
MS-TS-AR-00018-00002-00120,http://cudl.lib.cam.ac.uk/iiif/MS-TS-AR-00018-00002-00120,tsar18.2120
MS-TS-AR-00018-00002-00121,http://cudl.lib.cam.ac.uk/iiif/MS-TS-AR-00018-00002-00121,tsar18.2121
MS-TS-AR-00018-00002-00122,http://cudl.lib.cam.ac.uk/iiif/MS-TS-AR-00018-00002-00122,tsar18.2122
MS-TS-AR-00018-00002-00123,http://cudl.lib.cam.ac.uk/iiif/MS-TS-AR-00018-00002-00123,tsar18.2123
MS-TS-AR-00018-00002-00124,http://cudl.lib.cam.ac.uk/iiif/MS-TS-AR-00018-00002-00124,tsar18.2124
MS-TS-AR-00018-00002-00125,http://cudl.lib.cam.ac.uk/iiif/MS-TS-AR-00018-00002-00125,tsar18.2125
MS-TS-AR-00018-00002-00126,http://cudl.lib.cam.ac.uk/iiif/MS-TS-AR-00018-00002-00126,tsar18.2126
MS-TS-AR-00018-00002-00127,http://cudl.lib.cam.ac.uk/iiif/MS-TS-AR-00018-00002-00127,tsar18.2127
MS-TS-AR-00018-00002-00128,http://cudl.lib.cam.ac.uk/iiif/MS-TS-AR-00018-00002-00128,tsar18.2128
MS-TS-AR-00018-00002-00129,http://cudl.lib.cam.ac.uk/iiif/MS-TS-AR-00018-00002-00129,tsar18.2129
MS-TS-AR-00018-00002-00130,http://cudl.lib.cam.ac.uk/iiif/MS-TS-AR-00018-00002-00130,tsar18.2130
MS-TS-AR-00018-00002-00131,http://cudl.lib.cam.ac.uk/iiif/MS-TS-AR-00018-00002-00131,tsar18.2131
MS-TS-AR-00018-00002-00132,http://cudl.lib.cam.ac.uk/iiif/MS-TS-AR-00018-00002-00132,tsar18.2132
MS-TS-AR-00018-00002-00133,http://cudl.lib.cam.ac.uk/iiif/MS-TS-AR-00018-00002-00133,tsar18.2133
MS-TS-AR-00018-00002-00134,http://cudl.lib.cam.ac.uk/iiif/MS-TS-AR-00018-00002-00134,tsar18.2134
MS-TS-AR-00018-00002-00135,http://cudl.lib.cam.ac.uk/iiif/MS-TS-AR-00018-00002-00135,tsar18.2135
MS-TS-AR-00018-00002-00136,http://cudl.lib.cam.ac.uk/iiif/MS-TS-AR-00018-00002-00136,tsar18.2136
MS-TS-AR-00018-00002-00137,http://cudl.lib.cam.ac.uk/iiif/MS-TS-AR-00018-00002-00137,tsar18.2137
MS-TS-AR-00018-00002-00138,http://cudl.lib.cam.ac.uk/iiif/MS-TS-AR-00018-00002-00138,tsar18.2138
MS-TS-AR-00018-00002-00139,http://cudl.lib.cam.ac.uk/iiif/MS-TS-AR-00018-00002-00139,tsar18.2139
MS-TS-AR-00018-00002-00140,http://cudl.lib.cam.ac.uk/iiif/MS-TS-AR-00018-00002-00140,tsar18.2140
MS-TS-AR-00018-00002-00141,http://cudl.lib.cam.ac.uk/iiif/MS-TS-AR-00018-00002-00141,tsar18.2141
MS-TS-AR-00018-00002-00142,http://cudl.lib.cam.ac.uk/iiif/MS-TS-AR-00018-00002-00142,tsar18.2142
MS-TS-AR-00018-00002-00143,http://cudl.lib.cam.ac.uk/iiif/MS-TS-AR-00018-00002-00143,tsar18.2143
MS-TS-AR-00018-00002-00144,http://cudl.lib.cam.ac.uk/iiif/MS-TS-AR-00018-00002-00144,tsar18.2144
MS-TS-AR-00018-00002-00145,http://cudl.lib.cam.ac.uk/iiif/MS-TS-AR-00018-00002-00145,tsar18.2145
MS-TS-AR-00018-00002-00146,http://cudl.lib.cam.ac.uk/iiif/MS-TS-AR-00018-00002-00146,tsar18.2146
MS-TS-AR-00018-00002-00147,http://cudl.lib.cam.ac.uk/iiif/MS-TS-AR-00018-00002-00147,tsar18.2147
MS-TS-AR-00018-00002-00148,http://cudl.lib.cam.ac.uk/iiif/MS-TS-AR-00018-00002-00148,tsar18.2148
MS-TS-AR-00018-00002-00149,http://cudl.lib.cam.ac.uk/iiif/MS-TS-AR-00018-00002-00149,tsar18.2149
MS-TS-AR-00018-00002-00150,http://cudl.lib.cam.ac.uk/iiif/MS-TS-AR-00018-00002-00150,tsar18.2150
MS-TS-AR-00018-00002-00151,http://cudl.lib.cam.ac.uk/iiif/MS-TS-AR-00018-00002-00151,tsar18.2151
MS-TS-AR-00018-00002-00152,http://cudl.lib.cam.ac.uk/iiif/MS-TS-AR-00018-00002-00152,tsar18.2152
MS-TS-AR-00018-00002-00153,http://cudl.lib.cam.ac.uk/iiif/MS-TS-AR-00018-00002-00153,tsar18.2153
MS-TS-AR-00018-00002-00154,http://cudl.lib.cam.ac.uk/iiif/MS-TS-AR-00018-00002-00154,tsar18.2154
MS-TS-AR-00018-00002-00155,http://cudl.lib.cam.ac.uk/iiif/MS-TS-AR-00018-00002-00155,tsar18.2155
MS-TS-AR-00018-00002-00156,http://cudl.lib.cam.ac.uk/iiif/MS-TS-AR-00018-00002-00156,tsar18.2156
MS-TS-AR-00018-00002-00157,http://cudl.lib.cam.ac.uk/iiif/MS-TS-AR-00018-00002-00157,tsar18.2157
MS-TS-AR-00018-00002-00158,http://cudl.lib.cam.ac.uk/iiif/MS-TS-AR-00018-00002-00158,tsar18.2158
MS-TS-AR-00018-00002-00159,http://cudl.lib.cam.ac.uk/iiif/MS-TS-AR-00018-00002-00159,tsar18.2159
MS-TS-AR-00018-00002-00160,http://cudl.lib.cam.ac.uk/iiif/MS-TS-AR-00018-00002-00160,tsar18.2160
MS-TS-AR-00018-00002-00161,http://cudl.lib.cam.ac.uk/iiif/MS-TS-AR-00018-00002-00161,tsar18.2161
MS-TS-AR-00018-00002-00162,http://cudl.lib.cam.ac.uk/iiif/MS-TS-AR-00018-00002-00162,tsar18.2162
MS-TS-AR-00018-00002-00163,http://cudl.lib.cam.ac.uk/iiif/MS-TS-AR-00018-00002-00163,tsar18.2163
MS-TS-AR-00018-00002-00164,http://cudl.lib.cam.ac.uk/iiif/MS-TS-AR-00018-00002-00164,tsar18.2164
MS-TS-AR-00018-00002-00165,http://cudl.lib.cam.ac.uk/iiif/MS-TS-AR-00018-00002-00165,tsar18.2165
MS-TS-AR-00018-00002-00166,http://cudl.lib.cam.ac.uk/iiif/MS-TS-AR-00018-00002-00166,tsar18.2166
MS-TS-AR-00018-00002-00167,http://cudl.lib.cam.ac.uk/iiif/MS-TS-AR-00018-00002-00167,tsar18.2167
MS-TS-AR-00018-00002-00168,http://cudl.lib.cam.ac.uk/iiif/MS-TS-AR-00018-00002-00168,tsar18.2168
MS-TS-AR-00018-00002-00169,http://cudl.lib.cam.ac.uk/iiif/MS-TS-AR-00018-00002-00169,tsar18.2169
MS-TS-AR-00018-00002-00170,http://cudl.lib.cam.ac.uk/iiif/MS-TS-AR-00018-00002-00170,tsar18.2170
MS-TS-AR-00018-00002-00171,http://cudl.lib.cam.ac.uk/iiif/MS-TS-AR-00018-00002-00171,tsar18.2171
MS-TS-AR-00018-00002-00172,http://cudl.lib.cam.ac.uk/iiif/MS-TS-AR-00018-00002-00172,tsar18.2172
MS-TS-AR-00018-00002-00173,http://cudl.lib.cam.ac.uk/iiif/MS-TS-AR-00018-00002-00173,tsar18.2173
MS-TS-AR-00018-00002-00174,http://cudl.lib.cam.ac.uk/iiif/MS-TS-AR-00018-00002-00174,tsar18.2174
MS-TS-AR-00018-00002-00175,http://cudl.lib.cam.ac.uk/iiif/MS-TS-AR-00018-00002-00175,tsar18.2175
MS-TS-AR-00018-00002-00176,http://cudl.lib.cam.ac.uk/iiif/MS-TS-AR-00018-00002-00176,tsar18.2176
MS-TS-AR-00018-00002-00177,http://cudl.lib.cam.ac.uk/iiif/MS-TS-AR-00018-00002-00177,tsar18.2177
MS-TS-AR-00018-00002-00178,http://cudl.lib.cam.ac.uk/iiif/MS-TS-AR-00018-00002-00178,tsar18.2178
MS-TS-AR-00018-00002-00179,http://cudl.lib.cam.ac.uk/iiif/MS-TS-AR-00018-00002-00179,tsar18.2179
MS-TS-AR-00018-00002-00180,http://cudl.lib.cam.ac.uk/iiif/MS-TS-AR-00018-00002-00180,tsar18.2180
MS-TS-AR-00018-00002-00181,http://cudl.lib.cam.ac.uk/iiif/MS-TS-AR-00018-00002-00181,tsar18.2181
MS-TS-AR-00018-00002-00182,http://cudl.lib.cam.ac.uk/iiif/MS-TS-AR-00018-00002-00182,tsar18.2182
MS-TS-AR-00018-00002-00183,http://cudl.lib.cam.ac.uk/iiif/MS-TS-AR-00018-00002-00183,tsar18.2183
MS-TS-AR-00018-00002-00184,http://cudl.lib.cam.ac.uk/iiif/MS-TS-AR-00018-00002-00184,tsar18.2184
MS-TS-AR-00018-00002-00185,http://cudl.lib.cam.ac.uk/iiif/MS-TS-AR-00018-00002-00185,tsar18.2185
MS-TS-AR-00018-00002-00186,http://cudl.lib.cam.ac.uk/iiif/MS-TS-AR-00018-00002-00186,tsar18.2186
MS-TS-AR-00018-00002-00187,http://cudl.lib.cam.ac.uk/iiif/MS-TS-AR-00018-00002-00187,tsar18.2187
MS-TS-AR-00018-00002-00188,http://cudl.lib.cam.ac.uk/iiif/MS-TS-AR-00018-00002-00188,tsar18.2188
MS-TS-AR-00018-00002-00189,http://cudl.lib.cam.ac.uk/iiif/MS-TS-AR-00018-00002-00189,tsar18.2189
MS-TS-AR-00018-00002-00190,http://cudl.lib.cam.ac.uk/iiif/MS-TS-AR-00018-00002-00190,tsar18.2190
MS-TS-AR-00018-00002-00191,http://cudl.lib.cam.ac.uk/iiif/MS-TS-AR-00018-00002-00191,tsar18.2191
MS-TS-AR-00018-00002-00192,http://cudl.lib.cam.ac.uk/iiif/MS-TS-AR-00018-00002-00192,tsar18.2192
MS-TS-AR-00018-00002-00193,http://cudl.lib.cam.ac.uk/iiif/MS-TS-AR-00018-00002-00193,tsar18.2193
MS-TS-AR-00018-00002-00194,http://cudl.lib.cam.ac.uk/iiif/MS-TS-AR-00018-00002-00194,tsar18.2194
MS-TS-AR-00018-00002-00195,http://cudl.lib.cam.ac.uk/iiif/MS-TS-AR-00018-00002-00195,tsar18.2195
MS-TS-AR-00018-00002-00196,http://cudl.lib.cam.ac.uk/iiif/MS-TS-AR-00018-00002-00196,tsar18.2196
MS-TS-AR-00028-00164,http://cudl.lib.cam.ac.uk/iiif/MS-TS-AR-00028-00164,tsar28.164
MS-TS-AR-00030-00184-P-00001,http://cudl.lib.cam.ac.uk/iiif/MS-TS-AR-00030-00184-P-00001,tsar30.184p1
MS-TS-AR-00030-00184-P-00002,http://cudl.lib.cam.ac.uk/iiif/MS-TS-AR-00030-00184-P-00002,tsar30.184p2
MS-TS-AR-00030-00184-P-00003,http://cudl.lib.cam.ac.uk/iiif/MS-TS-AR-00030-00184-P-00003,tsar30.184p3
MS-TS-AR-00030-00184-P-00004,http://cudl.lib.cam.ac.uk/iiif/MS-TS-AR-00030-00184-P-00004,tsar30.184p4
MS-TS-AR-00030-00184-P-00005,http://cudl.lib.cam.ac.uk/iiif/MS-TS-AR-00030-00184-P-00005,tsar30.184p5
MS-TS-AR-00030-00184-P-00006,http://cudl.lib.cam.ac.uk/iiif/MS-TS-AR-00030-00184-P-00006,tsar30.184p6
MS-TS-AR-00030-00184-P-00007,http://cudl.lib.cam.ac.uk/iiif/MS-TS-AR-00030-00184-P-00007,tsar30.184p7
MS-TS-AR-00030-00184-P-00008,http://cudl.lib.cam.ac.uk/iiif/MS-TS-AR-00030-00184-P-00008,tsar30.184p8
MS-TS-AR-00030-00184-P-00009,http://cudl.lib.cam.ac.uk/iiif/MS-TS-AR-00030-00184-P-00009,tsar30.184p9
MS-TS-AR-00030-00184-P-00010,http://cudl.lib.cam.ac.uk/iiif/MS-TS-AR-00030-00184-P-00010,tsar30.184p10
MS-TS-AR-00030-00184-P-00011,http://cudl.lib.cam.ac.uk/iiif/MS-TS-AR-00030-00184-P-00011,tsar30.184p11
MS-TS-AR-00030-00184-P-00012,http://cudl.lib.cam.ac.uk/iiif/MS-TS-AR-00030-00184-P-00012,tsar30.184p12
MS-TS-AR-00030-00184-P-00013,http://cudl.lib.cam.ac.uk/iiif/MS-TS-AR-00030-00184-P-00013,tsar30.184p13
MS-TS-AR-00030-00184-P-00014,http://cudl.lib.cam.ac.uk/iiif/MS-TS-AR-00030-00184-P-00014,tsar30.184p14
MS-TS-AR-00030-00184-P-00015,http://cudl.lib.cam.ac.uk/iiif/MS-TS-AR-00030-00184-P-00015,tsar30.184p15
MS-TS-AR-00030-00184-P-00016,http://cudl.lib.cam.ac.uk/iiif/MS-TS-AR-00030-00184-P-00016,tsar30.184p16
MS-TS-AR-00030-00184-P-00017,http://cudl.lib.cam.ac.uk/iiif/MS-TS-AR-00030-00184-P-00017,tsar30.184p17
MS-TS-AR-00030-00184-P-00018,http://cudl.lib.cam.ac.uk/iiif/MS-TS-AR-00030-00184-P-00018,tsar30.184p18
MS-TS-AR-00030-00184-P-00019,http://cudl.lib.cam.ac.uk/iiif/MS-TS-AR-00030-00184-P-00019,tsar30.184p19
MS-TS-AR-00030-00184-P-00020,http://cudl.lib.cam.ac.uk/iiif/MS-TS-AR-00030-00184-P-00020,tsar30.184p20
MS-TS-AR-00039-00324,http://cudl.lib.cam.ac.uk/iiif/MS-TS-AR-00039-00324,tsar39.324
MS-TS-AR-00050-00181,http://cudl.lib.cam.ac.uk/iiif/MS-TS-AR-00050-00181,tsar50.181
MS-TS-AS-00208-MATERIAL,http://cudl.lib.cam.ac.uk/iiif/MS-TS-AS-00208-MATERIAL,tsas208material
MS-TS-AS-00212-MATERIAL,http://cudl.lib.cam.ac.uk/iiif/MS-TS-AS-00212-MATERIAL,tsas212material
MS-TS-E-00001-00017,http://cudl.lib.cam.ac.uk/iiif/MS-TS-E-00001-00017,tse1.17
MS-TS-F-00001-00001-00001,http://cudl.lib.cam.ac.uk/iiif/MS-TS-F-00001-00001-00001,tsf1.11
MS-TS-F-00001-00001-00002,http://cudl.lib.cam.ac.uk/iiif/MS-TS-F-00001-00001-00002,tsf1.12
MS-TS-F-00001-00001-00003,http://cudl.lib.cam.ac.uk/iiif/MS-TS-F-00001-00001-00003,tsf1.13
MS-TS-F-00001-00001-00004,http://cudl.lib.cam.ac.uk/iiif/MS-TS-F-00001-00001-00004,tsf1.14
MS-TS-F-00001-00001-00006,http://cudl.lib.cam.ac.uk/iiif/MS-TS-F-00001-00001-00006,tsf1.16
MS-TS-F-00001-00001-00007,http://cudl.lib.cam.ac.uk/iiif/MS-TS-F-00001-00001-00007,tsf1.17
MS-TS-F-00001-00001-00008,http://cudl.lib.cam.ac.uk/iiif/MS-TS-F-00001-00001-00008,tsf1.18
MS-TS-F-00001-00001-00009,http://cudl.lib.cam.ac.uk/iiif/MS-TS-F-00001-00001-00009,tsf1.19
MS-TS-F-00001-00001-00010,http://cudl.lib.cam.ac.uk/iiif/MS-TS-F-00001-00001-00010,tsf1.110
MS-TS-F-00001-00001-00011,http://cudl.lib.cam.ac.uk/iiif/MS-TS-F-00001-00001-00011,tsf1.111
MS-TS-F-00001-00001-00012,http://cudl.lib.cam.ac.uk/iiif/MS-TS-F-00001-00001-00012,tsf1.112
MS-TS-F-00001-00001-00013,http://cudl.lib.cam.ac.uk/iiif/MS-TS-F-00001-00001-00013,tsf1.113
MS-TS-F-00001-00001-00014,http://cudl.lib.cam.ac.uk/iiif/MS-TS-F-00001-00001-00014,tsf1.114
MS-TS-F-00001-00001-00015,http://cudl.lib.cam.ac.uk/iiif/MS-TS-F-00001-00001-00015,tsf1.115
MS-TS-F-00001-00001-00016,http://cudl.lib.cam.ac.uk/iiif/MS-TS-F-00001-00001-00016,tsf1.116
MS-TS-F-00001-00001-00017,http://cudl.lib.cam.ac.uk/iiif/MS-TS-F-00001-00001-00017,tsf1.117
MS-TS-F-00001-00001-00018,http://cudl.lib.cam.ac.uk/iiif/MS-TS-F-00001-00001-00018,tsf1.118
MS-TS-F-00001-00001-00019,http://cudl.lib.cam.ac.uk/iiif/MS-TS-F-00001-00001-00019,tsf1.119
MS-TS-F-00001-00001-00020,http://cudl.lib.cam.ac.uk/iiif/MS-TS-F-00001-00001-00020,tsf1.120
MS-TS-F-00001-00001-00021,http://cudl.lib.cam.ac.uk/iiif/MS-TS-F-00001-00001-00021,tsf1.121
MS-TS-F-00001-00001-00022,http://cudl.lib.cam.ac.uk/iiif/MS-TS-F-00001-00001-00022,tsf1.122
MS-TS-F-00001-00001-00023,http://cudl.lib.cam.ac.uk/iiif/MS-TS-F-00001-00001-00023,tsf1.123
MS-TS-F-00001-00001-00024,http://cudl.lib.cam.ac.uk/iiif/MS-TS-F-00001-00001-00024,tsf1.124
MS-TS-F-00001-00001-00025,http://cudl.lib.cam.ac.uk/iiif/MS-TS-F-00001-00001-00025,tsf1.125
MS-TS-F-00001-00001-00026,http://cudl.lib.cam.ac.uk/iiif/MS-TS-F-00001-00001-00026,tsf1.126
MS-TS-F-00001-00001-00027,http://cudl.lib.cam.ac.uk/iiif/MS-TS-F-00001-00001-00027,tsf1.127
MS-TS-F-00001-00001-00028,http://cudl.lib.cam.ac.uk/iiif/MS-TS-F-00001-00001-00028,tsf1.128
MS-TS-F-00001-00001-00029,http://cudl.lib.cam.ac.uk/iiif/MS-TS-F-00001-00001-00029,tsf1.129
MS-TS-F-00001-00001-00030,http://cudl.lib.cam.ac.uk/iiif/MS-TS-F-00001-00001-00030,tsf1.130
MS-TS-F-00001-00001-00031,http://cudl.lib.cam.ac.uk/iiif/MS-TS-F-00001-00001-00031,tsf1.131
MS-TS-F-00001-00001-00032,http://cudl.lib.cam.ac.uk/iiif/MS-TS-F-00001-00001-00032,tsf1.132
MS-TS-F-00001-00001-00033,http://cudl.lib.cam.ac.uk/iiif/MS-TS-F-00001-00001-00033,tsf1.133
MS-TS-F-00001-00001-00034,http://cudl.lib.cam.ac.uk/iiif/MS-TS-F-00001-00001-00034,tsf1.134
MS-TS-F-00001-00001-00035,http://cudl.lib.cam.ac.uk/iiif/MS-TS-F-00001-00001-00035,tsf1.135
MS-TS-F-00001-00001-00036,http://cudl.lib.cam.ac.uk/iiif/MS-TS-F-00001-00001-00036,tsf1.136
MS-TS-F-00001-00001-00037,http://cudl.lib.cam.ac.uk/iiif/MS-TS-F-00001-00001-00037,tsf1.137
MS-TS-F-00001-00001-00038,http://cudl.lib.cam.ac.uk/iiif/MS-TS-F-00001-00001-00038,tsf1.138
MS-TS-F-00001-00001-00039,http://cudl.lib.cam.ac.uk/iiif/MS-TS-F-00001-00001-00039,tsf1.139
MS-TS-F-00001-00001-00040,http://cudl.lib.cam.ac.uk/iiif/MS-TS-F-00001-00001-00040,tsf1.140
MS-TS-F-00001-00001-00041,http://cudl.lib.cam.ac.uk/iiif/MS-TS-F-00001-00001-00041,tsf1.141
MS-TS-F-00001-00001-00042,http://cudl.lib.cam.ac.uk/iiif/MS-TS-F-00001-00001-00042,tsf1.142
MS-TS-F-00001-00001-00043,http://cudl.lib.cam.ac.uk/iiif/MS-TS-F-00001-00001-00043,tsf1.143
MS-TS-F-00001-00001-00044,http://cudl.lib.cam.ac.uk/iiif/MS-TS-F-00001-00001-00044,tsf1.144
MS-TS-F-00001-00001-00045,http://cudl.lib.cam.ac.uk/iiif/MS-TS-F-00001-00001-00045,tsf1.145
MS-TS-F-00001-00001-00046,http://cudl.lib.cam.ac.uk/iiif/MS-TS-F-00001-00001-00046,tsf1.146
MS-TS-F-00001-00001-00047,http://cudl.lib.cam.ac.uk/iiif/MS-TS-F-00001-00001-00047,tsf1.147
MS-TS-F-00001-00001-00048,http://cudl.lib.cam.ac.uk/iiif/MS-TS-F-00001-00001-00048,tsf1.148
MS-TS-F-00001-00001-00049,http://cudl.lib.cam.ac.uk/iiif/MS-TS-F-00001-00001-00049,tsf1.149
MS-TS-F-00001-00001-00050,http://cudl.lib.cam.ac.uk/iiif/MS-TS-F-00001-00001-00050,tsf1.150
MS-TS-F-00001-00001-00051,http://cudl.lib.cam.ac.uk/iiif/MS-TS-F-00001-00001-00051,tsf1.151
MS-TS-F-00001-00001-00052,http://cudl.lib.cam.ac.uk/iiif/MS-TS-F-00001-00001-00052,tsf1.152
MS-TS-F-00001-00001-00053,http://cudl.lib.cam.ac.uk/iiif/MS-TS-F-00001-00001-00053,tsf1.153
MS-TS-F-00001-00001-00054,http://cudl.lib.cam.ac.uk/iiif/MS-TS-F-00001-00001-00054,tsf1.154
MS-TS-F-00001-00001-00055,http://cudl.lib.cam.ac.uk/iiif/MS-TS-F-00001-00001-00055,tsf1.155
MS-TS-F-00001-00001-00056,http://cudl.lib.cam.ac.uk/iiif/MS-TS-F-00001-00001-00056,tsf1.156
MS-TS-F-00001-00001-00057,http://cudl.lib.cam.ac.uk/iiif/MS-TS-F-00001-00001-00057,tsf1.157
MS-TS-F-00001-00001-00058,http://cudl.lib.cam.ac.uk/iiif/MS-TS-F-00001-00001-00058,tsf1.158
MS-TS-F-00001-00001-00059,http://cudl.lib.cam.ac.uk/iiif/MS-TS-F-00001-00001-00059,tsf1.159
MS-TS-F-00001-00001-00060,http://cudl.lib.cam.ac.uk/iiif/MS-TS-F-00001-00001-00060,tsf1.160
MS-TS-F-00001-00001-00061,http://cudl.lib.cam.ac.uk/iiif/MS-TS-F-00001-00001-00061,tsf1.161
MS-TS-F-00001-00001-00062,http://cudl.lib.cam.ac.uk/iiif/MS-TS-F-00001-00001-00062,tsf1.162
MS-TS-F-00001-00001-00063,http://cudl.lib.cam.ac.uk/iiif/MS-TS-F-00001-00001-00063,tsf1.163
MS-TS-F-00001-00001-00064,http://cudl.lib.cam.ac.uk/iiif/MS-TS-F-00001-00001-00064,tsf1.164
MS-TS-F-00001-00001-00065-A,http://cudl.lib.cam.ac.uk/iiif/MS-TS-F-00001-00001-00065-A,tsf1.165a
MS-TS-F-00001-00001-00065-B,http://cudl.lib.cam.ac.uk/iiif/MS-TS-F-00001-00001-00065-B,tsf1.165b
MS-TS-F-00001-00001-00066,http://cudl.lib.cam.ac.uk/iiif/MS-TS-F-00001-00001-00066,tsf1.166
MS-TS-F-00001-00001-00067,http://cudl.lib.cam.ac.uk/iiif/MS-TS-F-00001-00001-00067,tsf1.167
MS-TS-F-00001-00001-00068,http://cudl.lib.cam.ac.uk/iiif/MS-TS-F-00001-00001-00068,tsf1.168
MS-TS-F-00001-00001-00069,http://cudl.lib.cam.ac.uk/iiif/MS-TS-F-00001-00001-00069,tsf1.169
MS-TS-F-00001-00001-00070,http://cudl.lib.cam.ac.uk/iiif/MS-TS-F-00001-00001-00070,tsf1.170
MS-TS-F-00001-00001-00071,http://cudl.lib.cam.ac.uk/iiif/MS-TS-F-00001-00001-00071,tsf1.171
MS-TS-F-00001-00001-00072,http://cudl.lib.cam.ac.uk/iiif/MS-TS-F-00001-00001-00072,tsf1.172
MS-TS-F-00001-00001-00073,http://cudl.lib.cam.ac.uk/iiif/MS-TS-F-00001-00001-00073,tsf1.173
MS-TS-F-00001-00001-00074,http://cudl.lib.cam.ac.uk/iiif/MS-TS-F-00001-00001-00074,tsf1.174
MS-TS-F-00001-00001-00075,http://cudl.lib.cam.ac.uk/iiif/MS-TS-F-00001-00001-00075,tsf1.175
MS-TS-F-00001-00001-00076,http://cudl.lib.cam.ac.uk/iiif/MS-TS-F-00001-00001-00076,tsf1.176
MS-TS-F-00001-00001-00077,http://cudl.lib.cam.ac.uk/iiif/MS-TS-F-00001-00001-00077,tsf1.177
MS-TS-F-00001-00001-00078,http://cudl.lib.cam.ac.uk/iiif/MS-TS-F-00001-00001-00078,tsf1.178
MS-TS-F-00001-00001-00079,http://cudl.lib.cam.ac.uk/iiif/MS-TS-F-00001-00001-00079,tsf1.179
MS-TS-F-00001-00001-00080,http://cudl.lib.cam.ac.uk/iiif/MS-TS-F-00001-00001-00080,tsf1.180
MS-TS-F-00001-00001-00081,http://cudl.lib.cam.ac.uk/iiif/MS-TS-F-00001-00001-00081,tsf1.181
MS-TS-F-00001-00001-00082,http://cudl.lib.cam.ac.uk/iiif/MS-TS-F-00001-00001-00082,tsf1.182
MS-TS-F-00001-00001-00083,http://cudl.lib.cam.ac.uk/iiif/MS-TS-F-00001-00001-00083,tsf1.183
MS-TS-F-00001-00001-00084,http://cudl.lib.cam.ac.uk/iiif/MS-TS-F-00001-00001-00084,tsf1.184
MS-TS-F-00001-00001-00085,http://cudl.lib.cam.ac.uk/iiif/MS-TS-F-00001-00001-00085,tsf1.185
MS-TS-F-00001-00001-00086,http://cudl.lib.cam.ac.uk/iiif/MS-TS-F-00001-00001-00086,tsf1.186
MS-TS-F-00001-00001-00087,http://cudl.lib.cam.ac.uk/iiif/MS-TS-F-00001-00001-00087,tsf1.187
MS-TS-F-00001-00001-00088,http://cudl.lib.cam.ac.uk/iiif/MS-TS-F-00001-00001-00088,tsf1.188
MS-TS-F-00001-00001-00089,http://cudl.lib.cam.ac.uk/iiif/MS-TS-F-00001-00001-00089,tsf1.189
MS-TS-F-00001-00001-00090,http://cudl.lib.cam.ac.uk/iiif/MS-TS-F-00001-00001-00090,tsf1.190
MS-TS-F-00001-00001-00091,http://cudl.lib.cam.ac.uk/iiif/MS-TS-F-00001-00001-00091,tsf1.191
MS-TS-F-00001-00001-00092,http://cudl.lib.cam.ac.uk/iiif/MS-TS-F-00001-00001-00092,tsf1.192
MS-TS-F-00001-00001-00093,http://cudl.lib.cam.ac.uk/iiif/MS-TS-F-00001-00001-00093,tsf1.193
MS-TS-F-00001-00001-00094,http://cudl.lib.cam.ac.uk/iiif/MS-TS-F-00001-00001-00094,tsf1.194
MS-TS-F-00001-00001-00095,http://cudl.lib.cam.ac.uk/iiif/MS-TS-F-00001-00001-00095,tsf1.195
MS-TS-F-00001-00001-00096,http://cudl.lib.cam.ac.uk/iiif/MS-TS-F-00001-00001-00096,tsf1.196
MS-TS-F-00001-00001-00097,http://cudl.lib.cam.ac.uk/iiif/MS-TS-F-00001-00001-00097,tsf1.197
MS-TS-F-00001-00001-00098,http://cudl.lib.cam.ac.uk/iiif/MS-TS-F-00001-00001-00098,tsf1.198
MS-TS-F-00001-00001-00099,http://cudl.lib.cam.ac.uk/iiif/MS-TS-F-00001-00001-00099,tsf1.199
MS-TS-F-00001-00001-00100,http://cudl.lib.cam.ac.uk/iiif/MS-TS-F-00001-00001-00100,tsf1.1100
MS-TS-F-00001-00001-00101,http://cudl.lib.cam.ac.uk/iiif/MS-TS-F-00001-00001-00101,tsf1.1101
MS-TS-F-00001-00001-00102,http://cudl.lib.cam.ac.uk/iiif/MS-TS-F-00001-00001-00102,tsf1.1102
MS-TS-F-00001-00001-00103,http://cudl.lib.cam.ac.uk/iiif/MS-TS-F-00001-00001-00103,tsf1.1103
MS-TS-F-00001-00001-00104,http://cudl.lib.cam.ac.uk/iiif/MS-TS-F-00001-00001-00104,tsf1.1104
MS-TS-F-00001-00001-00105,http://cudl.lib.cam.ac.uk/iiif/MS-TS-F-00001-00001-00105,tsf1.1105
MS-TS-F-00001-00001-00106,http://cudl.lib.cam.ac.uk/iiif/MS-TS-F-00001-00001-00106,tsf1.1106
MS-TS-F-00001-00001-00107,http://cudl.lib.cam.ac.uk/iiif/MS-TS-F-00001-00001-00107,tsf1.1107
MS-TS-F-00001-00001-00108,http://cudl.lib.cam.ac.uk/iiif/MS-TS-F-00001-00001-00108,tsf1.1108
MS-TS-F-00001-00001-00109,http://cudl.lib.cam.ac.uk/iiif/MS-TS-F-00001-00001-00109,tsf1.1109
MS-TS-F-00001-00001-00110,http://cudl.lib.cam.ac.uk/iiif/MS-TS-F-00001-00001-00110,tsf1.1110
MS-TS-F-00001-00001-00111,http://cudl.lib.cam.ac.uk/iiif/MS-TS-F-00001-00001-00111,tsf1.1111
MS-TS-F-00001-00001-00112,http://cudl.lib.cam.ac.uk/iiif/MS-TS-F-00001-00001-00112,tsf1.1112
MS-TS-F-00001-00001-00113,http://cudl.lib.cam.ac.uk/iiif/MS-TS-F-00001-00001-00113,tsf1.1113
MS-TS-F-00001-00001-00114,http://cudl.lib.cam.ac.uk/iiif/MS-TS-F-00001-00001-00114,tsf1.1114
MS-TS-F-00001-00001-00115,http://cudl.lib.cam.ac.uk/iiif/MS-TS-F-00001-00001-00115,tsf1.1115
MS-TS-F-00001-00001-00116,http://cudl.lib.cam.ac.uk/iiif/MS-TS-F-00001-00001-00116,tsf1.1116
MS-TS-F-00001-00001-00117,http://cudl.lib.cam.ac.uk/iiif/MS-TS-F-00001-00001-00117,tsf1.1117
MS-TS-F-00001-00001-00118,http://cudl.lib.cam.ac.uk/iiif/MS-TS-F-00001-00001-00118,tsf1.1118
MS-TS-F-00001-00001-00122,http://cudl.lib.cam.ac.uk/iiif/MS-TS-F-00001-00001-00122,tsf1.1122
MS-TS-F-00001-00002-00001,http://cudl.lib.cam.ac.uk/iiif/MS-TS-F-00001-00002-00001,tsf1.21
MS-TS-F-00001-00002-00002,http://cudl.lib.cam.ac.uk/iiif/MS-TS-F-00001-00002-00002,tsf1.22
MS-TS-F-00001-00002-00003,http://cudl.lib.cam.ac.uk/iiif/MS-TS-F-00001-00002-00003,tsf1.23
MS-TS-F-00001-00002-00004,http://cudl.lib.cam.ac.uk/iiif/MS-TS-F-00001-00002-00004,tsf1.24
MS-TS-F-00001-00002-00005,http://cudl.lib.cam.ac.uk/iiif/MS-TS-F-00001-00002-00005,tsf1.25
MS-TS-F-00001-00002-00006,http://cudl.lib.cam.ac.uk/iiif/MS-TS-F-00001-00002-00006,tsf1.26
MS-TS-F-00001-00002-00007,http://cudl.lib.cam.ac.uk/iiif/MS-TS-F-00001-00002-00007,tsf1.27
MS-TS-F-00001-00002-00008,http://cudl.lib.cam.ac.uk/iiif/MS-TS-F-00001-00002-00008,tsf1.28
MS-TS-F-00001-00002-00009,http://cudl.lib.cam.ac.uk/iiif/MS-TS-F-00001-00002-00009,tsf1.29
MS-TS-F-00001-00002-00010,http://cudl.lib.cam.ac.uk/iiif/MS-TS-F-00001-00002-00010,tsf1.210
MS-TS-F-00001-00002-00011,http://cudl.lib.cam.ac.uk/iiif/MS-TS-F-00001-00002-00011,tsf1.211
MS-TS-F-00001-00002-00012,http://cudl.lib.cam.ac.uk/iiif/MS-TS-F-00001-00002-00012,tsf1.212
MS-TS-F-00001-00002-00013,http://cudl.lib.cam.ac.uk/iiif/MS-TS-F-00001-00002-00013,tsf1.213
MS-TS-F-00001-00002-00014,http://cudl.lib.cam.ac.uk/iiif/MS-TS-F-00001-00002-00014,tsf1.214
MS-TS-F-00001-00002-00015,http://cudl.lib.cam.ac.uk/iiif/MS-TS-F-00001-00002-00015,tsf1.215
MS-TS-F-00001-00002-00016,http://cudl.lib.cam.ac.uk/iiif/MS-TS-F-00001-00002-00016,tsf1.216
MS-TS-F-00001-00002-00017,http://cudl.lib.cam.ac.uk/iiif/MS-TS-F-00001-00002-00017,tsf1.217
MS-TS-F-00001-00002-00018,http://cudl.lib.cam.ac.uk/iiif/MS-TS-F-00001-00002-00018,tsf1.218
MS-TS-F-00001-00002-00019,http://cudl.lib.cam.ac.uk/iiif/MS-TS-F-00001-00002-00019,tsf1.219
MS-TS-F-00001-00002-00020,http://cudl.lib.cam.ac.uk/iiif/MS-TS-F-00001-00002-00020,tsf1.220
MS-TS-F-00001-00002-00021,http://cudl.lib.cam.ac.uk/iiif/MS-TS-F-00001-00002-00021,tsf1.221
MS-TS-F-00001-00002-00022,http://cudl.lib.cam.ac.uk/iiif/MS-TS-F-00001-00002-00022,tsf1.222
MS-TS-F-00001-00002-00023,http://cudl.lib.cam.ac.uk/iiif/MS-TS-F-00001-00002-00023,tsf1.223
MS-TS-F-00001-00002-00024,http://cudl.lib.cam.ac.uk/iiif/MS-TS-F-00001-00002-00024,tsf1.224
MS-TS-F-00001-00002-00025,http://cudl.lib.cam.ac.uk/iiif/MS-TS-F-00001-00002-00025,tsf1.225
MS-TS-F-00001-00002-00026,http://cudl.lib.cam.ac.uk/iiif/MS-TS-F-00001-00002-00026,tsf1.226
MS-TS-F-00001-00002-00027,http://cudl.lib.cam.ac.uk/iiif/MS-TS-F-00001-00002-00027,tsf1.227
MS-TS-F-00001-00002-00028,http://cudl.lib.cam.ac.uk/iiif/MS-TS-F-00001-00002-00028,tsf1.228
MS-TS-F-00001-00002-00029,http://cudl.lib.cam.ac.uk/iiif/MS-TS-F-00001-00002-00029,tsf1.229
MS-TS-F-00001-00002-00030,http://cudl.lib.cam.ac.uk/iiif/MS-TS-F-00001-00002-00030,tsf1.230
MS-TS-F-00001-00002-00031,http://cudl.lib.cam.ac.uk/iiif/MS-TS-F-00001-00002-00031,tsf1.231
MS-TS-F-00001-00002-00032,http://cudl.lib.cam.ac.uk/iiif/MS-TS-F-00001-00002-00032,tsf1.232
MS-TS-F-00001-00002-00033,http://cudl.lib.cam.ac.uk/iiif/MS-TS-F-00001-00002-00033,tsf1.233
MS-TS-F-00001-00002-00034,http://cudl.lib.cam.ac.uk/iiif/MS-TS-F-00001-00002-00034,tsf1.234
MS-TS-F-00001-00002-00035,http://cudl.lib.cam.ac.uk/iiif/MS-TS-F-00001-00002-00035,tsf1.235
MS-TS-F-00001-00002-00036,http://cudl.lib.cam.ac.uk/iiif/MS-TS-F-00001-00002-00036,tsf1.236
MS-TS-F-00001-00002-00037,http://cudl.lib.cam.ac.uk/iiif/MS-TS-F-00001-00002-00037,tsf1.237
MS-TS-F-00001-00002-00038,http://cudl.lib.cam.ac.uk/iiif/MS-TS-F-00001-00002-00038,tsf1.238
MS-TS-F-00001-00002-00039,http://cudl.lib.cam.ac.uk/iiif/MS-TS-F-00001-00002-00039,tsf1.239
MS-TS-F-00001-00002-00040,http://cudl.lib.cam.ac.uk/iiif/MS-TS-F-00001-00002-00040,tsf1.240
MS-TS-F-00001-00002-00041,http://cudl.lib.cam.ac.uk/iiif/MS-TS-F-00001-00002-00041,tsf1.241
MS-TS-F-00001-00002-00042,http://cudl.lib.cam.ac.uk/iiif/MS-TS-F-00001-00002-00042,tsf1.242
MS-TS-F-00001-00002-00043,http://cudl.lib.cam.ac.uk/iiif/MS-TS-F-00001-00002-00043,tsf1.243
MS-TS-F-00001-00002-00044,http://cudl.lib.cam.ac.uk/iiif/MS-TS-F-00001-00002-00044,tsf1.244
MS-TS-F-00001-00002-00045,http://cudl.lib.cam.ac.uk/iiif/MS-TS-F-00001-00002-00045,tsf1.245
MS-TS-F-00001-00002-00046,http://cudl.lib.cam.ac.uk/iiif/MS-TS-F-00001-00002-00046,tsf1.246
MS-TS-F-00001-00002-00047,http://cudl.lib.cam.ac.uk/iiif/MS-TS-F-00001-00002-00047,tsf1.247
MS-TS-F-00001-00002-00049,http://cudl.lib.cam.ac.uk/iiif/MS-TS-F-00001-00002-00049,tsf1.249
MS-TS-F-00001-00002-00050,http://cudl.lib.cam.ac.uk/iiif/MS-TS-F-00001-00002-00050,tsf1.250
MS-TS-F-00001-00002-00051,http://cudl.lib.cam.ac.uk/iiif/MS-TS-F-00001-00002-00051,tsf1.251
MS-TS-F-00001-00002-00052,http://cudl.lib.cam.ac.uk/iiif/MS-TS-F-00001-00002-00052,tsf1.252
MS-TS-F-00001-00002-00053,http://cudl.lib.cam.ac.uk/iiif/MS-TS-F-00001-00002-00053,tsf1.253
MS-TS-F-00001-00002-00054,http://cudl.lib.cam.ac.uk/iiif/MS-TS-F-00001-00002-00054,tsf1.254
MS-TS-F-00001-00002-00055,http://cudl.lib.cam.ac.uk/iiif/MS-TS-F-00001-00002-00055,tsf1.255
MS-TS-F-00001-00002-00056,http://cudl.lib.cam.ac.uk/iiif/MS-TS-F-00001-00002-00056,tsf1.256
MS-TS-F-00001-00002-00057,http://cudl.lib.cam.ac.uk/iiif/MS-TS-F-00001-00002-00057,tsf1.257
MS-TS-F-00001-00002-00058,http://cudl.lib.cam.ac.uk/iiif/MS-TS-F-00001-00002-00058,tsf1.258
MS-TS-F-00001-00002-00059,http://cudl.lib.cam.ac.uk/iiif/MS-TS-F-00001-00002-00059,tsf1.259
MS-TS-F-00001-00002-00060,http://cudl.lib.cam.ac.uk/iiif/MS-TS-F-00001-00002-00060,tsf1.260
MS-TS-F-00001-00002-00061,http://cudl.lib.cam.ac.uk/iiif/MS-TS-F-00001-00002-00061,tsf1.261
MS-TS-F-00001-00002-00062,http://cudl.lib.cam.ac.uk/iiif/MS-TS-F-00001-00002-00062,tsf1.262
MS-TS-F-00001-00002-00063,http://cudl.lib.cam.ac.uk/iiif/MS-TS-F-00001-00002-00063,tsf1.263
MS-TS-F-00001-00002-00064,http://cudl.lib.cam.ac.uk/iiif/MS-TS-F-00001-00002-00064,tsf1.264
MS-TS-F-00001-00002-00065,http://cudl.lib.cam.ac.uk/iiif/MS-TS-F-00001-00002-00065,tsf1.265
MS-TS-F-00001-00002-00066,http://cudl.lib.cam.ac.uk/iiif/MS-TS-F-00001-00002-00066,tsf1.266
MS-TS-F-00001-00002-00067,http://cudl.lib.cam.ac.uk/iiif/MS-TS-F-00001-00002-00067,tsf1.267
MS-TS-F-00001-00002-00068,http://cudl.lib.cam.ac.uk/iiif/MS-TS-F-00001-00002-00068,tsf1.268
MS-TS-F-00001-00002-00069,http://cudl.lib.cam.ac.uk/iiif/MS-TS-F-00001-00002-00069,tsf1.269
MS-TS-F-00001-00002-00070,http://cudl.lib.cam.ac.uk/iiif/MS-TS-F-00001-00002-00070,tsf1.270
MS-TS-F-00001-00002-00071,http://cudl.lib.cam.ac.uk/iiif/MS-TS-F-00001-00002-00071,tsf1.271
MS-TS-F-00001-00002-00072,http://cudl.lib.cam.ac.uk/iiif/MS-TS-F-00001-00002-00072,tsf1.272
MS-TS-F-00001-00002-00073,http://cudl.lib.cam.ac.uk/iiif/MS-TS-F-00001-00002-00073,tsf1.273
MS-TS-F-00001-00002-00074,http://cudl.lib.cam.ac.uk/iiif/MS-TS-F-00001-00002-00074,tsf1.274
MS-TS-F-00001-00002-00075,http://cudl.lib.cam.ac.uk/iiif/MS-TS-F-00001-00002-00075,tsf1.275
MS-TS-F-00001-00002-00076,http://cudl.lib.cam.ac.uk/iiif/MS-TS-F-00001-00002-00076,tsf1.276
MS-TS-F-00001-00002-00077,http://cudl.lib.cam.ac.uk/iiif/MS-TS-F-00001-00002-00077,tsf1.277
MS-TS-F-00001-00002-00078,http://cudl.lib.cam.ac.uk/iiif/MS-TS-F-00001-00002-00078,tsf1.278
MS-TS-F-00001-00002-00079,http://cudl.lib.cam.ac.uk/iiif/MS-TS-F-00001-00002-00079,tsf1.279
MS-TS-F-00001-00002-00080,http://cudl.lib.cam.ac.uk/iiif/MS-TS-F-00001-00002-00080,tsf1.280
MS-TS-F-00001-00002-00081,http://cudl.lib.cam.ac.uk/iiif/MS-TS-F-00001-00002-00081,tsf1.281
MS-TS-F-00001-00002-00082,http://cudl.lib.cam.ac.uk/iiif/MS-TS-F-00001-00002-00082,tsf1.282
MS-TS-F-00001-00002-00083,http://cudl.lib.cam.ac.uk/iiif/MS-TS-F-00001-00002-00083,tsf1.283
MS-TS-F-00001-00002-00084,http://cudl.lib.cam.ac.uk/iiif/MS-TS-F-00001-00002-00084,tsf1.284
MS-TS-F-00001-00002-00085,http://cudl.lib.cam.ac.uk/iiif/MS-TS-F-00001-00002-00085,tsf1.285
MS-TS-F-00001-00002-00086,http://cudl.lib.cam.ac.uk/iiif/MS-TS-F-00001-00002-00086,tsf1.286
MS-TS-F-00001-00002-00087,http://cudl.lib.cam.ac.uk/iiif/MS-TS-F-00001-00002-00087,tsf1.287
MS-TS-F-00001-00002-00088,http://cudl.lib.cam.ac.uk/iiif/MS-TS-F-00001-00002-00088,tsf1.288
MS-TS-F-00001-00002-00089,http://cudl.lib.cam.ac.uk/iiif/MS-TS-F-00001-00002-00089,tsf1.289
MS-TS-F-00001-00002-00090,http://cudl.lib.cam.ac.uk/iiif/MS-TS-F-00001-00002-00090,tsf1.290
MS-TS-F-00001-00002-00091,http://cudl.lib.cam.ac.uk/iiif/MS-TS-F-00001-00002-00091,tsf1.291
MS-TS-F-00001-00002-00092,http://cudl.lib.cam.ac.uk/iiif/MS-TS-F-00001-00002-00092,tsf1.292
MS-TS-F-00001-00002-00093,http://cudl.lib.cam.ac.uk/iiif/MS-TS-F-00001-00002-00093,tsf1.293
MS-TS-F-00001-00002-00094,http://cudl.lib.cam.ac.uk/iiif/MS-TS-F-00001-00002-00094,tsf1.294
MS-TS-F-00001-00002-00095,http://cudl.lib.cam.ac.uk/iiif/MS-TS-F-00001-00002-00095,tsf1.295
MS-TS-F-00001-00002-00096,http://cudl.lib.cam.ac.uk/iiif/MS-TS-F-00001-00002-00096,tsf1.296
MS-TS-F-00001-00002-00097,http://cudl.lib.cam.ac.uk/iiif/MS-TS-F-00001-00002-00097,tsf1.297
MS-TS-F-00001-00002-00098,http://cudl.lib.cam.ac.uk/iiif/MS-TS-F-00001-00002-00098,tsf1.298
MS-TS-F-00001-00002-00099,http://cudl.lib.cam.ac.uk/iiif/MS-TS-F-00001-00002-00099,tsf1.299
MS-TS-F-00001-00002-00100,http://cudl.lib.cam.ac.uk/iiif/MS-TS-F-00001-00002-00100,tsf1.2100
MS-TS-F-00001-00002-00101,http://cudl.lib.cam.ac.uk/iiif/MS-TS-F-00001-00002-00101,tsf1.2101
MS-TS-F-00001-00002-00102,http://cudl.lib.cam.ac.uk/iiif/MS-TS-F-00001-00002-00102,tsf1.2102
MS-TS-F-00001-00002-00103,http://cudl.lib.cam.ac.uk/iiif/MS-TS-F-00001-00002-00103,tsf1.2103
MS-TS-F-00001-00002-00104,http://cudl.lib.cam.ac.uk/iiif/MS-TS-F-00001-00002-00104,tsf1.2104
MS-TS-F-00001-00002-00105,http://cudl.lib.cam.ac.uk/iiif/MS-TS-F-00001-00002-00105,tsf1.2105
MS-TS-F-00001-00002-00106,http://cudl.lib.cam.ac.uk/iiif/MS-TS-F-00001-00002-00106,tsf1.2106
MS-TS-F-00001-00002-00107,http://cudl.lib.cam.ac.uk/iiif/MS-TS-F-00001-00002-00107,tsf1.2107
MS-TS-F-00001-00002-00108,http://cudl.lib.cam.ac.uk/iiif/MS-TS-F-00001-00002-00108,tsf1.2108
MS-TS-F-00001-00002-00109,http://cudl.lib.cam.ac.uk/iiif/MS-TS-F-00001-00002-00109,tsf1.2109
MS-TS-F-00001-00002-00110,http://cudl.lib.cam.ac.uk/iiif/MS-TS-F-00001-00002-00110,tsf1.2110
MS-TS-F-00001-00002-00111,http://cudl.lib.cam.ac.uk/iiif/MS-TS-F-00001-00002-00111,tsf1.2111
MS-TS-F-00001-00002-00112,http://cudl.lib.cam.ac.uk/iiif/MS-TS-F-00001-00002-00112,tsf1.2112
MS-TS-F-00001-00002-00113,http://cudl.lib.cam.ac.uk/iiif/MS-TS-F-00001-00002-00113,tsf1.2113
MS-TS-F-00001-00002-00114,http://cudl.lib.cam.ac.uk/iiif/MS-TS-F-00001-00002-00114,tsf1.2114
MS-TS-F-00001-00002-00115,http://cudl.lib.cam.ac.uk/iiif/MS-TS-F-00001-00002-00115,tsf1.2115
MS-TS-F-00001-00002-00116,http://cudl.lib.cam.ac.uk/iiif/MS-TS-F-00001-00002-00116,tsf1.2116
MS-TS-F-00001-00002-00117,http://cudl.lib.cam.ac.uk/iiif/MS-TS-F-00001-00002-00117,tsf1.2117
MS-TS-F-00001-00002-00118,http://cudl.lib.cam.ac.uk/iiif/MS-TS-F-00001-00002-00118,tsf1.2118
MS-TS-F-00001-00002-00119,http://cudl.lib.cam.ac.uk/iiif/MS-TS-F-00001-00002-00119,tsf1.2119
MS-TS-F-00001-00002-00120,http://cudl.lib.cam.ac.uk/iiif/MS-TS-F-00001-00002-00120,tsf1.2120
MS-TS-F-00001-00002-00121,http://cudl.lib.cam.ac.uk/iiif/MS-TS-F-00001-00002-00121,tsf1.2121
MS-TS-F-00001-00002-00122,http://cudl.lib.cam.ac.uk/iiif/MS-TS-F-00001-00002-00122,tsf1.2122
MS-TS-F-00001-00002-00123,http://cudl.lib.cam.ac.uk/iiif/MS-TS-F-00001-00002-00123,tsf1.2123
MS-TS-F-00001-00002-00124,http://cudl.lib.cam.ac.uk/iiif/MS-TS-F-00001-00002-00124,tsf1.2124
MS-TS-F-00002-00001-00001,http://cudl.lib.cam.ac.uk/iiif/MS-TS-F-00002-00001-00001,tsf2.11
MS-TS-F-00002-00001-00002,http://cudl.lib.cam.ac.uk/iiif/MS-TS-F-00002-00001-00002,tsf2.12
MS-TS-F-00002-00001-00003,http://cudl.lib.cam.ac.uk/iiif/MS-TS-F-00002-00001-00003,tsf2.13
MS-TS-F-00002-00001-00004,http://cudl.lib.cam.ac.uk/iiif/MS-TS-F-00002-00001-00004,tsf2.14
MS-TS-F-00002-00001-00005,http://cudl.lib.cam.ac.uk/iiif/MS-TS-F-00002-00001-00005,tsf2.15
MS-TS-F-00002-00001-00006,http://cudl.lib.cam.ac.uk/iiif/MS-TS-F-00002-00001-00006,tsf2.16
MS-TS-F-00002-00001-00007,http://cudl.lib.cam.ac.uk/iiif/MS-TS-F-00002-00001-00007,tsf2.17
MS-TS-F-00002-00001-00008,http://cudl.lib.cam.ac.uk/iiif/MS-TS-F-00002-00001-00008,tsf2.18
MS-TS-F-00002-00001-00009,http://cudl.lib.cam.ac.uk/iiif/MS-TS-F-00002-00001-00009,tsf2.19
MS-TS-F-00002-00001-00010,http://cudl.lib.cam.ac.uk/iiif/MS-TS-F-00002-00001-00010,tsf2.110
MS-TS-F-00002-00001-00011,http://cudl.lib.cam.ac.uk/iiif/MS-TS-F-00002-00001-00011,tsf2.111
MS-TS-F-00002-00001-00012,http://cudl.lib.cam.ac.uk/iiif/MS-TS-F-00002-00001-00012,tsf2.112
MS-TS-F-00002-00001-00013,http://cudl.lib.cam.ac.uk/iiif/MS-TS-F-00002-00001-00013,tsf2.113
MS-TS-F-00002-00001-00014,http://cudl.lib.cam.ac.uk/iiif/MS-TS-F-00002-00001-00014,tsf2.114
MS-TS-F-00002-00001-00015,http://cudl.lib.cam.ac.uk/iiif/MS-TS-F-00002-00001-00015,tsf2.115
MS-TS-F-00002-00001-00016,http://cudl.lib.cam.ac.uk/iiif/MS-TS-F-00002-00001-00016,tsf2.116
MS-TS-F-00002-00001-00017,http://cudl.lib.cam.ac.uk/iiif/MS-TS-F-00002-00001-00017,tsf2.117
MS-TS-F-00002-00001-00018,http://cudl.lib.cam.ac.uk/iiif/MS-TS-F-00002-00001-00018,tsf2.118
MS-TS-F-00002-00001-00019,http://cudl.lib.cam.ac.uk/iiif/MS-TS-F-00002-00001-00019,tsf2.119
MS-TS-F-00002-00001-00020,http://cudl.lib.cam.ac.uk/iiif/MS-TS-F-00002-00001-00020,tsf2.120
MS-TS-F-00002-00001-00021,http://cudl.lib.cam.ac.uk/iiif/MS-TS-F-00002-00001-00021,tsf2.121
MS-TS-F-00002-00001-00022,http://cudl.lib.cam.ac.uk/iiif/MS-TS-F-00002-00001-00022,tsf2.122
MS-TS-F-00002-00001-00023,http://cudl.lib.cam.ac.uk/iiif/MS-TS-F-00002-00001-00023,tsf2.123
MS-TS-F-00002-00001-00024,http://cudl.lib.cam.ac.uk/iiif/MS-TS-F-00002-00001-00024,tsf2.124
MS-TS-F-00002-00001-00025,http://cudl.lib.cam.ac.uk/iiif/MS-TS-F-00002-00001-00025,tsf2.125
MS-TS-F-00002-00001-00026,http://cudl.lib.cam.ac.uk/iiif/MS-TS-F-00002-00001-00026,tsf2.126
MS-TS-F-00002-00001-00027,http://cudl.lib.cam.ac.uk/iiif/MS-TS-F-00002-00001-00027,tsf2.127
MS-TS-F-00002-00001-00028,http://cudl.lib.cam.ac.uk/iiif/MS-TS-F-00002-00001-00028,tsf2.128
MS-TS-F-00002-00001-00029,http://cudl.lib.cam.ac.uk/iiif/MS-TS-F-00002-00001-00029,tsf2.129
MS-TS-F-00002-00001-00030,http://cudl.lib.cam.ac.uk/iiif/MS-TS-F-00002-00001-00030,tsf2.130
MS-TS-F-00002-00001-00031,http://cudl.lib.cam.ac.uk/iiif/MS-TS-F-00002-00001-00031,tsf2.131
MS-TS-F-00002-00001-00032,http://cudl.lib.cam.ac.uk/iiif/MS-TS-F-00002-00001-00032,tsf2.132
MS-TS-F-00002-00001-00033,http://cudl.lib.cam.ac.uk/iiif/MS-TS-F-00002-00001-00033,tsf2.133
MS-TS-F-00002-00001-00034,http://cudl.lib.cam.ac.uk/iiif/MS-TS-F-00002-00001-00034,tsf2.134
MS-TS-F-00002-00001-00035,http://cudl.lib.cam.ac.uk/iiif/MS-TS-F-00002-00001-00035,tsf2.135
MS-TS-F-00002-00001-00036,http://cudl.lib.cam.ac.uk/iiif/MS-TS-F-00002-00001-00036,tsf2.136
MS-TS-F-00002-00001-00037,http://cudl.lib.cam.ac.uk/iiif/MS-TS-F-00002-00001-00037,tsf2.137
MS-TS-F-00002-00001-00038,http://cudl.lib.cam.ac.uk/iiif/MS-TS-F-00002-00001-00038,tsf2.138
MS-TS-F-00002-00001-00039,http://cudl.lib.cam.ac.uk/iiif/MS-TS-F-00002-00001-00039,tsf2.139
MS-TS-F-00002-00001-00040,http://cudl.lib.cam.ac.uk/iiif/MS-TS-F-00002-00001-00040,tsf2.140
MS-TS-F-00002-00001-00041,http://cudl.lib.cam.ac.uk/iiif/MS-TS-F-00002-00001-00041,tsf2.141
MS-TS-F-00002-00001-00042,http://cudl.lib.cam.ac.uk/iiif/MS-TS-F-00002-00001-00042,tsf2.142
MS-TS-F-00002-00001-00043,http://cudl.lib.cam.ac.uk/iiif/MS-TS-F-00002-00001-00043,tsf2.143
MS-TS-F-00002-00001-00044,http://cudl.lib.cam.ac.uk/iiif/MS-TS-F-00002-00001-00044,tsf2.144
MS-TS-F-00002-00001-00045,http://cudl.lib.cam.ac.uk/iiif/MS-TS-F-00002-00001-00045,tsf2.145
MS-TS-F-00002-00001-00046,http://cudl.lib.cam.ac.uk/iiif/MS-TS-F-00002-00001-00046,tsf2.146
MS-TS-F-00002-00001-00047,http://cudl.lib.cam.ac.uk/iiif/MS-TS-F-00002-00001-00047,tsf2.147
MS-TS-F-00002-00001-00048,http://cudl.lib.cam.ac.uk/iiif/MS-TS-F-00002-00001-00048,tsf2.148
MS-TS-F-00002-00001-00049,http://cudl.lib.cam.ac.uk/iiif/MS-TS-F-00002-00001-00049,tsf2.149
MS-TS-F-00002-00001-00050,http://cudl.lib.cam.ac.uk/iiif/MS-TS-F-00002-00001-00050,tsf2.150
MS-TS-F-00002-00001-00051,http://cudl.lib.cam.ac.uk/iiif/MS-TS-F-00002-00001-00051,tsf2.151
MS-TS-F-00002-00001-00052,http://cudl.lib.cam.ac.uk/iiif/MS-TS-F-00002-00001-00052,tsf2.152
MS-TS-F-00002-00001-00053,http://cudl.lib.cam.ac.uk/iiif/MS-TS-F-00002-00001-00053,tsf2.153
MS-TS-F-00002-00001-00054,http://cudl.lib.cam.ac.uk/iiif/MS-TS-F-00002-00001-00054,tsf2.154
MS-TS-F-00002-00001-00055,http://cudl.lib.cam.ac.uk/iiif/MS-TS-F-00002-00001-00055,tsf2.155
MS-TS-F-00002-00001-00056,http://cudl.lib.cam.ac.uk/iiif/MS-TS-F-00002-00001-00056,tsf2.156
MS-TS-F-00002-00001-00057,http://cudl.lib.cam.ac.uk/iiif/MS-TS-F-00002-00001-00057,tsf2.157
MS-TS-F-00002-00001-00058,http://cudl.lib.cam.ac.uk/iiif/MS-TS-F-00002-00001-00058,tsf2.158
MS-TS-F-00002-00001-00059,http://cudl.lib.cam.ac.uk/iiif/MS-TS-F-00002-00001-00059,tsf2.159
MS-TS-F-00002-00001-00060,http://cudl.lib.cam.ac.uk/iiif/MS-TS-F-00002-00001-00060,tsf2.160
MS-TS-F-00002-00001-00061,http://cudl.lib.cam.ac.uk/iiif/MS-TS-F-00002-00001-00061,tsf2.161
MS-TS-F-00002-00001-00062,http://cudl.lib.cam.ac.uk/iiif/MS-TS-F-00002-00001-00062,tsf2.162
MS-TS-F-00002-00001-00063,http://cudl.lib.cam.ac.uk/iiif/MS-TS-F-00002-00001-00063,tsf2.163
MS-TS-F-00002-00001-00064,http://cudl.lib.cam.ac.uk/iiif/MS-TS-F-00002-00001-00064,tsf2.164
MS-TS-F-00002-00001-00065,http://cudl.lib.cam.ac.uk/iiif/MS-TS-F-00002-00001-00065,tsf2.165
MS-TS-F-00002-00001-00066,http://cudl.lib.cam.ac.uk/iiif/MS-TS-F-00002-00001-00066,tsf2.166
MS-TS-F-00002-00001-00067,http://cudl.lib.cam.ac.uk/iiif/MS-TS-F-00002-00001-00067,tsf2.167
MS-TS-F-00002-00001-00068,http://cudl.lib.cam.ac.uk/iiif/MS-TS-F-00002-00001-00068,tsf2.168
MS-TS-F-00002-00001-00069,http://cudl.lib.cam.ac.uk/iiif/MS-TS-F-00002-00001-00069,tsf2.169
MS-TS-F-00002-00001-00070,http://cudl.lib.cam.ac.uk/iiif/MS-TS-F-00002-00001-00070,tsf2.170
MS-TS-F-00002-00001-00071,http://cudl.lib.cam.ac.uk/iiif/MS-TS-F-00002-00001-00071,tsf2.171
MS-TS-F-00002-00001-00072,http://cudl.lib.cam.ac.uk/iiif/MS-TS-F-00002-00001-00072,tsf2.172
MS-TS-F-00002-00001-00073,http://cudl.lib.cam.ac.uk/iiif/MS-TS-F-00002-00001-00073,tsf2.173
MS-TS-F-00002-00001-00074,http://cudl.lib.cam.ac.uk/iiif/MS-TS-F-00002-00001-00074,tsf2.174
MS-TS-F-00002-00001-00075,http://cudl.lib.cam.ac.uk/iiif/MS-TS-F-00002-00001-00075,tsf2.175
MS-TS-F-00002-00001-00076,http://cudl.lib.cam.ac.uk/iiif/MS-TS-F-00002-00001-00076,tsf2.176
MS-TS-F-00002-00001-00077,http://cudl.lib.cam.ac.uk/iiif/MS-TS-F-00002-00001-00077,tsf2.177
MS-TS-F-00002-00001-00078,http://cudl.lib.cam.ac.uk/iiif/MS-TS-F-00002-00001-00078,tsf2.178
MS-TS-F-00002-00001-00079,http://cudl.lib.cam.ac.uk/iiif/MS-TS-F-00002-00001-00079,tsf2.179
MS-TS-F-00002-00001-00080,http://cudl.lib.cam.ac.uk/iiif/MS-TS-F-00002-00001-00080,tsf2.180
MS-TS-F-00002-00001-00081,http://cudl.lib.cam.ac.uk/iiif/MS-TS-F-00002-00001-00081,tsf2.181
MS-TS-F-00002-00001-00082,http://cudl.lib.cam.ac.uk/iiif/MS-TS-F-00002-00001-00082,tsf2.182
MS-TS-F-00002-00001-00083,http://cudl.lib.cam.ac.uk/iiif/MS-TS-F-00002-00001-00083,tsf2.183
MS-TS-F-00002-00001-00084,http://cudl.lib.cam.ac.uk/iiif/MS-TS-F-00002-00001-00084,tsf2.184
MS-TS-F-00002-00001-00085,http://cudl.lib.cam.ac.uk/iiif/MS-TS-F-00002-00001-00085,tsf2.185
MS-TS-F-00002-00001-00086,http://cudl.lib.cam.ac.uk/iiif/MS-TS-F-00002-00001-00086,tsf2.186
MS-TS-F-00002-00001-00087,http://cudl.lib.cam.ac.uk/iiif/MS-TS-F-00002-00001-00087,tsf2.187
MS-TS-F-00002-00001-00088,http://cudl.lib.cam.ac.uk/iiif/MS-TS-F-00002-00001-00088,tsf2.188
MS-TS-F-00002-00001-00089,http://cudl.lib.cam.ac.uk/iiif/MS-TS-F-00002-00001-00089,tsf2.189
MS-TS-F-00002-00001-00090,http://cudl.lib.cam.ac.uk/iiif/MS-TS-F-00002-00001-00090,tsf2.190
MS-TS-F-00002-00001-00091,http://cudl.lib.cam.ac.uk/iiif/MS-TS-F-00002-00001-00091,tsf2.191
MS-TS-F-00002-00001-00092,http://cudl.lib.cam.ac.uk/iiif/MS-TS-F-00002-00001-00092,tsf2.192
MS-TS-F-00002-00001-00093,http://cudl.lib.cam.ac.uk/iiif/MS-TS-F-00002-00001-00093,tsf2.193
MS-TS-F-00002-00001-00094,http://cudl.lib.cam.ac.uk/iiif/MS-TS-F-00002-00001-00094,tsf2.194
MS-TS-F-00002-00001-00095,http://cudl.lib.cam.ac.uk/iiif/MS-TS-F-00002-00001-00095,tsf2.195
MS-TS-F-00002-00001-00096,http://cudl.lib.cam.ac.uk/iiif/MS-TS-F-00002-00001-00096,tsf2.196
MS-TS-F-00002-00001-00097,http://cudl.lib.cam.ac.uk/iiif/MS-TS-F-00002-00001-00097,tsf2.197
MS-TS-F-00002-00001-00098,http://cudl.lib.cam.ac.uk/iiif/MS-TS-F-00002-00001-00098,tsf2.198
MS-TS-F-00002-00001-00099,http://cudl.lib.cam.ac.uk/iiif/MS-TS-F-00002-00001-00099,tsf2.199
MS-TS-F-00002-00001-00100,http://cudl.lib.cam.ac.uk/iiif/MS-TS-F-00002-00001-00100,tsf2.1100
MS-TS-F-00002-00001-00101,http://cudl.lib.cam.ac.uk/iiif/MS-TS-F-00002-00001-00101,tsf2.1101
MS-TS-F-00002-00001-00102,http://cudl.lib.cam.ac.uk/iiif/MS-TS-F-00002-00001-00102,tsf2.1102
MS-TS-F-00002-00001-00103,http://cudl.lib.cam.ac.uk/iiif/MS-TS-F-00002-00001-00103,tsf2.1103
MS-TS-F-00002-00001-00104,http://cudl.lib.cam.ac.uk/iiif/MS-TS-F-00002-00001-00104,tsf2.1104
MS-TS-F-00002-00001-00105,http://cudl.lib.cam.ac.uk/iiif/MS-TS-F-00002-00001-00105,tsf2.1105
MS-TS-F-00002-00001-00106,http://cudl.lib.cam.ac.uk/iiif/MS-TS-F-00002-00001-00106,tsf2.1106
MS-TS-F-00002-00001-00107,http://cudl.lib.cam.ac.uk/iiif/MS-TS-F-00002-00001-00107,tsf2.1107
MS-TS-F-00002-00001-00108,http://cudl.lib.cam.ac.uk/iiif/MS-TS-F-00002-00001-00108,tsf2.1108
MS-TS-F-00002-00001-00109,http://cudl.lib.cam.ac.uk/iiif/MS-TS-F-00002-00001-00109,tsf2.1109
MS-TS-F-00002-00001-00110,http://cudl.lib.cam.ac.uk/iiif/MS-TS-F-00002-00001-00110,tsf2.1110
MS-TS-F-00002-00001-00111,http://cudl.lib.cam.ac.uk/iiif/MS-TS-F-00002-00001-00111,tsf2.1111
MS-TS-F-00002-00001-00112,http://cudl.lib.cam.ac.uk/iiif/MS-TS-F-00002-00001-00112,tsf2.1112
MS-TS-F-00002-00001-00113,http://cudl.lib.cam.ac.uk/iiif/MS-TS-F-00002-00001-00113,tsf2.1113
MS-TS-F-00002-00001-00114,http://cudl.lib.cam.ac.uk/iiif/MS-TS-F-00002-00001-00114,tsf2.1114
MS-TS-F-00002-00001-00115,http://cudl.lib.cam.ac.uk/iiif/MS-TS-F-00002-00001-00115,tsf2.1115
MS-TS-F-00002-00001-00116,http://cudl.lib.cam.ac.uk/iiif/MS-TS-F-00002-00001-00116,tsf2.1116
MS-TS-F-00002-00001-00117,http://cudl.lib.cam.ac.uk/iiif/MS-TS-F-00002-00001-00117,tsf2.1117
MS-TS-F-00002-00001-00118,http://cudl.lib.cam.ac.uk/iiif/MS-TS-F-00002-00001-00118,tsf2.1118
MS-TS-F-00002-00001-00119,http://cudl.lib.cam.ac.uk/iiif/MS-TS-F-00002-00001-00119,tsf2.1119
MS-TS-F-00002-00001-00120,http://cudl.lib.cam.ac.uk/iiif/MS-TS-F-00002-00001-00120,tsf2.1120
MS-TS-F-00002-00001-00121,http://cudl.lib.cam.ac.uk/iiif/MS-TS-F-00002-00001-00121,tsf2.1121
MS-TS-F-00002-00001-00122,http://cudl.lib.cam.ac.uk/iiif/MS-TS-F-00002-00001-00122,tsf2.1122
MS-TS-F-00002-00001-00123,http://cudl.lib.cam.ac.uk/iiif/MS-TS-F-00002-00001-00123,tsf2.1123
MS-TS-F-00002-00001-00124,http://cudl.lib.cam.ac.uk/iiif/MS-TS-F-00002-00001-00124,tsf2.1124
MS-TS-F-00002-00001-00125,http://cudl.lib.cam.ac.uk/iiif/MS-TS-F-00002-00001-00125,tsf2.1125
MS-TS-F-00002-00001-00126,http://cudl.lib.cam.ac.uk/iiif/MS-TS-F-00002-00001-00126,tsf2.1126
MS-TS-F-00002-00001-00127,http://cudl.lib.cam.ac.uk/iiif/MS-TS-F-00002-00001-00127,tsf2.1127
MS-TS-F-00002-00001-00128,http://cudl.lib.cam.ac.uk/iiif/MS-TS-F-00002-00001-00128,tsf2.1128
MS-TS-F-00002-00001-00129,http://cudl.lib.cam.ac.uk/iiif/MS-TS-F-00002-00001-00129,tsf2.1129
MS-TS-F-00002-00001-00130,http://cudl.lib.cam.ac.uk/iiif/MS-TS-F-00002-00001-00130,tsf2.1130
MS-TS-F-00002-00001-00131,http://cudl.lib.cam.ac.uk/iiif/MS-TS-F-00002-00001-00131,tsf2.1131
MS-TS-F-00002-00001-00132,http://cudl.lib.cam.ac.uk/iiif/MS-TS-F-00002-00001-00132,tsf2.1132
MS-TS-F-00002-00001-00133,http://cudl.lib.cam.ac.uk/iiif/MS-TS-F-00002-00001-00133,tsf2.1133
MS-TS-F-00002-00001-00134,http://cudl.lib.cam.ac.uk/iiif/MS-TS-F-00002-00001-00134,tsf2.1134
MS-TS-F-00002-00001-00135,http://cudl.lib.cam.ac.uk/iiif/MS-TS-F-00002-00001-00135,tsf2.1135
MS-TS-F-00002-00001-00136,http://cudl.lib.cam.ac.uk/iiif/MS-TS-F-00002-00001-00136,tsf2.1136
MS-TS-F-00002-00001-00137,http://cudl.lib.cam.ac.uk/iiif/MS-TS-F-00002-00001-00137,tsf2.1137
MS-TS-F-00002-00001-00138,http://cudl.lib.cam.ac.uk/iiif/MS-TS-F-00002-00001-00138,tsf2.1138
MS-TS-F-00002-00001-00139,http://cudl.lib.cam.ac.uk/iiif/MS-TS-F-00002-00001-00139,tsf2.1139
MS-TS-F-00002-00001-00140,http://cudl.lib.cam.ac.uk/iiif/MS-TS-F-00002-00001-00140,tsf2.1140
MS-TS-F-00002-00001-00141,http://cudl.lib.cam.ac.uk/iiif/MS-TS-F-00002-00001-00141,tsf2.1141
MS-TS-F-00002-00001-00142,http://cudl.lib.cam.ac.uk/iiif/MS-TS-F-00002-00001-00142,tsf2.1142
MS-TS-F-00002-00001-00143,http://cudl.lib.cam.ac.uk/iiif/MS-TS-F-00002-00001-00143,tsf2.1143
MS-TS-F-00002-00001-00144,http://cudl.lib.cam.ac.uk/iiif/MS-TS-F-00002-00001-00144,tsf2.1144
MS-TS-F-00002-00001-00145,http://cudl.lib.cam.ac.uk/iiif/MS-TS-F-00002-00001-00145,tsf2.1145
MS-TS-F-00002-00001-00146,http://cudl.lib.cam.ac.uk/iiif/MS-TS-F-00002-00001-00146,tsf2.1146
MS-TS-F-00002-00001-00147,http://cudl.lib.cam.ac.uk/iiif/MS-TS-F-00002-00001-00147,tsf2.1147
MS-TS-F-00002-00001-00148,http://cudl.lib.cam.ac.uk/iiif/MS-TS-F-00002-00001-00148,tsf2.1148
MS-TS-F-00002-00001-00149,http://cudl.lib.cam.ac.uk/iiif/MS-TS-F-00002-00001-00149,tsf2.1149
MS-TS-F-00002-00001-00150,http://cudl.lib.cam.ac.uk/iiif/MS-TS-F-00002-00001-00150,tsf2.1150
MS-TS-F-00002-00001-00151,http://cudl.lib.cam.ac.uk/iiif/MS-TS-F-00002-00001-00151,tsf2.1151
MS-TS-F-00002-00001-00152,http://cudl.lib.cam.ac.uk/iiif/MS-TS-F-00002-00001-00152,tsf2.1152
MS-TS-F-00002-00001-00153,http://cudl.lib.cam.ac.uk/iiif/MS-TS-F-00002-00001-00153,tsf2.1153
MS-TS-F-00002-00001-00154,http://cudl.lib.cam.ac.uk/iiif/MS-TS-F-00002-00001-00154,tsf2.1154
MS-TS-F-00002-00001-00155,http://cudl.lib.cam.ac.uk/iiif/MS-TS-F-00002-00001-00155,tsf2.1155
MS-TS-F-00002-00001-00156,http://cudl.lib.cam.ac.uk/iiif/MS-TS-F-00002-00001-00156,tsf2.1156
MS-TS-F-00002-00001-00157,http://cudl.lib.cam.ac.uk/iiif/MS-TS-F-00002-00001-00157,tsf2.1157
MS-TS-F-00002-00001-00158,http://cudl.lib.cam.ac.uk/iiif/MS-TS-F-00002-00001-00158,tsf2.1158
MS-TS-F-00002-00001-00159,http://cudl.lib.cam.ac.uk/iiif/MS-TS-F-00002-00001-00159,tsf2.1159
MS-TS-F-00002-00001-00160,http://cudl.lib.cam.ac.uk/iiif/MS-TS-F-00002-00001-00160,tsf2.1160
MS-TS-F-00002-00001-00161,http://cudl.lib.cam.ac.uk/iiif/MS-TS-F-00002-00001-00161,tsf2.1161
MS-TS-F-00002-00001-00162,http://cudl.lib.cam.ac.uk/iiif/MS-TS-F-00002-00001-00162,tsf2.1162
MS-TS-F-00002-00001-00163,http://cudl.lib.cam.ac.uk/iiif/MS-TS-F-00002-00001-00163,tsf2.1163
MS-TS-F-00002-00001-00164,http://cudl.lib.cam.ac.uk/iiif/MS-TS-F-00002-00001-00164,tsf2.1164
MS-TS-F-00002-00001-00165,http://cudl.lib.cam.ac.uk/iiif/MS-TS-F-00002-00001-00165,tsf2.1165
MS-TS-F-00002-00001-00166,http://cudl.lib.cam.ac.uk/iiif/MS-TS-F-00002-00001-00166,tsf2.1166
MS-TS-F-00002-00001-00167,http://cudl.lib.cam.ac.uk/iiif/MS-TS-F-00002-00001-00167,tsf2.1167
MS-TS-F-00002-00001-00168,http://cudl.lib.cam.ac.uk/iiif/MS-TS-F-00002-00001-00168,tsf2.1168
MS-TS-F-00002-00001-00169,http://cudl.lib.cam.ac.uk/iiif/MS-TS-F-00002-00001-00169,tsf2.1169
MS-TS-F-00002-00001-00170,http://cudl.lib.cam.ac.uk/iiif/MS-TS-F-00002-00001-00170,tsf2.1170
MS-TS-F-00002-00001-00171,http://cudl.lib.cam.ac.uk/iiif/MS-TS-F-00002-00001-00171,tsf2.1171
MS-TS-F-00002-00001-00172,http://cudl.lib.cam.ac.uk/iiif/MS-TS-F-00002-00001-00172,tsf2.1172
MS-TS-F-00002-00001-00173,http://cudl.lib.cam.ac.uk/iiif/MS-TS-F-00002-00001-00173,tsf2.1173
MS-TS-F-00002-00001-00174,http://cudl.lib.cam.ac.uk/iiif/MS-TS-F-00002-00001-00174,tsf2.1174
MS-TS-F-00002-00001-00175,http://cudl.lib.cam.ac.uk/iiif/MS-TS-F-00002-00001-00175,tsf2.1175
MS-TS-F-00002-00001-00176,http://cudl.lib.cam.ac.uk/iiif/MS-TS-F-00002-00001-00176,tsf2.1176
MS-TS-F-00002-00001-00177,http://cudl.lib.cam.ac.uk/iiif/MS-TS-F-00002-00001-00177,tsf2.1177
MS-TS-F-00002-00001-00178,http://cudl.lib.cam.ac.uk/iiif/MS-TS-F-00002-00001-00178,tsf2.1178
MS-TS-F-00002-00001-00179,http://cudl.lib.cam.ac.uk/iiif/MS-TS-F-00002-00001-00179,tsf2.1179
MS-TS-F-00002-00001-00180,http://cudl.lib.cam.ac.uk/iiif/MS-TS-F-00002-00001-00180,tsf2.1180
MS-TS-F-00002-00001-00181,http://cudl.lib.cam.ac.uk/iiif/MS-TS-F-00002-00001-00181,tsf2.1181
MS-TS-F-00002-00001-00182,http://cudl.lib.cam.ac.uk/iiif/MS-TS-F-00002-00001-00182,tsf2.1182
MS-TS-F-00002-00001-00183,http://cudl.lib.cam.ac.uk/iiif/MS-TS-F-00002-00001-00183,tsf2.1183
MS-TS-F-00002-00001-00184,http://cudl.lib.cam.ac.uk/iiif/MS-TS-F-00002-00001-00184,tsf2.1184
MS-TS-F-00002-00001-00185,http://cudl.lib.cam.ac.uk/iiif/MS-TS-F-00002-00001-00185,tsf2.1185
MS-TS-F-00002-00001-00186,http://cudl.lib.cam.ac.uk/iiif/MS-TS-F-00002-00001-00186,tsf2.1186
MS-TS-F-00002-00001-00187,http://cudl.lib.cam.ac.uk/iiif/MS-TS-F-00002-00001-00187,tsf2.1187
MS-TS-F-00002-00001-00188,http://cudl.lib.cam.ac.uk/iiif/MS-TS-F-00002-00001-00188,tsf2.1188
MS-TS-F-00002-00001-00189,http://cudl.lib.cam.ac.uk/iiif/MS-TS-F-00002-00001-00189,tsf2.1189
MS-TS-F-00002-00001-00190,http://cudl.lib.cam.ac.uk/iiif/MS-TS-F-00002-00001-00190,tsf2.1190
MS-TS-F-00002-00001-00191,http://cudl.lib.cam.ac.uk/iiif/MS-TS-F-00002-00001-00191,tsf2.1191
MS-TS-F-00002-00001-00192,http://cudl.lib.cam.ac.uk/iiif/MS-TS-F-00002-00001-00192,tsf2.1192
MS-TS-F-00002-00001-00193,http://cudl.lib.cam.ac.uk/iiif/MS-TS-F-00002-00001-00193,tsf2.1193
MS-TS-F-00002-00001-00194,http://cudl.lib.cam.ac.uk/iiif/MS-TS-F-00002-00001-00194,tsf2.1194
MS-TS-F-00002-00001-00195,http://cudl.lib.cam.ac.uk/iiif/MS-TS-F-00002-00001-00195,tsf2.1195
MS-TS-F-00002-00001-00196,http://cudl.lib.cam.ac.uk/iiif/MS-TS-F-00002-00001-00196,tsf2.1196
MS-TS-F-00002-00001-00197,http://cudl.lib.cam.ac.uk/iiif/MS-TS-F-00002-00001-00197,tsf2.1197
MS-TS-F-00002-00001-00198,http://cudl.lib.cam.ac.uk/iiif/MS-TS-F-00002-00001-00198,tsf2.1198
MS-TS-F-00002-00001-00199,http://cudl.lib.cam.ac.uk/iiif/MS-TS-F-00002-00001-00199,tsf2.1199
MS-TS-F-00002-00001-00200,http://cudl.lib.cam.ac.uk/iiif/MS-TS-F-00002-00001-00200,tsf2.1200
MS-TS-F-00002-00001-00201,http://cudl.lib.cam.ac.uk/iiif/MS-TS-F-00002-00001-00201,tsf2.1201
MS-TS-F-00002-00001-00202,http://cudl.lib.cam.ac.uk/iiif/MS-TS-F-00002-00001-00202,tsf2.1202
MS-TS-F-00002-00001-00203,http://cudl.lib.cam.ac.uk/iiif/MS-TS-F-00002-00001-00203,tsf2.1203
MS-TS-F-00002-00001-00204,http://cudl.lib.cam.ac.uk/iiif/MS-TS-F-00002-00001-00204,tsf2.1204
MS-TS-F-00002-00001-00205,http://cudl.lib.cam.ac.uk/iiif/MS-TS-F-00002-00001-00205,tsf2.1205
MS-TS-F-00002-00001-00206,http://cudl.lib.cam.ac.uk/iiif/MS-TS-F-00002-00001-00206,tsf2.1206
MS-TS-F-00002-00001-00207,http://cudl.lib.cam.ac.uk/iiif/MS-TS-F-00002-00001-00207,tsf2.1207
MS-TS-F-00002-00001-00208,http://cudl.lib.cam.ac.uk/iiif/MS-TS-F-00002-00001-00208,tsf2.1208
MS-TS-F-00002-00001-00209,http://cudl.lib.cam.ac.uk/iiif/MS-TS-F-00002-00001-00209,tsf2.1209
MS-TS-F-00002-00001-00210,http://cudl.lib.cam.ac.uk/iiif/MS-TS-F-00002-00001-00210,tsf2.1210
MS-TS-F-00002-00001-00211,http://cudl.lib.cam.ac.uk/iiif/MS-TS-F-00002-00001-00211,tsf2.1211
MS-TS-F-00002-00001-00212,http://cudl.lib.cam.ac.uk/iiif/MS-TS-F-00002-00001-00212,tsf2.1212
MS-TS-F-00002-00001-00213,http://cudl.lib.cam.ac.uk/iiif/MS-TS-F-00002-00001-00213,tsf2.1213
MS-TS-F-00002-00002-00001-A,http://cudl.lib.cam.ac.uk/iiif/MS-TS-F-00002-00002-00001-A,tsf2.21a
MS-TS-F-00002-00002-00001,http://cudl.lib.cam.ac.uk/iiif/MS-TS-F-00002-00002-00001,tsf2.21
MS-TS-F-00002-00002-00002-A,http://cudl.lib.cam.ac.uk/iiif/MS-TS-F-00002-00002-00002-A,tsf2.22a
MS-TS-F-00002-00002-00002,http://cudl.lib.cam.ac.uk/iiif/MS-TS-F-00002-00002-00002,tsf2.22
MS-TS-F-00002-00002-00003,http://cudl.lib.cam.ac.uk/iiif/MS-TS-F-00002-00002-00003,tsf2.23
MS-TS-F-00002-00002-00004,http://cudl.lib.cam.ac.uk/iiif/MS-TS-F-00002-00002-00004,tsf2.24
MS-TS-F-00002-00002-00005,http://cudl.lib.cam.ac.uk/iiif/MS-TS-F-00002-00002-00005,tsf2.25
MS-TS-F-00002-00002-00006,http://cudl.lib.cam.ac.uk/iiif/MS-TS-F-00002-00002-00006,tsf2.26
MS-TS-F-00002-00002-00007,http://cudl.lib.cam.ac.uk/iiif/MS-TS-F-00002-00002-00007,tsf2.27
MS-TS-F-00002-00002-00008,http://cudl.lib.cam.ac.uk/iiif/MS-TS-F-00002-00002-00008,tsf2.28
MS-TS-F-00002-00002-00009,http://cudl.lib.cam.ac.uk/iiif/MS-TS-F-00002-00002-00009,tsf2.29
MS-TS-F-00002-00002-00010,http://cudl.lib.cam.ac.uk/iiif/MS-TS-F-00002-00002-00010,tsf2.210
MS-TS-F-00002-00002-00011,http://cudl.lib.cam.ac.uk/iiif/MS-TS-F-00002-00002-00011,tsf2.211
MS-TS-F-00002-00002-00012,http://cudl.lib.cam.ac.uk/iiif/MS-TS-F-00002-00002-00012,tsf2.212
MS-TS-F-00002-00002-00013,http://cudl.lib.cam.ac.uk/iiif/MS-TS-F-00002-00002-00013,tsf2.213
MS-TS-F-00002-00002-00014,http://cudl.lib.cam.ac.uk/iiif/MS-TS-F-00002-00002-00014,tsf2.214
MS-TS-F-00002-00002-00015,http://cudl.lib.cam.ac.uk/iiif/MS-TS-F-00002-00002-00015,tsf2.215
MS-TS-F-00002-00002-00016,http://cudl.lib.cam.ac.uk/iiif/MS-TS-F-00002-00002-00016,tsf2.216
MS-TS-F-00002-00002-00017,http://cudl.lib.cam.ac.uk/iiif/MS-TS-F-00002-00002-00017,tsf2.217
MS-TS-F-00002-00002-00018,http://cudl.lib.cam.ac.uk/iiif/MS-TS-F-00002-00002-00018,tsf2.218
MS-TS-F-00002-00002-00019,http://cudl.lib.cam.ac.uk/iiif/MS-TS-F-00002-00002-00019,tsf2.219
MS-TS-F-00002-00002-00020,http://cudl.lib.cam.ac.uk/iiif/MS-TS-F-00002-00002-00020,tsf2.220
MS-TS-F-00002-00002-00021,http://cudl.lib.cam.ac.uk/iiif/MS-TS-F-00002-00002-00021,tsf2.221
MS-TS-F-00002-00002-00022,http://cudl.lib.cam.ac.uk/iiif/MS-TS-F-00002-00002-00022,tsf2.222
MS-TS-F-00002-00002-00023,http://cudl.lib.cam.ac.uk/iiif/MS-TS-F-00002-00002-00023,tsf2.223
MS-TS-F-00002-00002-00024,http://cudl.lib.cam.ac.uk/iiif/MS-TS-F-00002-00002-00024,tsf2.224
MS-TS-F-00002-00002-00025,http://cudl.lib.cam.ac.uk/iiif/MS-TS-F-00002-00002-00025,tsf2.225
MS-TS-F-00002-00002-00026,http://cudl.lib.cam.ac.uk/iiif/MS-TS-F-00002-00002-00026,tsf2.226
MS-TS-F-00002-00002-00027,http://cudl.lib.cam.ac.uk/iiif/MS-TS-F-00002-00002-00027,tsf2.227
MS-TS-F-00002-00002-00028,http://cudl.lib.cam.ac.uk/iiif/MS-TS-F-00002-00002-00028,tsf2.228
MS-TS-F-00002-00002-00029,http://cudl.lib.cam.ac.uk/iiif/MS-TS-F-00002-00002-00029,tsf2.229
MS-TS-F-00002-00002-00030,http://cudl.lib.cam.ac.uk/iiif/MS-TS-F-00002-00002-00030,tsf2.230
MS-TS-F-00002-00002-00031,http://cudl.lib.cam.ac.uk/iiif/MS-TS-F-00002-00002-00031,tsf2.231
MS-TS-F-00002-00002-00032,http://cudl.lib.cam.ac.uk/iiif/MS-TS-F-00002-00002-00032,tsf2.232
MS-TS-F-00002-00002-00033,http://cudl.lib.cam.ac.uk/iiif/MS-TS-F-00002-00002-00033,tsf2.233
MS-TS-F-00002-00002-00034,http://cudl.lib.cam.ac.uk/iiif/MS-TS-F-00002-00002-00034,tsf2.234
MS-TS-F-00002-00002-00035,http://cudl.lib.cam.ac.uk/iiif/MS-TS-F-00002-00002-00035,tsf2.235
MS-TS-F-00002-00002-00036,http://cudl.lib.cam.ac.uk/iiif/MS-TS-F-00002-00002-00036,tsf2.236
MS-TS-F-00002-00002-00037,http://cudl.lib.cam.ac.uk/iiif/MS-TS-F-00002-00002-00037,tsf2.237
MS-TS-F-00002-00002-00038,http://cudl.lib.cam.ac.uk/iiif/MS-TS-F-00002-00002-00038,tsf2.238
MS-TS-F-00002-00002-00039,http://cudl.lib.cam.ac.uk/iiif/MS-TS-F-00002-00002-00039,tsf2.239
MS-TS-F-00002-00002-00040,http://cudl.lib.cam.ac.uk/iiif/MS-TS-F-00002-00002-00040,tsf2.240
MS-TS-F-00002-00002-00041,http://cudl.lib.cam.ac.uk/iiif/MS-TS-F-00002-00002-00041,tsf2.241
MS-TS-F-00002-00002-00042,http://cudl.lib.cam.ac.uk/iiif/MS-TS-F-00002-00002-00042,tsf2.242
MS-TS-F-00002-00002-00043,http://cudl.lib.cam.ac.uk/iiif/MS-TS-F-00002-00002-00043,tsf2.243
MS-TS-F-00002-00002-00044,http://cudl.lib.cam.ac.uk/iiif/MS-TS-F-00002-00002-00044,tsf2.244
MS-TS-F-00002-00002-00045,http://cudl.lib.cam.ac.uk/iiif/MS-TS-F-00002-00002-00045,tsf2.245
MS-TS-F-00002-00002-00046,http://cudl.lib.cam.ac.uk/iiif/MS-TS-F-00002-00002-00046,tsf2.246
MS-TS-F-00002-00002-00047,http://cudl.lib.cam.ac.uk/iiif/MS-TS-F-00002-00002-00047,tsf2.247
MS-TS-F-00002-00002-00048,http://cudl.lib.cam.ac.uk/iiif/MS-TS-F-00002-00002-00048,tsf2.248
MS-TS-F-00002-00002-00049,http://cudl.lib.cam.ac.uk/iiif/MS-TS-F-00002-00002-00049,tsf2.249
MS-TS-F-00002-00002-00050,http://cudl.lib.cam.ac.uk/iiif/MS-TS-F-00002-00002-00050,tsf2.250
MS-TS-F-00002-00002-00051,http://cudl.lib.cam.ac.uk/iiif/MS-TS-F-00002-00002-00051,tsf2.251
MS-TS-F-00002-00002-00052,http://cudl.lib.cam.ac.uk/iiif/MS-TS-F-00002-00002-00052,tsf2.252
MS-TS-F-00002-00002-00053,http://cudl.lib.cam.ac.uk/iiif/MS-TS-F-00002-00002-00053,tsf2.253
MS-TS-F-00002-00002-00054,http://cudl.lib.cam.ac.uk/iiif/MS-TS-F-00002-00002-00054,tsf2.254
MS-TS-F-00002-00002-00055,http://cudl.lib.cam.ac.uk/iiif/MS-TS-F-00002-00002-00055,tsf2.255
MS-TS-F-00002-00002-00056,http://cudl.lib.cam.ac.uk/iiif/MS-TS-F-00002-00002-00056,tsf2.256
MS-TS-F-00002-00002-00057,http://cudl.lib.cam.ac.uk/iiif/MS-TS-F-00002-00002-00057,tsf2.257
MS-TS-F-00002-00002-00058,http://cudl.lib.cam.ac.uk/iiif/MS-TS-F-00002-00002-00058,tsf2.258
MS-TS-F-00002-00002-00059,http://cudl.lib.cam.ac.uk/iiif/MS-TS-F-00002-00002-00059,tsf2.259
MS-TS-F-00002-00002-00060,http://cudl.lib.cam.ac.uk/iiif/MS-TS-F-00002-00002-00060,tsf2.260
MS-TS-F-00002-00002-00061,http://cudl.lib.cam.ac.uk/iiif/MS-TS-F-00002-00002-00061,tsf2.261
MS-TS-F-00002-00002-00062,http://cudl.lib.cam.ac.uk/iiif/MS-TS-F-00002-00002-00062,tsf2.262
MS-TS-F-00002-00002-00063,http://cudl.lib.cam.ac.uk/iiif/MS-TS-F-00002-00002-00063,tsf2.263
MS-TS-F-00002-00002-00064,http://cudl.lib.cam.ac.uk/iiif/MS-TS-F-00002-00002-00064,tsf2.264
MS-TS-F-00002-00002-00065,http://cudl.lib.cam.ac.uk/iiif/MS-TS-F-00002-00002-00065,tsf2.265
MS-TS-F-00002-00002-00066,http://cudl.lib.cam.ac.uk/iiif/MS-TS-F-00002-00002-00066,tsf2.266
MS-TS-F-00002-00002-00067,http://cudl.lib.cam.ac.uk/iiif/MS-TS-F-00002-00002-00067,tsf2.267
MS-TS-F-00002-00002-00068,http://cudl.lib.cam.ac.uk/iiif/MS-TS-F-00002-00002-00068,tsf2.268
MS-TS-F-00002-00002-00069,http://cudl.lib.cam.ac.uk/iiif/MS-TS-F-00002-00002-00069,tsf2.269
MS-TS-F-00002-00002-00070,http://cudl.lib.cam.ac.uk/iiif/MS-TS-F-00002-00002-00070,tsf2.270
MS-TS-F-00002-00002-00071,http://cudl.lib.cam.ac.uk/iiif/MS-TS-F-00002-00002-00071,tsf2.271
MS-TS-F-00002-00002-00072,http://cudl.lib.cam.ac.uk/iiif/MS-TS-F-00002-00002-00072,tsf2.272
MS-TS-F-00002-00002-00073,http://cudl.lib.cam.ac.uk/iiif/MS-TS-F-00002-00002-00073,tsf2.273
MS-TS-F-00002-00002-00074,http://cudl.lib.cam.ac.uk/iiif/MS-TS-F-00002-00002-00074,tsf2.274
MS-TS-F-00002-00002-00075,http://cudl.lib.cam.ac.uk/iiif/MS-TS-F-00002-00002-00075,tsf2.275
MS-TS-F-00002-00002-00076,http://cudl.lib.cam.ac.uk/iiif/MS-TS-F-00002-00002-00076,tsf2.276
MS-TS-F-00002-00002-00077,http://cudl.lib.cam.ac.uk/iiif/MS-TS-F-00002-00002-00077,tsf2.277
MS-TS-F-00002-00002-00078,http://cudl.lib.cam.ac.uk/iiif/MS-TS-F-00002-00002-00078,tsf2.278
MS-TS-F-00002-00002-00079,http://cudl.lib.cam.ac.uk/iiif/MS-TS-F-00002-00002-00079,tsf2.279
MS-TS-K-00025-00240,http://cudl.lib.cam.ac.uk/iiif/MS-TS-K-00025-00240,tsk25.240
MS-TS-MISC-00001-00092-00001,http://cudl.lib.cam.ac.uk/iiif/MS-TS-MISC-00001-00092-00001,tsmisc1.92.1
MS-TS-MISC-00001-00092-00002,http://cudl.lib.cam.ac.uk/iiif/MS-TS-MISC-00001-00092-00002,tsmisc1.92.2
MS-TS-MISC-00001-00131-00001,http://cudl.lib.cam.ac.uk/iiif/MS-TS-MISC-00001-00131-00001,tsmisc1.131.1
MS-TS-MISC-00010-00038,http://cudl.lib.cam.ac.uk/iiif/MS-TS-MISC-00010-00038,tsmisc10.38
MS-TS-MISC-00013-00003-00001,http://cudl.lib.cam.ac.uk/iiif/MS-TS-MISC-00013-00003-00001,tsmisc13.31
MS-TS-MISC-00013-00003-00002,http://cudl.lib.cam.ac.uk/iiif/MS-TS-MISC-00013-00003-00002,tsmisc13.32
MS-TS-MISC-00013-00003-00003,http://cudl.lib.cam.ac.uk/iiif/MS-TS-MISC-00013-00003-00003,tsmisc13.33
MS-TS-MISC-00013-00003-00004,http://cudl.lib.cam.ac.uk/iiif/MS-TS-MISC-00013-00003-00004,tsmisc13.34
MS-TS-MISC-00020-00053,http://cudl.lib.cam.ac.uk/iiif/MS-TS-MISC-00020-00053,tsmisc20.53
MS-TS-MISC-00020-00158,http://cudl.lib.cam.ac.uk/iiif/MS-TS-MISC-00020-00158,tsmisc20.158
MS-TS-MISC-00022-00165,http://cudl.lib.cam.ac.uk/iiif/MS-TS-MISC-00022-00165,tsmisc22.165
MS-TS-MISC-00022-00221,http://cudl.lib.cam.ac.uk/iiif/MS-TS-MISC-00022-00221,tsmisc22.221
MS-TS-MISC-00024-00137-00002-00001,http://cudl.lib.cam.ac.uk/iiif/MS-TS-MISC-00024-00137-00002-00001,tsmisc24.137.21
MS-TS-MISC-00027-00001-00001,http://cudl.lib.cam.ac.uk/iiif/MS-TS-MISC-00027-00001-00001,tsmisc27.11
MS-TS-MISC-00027-00001-00002,http://cudl.lib.cam.ac.uk/iiif/MS-TS-MISC-00027-00001-00002,tsmisc27.12
MS-TS-MISC-00027-00001-00003,http://cudl.lib.cam.ac.uk/iiif/MS-TS-MISC-00027-00001-00003,tsmisc27.13
MS-TS-MISC-00027-00001-00004,http://cudl.lib.cam.ac.uk/iiif/MS-TS-MISC-00027-00001-00004,tsmisc27.14
MS-TS-MISC-00027-00001-00005,http://cudl.lib.cam.ac.uk/iiif/MS-TS-MISC-00027-00001-00005,tsmisc27.15
MS-TS-MISC-00027-00001-00006-A,http://cudl.lib.cam.ac.uk/iiif/MS-TS-MISC-00027-00001-00006-A,tsmisc27.16a
MS-TS-MISC-00027-00001-00007,http://cudl.lib.cam.ac.uk/iiif/MS-TS-MISC-00027-00001-00007,tsmisc27.17
MS-TS-MISC-00027-00001-00008,http://cudl.lib.cam.ac.uk/iiif/MS-TS-MISC-00027-00001-00008,tsmisc27.18
MS-TS-MISC-00027-00001-00009,http://cudl.lib.cam.ac.uk/iiif/MS-TS-MISC-00027-00001-00009,tsmisc27.19
MS-TS-MISC-00027-00001-00010,http://cudl.lib.cam.ac.uk/iiif/MS-TS-MISC-00027-00001-00010,tsmisc27.110
MS-TS-MISC-00027-00001-00011,http://cudl.lib.cam.ac.uk/iiif/MS-TS-MISC-00027-00001-00011,tsmisc27.111
MS-TS-MISC-00027-00001-00012,http://cudl.lib.cam.ac.uk/iiif/MS-TS-MISC-00027-00001-00012,tsmisc27.112
MS-TS-MISC-00027-00001-00013,http://cudl.lib.cam.ac.uk/iiif/MS-TS-MISC-00027-00001-00013,tsmisc27.113
MS-TS-MISC-00027-00001-00014,http://cudl.lib.cam.ac.uk/iiif/MS-TS-MISC-00027-00001-00014,tsmisc27.114
MS-TS-MISC-00027-00001-00015,http://cudl.lib.cam.ac.uk/iiif/MS-TS-MISC-00027-00001-00015,tsmisc27.115
MS-TS-MISC-00027-00001-00016,http://cudl.lib.cam.ac.uk/iiif/MS-TS-MISC-00027-00001-00016,tsmisc27.116
MS-TS-MISC-00027-00001-00017,http://cudl.lib.cam.ac.uk/iiif/MS-TS-MISC-00027-00001-00017,tsmisc27.117
MS-TS-MISC-00027-00001-00018,http://cudl.lib.cam.ac.uk/iiif/MS-TS-MISC-00027-00001-00018,tsmisc27.118
MS-TS-MISC-00027-00001-00019,http://cudl.lib.cam.ac.uk/iiif/MS-TS-MISC-00027-00001-00019,tsmisc27.119
MS-TS-MISC-00027-00003-00002,http://cudl.lib.cam.ac.uk/iiif/MS-TS-MISC-00027-00003-00002,tsmisc27.32
MS-TS-MISC-00027-00003-00003,http://cudl.lib.cam.ac.uk/iiif/MS-TS-MISC-00027-00003-00003,tsmisc27.33
MS-TS-MISC-00027-00003-00004,http://cudl.lib.cam.ac.uk/iiif/MS-TS-MISC-00027-00003-00004,tsmisc27.34
MS-TS-MISC-00027-00003-00005,http://cudl.lib.cam.ac.uk/iiif/MS-TS-MISC-00027-00003-00005,tsmisc27.35
MS-TS-MISC-00027-00003-00006,http://cudl.lib.cam.ac.uk/iiif/MS-TS-MISC-00027-00003-00006,tsmisc27.36
MS-TS-MISC-00027-00003-00007,http://cudl.lib.cam.ac.uk/iiif/MS-TS-MISC-00027-00003-00007,tsmisc27.37
MS-TS-MISC-00027-00003-00008,http://cudl.lib.cam.ac.uk/iiif/MS-TS-MISC-00027-00003-00008,tsmisc27.38
MS-TS-MISC-00027-00003-00009,http://cudl.lib.cam.ac.uk/iiif/MS-TS-MISC-00027-00003-00009,tsmisc27.39
MS-TS-MISC-00027-00003-00010,http://cudl.lib.cam.ac.uk/iiif/MS-TS-MISC-00027-00003-00010,tsmisc27.310
MS-TS-MISC-00027-00003-00011,http://cudl.lib.cam.ac.uk/iiif/MS-TS-MISC-00027-00003-00011,tsmisc27.311
MS-TS-MISC-00027-00003-00012,http://cudl.lib.cam.ac.uk/iiif/MS-TS-MISC-00027-00003-00012,tsmisc27.312
MS-TS-MISC-00027-00003-00013,http://cudl.lib.cam.ac.uk/iiif/MS-TS-MISC-00027-00003-00013,tsmisc27.313
MS-TS-MISC-00027-00003-00014,http://cudl.lib.cam.ac.uk/iiif/MS-TS-MISC-00027-00003-00014,tsmisc27.314
MS-TS-MISC-00027-00003-00015,http://cudl.lib.cam.ac.uk/iiif/MS-TS-MISC-00027-00003-00015,tsmisc27.315
MS-TS-MISC-00027-00003-00016,http://cudl.lib.cam.ac.uk/iiif/MS-TS-MISC-00027-00003-00016,tsmisc27.316
MS-TS-MISC-00027-00003-00017,http://cudl.lib.cam.ac.uk/iiif/MS-TS-MISC-00027-00003-00017,tsmisc27.317
MS-TS-MISC-00027-00003-00018,http://cudl.lib.cam.ac.uk/iiif/MS-TS-MISC-00027-00003-00018,tsmisc27.318
MS-TS-MISC-00027-00003-00019,http://cudl.lib.cam.ac.uk/iiif/MS-TS-MISC-00027-00003-00019,tsmisc27.319
MS-TS-MISC-00027-00003-00020,http://cudl.lib.cam.ac.uk/iiif/MS-TS-MISC-00027-00003-00020,tsmisc27.320
MS-TS-MISC-00027-00003-00021,http://cudl.lib.cam.ac.uk/iiif/MS-TS-MISC-00027-00003-00021,tsmisc27.321
MS-TS-MISC-00027-00003-00022,http://cudl.lib.cam.ac.uk/iiif/MS-TS-MISC-00027-00003-00022,tsmisc27.322
MS-TS-MISC-00027-00003-00023,http://cudl.lib.cam.ac.uk/iiif/MS-TS-MISC-00027-00003-00023,tsmisc27.323
MS-TS-MISC-00027-00003-00024,http://cudl.lib.cam.ac.uk/iiif/MS-TS-MISC-00027-00003-00024,tsmisc27.324
MS-TS-MISC-00027-00004-00001,http://cudl.lib.cam.ac.uk/iiif/MS-TS-MISC-00027-00004-00001,tsmisc27.41
MS-TS-MISC-00027-00004-00002,http://cudl.lib.cam.ac.uk/iiif/MS-TS-MISC-00027-00004-00002,tsmisc27.42
MS-TS-MISC-00027-00004-00005,http://cudl.lib.cam.ac.uk/iiif/MS-TS-MISC-00027-00004-00005,tsmisc27.45
MS-TS-MISC-00027-00004-00006,http://cudl.lib.cam.ac.uk/iiif/MS-TS-MISC-00027-00004-00006,tsmisc27.46
MS-TS-MISC-00027-00004-00007,http://cudl.lib.cam.ac.uk/iiif/MS-TS-MISC-00027-00004-00007,tsmisc27.47
MS-TS-MISC-00027-00004-00008,http://cudl.lib.cam.ac.uk/iiif/MS-TS-MISC-00027-00004-00008,tsmisc27.48
MS-TS-MISC-00027-00004-00009,http://cudl.lib.cam.ac.uk/iiif/MS-TS-MISC-00027-00004-00009,tsmisc27.49
MS-TS-MISC-00027-00004-00010,http://cudl.lib.cam.ac.uk/iiif/MS-TS-MISC-00027-00004-00010,tsmisc27.410
MS-TS-MISC-00027-00004-00011,http://cudl.lib.cam.ac.uk/iiif/MS-TS-MISC-00027-00004-00011,tsmisc27.411
MS-TS-MISC-00027-00004-00012,http://cudl.lib.cam.ac.uk/iiif/MS-TS-MISC-00027-00004-00012,tsmisc27.412
MS-TS-MISC-00027-00004-00013,http://cudl.lib.cam.ac.uk/iiif/MS-TS-MISC-00027-00004-00013,tsmisc27.413
MS-TS-MISC-00027-00004-00014,http://cudl.lib.cam.ac.uk/iiif/MS-TS-MISC-00027-00004-00014,tsmisc27.414
MS-TS-MISC-00027-00004-00015,http://cudl.lib.cam.ac.uk/iiif/MS-TS-MISC-00027-00004-00015,tsmisc27.415
MS-TS-MISC-00027-00004-00016,http://cudl.lib.cam.ac.uk/iiif/MS-TS-MISC-00027-00004-00016,tsmisc27.416
MS-TS-MISC-00027-00004-00017,http://cudl.lib.cam.ac.uk/iiif/MS-TS-MISC-00027-00004-00017,tsmisc27.417
MS-TS-MISC-00027-00004-00018,http://cudl.lib.cam.ac.uk/iiif/MS-TS-MISC-00027-00004-00018,tsmisc27.418
MS-TS-MISC-00027-00004-00019,http://cudl.lib.cam.ac.uk/iiif/MS-TS-MISC-00027-00004-00019,tsmisc27.419
MS-TS-MISC-00027-00004-00020,http://cudl.lib.cam.ac.uk/iiif/MS-TS-MISC-00027-00004-00020,tsmisc27.420
MS-TS-MISC-00027-00004-00021,http://cudl.lib.cam.ac.uk/iiif/MS-TS-MISC-00027-00004-00021,tsmisc27.421
MS-TS-MISC-00027-00004-00022,http://cudl.lib.cam.ac.uk/iiif/MS-TS-MISC-00027-00004-00022,tsmisc27.422
MS-TS-MISC-00027-00004-00023,http://cudl.lib.cam.ac.uk/iiif/MS-TS-MISC-00027-00004-00023,tsmisc27.423
MS-TS-MISC-00027-00004-00024-A,http://cudl.lib.cam.ac.uk/iiif/MS-TS-MISC-00027-00004-00024-A,tsmisc27.424a
MS-TS-MISC-00027-00004-00024-B,http://cudl.lib.cam.ac.uk/iiif/MS-TS-MISC-00027-00004-00024-B,tsmisc27.424b
MS-TS-MISC-00027-00004-00025,http://cudl.lib.cam.ac.uk/iiif/MS-TS-MISC-00027-00004-00025,tsmisc27.425
MS-TS-MISC-00027-00004-00026,http://cudl.lib.cam.ac.uk/iiif/MS-TS-MISC-00027-00004-00026,tsmisc27.426
MS-TS-MISC-00027-00004-00027,http://cudl.lib.cam.ac.uk/iiif/MS-TS-MISC-00027-00004-00027,tsmisc27.427
MS-TS-MISC-00027-00004-00028,http://cudl.lib.cam.ac.uk/iiif/MS-TS-MISC-00027-00004-00028,tsmisc27.428
MS-TS-MISC-00027-00004-00029,http://cudl.lib.cam.ac.uk/iiif/MS-TS-MISC-00027-00004-00029,tsmisc27.429
MS-TS-MISC-00027-00004-00030,http://cudl.lib.cam.ac.uk/iiif/MS-TS-MISC-00027-00004-00030,tsmisc27.430
MS-TS-MISC-00027-00004-00031,http://cudl.lib.cam.ac.uk/iiif/MS-TS-MISC-00027-00004-00031,tsmisc27.431
MS-TS-MISC-00027-00004-00032,http://cudl.lib.cam.ac.uk/iiif/MS-TS-MISC-00027-00004-00032,tsmisc27.432
MS-TS-MISC-00027-00004-00033,http://cudl.lib.cam.ac.uk/iiif/MS-TS-MISC-00027-00004-00033,tsmisc27.433
MS-TS-MISC-00030-00067-00002-00001,http://cudl.lib.cam.ac.uk/iiif/MS-TS-MISC-00030-00067-00002-00001,tsmisc30.67.21
MS-TS-MISC-00030-00067-00002-00002,http://cudl.lib.cam.ac.uk/iiif/MS-TS-MISC-00030-00067-00002-00002,tsmisc30.67.22
MS-TS-MISC-00030-00067-00002-00003,http://cudl.lib.cam.ac.uk/iiif/MS-TS-MISC-00030-00067-00002-00003,tsmisc30.67.23
MS-TS-MISC-00031-00007-00001,http://cudl.lib.cam.ac.uk/iiif/MS-TS-MISC-00031-00007-00001,tsmisc31.71
MS-TS-MISC-00031-00007-00002,http://cudl.lib.cam.ac.uk/iiif/MS-TS-MISC-00031-00007-00002,tsmisc31.72
MS-TS-MISC-00031-00007-00003,http://cudl.lib.cam.ac.uk/iiif/MS-TS-MISC-00031-00007-00003,tsmisc31.73
MS-TS-MISC-00031-00007-00004,http://cudl.lib.cam.ac.uk/iiif/MS-TS-MISC-00031-00007-00004,tsmisc31.74
MS-TS-MISC-00031-00007-00005,http://cudl.lib.cam.ac.uk/iiif/MS-TS-MISC-00031-00007-00005,tsmisc31.75
MS-TS-MISC-00031-00007-00006,http://cudl.lib.cam.ac.uk/iiif/MS-TS-MISC-00031-00007-00006,tsmisc31.76
MS-TS-MISC-00031-00007-00007,http://cudl.lib.cam.ac.uk/iiif/MS-TS-MISC-00031-00007-00007,tsmisc31.77
MS-TS-MISC-00031-00007-00008,http://cudl.lib.cam.ac.uk/iiif/MS-TS-MISC-00031-00007-00008,tsmisc31.78
MS-TS-MISC-00031-00007-00009,http://cudl.lib.cam.ac.uk/iiif/MS-TS-MISC-00031-00007-00009,tsmisc31.79
MS-TS-MISC-00031-00007-00010,http://cudl.lib.cam.ac.uk/iiif/MS-TS-MISC-00031-00007-00010,tsmisc31.710
MS-TS-MISC-00031-MINUTE-FRAGMENTS,http://cudl.lib.cam.ac.uk/iiif/MS-TS-MISC-00031-MINUTE-FRAGMENTS,tsmisc31minutefragments
MS-TS-MISC-00033-MINUTE-FRAGMENTS,http://cudl.lib.cam.ac.uk/iiif/MS-TS-MISC-00033-MINUTE-FRAGMENTS,tsmisc33minutefragments
MS-TS-MISC-00034-00024-P-00001,http://cudl.lib.cam.ac.uk/iiif/MS-TS-MISC-00034-00024-P-00001,tsmisc34.24p1
MS-TS-MISC-00034-00024-P-00002,http://cudl.lib.cam.ac.uk/iiif/MS-TS-MISC-00034-00024-P-00002,tsmisc34.24p2
MS-TS-NS-00023-MINUTE-FRAGMENTS,http://cudl.lib.cam.ac.uk/iiif/MS-TS-NS-00023-MINUTE-FRAGMENTS,tsns23minutefragments
MS-TS-NS-00029-MINUTE-FRAGMENTS,http://cudl.lib.cam.ac.uk/iiif/MS-TS-NS-00029-MINUTE-FRAGMENTS,tsns29minutefragments
MS-TS-NS-00031-MINUTE-FRAGMENTS,http://cudl.lib.cam.ac.uk/iiif/MS-TS-NS-00031-MINUTE-FRAGMENTS,tsns31minutefragments
MS-TS-NS-00043-00061-MINUTE-FRAGMENTS,http://cudl.lib.cam.ac.uk/iiif/MS-TS-NS-00043-00061-MINUTE-FRAGMENTS,tsns43.61minutefragments
MS-TS-NS-00058-UNNUMBERED,http://cudl.lib.cam.ac.uk/iiif/MS-TS-NS-00058-UNNUMBERED,tsns58unnumbered
MS-TS-NS-00066-00046-MINUTE-FRAGMENTS,http://cudl.lib.cam.ac.uk/iiif/MS-TS-NS-00066-00046-MINUTE-FRAGMENTS,tsns66.46minutefragments
MS-TS-NS-00066-00047-MINUTE-FRAGMENTS,http://cudl.lib.cam.ac.uk/iiif/MS-TS-NS-00066-00047-MINUTE-FRAGMENTS,tsns66.47minutefragments
MS-TS-NS-00087-MINUTE-FRAGMENTS,http://cudl.lib.cam.ac.uk/iiif/MS-TS-NS-00087-MINUTE-FRAGMENTS,tsns87minutefragments
MS-TS-NS-00135-00001-A-A,http://cudl.lib.cam.ac.uk/iiif/MS-TS-NS-00135-00001-A-A,tsns135.1aa
MS-TS-NS-00135-00001-A-B,http://cudl.lib.cam.ac.uk/iiif/MS-TS-NS-00135-00001-A-B,tsns135.1ab
MS-TS-NS-00192-MINUTE-FRAGMENTS,http://cudl.lib.cam.ac.uk/iiif/MS-TS-NS-00192-MINUTE-FRAGMENTS,tsns192minutefragments
MS-TS-NS-00193-MINUTE-FRAGMENTS,http://cudl.lib.cam.ac.uk/iiif/MS-TS-NS-00193-MINUTE-FRAGMENTS,tsns193minutefragments
MS-TS-NS-00194-MINUTE-FRAGMENTS,http://cudl.lib.cam.ac.uk/iiif/MS-TS-NS-00194-MINUTE-FRAGMENTS,tsns194minutefragments
MS-TS-NS-00195-MINUTE-FRAGMENTS,http://cudl.lib.cam.ac.uk/iiif/MS-TS-NS-00195-MINUTE-FRAGMENTS,tsns195minutefragments
MS-TS-NS-00196-MINUTE-FRAGMENTS,http://cudl.lib.cam.ac.uk/iiif/MS-TS-NS-00196-MINUTE-FRAGMENTS,tsns196minutefragments
MS-TS-NS-00197-MINUTE-FRAGMENTS,http://cudl.lib.cam.ac.uk/iiif/MS-TS-NS-00197-MINUTE-FRAGMENTS,tsns197minutefragments
MS-TS-NS-00198-MINUTE-FRAGMENTS,http://cudl.lib.cam.ac.uk/iiif/MS-TS-NS-00198-MINUTE-FRAGMENTS,tsns198minutefragments
MS-TS-NS-00199-MINUTE-FRAGMENTS,http://cudl.lib.cam.ac.uk/iiif/MS-TS-NS-00199-MINUTE-FRAGMENTS,tsns199minutefragments
MS-TS-NS-00200-MINUTE-FRAGMENTS,http://cudl.lib.cam.ac.uk/iiif/MS-TS-NS-00200-MINUTE-FRAGMENTS,tsns200minutefragments
MS-TS-NS-00201-MINUTE-FRAGMENTS,http://cudl.lib.cam.ac.uk/iiif/MS-TS-NS-00201-MINUTE-FRAGMENTS,tsns201minutefragments
MS-TS-NS-00202-MINUTE-FRAGMENTS,http://cudl.lib.cam.ac.uk/iiif/MS-TS-NS-00202-MINUTE-FRAGMENTS,tsns202minutefragments
MS-TS-NS-00203-MINUTE-FRAGMENTS,http://cudl.lib.cam.ac.uk/iiif/MS-TS-NS-00203-MINUTE-FRAGMENTS,tsns203minutefragments
MS-TS-NS-00204-MINUTE-FRAGMENTS,http://cudl.lib.cam.ac.uk/iiif/MS-TS-NS-00204-MINUTE-FRAGMENTS,tsns204minutefragments
MS-TS-NS-00205-MINUTE-FRAGMENTS,http://cudl.lib.cam.ac.uk/iiif/MS-TS-NS-00205-MINUTE-FRAGMENTS,tsns205minutefragments
MS-TS-NS-00206-MINUTE-FRAGMENTS,http://cudl.lib.cam.ac.uk/iiif/MS-TS-NS-00206-MINUTE-FRAGMENTS,tsns206minutefragments
MS-TS-NS-00207-MINUTE-FRAGMENTS,http://cudl.lib.cam.ac.uk/iiif/MS-TS-NS-00207-MINUTE-FRAGMENTS,tsns207minutefragments
MS-TS-NS-00208-MINUTE-FRAGMENTS,http://cudl.lib.cam.ac.uk/iiif/MS-TS-NS-00208-MINUTE-FRAGMENTS,tsns208minutefragments
MS-TS-NS-00209-MINUTE-FRAGMENTS,http://cudl.lib.cam.ac.uk/iiif/MS-TS-NS-00209-MINUTE-FRAGMENTS,tsns209minutefragments
MS-TS-NS-00210-MINUTE-FRAGMENTS,http://cudl.lib.cam.ac.uk/iiif/MS-TS-NS-00210-MINUTE-FRAGMENTS,tsns210minutefragments
MS-TS-NS-00211-MINUTE-FRAGMENTS,http://cudl.lib.cam.ac.uk/iiif/MS-TS-NS-00211-MINUTE-FRAGMENTS,tsns211minutefragments
MS-TS-NS-00212-MINUTE-FRAGMENTS,http://cudl.lib.cam.ac.uk/iiif/MS-TS-NS-00212-MINUTE-FRAGMENTS,tsns212minutefragments
MS-TS-NS-00213-MINUTE-FRAGMENTS,http://cudl.lib.cam.ac.uk/iiif/MS-TS-NS-00213-MINUTE-FRAGMENTS,tsns213minutefragments
MS-TS-NS-00214-MINUTE-FRAGMENTS,http://cudl.lib.cam.ac.uk/iiif/MS-TS-NS-00214-MINUTE-FRAGMENTS,tsns214minutefragments
MS-TS-NS-00215-MINUTE-FRAGMENTS,http://cudl.lib.cam.ac.uk/iiif/MS-TS-NS-00215-MINUTE-FRAGMENTS,tsns215minutefragments
MS-TS-NS-00216-MINUTE-FRAGMENTS,http://cudl.lib.cam.ac.uk/iiif/MS-TS-NS-00216-MINUTE-FRAGMENTS,tsns216minutefragments
MS-TS-NS-00217-MINUTE-FRAGMENTS,http://cudl.lib.cam.ac.uk/iiif/MS-TS-NS-00217-MINUTE-FRAGMENTS,tsns217minutefragments
MS-TS-NS-00218-MINUTE-FRAGMENTS,http://cudl.lib.cam.ac.uk/iiif/MS-TS-NS-00218-MINUTE-FRAGMENTS,tsns218minutefragments
MS-TS-NS-00219-MINUTE-FRAGMENTS,http://cudl.lib.cam.ac.uk/iiif/MS-TS-NS-00219-MINUTE-FRAGMENTS,tsns219minutefragments
MS-TS-NS-00220-MINUTE-FRAGMENTS,http://cudl.lib.cam.ac.uk/iiif/MS-TS-NS-00220-MINUTE-FRAGMENTS,tsns220minutefragments
MS-TS-NS-00221-MINUTE-FRAGMENTS,http://cudl.lib.cam.ac.uk/iiif/MS-TS-NS-00221-MINUTE-FRAGMENTS,tsns221minutefragments
MS-TS-NS-00222-MINUTE-FRAGMENTS,http://cudl.lib.cam.ac.uk/iiif/MS-TS-NS-00222-MINUTE-FRAGMENTS,tsns222minutefragments
MS-TS-NS-00223-MINUTE-FRAGMENTS,http://cudl.lib.cam.ac.uk/iiif/MS-TS-NS-00223-MINUTE-FRAGMENTS,tsns223minutefragments
MS-TS-NS-00224-MINUTE-FRAGMENTS,http://cudl.lib.cam.ac.uk/iiif/MS-TS-NS-00224-MINUTE-FRAGMENTS,tsns224minutefragments
MS-TS-NS-00225-MINUTE-FRAGMENTS,http://cudl.lib.cam.ac.uk/iiif/MS-TS-NS-00225-MINUTE-FRAGMENTS,tsns225minutefragments
MS-TS-NS-00226-MINUTE-FRAGMENTS,http://cudl.lib.cam.ac.uk/iiif/MS-TS-NS-00226-MINUTE-FRAGMENTS,tsns226minutefragments
MS-TS-NS-00227-MINUTE-FRAGMENTS,http://cudl.lib.cam.ac.uk/iiif/MS-TS-NS-00227-MINUTE-FRAGMENTS,tsns227minutefragments
MS-TS-NS-00228-MINUTE-FRAGMENTS,http://cudl.lib.cam.ac.uk/iiif/MS-TS-NS-00228-MINUTE-FRAGMENTS,tsns228minutefragments
MS-TS-NS-00229-MINUTE-FRAGMENTS,http://cudl.lib.cam.ac.uk/iiif/MS-TS-NS-00229-MINUTE-FRAGMENTS,tsns229minutefragments
MS-TS-NS-00230-MINUTE-FRAGMENTS,http://cudl.lib.cam.ac.uk/iiif/MS-TS-NS-00230-MINUTE-FRAGMENTS,tsns230minutefragments
MS-TS-NS-00231-MINUTE-FRAGMENTS,http://cudl.lib.cam.ac.uk/iiif/MS-TS-NS-00231-MINUTE-FRAGMENTS,tsns231minutefragments
MS-TS-NS-00232-MINUTE-FRAGMENTS,http://cudl.lib.cam.ac.uk/iiif/MS-TS-NS-00232-MINUTE-FRAGMENTS,tsns232minutefragments
MS-TS-NS-00233-MINUTE-FRAGMENTS,http://cudl.lib.cam.ac.uk/iiif/MS-TS-NS-00233-MINUTE-FRAGMENTS,tsns233minutefragments
MS-TS-NS-00234-MINUTE-FRAGMENTS,http://cudl.lib.cam.ac.uk/iiif/MS-TS-NS-00234-MINUTE-FRAGMENTS,tsns234minutefragments
MS-TS-NS-00235-MINUTE-FRAGMENTS,http://cudl.lib.cam.ac.uk/iiif/MS-TS-NS-00235-MINUTE-FRAGMENTS,tsns235minutefragments
MS-TS-NS-00236-MINUTE-FRAGMENTS,http://cudl.lib.cam.ac.uk/iiif/MS-TS-NS-00236-MINUTE-FRAGMENTS,tsns236minutefragments
MS-TS-NS-00237-MINUTE-FRAGMENTS,http://cudl.lib.cam.ac.uk/iiif/MS-TS-NS-00237-MINUTE-FRAGMENTS,tsns237minutefragments
MS-TS-NS-00238-MINUTE-FRAGMENTS,http://cudl.lib.cam.ac.uk/iiif/MS-TS-NS-00238-MINUTE-FRAGMENTS,tsns238minutefragments
MS-TS-NS-00239-MINUTE-FRAGMENTS,http://cudl.lib.cam.ac.uk/iiif/MS-TS-NS-00239-MINUTE-FRAGMENTS,tsns239minutefragments
MS-TS-NS-00240-MINUTE-FRAGMENTS,http://cudl.lib.cam.ac.uk/iiif/MS-TS-NS-00240-MINUTE-FRAGMENTS,tsns240minutefragments
MS-TS-NS-00241-MINUTE-FRAGMENTS,http://cudl.lib.cam.ac.uk/iiif/MS-TS-NS-00241-MINUTE-FRAGMENTS,tsns241minutefragments
MS-TS-NS-00242-MINUTE-FRAGMENTS,http://cudl.lib.cam.ac.uk/iiif/MS-TS-NS-00242-MINUTE-FRAGMENTS,tsns242minutefragments
MS-TS-NS-00243-MINUTE-FRAGMENTS,http://cudl.lib.cam.ac.uk/iiif/MS-TS-NS-00243-MINUTE-FRAGMENTS,tsns243minutefragments
MS-TS-NS-00244-MINUTE-FRAGMENTS,http://cudl.lib.cam.ac.uk/iiif/MS-TS-NS-00244-MINUTE-FRAGMENTS,tsns244minutefragments
MS-TS-NS-00245-MINUTE-FRAGMENTS,http://cudl.lib.cam.ac.uk/iiif/MS-TS-NS-00245-MINUTE-FRAGMENTS,tsns245minutefragments
MS-TS-NS-00247-MINUTE-FRAGMENTS,http://cudl.lib.cam.ac.uk/iiif/MS-TS-NS-00247-MINUTE-FRAGMENTS,tsns247minutefragments
MS-TS-NS-00248-MINUTE-FRAGMENTS,http://cudl.lib.cam.ac.uk/iiif/MS-TS-NS-00248-MINUTE-FRAGMENTS,tsns248minutefragments
MS-TS-NS-00249-MINUTE-FRAGMENTS,http://cudl.lib.cam.ac.uk/iiif/MS-TS-NS-00249-MINUTE-FRAGMENTS,tsns249minutefragments
MS-TS-NS-00250-MINUTE-FRAGMENTS,http://cudl.lib.cam.ac.uk/iiif/MS-TS-NS-00250-MINUTE-FRAGMENTS,tsns250minutefragments
MS-TS-NS-00251-MINUTE-FRAGMENTS,http://cudl.lib.cam.ac.uk/iiif/MS-TS-NS-00251-MINUTE-FRAGMENTS,tsns251minutefragments
MS-TS-NS-00252-MINUTE-FRAGMENTS,http://cudl.lib.cam.ac.uk/iiif/MS-TS-NS-00252-MINUTE-FRAGMENTS,tsns252minutefragments
MS-TS-NS-00253-MINUTE-FRAGMENTS,http://cudl.lib.cam.ac.uk/iiif/MS-TS-NS-00253-MINUTE-FRAGMENTS,tsns253minutefragments
MS-TS-NS-00254-MINUTE-FRAGMENTS,http://cudl.lib.cam.ac.uk/iiif/MS-TS-NS-00254-MINUTE-FRAGMENTS,tsns254minutefragments
MS-TS-NS-00255-MINUTE-FRAGMENTS,http://cudl.lib.cam.ac.uk/iiif/MS-TS-NS-00255-MINUTE-FRAGMENTS,tsns255minutefragments
MS-TS-NS-00256-MINUTE-FRAGMENTS,http://cudl.lib.cam.ac.uk/iiif/MS-TS-NS-00256-MINUTE-FRAGMENTS,tsns256minutefragments
MS-TS-NS-00257-MINUTE-FRAGMENTS,http://cudl.lib.cam.ac.uk/iiif/MS-TS-NS-00257-MINUTE-FRAGMENTS,tsns257minutefragments
MS-TS-NS-00258-MINUTE-FRAGMENTS,http://cudl.lib.cam.ac.uk/iiif/MS-TS-NS-00258-MINUTE-FRAGMENTS,tsns258minutefragments
MS-TS-NS-00259-MINUTE-FRAGMENTS,http://cudl.lib.cam.ac.uk/iiif/MS-TS-NS-00259-MINUTE-FRAGMENTS,tsns259minutefragments
MS-TS-NS-00260-MINUTE-FRAGMENTS,http://cudl.lib.cam.ac.uk/iiif/MS-TS-NS-00260-MINUTE-FRAGMENTS,tsns260minutefragments
MS-TS-NS-00261-MINUTE-FRAGMENTS,http://cudl.lib.cam.ac.uk/iiif/MS-TS-NS-00261-MINUTE-FRAGMENTS,tsns261minutefragments
MS-TS-NS-00262-MINUTE-FRAGMENTS,http://cudl.lib.cam.ac.uk/iiif/MS-TS-NS-00262-MINUTE-FRAGMENTS,tsns262minutefragments
MS-TS-NS-00263-MINUTE-FRAGMENTS,http://cudl.lib.cam.ac.uk/iiif/MS-TS-NS-00263-MINUTE-FRAGMENTS,tsns263minutefragments
MS-TS-NS-00264-MINUTE-FRAGMENTS,http://cudl.lib.cam.ac.uk/iiif/MS-TS-NS-00264-MINUTE-FRAGMENTS,tsns264minutefragments
MS-TS-NS-00265-MINUTE-FRAGMENTS,http://cudl.lib.cam.ac.uk/iiif/MS-TS-NS-00265-MINUTE-FRAGMENTS,tsns265minutefragments
MS-TS-NS-00266-00189-A,http://cudl.lib.cam.ac.uk/iiif/MS-TS-NS-00266-00189-A,tsns266.189a
MS-TS-NS-00266-00189-B,http://cudl.lib.cam.ac.uk/iiif/MS-TS-NS-00266-00189-B,tsns266.189b
MS-TS-NS-00266-00189-C,http://cudl.lib.cam.ac.uk/iiif/MS-TS-NS-00266-00189-C,tsns266.189c
MS-TS-NS-00266-00189-D,http://cudl.lib.cam.ac.uk/iiif/MS-TS-NS-00266-00189-D,tsns266.189d
MS-TS-NS-00266-00189-E,http://cudl.lib.cam.ac.uk/iiif/MS-TS-NS-00266-00189-E,tsns266.189e
MS-TS-NS-00266-00189-F,http://cudl.lib.cam.ac.uk/iiif/MS-TS-NS-00266-00189-F,tsns266.189f
MS-TS-NS-00266-00189-G,http://cudl.lib.cam.ac.uk/iiif/MS-TS-NS-00266-00189-G,tsns266.189g
MS-TS-NS-00266-00189-H,http://cudl.lib.cam.ac.uk/iiif/MS-TS-NS-00266-00189-H,tsns266.189h
MS-TS-NS-00266-00189-I,http://cudl.lib.cam.ac.uk/iiif/MS-TS-NS-00266-00189-I,tsns266.189i
MS-TS-NS-00266-MINUTE-FRAGMENTS,http://cudl.lib.cam.ac.uk/iiif/MS-TS-NS-00266-MINUTE-FRAGMENTS,tsns266minutefragments
MS-TS-NS-00267-MINUTE-FRAGMENTS,http://cudl.lib.cam.ac.uk/iiif/MS-TS-NS-00267-MINUTE-FRAGMENTS,tsns267minutefragments
MS-TS-NS-00268-MINUTE-FRAGMENTS,http://cudl.lib.cam.ac.uk/iiif/MS-TS-NS-00268-MINUTE-FRAGMENTS,tsns268minutefragments
MS-TS-NS-00269-MINUTE-FRAGMENTS,http://cudl.lib.cam.ac.uk/iiif/MS-TS-NS-00269-MINUTE-FRAGMENTS,tsns269minutefragments
MS-TS-NS-00270-MINUTE-FRAGMENTS,http://cudl.lib.cam.ac.uk/iiif/MS-TS-NS-00270-MINUTE-FRAGMENTS,tsns270minutefragments
MS-TS-NS-00271-MINUTE-FRAGMENTS,http://cudl.lib.cam.ac.uk/iiif/MS-TS-NS-00271-MINUTE-FRAGMENTS,tsns271minutefragments
MS-TS-NS-00272-MINUTE-FRAGMENTS,http://cudl.lib.cam.ac.uk/iiif/MS-TS-NS-00272-MINUTE-FRAGMENTS,tsns272minutefragments
MS-TS-NS-00273-MINUTE-FRAGMENTS,http://cudl.lib.cam.ac.uk/iiif/MS-TS-NS-00273-MINUTE-FRAGMENTS,tsns273minutefragments
MS-TS-NS-00274-MINUTE-FRAGMENTS,http://cudl.lib.cam.ac.uk/iiif/MS-TS-NS-00274-MINUTE-FRAGMENTS,tsns274minutefragments
MS-TS-NS-00275-MINUTE-FRAGMENTS,http://cudl.lib.cam.ac.uk/iiif/MS-TS-NS-00275-MINUTE-FRAGMENTS,tsns275minutefragments
MS-TS-NS-00276-MINUTE-FRAGMENTS,http://cudl.lib.cam.ac.uk/iiif/MS-TS-NS-00276-MINUTE-FRAGMENTS,tsns276minutefragments
MS-TS-NS-00277-MINUTE-FRAGMENTS,http://cudl.lib.cam.ac.uk/iiif/MS-TS-NS-00277-MINUTE-FRAGMENTS,tsns277minutefragments
MS-TS-NS-00278-MINUTE-FRAGMENTS,http://cudl.lib.cam.ac.uk/iiif/MS-TS-NS-00278-MINUTE-FRAGMENTS,tsns278minutefragments
MS-TS-NS-00279-MINUTE-FRAGMENTS,http://cudl.lib.cam.ac.uk/iiif/MS-TS-NS-00279-MINUTE-FRAGMENTS,tsns279minutefragments
MS-TS-NS-00280-MINUTE-FRAGMENTS,http://cudl.lib.cam.ac.uk/iiif/MS-TS-NS-00280-MINUTE-FRAGMENTS,tsns280minutefragments
MS-TS-NS-00281-MINUTE-FRAGMENTS,http://cudl.lib.cam.ac.uk/iiif/MS-TS-NS-00281-MINUTE-FRAGMENTS,tsns281minutefragments
MS-TS-NS-00282-A,http://cudl.lib.cam.ac.uk/iiif/MS-TS-NS-00282-A,tsns282a
MS-TS-NS-00282-B,http://cudl.lib.cam.ac.uk/iiif/MS-TS-NS-00282-B,tsns282b
MS-TS-NS-00282-MINUTE-FRAGMENTS,http://cudl.lib.cam.ac.uk/iiif/MS-TS-NS-00282-MINUTE-FRAGMENTS,tsns282minutefragments
MS-TS-NS-00283-MINUTE-FRAGMENTS,http://cudl.lib.cam.ac.uk/iiif/MS-TS-NS-00283-MINUTE-FRAGMENTS,tsns283minutefragments
MS-TS-NS-00284-MINUTE-FRAGMENTS,http://cudl.lib.cam.ac.uk/iiif/MS-TS-NS-00284-MINUTE-FRAGMENTS,tsns284minutefragments
MS-TS-NS-00285-MINUTE-FRAGMENTS,http://cudl.lib.cam.ac.uk/iiif/MS-TS-NS-00285-MINUTE-FRAGMENTS,tsns285minutefragments
MS-TS-NS-00286-MINUTE-FRAGMENTS,http://cudl.lib.cam.ac.uk/iiif/MS-TS-NS-00286-MINUTE-FRAGMENTS,tsns286minutefragments
MS-TS-NS-00287-MINUTE-FRAGMENTS,http://cudl.lib.cam.ac.uk/iiif/MS-TS-NS-00287-MINUTE-FRAGMENTS,tsns287minutefragments
MS-TS-NS-00288-MINUTE-FRAGMENTS,http://cudl.lib.cam.ac.uk/iiif/MS-TS-NS-00288-MINUTE-FRAGMENTS,tsns288minutefragments
MS-TS-NS-00289-MINUTE-FRAGMENTS,http://cudl.lib.cam.ac.uk/iiif/MS-TS-NS-00289-MINUTE-FRAGMENTS,tsns289minutefragments
MS-TS-NS-00290-MINUTE-FRAGMENTS,http://cudl.lib.cam.ac.uk/iiif/MS-TS-NS-00290-MINUTE-FRAGMENTS,tsns290minutefragments
MS-TS-NS-00291-MINUTE-FRAGMENTS,http://cudl.lib.cam.ac.uk/iiif/MS-TS-NS-00291-MINUTE-FRAGMENTS,tsns291minutefragments
MS-TS-NS-00292-MINUTE-FRAGMENTS,http://cudl.lib.cam.ac.uk/iiif/MS-TS-NS-00292-MINUTE-FRAGMENTS,tsns292minutefragments
MS-TS-NS-00293-MINUTE-FRAGMENTS,http://cudl.lib.cam.ac.uk/iiif/MS-TS-NS-00293-MINUTE-FRAGMENTS,tsns293minutefragments
MS-TS-NS-00294-MINUTE-FRAGMENTS,http://cudl.lib.cam.ac.uk/iiif/MS-TS-NS-00294-MINUTE-FRAGMENTS,tsns294minutefragments
MS-TS-NS-00295-MINUTE-FRAGMENTS,http://cudl.lib.cam.ac.uk/iiif/MS-TS-NS-00295-MINUTE-FRAGMENTS,tsns295minutefragments
MS-TS-NS-00296-MINUTE-FRAGMENTS,http://cudl.lib.cam.ac.uk/iiif/MS-TS-NS-00296-MINUTE-FRAGMENTS,tsns296minutefragments
MS-TS-NS-00297-MINUTE-FRAGMENTS,http://cudl.lib.cam.ac.uk/iiif/MS-TS-NS-00297-MINUTE-FRAGMENTS,tsns297minutefragments
MS-TS-NS-00298-MINUTE-FRAGMENTS,http://cudl.lib.cam.ac.uk/iiif/MS-TS-NS-00298-MINUTE-FRAGMENTS,tsns298minutefragments
MS-TS-NS-00300-MINUTE-FRAGMENTS,http://cudl.lib.cam.ac.uk/iiif/MS-TS-NS-00300-MINUTE-FRAGMENTS,tsns300minutefragments
MS-TS-NS-00302-MINUTE-FRAGMENTS,http://cudl.lib.cam.ac.uk/iiif/MS-TS-NS-00302-MINUTE-FRAGMENTS,tsns302minutefragments
MS-TS-NS-00303-MINUTE-FRAGMENTS,http://cudl.lib.cam.ac.uk/iiif/MS-TS-NS-00303-MINUTE-FRAGMENTS,tsns303minutefragments
MS-TS-NS-00304-MINUTE-FRAGMENTS,http://cudl.lib.cam.ac.uk/iiif/MS-TS-NS-00304-MINUTE-FRAGMENTS,tsns304minutefragments
MS-TS-NS-00305-MINUTE-FRAGMENTS,http://cudl.lib.cam.ac.uk/iiif/MS-TS-NS-00305-MINUTE-FRAGMENTS,tsns305minutefragments
MS-TS-NS-00306-BOOK-COVER,http://cudl.lib.cam.ac.uk/iiif/MS-TS-NS-00306-BOOK-COVER,tsns306bookcover
MS-TS-NS-00306-MINUTE-FRAGMENTS,http://cudl.lib.cam.ac.uk/iiif/MS-TS-NS-00306-MINUTE-FRAGMENTS,tsns306minutefragments
MS-TS-NS-00307-MINUTE-FRAGMENTS,http://cudl.lib.cam.ac.uk/iiif/MS-TS-NS-00307-MINUTE-FRAGMENTS,tsns307minutefragments
MS-TS-NS-00308-MINUTE-FRAGMENTS,http://cudl.lib.cam.ac.uk/iiif/MS-TS-NS-00308-MINUTE-FRAGMENTS,tsns308minutefragments
MS-TS-NS-00309-MINUTE-FRAGMENTS,http://cudl.lib.cam.ac.uk/iiif/MS-TS-NS-00309-MINUTE-FRAGMENTS,tsns309minutefragments
MS-TS-NS-00310-MINUTE-FRAGMENTS,http://cudl.lib.cam.ac.uk/iiif/MS-TS-NS-00310-MINUTE-FRAGMENTS,tsns310minutefragments
MS-TS-NS-00311-MINUTE-FRAGMENTS,http://cudl.lib.cam.ac.uk/iiif/MS-TS-NS-00311-MINUTE-FRAGMENTS,tsns311minutefragments
MS-TS-NS-00312-MINUTE-FRAGMENTS,http://cudl.lib.cam.ac.uk/iiif/MS-TS-NS-00312-MINUTE-FRAGMENTS,tsns312minutefragments
MS-TS-NS-00313-MINUTE-FRAGMENTS,http://cudl.lib.cam.ac.uk/iiif/MS-TS-NS-00313-MINUTE-FRAGMENTS,tsns313minutefragments
MS-TS-NS-00314-MINUTE-FRAGMENTS,http://cudl.lib.cam.ac.uk/iiif/MS-TS-NS-00314-MINUTE-FRAGMENTS,tsns314minutefragments
MS-TS-NS-00315-MINUTE-FRAGMENTS,http://cudl.lib.cam.ac.uk/iiif/MS-TS-NS-00315-MINUTE-FRAGMENTS,tsns315minutefragments
MS-TS-NS-00316-MINUTE-FRAGMENTS,http://cudl.lib.cam.ac.uk/iiif/MS-TS-NS-00316-MINUTE-FRAGMENTS,tsns316minutefragments
MS-TS-NS-00317-MINUTE-FRAGMENTS,http://cudl.lib.cam.ac.uk/iiif/MS-TS-NS-00317-MINUTE-FRAGMENTS,tsns317minutefragments
MS-TS-NS-00318-MINUTE-FRAGMENTS,http://cudl.lib.cam.ac.uk/iiif/MS-TS-NS-00318-MINUTE-FRAGMENTS,tsns318minutefragments
MS-TS-NS-00319-MINUTE-FRAGMENTS,http://cudl.lib.cam.ac.uk/iiif/MS-TS-NS-00319-MINUTE-FRAGMENTS,tsns319minutefragments
MS-TS-NS-00320-MINUTE-FRAGMENTS,http://cudl.lib.cam.ac.uk/iiif/MS-TS-NS-00320-MINUTE-FRAGMENTS,tsns320minutefragments
MS-TS-NS-00321-MINUTE-FRAGMENTS,http://cudl.lib.cam.ac.uk/iiif/MS-TS-NS-00321-MINUTE-FRAGMENTS,tsns321minutefragments
MS-TS-NS-00322-MINUTE-FRAGMENTS,http://cudl.lib.cam.ac.uk/iiif/MS-TS-NS-00322-MINUTE-FRAGMENTS,tsns322minutefragments
MS-TS-NS-00323-MINUTE-FRAGMENTS,http://cudl.lib.cam.ac.uk/iiif/MS-TS-NS-00323-MINUTE-FRAGMENTS,tsns323minutefragments
MS-TS-NS-00324-MINUTE-FRAGMENTS,http://cudl.lib.cam.ac.uk/iiif/MS-TS-NS-00324-MINUTE-FRAGMENTS,tsns324minutefragments
MS-TS-NS-00325-MINUTE-FRAGMENTS,http://cudl.lib.cam.ac.uk/iiif/MS-TS-NS-00325-MINUTE-FRAGMENTS,tsns325minutefragments
MS-TS-NS-00326-MINUTE-FRAGMENTS,http://cudl.lib.cam.ac.uk/iiif/MS-TS-NS-00326-MINUTE-FRAGMENTS,tsns326minutefragments
MS-TS-NS-00327-MINUTE-FRAGMENTS,http://cudl.lib.cam.ac.uk/iiif/MS-TS-NS-00327-MINUTE-FRAGMENTS,tsns327minutefragments
MS-TS-NS-00328-MINUTE-FRAGMENTS,http://cudl.lib.cam.ac.uk/iiif/MS-TS-NS-00328-MINUTE-FRAGMENTS,tsns328minutefragments
MS-TS-NS-00329-MINUTE-FRAGMENTS-00001,http://cudl.lib.cam.ac.uk/iiif/MS-TS-NS-00329-MINUTE-FRAGMENTS-00001,tsns329minutefragments1
MS-TS-NS-00329-MINUTE-FRAGMENTS-00002,http://cudl.lib.cam.ac.uk/iiif/MS-TS-NS-00329-MINUTE-FRAGMENTS-00002,tsns329minutefragments2
MS-TS-NS-00329-MINUTE-FRAGMENTS-00003,http://cudl.lib.cam.ac.uk/iiif/MS-TS-NS-00329-MINUTE-FRAGMENTS-00003,tsns329minutefragments3
MS-TS-NS-00329-MINUTE-FRAGMENTS-00004,http://cudl.lib.cam.ac.uk/iiif/MS-TS-NS-00329-MINUTE-FRAGMENTS-00004,tsns329minutefragments4
MS-TS-NS-00329-MINUTE-FRAGMENTS-00005,http://cudl.lib.cam.ac.uk/iiif/MS-TS-NS-00329-MINUTE-FRAGMENTS-00005,tsns329minutefragments5
MS-TS-NS-00329-MINUTE-FRAGMENTS-00006,http://cudl.lib.cam.ac.uk/iiif/MS-TS-NS-00329-MINUTE-FRAGMENTS-00006,tsns329minutefragments6
MS-TS-NS-00329-MINUTE-FRAGMENTS-00007,http://cudl.lib.cam.ac.uk/iiif/MS-TS-NS-00329-MINUTE-FRAGMENTS-00007,tsns329minutefragments7
MS-TS-NS-00329-MINUTE-FRAGMENTS-00008,http://cudl.lib.cam.ac.uk/iiif/MS-TS-NS-00329-MINUTE-FRAGMENTS-00008,tsns329minutefragments8
MS-TS-NS-00330-MINUTE-FRAGMENTS,http://cudl.lib.cam.ac.uk/iiif/MS-TS-NS-00330-MINUTE-FRAGMENTS,tsns330minutefragments
MS-TS-NS-00331-MINUTE-FRAGMENTS,http://cudl.lib.cam.ac.uk/iiif/MS-TS-NS-00331-MINUTE-FRAGMENTS,tsns331minutefragments
MS-TS-NS-00332-MINUTE-FRAGMENTS,http://cudl.lib.cam.ac.uk/iiif/MS-TS-NS-00332-MINUTE-FRAGMENTS,tsns332minutefragments
MS-TS-NS-00333-MINUTE-FRAGMENTS,http://cudl.lib.cam.ac.uk/iiif/MS-TS-NS-00333-MINUTE-FRAGMENTS,tsns333minutefragments
MS-TS-NS-00334-MINUTE-FRAGMENTS,http://cudl.lib.cam.ac.uk/iiif/MS-TS-NS-00334-MINUTE-FRAGMENTS,tsns334minutefragments
MS-TS-NS-00335-MINUTE-FRAGMENTS,http://cudl.lib.cam.ac.uk/iiif/MS-TS-NS-00335-MINUTE-FRAGMENTS,tsns335minutefragments
MS-TS-NS-00336-MINUTE-FRAGMENTS,http://cudl.lib.cam.ac.uk/iiif/MS-TS-NS-00336-MINUTE-FRAGMENTS,tsns336minutefragments
MS-TS-NS-00337-MINUTE-FRAGMENTS,http://cudl.lib.cam.ac.uk/iiif/MS-TS-NS-00337-MINUTE-FRAGMENTS,tsns337minutefragments
MS-TS-NS-00338-MINUTE-FRAGMENTS,http://cudl.lib.cam.ac.uk/iiif/MS-TS-NS-00338-MINUTE-FRAGMENTS,tsns338minutefragments
MS-TS-NS-00339-MINUTE-FRAGMENTS,http://cudl.lib.cam.ac.uk/iiif/MS-TS-NS-00339-MINUTE-FRAGMENTS,tsns339minutefragments
MS-TS-NS-00340-MINUTE-FRAGMENTS,http://cudl.lib.cam.ac.uk/iiif/MS-TS-NS-00340-MINUTE-FRAGMENTS,tsns340minutefragments
MS-TS-NS-00341-MINUTE-FRAGMENTS,http://cudl.lib.cam.ac.uk/iiif/MS-TS-NS-00341-MINUTE-FRAGMENTS,tsns341minutefragments
MS-TS-NS-00342-MINUTE-FRAGMENTS,http://cudl.lib.cam.ac.uk/iiif/MS-TS-NS-00342-MINUTE-FRAGMENTS,tsns342minutefragments
MS-TS-NS-J-VOL-00003-MINUTE-FRAGMENTS,http://cudl.lib.cam.ac.uk/iiif/MS-TS-NS-J-VOL-00003-MINUTE-FRAGMENTS,tsnsjvol3minutefragments
MS-TS-NS-J-VOL-00004-MINUTE-FRAGMENTS,http://cudl.lib.cam.ac.uk/iiif/MS-TS-NS-J-VOL-00004-MINUTE-FRAGMENTS,tsnsjvol4minutefragments
