inventory_id,signature_id,ambiguity_kind,classmark,cudl_label,fist_signature_ids,fist_inventory_ids,leading_char,pattern_guess
,,multi_inventory,mosserii26.1,MS-MOSSERI-I-00026-00001,,"6644099,9867850",,mosseri_exotic_letter
,,multi_inventory,mosserii26.2,MS-MOSSERI-I-00026-00002,,"6645099,9868850",,mosseri_exotic_letter
,,multi_inventory,mosserii26.3,MS-MOSSERI-I-00026-00003,,"6646099,9869850",,mosseri_exotic_letter
,,multi_inventory,mosserii51,MS-MOSSERI-I-00051,,"86850,9877850",,mosseri_exotic_letter
,,multi_inventory,mosserii52,MS-MOSSERI-I-00052,,"87850,9878850",,mosseri_exotic_letter
,,multi_inventory,mosserii62,MS-MOSSERI-I-00062,,"8850,101850",,mosseri_exotic_letter
,,multi_inventory,mosserii93,MS-MOSSERI-I-00093,,"14850,151850",,mosseri_exotic_letter
,,multi_inventory,mosserii101,MS-MOSSERI-I-00101,,"15850,164850",,mosseri_exotic_letter
,,multi_inventory,mosserii102,MS-MOSSERI-I-00102,,"16850,165850",,mosseri_exotic_letter
,,multi_inventory,mosserii111,MS-MOSSERI-I-00111,,"17850,178850",,mosseri_exotic_letter
,,multi_inventory,mosserii112,MS-MOSSERI-I-00112,,"18850,179850",,mosseri_exotic_letter
,,multi_inventory,mosseriia2,MS-MOSSERI-IA-00002,,"222850,222850,9902850",,mosseri_exotic_letter
,,multi_inventory,mosseriia11,MS-MOSSERI-IA-00011,,"219850,232850",,mosseri_exotic_letter
,,multi_inventory,mosseriii71,MS-MOSSERI-II-00071,,"281850,391850",,mosseri_exotic_letter
,,multi_inventory,mosseriii82,MS-MOSSERI-II-00082,,"285850,406850",,mosseri_exotic_letter
,,multi_inventory,mosseriii93,MS-MOSSERI-II-00093,,"288850,432850",,mosseri_exotic_letter
,,multi_inventory,mosseriii112,MS-MOSSERI-II-00112,,"291850,476850",,mosseri_exotic_letter
,,no_fist_match,mosseriii117.1a,MS-MOSSERI-II-00117-00001-A,,,,mosseri_exotic_letter
,,no_fist_match,mosseriii117.1b,MS-MOSSERI-II-00117-00001-B,,,,mosseri_exotic_letter
,,no_fist_match,mosseriii123.12,MS-MOSSERI-II-00123-00001-00002,,,,mosseri_exotic_letter
,,multi_inventory,mosseriii171,MS-MOSSERI-II-00171,,"300850,583850",,mosseri_exotic_letter
,,multi_inventory,mosseriii172,MS-MOSSERI-II-00172,,"301850,584850",,mosseri_exotic_letter
,,multi_inventory,mosseriii191,MS-MOSSERI-II-00191,,"303850,610850",,mosseri_exotic_letter
,,multi_inventory,mosseriii192,MS-MOSSERI-II-00192,,"304850,611850",,mosseri_exotic_letter
,,multi_inventory,mosseriii231,MS-MOSSERI-II-00231,,"310850,661850",,mosseri_exotic_letter
,,multi_inventory,mosseriiii25.2a,MS-MOSSERI-III-00025-00002-A,,"6654099,10065850",,mosseri_exotic_letter
,,multi_inventory,mosseriiii25.2b,MS-MOSSERI-III-00025-00002-B,,"6655099,10066850",,mosseri_exotic_letter
,,multi_inventory,mosseriiii41,MS-MOSSERI-III-00041,,"928850,10114850",,mosseri_exotic_letter
,,multi_inventory,mosseriiii113,MS-MOSSERI-III-00113,,"1077850,9982850",,mosseri_exotic_letter
,,multi_inventory,mosseriiii114,MS-MOSSERI-III-00114,,"1078850,9983850",,mosseri_exotic_letter
,,multi_inventory,mosseriiii134.1,MS-MOSSERI-III-00134-00001,,"6647099,9989850",,mosseri_exotic_letter
,,multi_inventory,mosseriiii134.2,MS-MOSSERI-III-00134-00002,,"6648099,9990850",,mosseri_exotic_letter
,,multi_inventory,mosseriiii134.3,MS-MOSSERI-III-00134-00003,,"6649099,9991850",,mosseri_exotic_letter
,,multi_inventory,mosseriiii146.1,MS-MOSSERI-III-00146-00001,,"6650099,10012850",,mosseri_exotic_letter
,,multi_inventory,mosseriiii146.2,MS-MOSSERI-III-00146-00002,,"6651099,10013850",,mosseri_exotic_letter
,,multi_inventory,mosseriiii151,MS-MOSSERI-III-00151,,"872850,1141850",,mosseri_exotic_letter
,,multi_inventory,mosseriiii161,MS-MOSSERI-III-00161,,"874850,1164850",,mosseri_exotic_letter
,,multi_inventory,mosseriiii162,MS-MOSSERI-III-00162,,"875850,1165850",,mosseri_exotic_letter
,,multi_inventory,mosseriiii191,MS-MOSSERI-III-00191,,"878850,1217850",,mosseri_exotic_letter
,,multi_inventory,mosseriiii192,MS-MOSSERI-III-00192,,"879850,1218850",,mosseri_exotic_letter
,,multi_inventory,mosseriiii211,MS-MOSSERI-III-00211,,"883850,1256850",,mosseri_exotic_letter
,,multi_inventory,mosseriiii215,MS-MOSSERI-III-00215,,"887850,1265850",,mosseri_exotic_letter
,,multi_inventory,mosseriiii221,MS-MOSSERI-III-00221,,"888850,1273850",,mosseri_exotic_letter
,,multi_inventory,mosseriiii229.2a,MS-MOSSERI-III-00229-00002-A,,"6652099,10059850",,mosseri_exotic_letter
,,multi_inventory,mosseriiii229.2b,MS-MOSSERI-III-00229-00002-B,,"6653099,10060850",,mosseri_exotic_letter
,,multi_inventory,mosseriiii231,MS-MOSSERI-III-00231,,"892850,10061850",,mosseri_exotic_letter
,,multi_inventory,mosseriiii232,MS-MOSSERI-III-00232,,"893850,1287850",,mosseri_exotic_letter
,,multi_inventory,mosseriiii233,MS-MOSSERI-III-00233,,"894850,1288850",,mosseri_exotic_letter
,,multi_inventory,mosseriiii241,MS-MOSSERI-III-00241,,"896850,1299850",,mosseri_exotic_letter
,,multi_inventory,mosseriiii242,MS-MOSSERI-III-00242,,"897850,1300850",,mosseri_exotic_letter
,,multi_inventory,mosseriiv122,MS-MOSSERI-IV-00122,,"2161850,2599850",,mosseri_exotic_letter
,,multi_inventory,mosseriiv143,MS-MOSSERI-IV-00143,,"2169850,2665850",,mosseri_exotic_letter
,,multi_inventory,mosseriiv152,MS-MOSSERI-IV-00152,,"2175850,2707850",,mosseri_exotic_letter
,,multi_inventory,mosseriiv162,MS-MOSSERI-IV-00162,,"2749850,10148850",,mosseri_exotic_letter
,,multi_inventory,mosseriiv201,MS-MOSSERI-IV-00201,,"2195850,2901850",,mosseri_exotic_letter
,,multi_inventory,mosseriiv203,MS-MOSSERI-IV-00203,,"2197850,2905850",,mosseri_exotic_letter
,,multi_inventory,mosseriiv211,MS-MOSSERI-IV-00211,,"2199850,2929850",,mosseri_exotic_letter
,,multi_inventory,mosseriiv222,MS-MOSSERI-IV-00222,,"2205850,2975850",,mosseri_exotic_letter
,,multi_inventory,mosseriiv241,MS-MOSSERI-IV-00241,,"2209850,3065850",,mosseri_exotic_letter
,,multi_inventory,mosseriiv243,MS-MOSSERI-IV-00243,,"2211850,3073850",,mosseri_exotic_letter
,,multi_inventory,mosseriiv251,MS-MOSSERI-IV-00251,,"2213850,3095850",,mosseri_exotic_letter
,,multi_inventory,mosseriiv254,MS-MOSSERI-IV-00254,,"2216850,3100850",,mosseri_exotic_letter
,,multi_inventory,mosseriiv263,MS-MOSSERI-IV-00263,,"2220850,3117850",,mosseri_exotic_letter
,,multi_inventory,mosseriiv293,MS-MOSSERI-IV-00293,,"2234850,3182850",,mosseri_exotic_letter
,,multi_inventory,mosseriiv351,MS-MOSSERI-IV-00351,,"2253850,3322850",,mosseri_exotic_letter
,,multi_inventory,mosseriiv352,MS-MOSSERI-IV-00352,,"2254850,3323850",,mosseri_exotic_letter
,,multi_inventory,mosseriiv363,MS-MOSSERI-IV-00363,,"2260850,3337850",,mosseri_exotic_letter
,,multi_inventory,mosseriiv371,MS-MOSSERI-IV-00371,,"2263850,3348850",,mosseri_exotic_letter
,,multi_inventory,mosseriiv372,MS-MOSSERI-IV-00372,,"2265850,3349850",,mosseri_exotic_letter
,,multi_inventory,mosseriiv392,MS-MOSSERI-IV-00392,,"3377850,10203850",,mosseri_exotic_letter
,,multi_inventory,mosseriix122,MS-MOSSERI-IX-00122,,"5097850,5272850",,mosseri_exotic_letter
,,multi_inventory,mosseriv133,MS-MOSSERI-V-00133,,"1629850,10237850",,mosseri_exotic_letter
,,multi_inventory,mosseriv223,MS-MOSSERI-V-00223,,"1795850,10254850",,mosseri_exotic_letter
,,no_fist_match,mosseriv270b,MS-MOSSERI-V-00270-B,,,,mosseri_exotic_letter
,,no_fist_match,mosseriv270c,MS-MOSSERI-V-00270-C,,,,mosseri_exotic_letter
,,no_fist_match,mosseriv270d,MS-MOSSERI-V-00270-D,,,,mosseri_exotic_letter
,,no_fist_match,mosseriv270e,MS-MOSSERI-V-00270-E,,,,mosseri_exotic_letter
,,no_fist_match,mosseriv270f,MS-MOSSERI-V-00270-F,,,,mosseri_exotic_letter
,,multi_inventory,mosseriv292,MS-MOSSERI-V-00292,,"1409850,1905850",,mosseri_exotic_letter
,,no_fist_match,mosserivi2.1,MS-MOSSERI-VI-00002-00001,,,,mosseri_exotic_letter
,,no_fist_match,mosserivi2.2,MS-MOSSERI-VI-00002-00002,,,,mosseri_exotic_letter
,,no_fist_match,mosserivi24.3,MS-MOSSERI-VI-00024-00003,,,,mosseri_exotic_letter
,,no_fist_match,mosserivi25,MS-MOSSERI-VI-00025,,,,mosseri_exotic_letter
,,no_fist_match,mosserivi30.3,MS-MOSSERI-VI-00030-00003,,,,mosseri_exotic_letter
,,no_fist_match,mosserivi115.1a,MS-MOSSERI-VI-00115-00001-A,,,,mosseri_exotic_letter
,,no_fist_match,mosserivi115.1b,MS-MOSSERI-VI-00115-00001-B,,,,mosseri_exotic_letter
,,no_fist_match,mosserivi115.1c,MS-MOSSERI-VI-00115-00001-C,,,,mosseri_exotic_letter
,,no_fist_match,mosserivi115.1d,MS-MOSSERI-VI-00115-00001-D,,,,mosseri_exotic_letter
,,no_fist_match,mosserivi115.2,MS-MOSSERI-VI-00115-00002,,,,mosseri_exotic_letter
,,multi_inventory,mosserivi131,MS-MOSSERI-VI-00131,,"2163850,2626850",,mosseri_exotic_letter
,,multi_inventory,mosserivi142,MS-MOSSERI-VI-00142,,"2168850,2661850",,mosseri_exotic_letter
,,multi_inventory,mosserivi181,MS-MOSSERI-VI-00181,,"2188850,2823850",,mosseri_exotic_letter
,,multi_inventory,mosserivi182,MS-MOSSERI-VI-00182,,"2189850,2826850",,mosseri_exotic_letter
,,no_fist_match,mosserivi217a,MS-MOSSERI-VI-00217-A,,,,mosseri_exotic_letter
,,no_fist_match,mosserivi217b,MS-MOSSERI-VI-00217-B,,,,mosseri_exotic_letter
,,no_fist_match,mosserivi228,MS-MOSSERI-VI-00228,,,,mosseri_exotic_letter
,,multi_inventory,mosserivii43,MS-MOSSERI-VII-00043,,"3387850,3456850",,mosseri_exotic_letter
,,multi_inventory,mosserivii61,MS-MOSSERI-VII-00061,,"3389850,3484850",,mosseri_exotic_letter
,,multi_inventory,mosserivii101,MS-MOSSERI-VII-00101,,"3402850,3578850",,mosseri_exotic_letter
,,multi_inventory,mosserivii131,MS-MOSSERI-VII-00131,,"3409850,3633850",,mosseri_exotic_letter
,,multi_inventory,mosserivii132,MS-MOSSERI-VII-00132,,"3410850,3634850",,mosseri_exotic_letter
,,multi_inventory,mosserivii151,MS-MOSSERI-VII-00151,,"3412850,3666850",,mosseri_exotic_letter
,,multi_inventory,mosserivii153,MS-MOSSERI-VII-00153,,"3414850,3670850",,mosseri_exotic_letter
,,multi_inventory,mosserivii161,MS-MOSSERI-VII-00161,,"3415850,3681850",,mosseri_exotic_letter
,,multi_inventory,mosserivii202,MS-MOSSERI-VII-00202,,"3421850,3761850",,mosseri_exotic_letter
,,multi_inventory,mosseriviii121,MS-MOSSERI-VIII-00121,,"3797850,3992850",,mosseri_exotic_letter
,,multi_inventory,mosseriviii142,MS-MOSSERI-VIII-00142,,"3801850,4030850",,mosseri_exotic_letter
,,multi_inventory,mosseriviii161,MS-MOSSERI-VIII-00161,,"3803850,4073850",,mosseri_exotic_letter
,,multi_inventory,mosseriviii162,MS-MOSSERI-VIII-00162,,"3804850,4074850",,mosseri_exotic_letter
,,no_fist_match,mosseriviii304.2a,MS-MOSSERI-VIII-00304-00002-A,,,,mosseri_exotic_letter
,,no_fist_match,mosseriviii304.2b,MS-MOSSERI-VIII-00304-00002-B,,,,mosseri_exotic_letter
,,no_fist_match,mosseriviii307.1a,MS-MOSSERI-VIII-00307-00001-A,,,,mosseri_exotic_letter
,,no_fist_match,mosseriviii307.1b,MS-MOSSERI-VIII-00307-00001-B,,,,mosseri_exotic_letter
,,no_fist_match,mosseriviii310.3,MS-MOSSERI-VIII-00310-00003,,,,mosseri_exotic_letter
,,no_fist_match,mosseriviii324.41,MS-MOSSERI-VIII-00324-00004-00001,,,,mosseri_exotic_letter
,,no_fist_match,mosseriviii324.42,MS-MOSSERI-VIII-00324-00004-00002,,,,mosseri_exotic_letter
,,no_fist_match,mosseriviii331.2a,MS-MOSSERI-VIII-00331-00002-A,,,,mosseri_exotic_letter
,,no_fist_match,mosseriviii331.2b,MS-MOSSERI-VIII-00331-00002-B,,,,mosseri_exotic_letter
,,no_fist_match,mosseriviii331.3,MS-MOSSERI-VIII-00331-00003,,,,mosseri_exotic_letter
,,multi_inventory,mosseriviii332,MS-MOSSERI-VIII-00332,,"3832850,4444850",,mosseri_exotic_letter
,,no_fist_match,mosseriviii334.1,MS-MOSSERI-VIII-00334-00001,,,,mosseri_exotic_letter
,,no_fist_match,mosseriviii334.2,MS-MOSSERI-VIII-00334-00002,,,,mosseri_exotic_letter
,,no_fist_match,mosseriviii340.1,MS-MOSSERI-VIII-00340-00001,,,,mosseri_exotic_letter
,,multi_inventory,mosseriviii343,MS-MOSSERI-VIII-00343,,"3835850,4464850",,mosseri_exotic_letter
,,no_fist_match,mosseriviii353.1,MS-MOSSERI-VIII-00353-00001,,,,mosseri_exotic_letter
,,no_fist_match,mosseriviii357.1a,MS-MOSSERI-VIII-00357-00001-A,,,,mosseri_exotic_letter
,,no_fist_match,mosseriviii357.1b,MS-MOSSERI-VIII-00357-00001-B,,,,mosseri_exotic_letter
,,no_fist_match,mosseriviii357.1c,MS-MOSSERI-VIII-00357-00001-C,,,,mosseri_exotic_letter
,,no_fist_match,mosseriviii365a,MS-MOSSERI-VIII-00365-A,,,,mosseri_exotic_letter
,,no_fist_match,mosseriviii365b,MS-MOSSERI-VIII-00365-B,,,,mosseri_exotic_letter
,,no_fist_match,mosseriviii365c,MS-MOSSERI-VIII-00365-C,,,,mosseri_exotic_letter
,,no_fist_match,mosseriviii365d,MS-MOSSERI-VIII-00365-D,,,,mosseri_exotic_letter
,,no_fist_match,mosseriviii367.2a,MS-MOSSERI-VIII-00367-00002-A,,,,mosseri_exotic_letter
,,no_fist_match,mosseriviii367.2b,MS-MOSSERI-VIII-00367-00002-B,,,,mosseri_exotic_letter
,,no_fist_match,mosseriviii369.1a,MS-MOSSERI-VIII-00369-00001-A,,,,mosseri_exotic_letter
,,no_fist_match,mosseriviii369.1b,MS-MOSSERI-VIII-00369-00001-B,,,,mosseri_exotic_letter
,,no_fist_match,mosseriviii411.2a,MS-MOSSERI-VIII-00411-00002-A,,,,mosseri_exotic_letter
,,no_fist_match,mosseriviii411.2b,MS-MOSSERI-VIII-00411-00002-B,,,,mosseri_exotic_letter
,,multi_inventory,mosseriviii442,MS-MOSSERI-VIII-00442,,"3847850,4618850",,mosseri_exotic_letter
,,multi_inventory,mosseriviii472,MS-MOSSERI-VIII-00472,,"3851850,4658850",,mosseri_exotic_letter
,,multi_inventory,mosserix21,MS-MOSSERI-X-00021,,"4680850,4710850",,mosseri_exotic_letter
,,no_fist_match,or1080.11,MS-OR-01080-00001-00001,,,,or_single_segment
,,no_fist_match,or1080.12,MS-OR-01080-00001-00002,,,,or_single_segment
,,no_fist_match,or1080.13,MS-OR-01080-00001-00003,,,,or_single_segment
,,no_fist_match,or1080.14,MS-OR-01080-00001-00004,,,,or_single_segment
,,no_fist_match,or1080.15,MS-OR-01080-00001-00005,,,,or_single_segment
,,no_fist_match,or1080.16,MS-OR-01080-00001-00006,,,,or_single_segment
,,no_fist_match,or1080.17,MS-OR-01080-00001-00007,,,,or_single_segment
,,no_fist_match,or1080.18,MS-OR-01080-00001-00008,,,,or_single_segment
,,no_fist_match,or1080.19,MS-OR-01080-00001-00009,,,,or_single_segment
,,no_fist_match,or1080.110,MS-OR-01080-00001-00010,,,,or_single_segment
,,no_fist_match,or1080.111,MS-OR-01080-00001-00011,,,,or_single_segment
,,no_fist_match,or1080.112,MS-OR-01080-00001-00012,,,,or_single_segment
,,no_fist_match,or1080.113,MS-OR-01080-00001-00013,,,,or_single_segment
,,no_fist_match,or1080.114,MS-OR-01080-00001-00014,,,,or_single_segment
,,no_fist_match,or1080.115,MS-OR-01080-00001-00015,,,,or_single_segment
,,no_fist_match,or1080.116,MS-OR-01080-00001-00016,,,,or_single_segment
,,no_fist_match,or1080.117,MS-OR-01080-00001-00017,,,,or_single_segment
,,no_fist_match,or1080.118,MS-OR-01080-00001-00018,,,,or_single_segment
,,no_fist_match,or1080.119,MS-OR-01080-00001-00019,,,,or_single_segment
,,no_fist_match,or1080.120,MS-OR-01080-00001-00020,,,,or_single_segment
,,no_fist_match,or1080.121,MS-OR-01080-00001-00021,,,,or_single_segment
,,no_fist_match,or1080.122,MS-OR-01080-00001-00022,,,,or_single_segment
,,no_fist_match,or1080.123,MS-OR-01080-00001-00023,,,,or_single_segment
,,no_fist_match,or1080.124,MS-OR-01080-00001-00024,,,,or_single_segment
,,no_fist_match,or1080.125,MS-OR-01080-00001-00025,,,,or_single_segment
,,no_fist_match,or1080.126,MS-OR-01080-00001-00026,,,,or_single_segment
,,no_fist_match,or1080.128,MS-OR-01080-00001-00028,,,,or_single_segment
,,no_fist_match,or1080.129,MS-OR-01080-00001-00029,,,,or_single_segment
,,no_fist_match,or1080.130,MS-OR-01080-00001-00030,,,,or_single_segment
,,no_fist_match,or1080.131,MS-OR-01080-00001-00031,,,,or_single_segment
,,no_fist_match,or1080.132,MS-OR-01080-00001-00032,,,,or_single_segment
,,no_fist_match,or1080.133,MS-OR-01080-00001-00033,,,,or_single_segment
,,no_fist_match,or1080.134a,MS-OR-01080-00001-00034-A,,,,or_single_segment
,,no_fist_match,or1080.134b,MS-OR-01080-00001-00034-B,,,,or_single_segment
,,no_fist_match,or1080.135,MS-OR-01080-00001-00035,,,,or_single_segment
,,no_fist_match,or1080.136,MS-OR-01080-00001-00036,,,,or_single_segment
,,no_fist_match,or1080.137,MS-OR-01080-00001-00037,,,,or_single_segment
,,no_fist_match,or1080.138,MS-OR-01080-00001-00038,,,,or_single_segment
,,no_fist_match,or1080.139,MS-OR-01080-00001-00039,,,,or_single_segment
,,no_fist_match,or1080.140,MS-OR-01080-00001-00040,,,,or_single_segment
,,no_fist_match,or1080.141,MS-OR-01080-00001-00041,,,,or_single_segment
,,no_fist_match,or1080.142,MS-OR-01080-00001-00042,,,,or_single_segment
,,no_fist_match,or1080.143,MS-OR-01080-00001-00043,,,,or_single_segment
,,no_fist_match,or1080.144,MS-OR-01080-00001-00044,,,,or_single_segment
,,no_fist_match,or1080.145,MS-OR-01080-00001-00045,,,,or_single_segment
,,no_fist_match,or1080.146,MS-OR-01080-00001-00046,,,,or_single_segment
,,no_fist_match,or1080.147,MS-OR-01080-00001-00047,,,,or_single_segment
,,no_fist_match,or1080.148,MS-OR-01080-00001-00048,,,,or_single_segment
,,no_fist_match,or1080.149,MS-OR-01080-00001-00049,,,,or_single_segment
,,no_fist_match,or1080.150,MS-OR-01080-00001-00050,,,,or_single_segment
,,no_fist_match,or1080.151,MS-OR-01080-00001-00051,,,,or_single_segment
,,no_fist_match,or1080.152,MS-OR-01080-00001-00052,,,,or_single_segment
,,no_fist_match,or1080.153,MS-OR-01080-00001-00053,,,,or_single_segment
,,no_fist_match,or1080.154,MS-OR-01080-00001-00054,,,,or_single_segment
,,no_fist_match,or1080.155,MS-OR-01080-00001-00055,,,,or_single_segment
,,no_fist_match,or1080.156,MS-OR-01080-00001-00056,,,,or_single_segment
,,no_fist_match,or1080.157,MS-OR-01080-00001-00057,,,,or_single_segment
,,no_fist_match,or1080.158,MS-OR-01080-00001-00058,,,,or_single_segment
,,no_fist_match,or1080.159,MS-OR-01080-00001-00059,,,,or_single_segment
,,no_fist_match,or1080.160,MS-OR-01080-00001-00060,,,,or_single_segment
,,no_fist_match,or1080.161,MS-OR-01080-00001-00061,,,,or_single_segment
,,no_fist_match,or1080.162,MS-OR-01080-00001-00062,,,,or_single_segment
,,no_fist_match,or1080.163,MS-OR-01080-00001-00063,,,,or_single_segment
,,no_fist_match,or1080.164,MS-OR-01080-00001-00064,,,,or_single_segment
,,no_fist_match,or1080.165,MS-OR-01080-00001-00065,,,,or_single_segment
,,no_fist_match,or1080.166,MS-OR-01080-00001-00066,,,,or_single_segment
,,no_fist_match,or1080.167,MS-OR-01080-00001-00067,,,,or_single_segment
,,no_fist_match,or1080.168,MS-OR-01080-00001-00068,,,,or_single_segment
,,no_fist_match,or1080.169,MS-OR-01080-00001-00069,,,,or_single_segment
,,no_fist_match,or1080.170,MS-OR-01080-00001-00070,,,,or_single_segment
,,no_fist_match,or1080.172,MS-OR-01080-00001-00072,,,,or_single_segment
,,no_fist_match,or1080.173,MS-OR-01080-00001-00073,,,,or_single_segment
,,no_fist_match,or1080.174,MS-OR-01080-00001-00074,,,,or_single_segment
,,no_fist_match,or1080.175,MS-OR-01080-00001-00075,,,,or_single_segment
,,no_fist_match,or1080.176,MS-OR-01080-00001-00076,,,,or_single_segment
,,no_fist_match,or1080.177,MS-OR-01080-00001-00077,,,,or_single_segment
,,no_fist_match,or1080.178,MS-OR-01080-00001-00078,,,,or_single_segment
,,no_fist_match,or1080.179,MS-OR-01080-00001-00079,,,,or_single_segment
,,no_fist_match,or1080.180,MS-OR-01080-00001-00080,,,,or_single_segment
,,no_fist_match,or1080.181,MS-OR-01080-00001-00081,,,,or_single_segment
,,no_fist_match,or1080.182,MS-OR-01080-00001-00082,,,,or_single_segment
,,no_fist_match,or1080.183,MS-OR-01080-00001-00083,,,,or_single_segment
,,no_fist_match,or1080.184,MS-OR-01080-00001-00084,,,,or_single_segment
,,no_fist_match,or1080.185,MS-OR-01080-00001-00085,,,,or_single_segment
,,no_fist_match,or1080.186,MS-OR-01080-00001-00086,,,,or_single_segment
,,no_fist_match,or1080.187,MS-OR-01080-00001-00087,,,,or_single_segment
,,no_fist_match,or1080.188,MS-OR-01080-00001-00088,,,,or_single_segment
,,no_fist_match,or1080.189,MS-OR-01080-00001-00089,,,,or_single_segment
,,no_fist_match,or1080.191,MS-OR-01080-00001-00091,,,,or_single_segment
,,no_fist_match,or1080.21,MS-OR-01080-00002-00001,,,,or_single_segment
,,no_fist_match,or1080.22,MS-OR-01080-00002-00002,,,,or_single_segment
,,no_fist_match,or1080.23,MS-OR-01080-00002-00003,,,,or_single_segment
,,no_fist_match,or1080.24,MS-OR-01080-00002-00004,,,,or_single_segment
,,no_fist_match,or1080.25,MS-OR-01080-00002-00005,,,,or_single_segment
,,no_fist_match,or1080.26,MS-OR-01080-00002-00006,,,,or_single_segment
,,no_fist_match,or1080.27,MS-OR-01080-00002-00007,,,,or_single_segment
,,no_fist_match,or1080.29,MS-OR-01080-00002-00009,,,,or_single_segment
,,no_fist_match,or1080.210,MS-OR-01080-00002-00010,,,,or_single_segment
,,no_fist_match,or1080.211,MS-OR-01080-00002-00011,,,,or_single_segment
,,no_fist_match,or1080.212,MS-OR-01080-00002-00012,,,,or_single_segment
,,no_fist_match,or1080.213,MS-OR-01080-00002-00013,,,,or_single_segment
,,no_fist_match,or1080.214,MS-OR-01080-00002-00014,,,,or_single_segment
,,no_fist_match,or1080.216,MS-OR-01080-00002-00016,,,,or_single_segment
,,no_fist_match,or1080.217,MS-OR-01080-00002-00017,,,,or_single_segment
,,no_fist_match,or1080.218,MS-OR-01080-00002-00018,,,,or_single_segment
,,no_fist_match,or1080.219,MS-OR-01080-00002-00019,,,,or_single_segment
,,no_fist_match,or1080.221,MS-OR-01080-00002-00021,,,,or_single_segment
,,no_fist_match,or1080.222,MS-OR-01080-00002-00022,,,,or_single_segment
,,no_fist_match,or1080.225,MS-OR-01080-00002-00025,,,,or_single_segment
,,no_fist_match,or1080.226,MS-OR-01080-00002-00026,,,,or_single_segment
,,no_fist_match,or1080.227,MS-OR-01080-00002-00027,,,,or_single_segment
,,no_fist_match,or1080.231,MS-OR-01080-00002-00031,,,,or_single_segment
,,no_fist_match,or1080.232,MS-OR-01080-00002-00032,,,,or_single_segment
,,no_fist_match,or1080.236,MS-OR-01080-00002-00036,,,,or_single_segment
,,no_fist_match,or1080.237,MS-OR-01080-00002-00037,,,,or_single_segment
,,no_fist_match,or1080.238,MS-OR-01080-00002-00038,,,,or_single_segment
,,no_fist_match,or1080.241,MS-OR-01080-00002-00041,,,,or_single_segment
,,no_fist_match,or1080.242,MS-OR-01080-00002-00042,,,,or_single_segment
,,no_fist_match,or1080.243,MS-OR-01080-00002-00043,,,,or_single_segment
,,no_fist_match,or1080.244,MS-OR-01080-00002-00044,,,,or_single_segment
,,no_fist_match,or1080.245,MS-OR-01080-00002-00045,,,,or_single_segment
,,no_fist_match,or1080.246,MS-OR-01080-00002-00046,,,,or_single_segment
,,no_fist_match,or1080.247,MS-OR-01080-00002-00047,,,,or_single_segment
,,no_fist_match,or1080.248,MS-OR-01080-00002-00048,,,,or_single_segment
,,no_fist_match,or1080.249,MS-OR-01080-00002-00049,,,,or_single_segment
,,no_fist_match,or1080.250,MS-OR-01080-00002-00050,,,,or_single_segment
,,no_fist_match,or1080.251,MS-OR-01080-00002-00051,,,,or_single_segment
,,no_fist_match,or1080.252,MS-OR-01080-00002-00052,,,,or_single_segment
,,no_fist_match,or1080.253,MS-OR-01080-00002-00053,,,,or_single_segment
,,no_fist_match,or1080.254,MS-OR-01080-00002-00054,,,,or_single_segment
,,no_fist_match,or1080.255,MS-OR-01080-00002-00055,,,,or_single_segment
,,no_fist_match,or1080.256,MS-OR-01080-00002-00056,,,,or_single_segment
,,no_fist_match,or1080.257,MS-OR-01080-00002-00057,,,,or_single_segment
,,no_fist_match,or1080.258,MS-OR-01080-00002-00058,,,,or_single_segment
,,no_fist_match,or1080.259,MS-OR-01080-00002-00059,,,,or_single_segment
,,no_fist_match,or1080.260,MS-OR-01080-00002-00060,,,,or_single_segment
,,no_fist_match,or1080.261,MS-OR-01080-00002-00061,,,,or_single_segment
,,no_fist_match,or1080.262,MS-OR-01080-00002-00062,,,,or_single_segment
,,no_fist_match,or1080.263,MS-OR-01080-00002-00063,,,,or_single_segment
,,no_fist_match,or1080.264,MS-OR-01080-00002-00064,,,,or_single_segment
,,no_fist_match,or1080.265,MS-OR-01080-00002-00065,,,,or_single_segment
,,no_fist_match,or1080.266,MS-OR-01080-00002-00066,,,,or_single_segment
,,no_fist_match,or1080.267,MS-OR-01080-00002-00067,,,,or_single_segment
,,no_fist_match,or1080.268,MS-OR-01080-00002-00068,,,,or_single_segment
,,no_fist_match,or1080.269,MS-OR-01080-00002-00069,,,,or_single_segment
,,no_fist_match,or1080.270,MS-OR-01080-00002-00070,,,,or_single_segment
,,no_fist_match,or1080.271,MS-OR-01080-00002-00071,,,,or_single_segment
,,no_fist_match,or1080.272,MS-OR-01080-00002-00072,,,,or_single_segment
,,no_fist_match,or1080.273,MS-OR-01080-00002-00073,,,,or_single_segment
,,no_fist_match,or1080.274,MS-OR-01080-00002-00074,,,,or_single_segment
,,no_fist_match,or1080.275,MS-OR-01080-00002-00075,,,,or_single_segment
,,no_fist_match,or1080.276,MS-OR-01080-00002-00076,,,,or_single_segment
,,no_fist_match,or1080.277,MS-OR-01080-00002-00077,,,,or_single_segment
,,no_fist_match,or1080.278,MS-OR-01080-00002-00078,,,,or_single_segment
,,no_fist_match,or1080.280,MS-OR-01080-00002-00080,,,,or_single_segment
,,no_fist_match,or1080.281,MS-OR-01080-00002-00081,,,,or_single_segment
,,no_fist_match,or1080.282,MS-OR-01080-00002-00082,,,,or_single_segment
,,no_fist_match,or1080.31,MS-OR-01080-00003-00001,,,,or_single_segment
,,no_fist_match,or1080.32,MS-OR-01080-00003-00002,,,,or_single_segment
,,no_fist_match,or1080.33,MS-OR-01080-00003-00003,,,,or_single_segment
,,no_fist_match,or1080.34,MS-OR-01080-00003-00004,,,,or_single_segment
,,no_fist_match,or1080.35,MS-OR-01080-00003-00005,,,,or_single_segment
,,no_fist_match,or1080.37,MS-OR-01080-00003-00007,,,,or_single_segment
,,no_fist_match,or1080.39,MS-OR-01080-00003-00009,,,,or_single_segment
,,no_fist_match,or1080.310,MS-OR-01080-00003-00010,,,,or_single_segment
,,no_fist_match,or1080.311,MS-OR-01080-00003-00011,,,,or_single_segment
,,no_fist_match,or1080.312,MS-OR-01080-00003-00012,,,,or_single_segment
,,no_fist_match,or1080.313,MS-OR-01080-00003-00013,,,,or_single_segment
,,no_fist_match,or1080.314,MS-OR-01080-00003-00014,,,,or_single_segment
,,no_fist_match,or1080.315,MS-OR-01080-00003-00015,,,,or_single_segment
,,no_fist_match,or1080.316,MS-OR-01080-00003-00016,,,,or_single_segment
,,no_fist_match,or1080.317,MS-OR-01080-00003-00017,,,,or_single_segment
,,no_fist_match,or1080.318,MS-OR-01080-00003-00018,,,,or_single_segment
,,no_fist_match,or1080.319,MS-OR-01080-00003-00019,,,,or_single_segment
,,no_fist_match,or1080.320,MS-OR-01080-00003-00020,,,,or_single_segment
,,no_fist_match,or1080.321,MS-OR-01080-00003-00021,,,,or_single_segment
,,no_fist_match,or1080.322,MS-OR-01080-00003-00022,,,,or_single_segment
,,no_fist_match,or1080.323,MS-OR-01080-00003-00023,,,,or_single_segment
,,no_fist_match,or1080.324,MS-OR-01080-00003-00024,,,,or_single_segment
,,no_fist_match,or1080.325,MS-OR-01080-00003-00025,,,,or_single_segment
,,no_fist_match,or1080.326,MS-OR-01080-00003-00026,,,,or_single_segment
,,no_fist_match,or1080.327,MS-OR-01080-00003-00027,,,,or_single_segment
,,no_fist_match,or1080.328,MS-OR-01080-00003-00028,,,,or_single_segment
,,no_fist_match,or1080.329,MS-OR-01080-00003-00029,,,,or_single_segment
,,no_fist_match,or1080.330,MS-OR-01080-00003-00030,,,,or_single_segment
,,no_fist_match,or1080.331,MS-OR-01080-00003-00031,,,,or_single_segment
,,no_fist_match,or1080.332,MS-OR-01080-00003-00032,,,,or_single_segment
,,no_fist_match,or1080.333,MS-OR-01080-00003-00033,,,,or_single_segment
,,no_fist_match,or1080.335,MS-OR-01080-00003-00035,,,,or_single_segment
,,no_fist_match,or1080.336,MS-OR-01080-00003-00036,,,,or_single_segment
,,no_fist_match,or1080.337,MS-OR-01080-00003-00037,,,,or_single_segment
,,no_fist_match,or1080.338,MS-OR-01080-00003-00038,,,,or_single_segment
,,no_fist_match,or1080.339,MS-OR-01080-00003-00039,,,,or_single_segment
,,no_fist_match,or1080.340,MS-OR-01080-00003-00040,,,,or_single_segment
,,no_fist_match,or1080.341,MS-OR-01080-00003-00041,,,,or_single_segment
,,no_fist_match,or1080.342,MS-OR-01080-00003-00042,,,,or_single_segment
,,no_fist_match,or1080.343,MS-OR-01080-00003-00043,,,,or_single_segment
,,no_fist_match,or1080.344,MS-OR-01080-00003-00044,,,,or_single_segment
,,no_fist_match,or1080.345,MS-OR-01080-00003-00045,,,,or_single_segment
,,no_fist_match,or1080.346,MS-OR-01080-00003-00046,,,,or_single_segment
,,no_fist_match,or1080.348,MS-OR-01080-00003-00048,,,,or_single_segment
,,no_fist_match,or1080.349a,MS-OR-01080-00003-00049-A,,,,or_single_segment
,,no_fist_match,or1080.349b,MS-OR-01080-00003-00049-B,,,,or_single_segment
,,no_fist_match,or1080.350,MS-OR-01080-00003-00050,,,,or_single_segment
,,no_fist_match,or1080.351,MS-OR-01080-00003-00051,,,,or_single_segment
,,no_fist_match,or1080.352,MS-OR-01080-00003-00052,,,,or_single_segment
,,no_fist_match,or1080.353,MS-OR-01080-00003-00053,,,,or_single_segment
,,no_fist_match,or1080.354,MS-OR-01080-00003-00054,,,,or_single_segment
,,no_fist_match,or1080.355,MS-OR-01080-00003-00055,,,,or_single_segment
,,no_fist_match,or1080.356,MS-OR-01080-00003-00056,,,,or_single_segment
,,no_fist_match,or1080.357,MS-OR-01080-00003-00057,,,,or_single_segment
,,no_fist_match,or1080.358,MS-OR-01080-00003-00058,,,,or_single_segment
,,no_fist_match,or1080.359,MS-OR-01080-00003-00059,,,,or_single_segment
,,no_fist_match,or1080.41,MS-OR-01080-00004-00001,,,,or_single_segment
,,no_fist_match,or1080.42,MS-OR-01080-00004-00002,,,,or_single_segment
,,no_fist_match,or1080.43,MS-OR-01080-00004-00003,,,,or_single_segment
,,no_fist_match,or1080.44,MS-OR-01080-00004-00004,,,,or_single_segment
,,no_fist_match,or1080.45,MS-OR-01080-00004-00005,,,,or_single_segment
,,no_fist_match,or1080.47,MS-OR-01080-00004-00007,,,,or_single_segment
,,no_fist_match,or1080.48,MS-OR-01080-00004-00008,,,,or_single_segment
,,no_fist_match,or1080.49,MS-OR-01080-00004-00009,,,,or_single_segment
,,no_fist_match,or1080.410,MS-OR-01080-00004-00010,,,,or_single_segment
,,no_fist_match,or1080.411,MS-OR-01080-00004-00011,,,,or_single_segment
,,no_fist_match,or1080.412,MS-OR-01080-00004-00012,,,,or_single_segment
,,no_fist_match,or1080.413,MS-OR-01080-00004-00013,,,,or_single_segment
,,no_fist_match,or1080.414,MS-OR-01080-00004-00014,,,,or_single_segment
,,no_fist_match,or1080.415,MS-OR-01080-00004-00015,,,,or_single_segment
,,no_fist_match,or1080.416,MS-OR-01080-00004-00016,,,,or_single_segment
,,no_fist_match,or1080.417,MS-OR-01080-00004-00017,,,,or_single_segment
,,no_fist_match,or1080.418,MS-OR-01080-00004-00018,,,,or_single_segment
,,no_fist_match,or1080.419,MS-OR-01080-00004-00019,,,,or_single_segment
,,no_fist_match,or1080.420,MS-OR-01080-00004-00020,,,,or_single_segment
,,no_fist_match,or1080.421,MS-OR-01080-00004-00021,,,,or_single_segment
,,no_fist_match,or1080.422,MS-OR-01080-00004-00022,,,,or_single_segment
,,no_fist_match,or1080.423,MS-OR-01080-00004-00023,,,,or_single_segment
,,no_fist_match,or1080.424,MS-OR-01080-00004-00024,,,,or_single_segment
,,no_fist_match,or1080.425,MS-OR-01080-00004-00025,,,,or_single_segment
,,no_fist_match,or1080.426,MS-OR-01080-00004-00026,,,,or_single_segment
,,no_fist_match,or1080.427,MS-OR-01080-00004-00027,,,,or_single_segment
,,no_fist_match,or1080.428,MS-OR-01080-00004-00028,,,,or_single_segment
,,no_fist_match,or1080.429,MS-OR-01080-00004-00029,,,,or_single_segment
,,no_fist_match,or1080.430,MS-OR-01080-00004-00030,,,,or_single_segment
,,no_fist_match,or1080.431,MS-OR-01080-00004-00031,,,,or_single_segment
,,no_fist_match,or1080.432,MS-OR-01080-00004-00032,,,,or_single_segment
,,no_fist_match,or1080.433,MS-OR-01080-00004-00033,,,,or_single_segment
,,no_fist_match,or1080.434,MS-OR-01080-00004-00034,,,,or_single_segment
,,no_fist_match,or1080.435,MS-OR-01080-00004-00035,,,,or_single_segment
,,no_fist_match,or1080.436,MS-OR-01080-00004-00036,,,,or_single_segment
,,no_fist_match,or1080.437,MS-OR-01080-00004-00037,,,,or_single_segment
,,no_fist_match,or1080.438,MS-OR-01080-00004-00038,,,,or_single_segment
,,no_fist_match,or1080.439,MS-OR-01080-00004-00039,,,,or_single_segment
,,no_fist_match,or1080.440,MS-OR-01080-00004-00040,,,,or_single_segment
,,no_fist_match,or1080.441,MS-OR-01080-00004-00041,,,,or_single_segment
,,no_fist_match,or1080.442,MS-OR-01080-00004-00042,,,,or_single_segment
,,no_fist_match,or1080.443,MS-OR-01080-00004-00043,,,,or_single_segment
,,no_fist_match,or1080.444,MS-OR-01080-00004-00044,,,,or_single_segment
,,no_fist_match,or1080.445,MS-OR-01080-00004-00045,,,,or_single_segment
,,no_fist_match,or1080.446,MS-OR-01080-00004-00046,,,,or_single_segment
,,no_fist_match,or1080.447,MS-OR-01080-00004-00047,,,,or_single_segment
,,no_fist_match,or1080.448,MS-OR-01080-00004-00048,,,,or_single_segment
,,no_fist_match,or1080.449,MS-OR-01080-00004-00049,,,,or_single_segment
,,no_fist_match,or1080.450,MS-OR-01080-00004-00050,,,,or_single_segment
,,no_fist_match,or1080.451,MS-OR-01080-00004-00051,,,,or_single_segment
,,no_fist_match,or1080.452,MS-OR-01080-00004-00052,,,,or_single_segment
,,no_fist_match,or1080.453,MS-OR-01080-00004-00053,,,,or_single_segment
,,no_fist_match,or1080.454,MS-OR-01080-00004-00054,,,,or_single_segment
,,no_fist_match,or1080.455,MS-OR-01080-00004-00055,,,,or_single_segment
,,no_fist_match,or1080.456,MS-OR-01080-00004-00056,,,,or_single_segment
,,no_fist_match,or1080.457,MS-OR-01080-00004-00057,,,,or_single_segment
,,no_fist_match,or1080.458,MS-OR-01080-00004-00058,,,,or_single_segment
,,no_fist_match,or1080.459,MS-OR-01080-00004-00059,,,,or_single_segment
,,no_fist_match,or1080.460,MS-OR-01080-00004-00060,,,,or_single_segment
,,no_fist_match,or1080.461,MS-OR-01080-00004-00061,,,,or_single_segment
,,no_fist_match,or1080.465a,MS-OR-01080-00004-00065-A,,,,or_single_segment
,,no_fist_match,or1080.465b,MS-OR-01080-00004-00065-B,,,,or_single_segment
,,no_fist_match,or1080.466,MS-OR-01080-00004-00066,,,,or_single_segment
,,no_fist_match,or1080.51,MS-OR-01080-00005-00001,,,,or_single_segment
,,no_fist_match,or1080.52,MS-OR-01080-00005-00002,,,,or_single_segment
,,no_fist_match,or1080.53,MS-OR-01080-00005-00003,,,,or_single_segment
,,no_fist_match,or1080.54,MS-OR-01080-00005-00004,,,,or_single_segment
,,no_fist_match,or1080.55,MS-OR-01080-00005-00005,,,,or_single_segment
,,no_fist_match,or1080.56,MS-OR-01080-00005-00006,,,,or_single_segment
,,no_fist_match,or1080.57,MS-OR-01080-00005-00007,,,,or_single_segment
,,no_fist_match,or1080.58,MS-OR-01080-00005-00008,,,,or_single_segment
,,no_fist_match,or1080.59,MS-OR-01080-00005-00009,,,,or_single_segment
,,no_fist_match,or1080.510,MS-OR-01080-00005-00010,,,,or_single_segment
,,no_fist_match,or1080.511,MS-OR-01080-00005-00011,,,,or_single_segment
,,no_fist_match,or1080.513,MS-OR-01080-00005-00013,,,,or_single_segment
,,no_fist_match,or1080.514,MS-OR-01080-00005-00014,,,,or_single_segment
,,no_fist_match,or1080.515,MS-OR-01080-00005-00015,,,,or_single_segment
,,no_fist_match,or1080.516,MS-OR-01080-00005-00016,,,,or_single_segment
,,no_fist_match,or1080.517,MS-OR-01080-00005-00017,,,,or_single_segment
,,no_fist_match,or1080.62,MS-OR-01080-00006-00002,,,,or_single_segment
,,no_fist_match,or1080.66,MS-OR-01080-00006-00006,,,,or_single_segment
,,no_fist_match,or1080.67,MS-OR-01080-00006-00007,,,,or_single_segment
,,no_fist_match,or1080.68,MS-OR-01080-00006-00008,,,,or_single_segment
,,no_fist_match,or1080.69,MS-OR-01080-00006-00009,,,,or_single_segment
,,no_fist_match,or1080.611,MS-OR-01080-00006-00011,,,,or_single_segment
,,no_fist_match,or1080.612,MS-OR-01080-00006-00012,,,,or_single_segment
,,no_fist_match,or1080.614,MS-OR-01080-00006-00014,,,,or_single_segment
,,no_fist_match,or1080.615,MS-OR-01080-00006-00015,,,,or_single_segment
,,no_fist_match,or1080.617,MS-OR-01080-00006-00017,,,,or_single_segment
,,no_fist_match,or1080.618,MS-OR-01080-00006-00018,,,,or_single_segment
,,no_fist_match,or1080.619,MS-OR-01080-00006-00019,,,,or_single_segment
,,no_fist_match,or1080.620,MS-OR-01080-00006-00020,,,,or_single_segment
,,no_fist_match,or1080.621,MS-OR-01080-00006-00021,,,,or_single_segment
,,no_fist_match,or1080.622,MS-OR-01080-00006-00022,,,,or_single_segment
,,no_fist_match,or1080.623,MS-OR-01080-00006-00023,,,,or_single_segment
,,no_fist_match,or1080.624,MS-OR-01080-00006-00024,,,,or_single_segment
,,no_fist_match,or1080.625,MS-OR-01080-00006-00025,,,,or_single_segment
,,no_fist_match,or1080.626,MS-OR-01080-00006-00026,,,,or_single_segment
,,no_fist_match,or1080.627,MS-OR-01080-00006-00027,,,,or_single_segment
,,no_fist_match,or1080.628,MS-OR-01080-00006-00028,,,,or_single_segment
,,no_fist_match,or1080.629,MS-OR-01080-00006-00029,,,,or_single_segment
,,no_fist_match,or1080.630,MS-OR-01080-00006-00030,,,,or_single_segment
,,no_fist_match,or1080.631,MS-OR-01080-00006-00031,,,,or_single_segment
,,no_fist_match,or1080.632,MS-OR-01080-00006-00032,,,,or_single_segment
,,no_fist_match,or1080.633,MS-OR-01080-00006-00033,,,,or_single_segment
,,no_fist_match,or1080.634,MS-OR-01080-00006-00034,,,,or_single_segment
,,no_fist_match,or1080.635,MS-OR-01080-00006-00035,,,,or_single_segment
,,no_fist_match,or1080.636,MS-OR-01080-00006-00036,,,,or_single_segment
,,no_fist_match,or1080.637,MS-OR-01080-00006-00037,,,,or_single_segment
,,no_fist_match,or1080.638,MS-OR-01080-00006-00038,,,,or_single_segment
,,no_fist_match,or1080.639,MS-OR-01080-00006-00039,,,,or_single_segment
,,no_fist_match,or1080.640,MS-OR-01080-00006-00040,,,,or_single_segment
,,no_fist_match,or1080.641,MS-OR-01080-00006-00041,,,,or_single_segment
,,no_fist_match,or1080.71,MS-OR-01080-00007-00001,,,,or_single_segment
,,no_fist_match,or1080.72,MS-OR-01080-00007-00002,,,,or_single_segment
,,no_fist_match,or1080.73,MS-OR-01080-00007-00003,,,,or_single_segment
,,no_fist_match,or1080.74,MS-OR-01080-00007-00004,,,,or_single_segment
,,no_fist_match,or1080.75,MS-OR-01080-00007-00005,,,,or_single_segment
,,no_fist_match,or1080.76,MS-OR-01080-00007-00006,,,,or_single_segment
,,no_fist_match,or1080.77,MS-OR-01080-00007-00007,,,,or_single_segment
,,no_fist_match,or1080.78,MS-OR-01080-00007-00008,,,,or_single_segment
,,no_fist_match,or1080.79,MS-OR-01080-00007-00009,,,,or_single_segment
,,no_fist_match,or1080.710,MS-OR-01080-00007-00010,,,,or_single_segment
,,no_fist_match,or1080.711,MS-OR-01080-00007-00011,,,,or_single_segment
,,no_fist_match,or1080.713,MS-OR-01080-00007-00013,,,,or_single_segment
,,no_fist_match,or1080.714,MS-OR-01080-00007-00014,,,,or_single_segment
,,no_fist_match,or1080.715,MS-OR-01080-00007-00015,,,,or_single_segment
,,no_fist_match,or1080.716,MS-OR-01080-00007-00016,,,,or_single_segment
,,no_fist_match,or1080.717,MS-OR-01080-00007-00017,,,,or_single_segment
,,no_fist_match,or1080.718,MS-OR-01080-00007-00018,,,,or_single_segment
,,no_fist_match,or1080.719,MS-OR-01080-00007-00019,,,,or_single_segment
,,no_fist_match,or1080.81,MS-OR-01080-00008-00001,,,,or_single_segment
,,no_fist_match,or1080.82,MS-OR-01080-00008-00002,,,,or_single_segment
,,no_fist_match,or1080.83,MS-OR-01080-00008-00003,,,,or_single_segment
,,no_fist_match,or1080.85,MS-OR-01080-00008-00005,,,,or_single_segment
,,no_fist_match,or1080.86,MS-OR-01080-00008-00006,,,,or_single_segment
,,no_fist_match,or1080.91,MS-OR-01080-00009-00001,,,,or_single_segment
,,no_fist_match,or1080.92,MS-OR-01080-00009-00002,,,,or_single_segment
,,no_fist_match,or1080.93,MS-OR-01080-00009-00003,,,,or_single_segment
,,no_fist_match,or1080.94,MS-OR-01080-00009-00004,,,,or_single_segment
,,no_fist_match,or1080.95,MS-OR-01080-00009-00005,,,,or_single_segment
,,no_fist_match,or1080.96,MS-OR-01080-00009-00006,,,,or_single_segment
,,no_fist_match,or1080.97,MS-OR-01080-00009-00007,,,,or_single_segment
,,no_fist_match,or1080.98,MS-OR-01080-00009-00008,,,,or_single_segment
,,no_fist_match,or1080.99,MS-OR-01080-00009-00009,,,,or_single_segment
,,no_fist_match,or1080.910,MS-OR-01080-00009-00010,,,,or_single_segment
,,no_fist_match,or1080.911,MS-OR-01080-00009-00011,,,,or_single_segment
,,no_fist_match,or1080.912,MS-OR-01080-00009-00012,,,,or_single_segment
,,no_fist_match,or1080.913,MS-OR-01080-00009-00013,,,,or_single_segment
,,no_fist_match,or1080.914,MS-OR-01080-00009-00014,,,,or_single_segment
,,no_fist_match,or1080.915,MS-OR-01080-00009-00015,,,,or_single_segment
,,no_fist_match,or1080.916,MS-OR-01080-00009-00016,,,,or_single_segment
,,no_fist_match,or1080.917,MS-OR-01080-00009-00017,,,,or_single_segment
,,no_fist_match,or1080.919,MS-OR-01080-00009-00019,,,,or_single_segment
,,no_fist_match,or1080.920,MS-OR-01080-00009-00020,,,,or_single_segment
,,no_fist_match,or1080.921,MS-OR-01080-00009-00021,,,,or_single_segment
,,multi_inventory,or1080.11.45,MS-OR-01080-00011-00045,,"2728099,137278111",,or_single_segment
,,multi_inventory,or1080.15.26,MS-OR-01080-00015-00026,,"2729099,137527111",,or_single_segment
,,multi_inventory,or1080b14.1,MS-OR-01080-B-00014-00001,,"2735099,2736099,2737099,2738099,2739099,2740099,2741099,2742099,137717116,137717116",,or_single_segment
,,multi_inventory,or1080b16.3,MS-OR-01080-B-00016-00003,,"2745099,137720116,137720116",,or_single_segment
,,multi_inventory,or1080b16.4,MS-OR-01080-B-00016-00004,,"2746099,2747099,137721116,137721116",,or_single_segment
,,no_fist_match,or1081.11,MS-OR-01081-00001-00001,,,,or_single_segment
,,no_fist_match,or1081.12,MS-OR-01081-00001-00002,,,,or_single_segment
,,no_fist_match,or1081.13,MS-OR-01081-00001-00003,,,,or_single_segment
,,no_fist_match,or1081.14,MS-OR-01081-00001-00004,,,,or_single_segment
,,no_fist_match,or1081.15,MS-OR-01081-00001-00005,,,,or_single_segment
,,multi_inventory,or1081.16,MS-OR-01081-00001-00006,,"41099,42099",,or_single_segment
,,no_fist_match,or1081.17,MS-OR-01081-00001-00007,,,,or_single_segment
,,no_fist_match,or1081.18,MS-OR-01081-00001-00008,,,,or_single_segment
,,no_fist_match,or1081.19,MS-OR-01081-00001-00009,,,,or_single_segment
,,no_fist_match,or1081.110,MS-OR-01081-00001-00010,,,,or_single_segment
,,no_fist_match,or1081.111,MS-OR-01081-00001-00011,,,,or_single_segment
,,no_fist_match,or1081.112,MS-OR-01081-00001-00012,,,,or_single_segment
,,no_fist_match,or1081.113,MS-OR-01081-00001-00013,,,,or_single_segment
,,no_fist_match,or1081.114,MS-OR-01081-00001-00014,,,,or_single_segment
,,no_fist_match,or1081.115,MS-OR-01081-00001-00015,,,,or_single_segment
,,no_fist_match,or1081.116,MS-OR-01081-00001-00016,,,,or_single_segment
,,no_fist_match,or1081.117,MS-OR-01081-00001-00017,,,,or_single_segment
,,no_fist_match,or1081.118,MS-OR-01081-00001-00018,,,,or_single_segment
,,no_fist_match,or1081.119,MS-OR-01081-00001-00019,,,,or_single_segment
,,no_fist_match,or1081.120,MS-OR-01081-00001-00020,,,,or_single_segment
,,no_fist_match,or1081.121,MS-OR-01081-00001-00021,,,,or_single_segment
,,no_fist_match,or1081.122,MS-OR-01081-00001-00022,,,,or_single_segment
,,no_fist_match,or1081.123,MS-OR-01081-00001-00023,,,,or_single_segment
,,no_fist_match,or1081.124,MS-OR-01081-00001-00024,,,,or_single_segment
,,no_fist_match,or1081.125,MS-OR-01081-00001-00025,,,,or_single_segment
,,no_fist_match,or1081.126,MS-OR-01081-00001-00026,,,,or_single_segment
,,no_fist_match,or1081.127,MS-OR-01081-00001-00027,,,,or_single_segment
,,no_fist_match,or1081.128,MS-OR-01081-00001-00028,,,,or_single_segment
,,no_fist_match,or1081.129,MS-OR-01081-00001-00029,,,,or_single_segment
,,no_fist_match,or1081.130,MS-OR-01081-00001-00030,,,,or_single_segment
,,no_fist_match,or1081.131,MS-OR-01081-00001-00031,,,,or_single_segment
,,no_fist_match,or1081.132,MS-OR-01081-00001-00032,,,,or_single_segment
,,no_fist_match,or1081.133,MS-OR-01081-00001-00033,,,,or_single_segment
,,no_fist_match,or1081.134,MS-OR-01081-00001-00034,,,,or_single_segment
,,no_fist_match,or1081.135,MS-OR-01081-00001-00035,,,,or_single_segment
,,no_fist_match,or1081.136,MS-OR-01081-00001-00036,,,,or_single_segment
,,no_fist_match,or1081.137,MS-OR-01081-00001-00037,,,,or_single_segment
,,no_fist_match,or1081.138,MS-OR-01081-00001-00038,,,,or_single_segment
,,no_fist_match,or1081.139,MS-OR-01081-00001-00039,,,,or_single_segment
,,no_fist_match,or1081.140,MS-OR-01081-00001-00040,,,,or_single_segment
,,no_fist_match,or1081.141,MS-OR-01081-00001-00041,,,,or_single_segment
,,no_fist_match,or1081.142,MS-OR-01081-00001-00042,,,,or_single_segment
,,no_fist_match,or1081.143,MS-OR-01081-00001-00043,,,,or_single_segment
,,no_fist_match,or1081.144,MS-OR-01081-00001-00044,,,,or_single_segment
,,no_fist_match,or1081.145,MS-OR-01081-00001-00045,,,,or_single_segment
,,no_fist_match,or1081.146,MS-OR-01081-00001-00046,,,,or_single_segment
,,no_fist_match,or1081.147,MS-OR-01081-00001-00047,,,,or_single_segment
,,no_fist_match,or1081.148,MS-OR-01081-00001-00048,,,,or_single_segment
,,no_fist_match,or1081.149,MS-OR-01081-00001-00049,,,,or_single_segment
,,no_fist_match,or1081.150,MS-OR-01081-00001-00050,,,,or_single_segment
,,no_fist_match,or1081.151,MS-OR-01081-00001-00051,,,,or_single_segment
,,no_fist_match,or1081.152,MS-OR-01081-00001-00052,,,,or_single_segment
,,no_fist_match,or1081.153,MS-OR-01081-00001-00053,,,,or_single_segment
,,no_fist_match,or1081.154,MS-OR-01081-00001-00054,,,,or_single_segment
,,no_fist_match,or1081.155,MS-OR-01081-00001-00055,,,,or_single_segment
,,no_fist_match,or1081.156,MS-OR-01081-00001-00056,,,,or_single_segment
,,no_fist_match,or1081.157,MS-OR-01081-00001-00057,,,,or_single_segment
,,no_fist_match,or1081.158,MS-OR-01081-00001-00058,,,,or_single_segment
,,no_fist_match,or1081.159,MS-OR-01081-00001-00059,,,,or_single_segment
,,no_fist_match,or1081.160,MS-OR-01081-00001-00060,,,,or_single_segment
,,no_fist_match,or1081.161,MS-OR-01081-00001-00061,,,,or_single_segment
,,no_fist_match,or1081.162,MS-OR-01081-00001-00062,,,,or_single_segment
,,no_fist_match,or1081.163,MS-OR-01081-00001-00063,,,,or_single_segment
,,no_fist_match,or1081.164,MS-OR-01081-00001-00064,,,,or_single_segment
,,no_fist_match,or1081.165,MS-OR-01081-00001-00065,,,,or_single_segment
,,no_fist_match,or1081.166,MS-OR-01081-00001-00066,,,,or_single_segment
,,no_fist_match,or1081.167,MS-OR-01081-00001-00067,,,,or_single_segment
,,no_fist_match,or1081.168,MS-OR-01081-00001-00068,,,,or_single_segment
,,no_fist_match,or1081.169,MS-OR-01081-00001-00069,,,,or_single_segment
,,no_fist_match,or1081.170,MS-OR-01081-00001-00070,,,,or_single_segment
,,no_fist_match,or1081.171,MS-OR-01081-00001-00071,,,,or_single_segment
,,no_fist_match,or1081.172,MS-OR-01081-00001-00072,,,,or_single_segment
,,no_fist_match,or1081.173,MS-OR-01081-00001-00073,,,,or_single_segment
,,no_fist_match,or1081.174,MS-OR-01081-00001-00074,,,,or_single_segment
,,no_fist_match,or1081.175,MS-OR-01081-00001-00075,,,,or_single_segment
,,no_fist_match,or1081.176,MS-OR-01081-00001-00076,,,,or_single_segment
,,no_fist_match,or1081.177,MS-OR-01081-00001-00077,,,,or_single_segment
,,no_fist_match,or1081.178,MS-OR-01081-00001-00078,,,,or_single_segment
,,no_fist_match,or1081.179,MS-OR-01081-00001-00079,,,,or_single_segment
,,no_fist_match,or1081.180,MS-OR-01081-00001-00080,,,,or_single_segment
,,no_fist_match,or1081.181,MS-OR-01081-00001-00081,,,,or_single_segment
,,no_fist_match,or1081.182,MS-OR-01081-00001-00082,,,,or_single_segment
,,no_fist_match,or1081.21,MS-OR-01081-00002-00001,,,,or_single_segment
,,no_fist_match,or1081.22,MS-OR-01081-00002-00002,,,,or_single_segment
,,no_fist_match,or1081.23,MS-OR-01081-00002-00003,,,,or_single_segment
,,no_fist_match,or1081.24,MS-OR-01081-00002-00004,,,,or_single_segment
,,no_fist_match,or1081.25,MS-OR-01081-00002-00005,,,,or_single_segment
,,no_fist_match,or1081.26,MS-OR-01081-00002-00006,,,,or_single_segment
,,no_fist_match,or1081.26a,MS-OR-01081-00002-00006-A,,,,or_single_segment
,,no_fist_match,or1081.27,MS-OR-01081-00002-00007,,,,or_single_segment
,,no_fist_match,or1081.28,MS-OR-01081-00002-00008,,,,or_single_segment
,,no_fist_match,or1081.29,MS-OR-01081-00002-00009,,,,or_single_segment
,,no_fist_match,or1081.210,MS-OR-01081-00002-00010,,,,or_single_segment
,,no_fist_match,or1081.211,MS-OR-01081-00002-00011,,,,or_single_segment
,,no_fist_match,or1081.212,MS-OR-01081-00002-00012,,,,or_single_segment
,,no_fist_match,or1081.213,MS-OR-01081-00002-00013,,,,or_single_segment
,,no_fist_match,or1081.214,MS-OR-01081-00002-00014,,,,or_single_segment
,,no_fist_match,or1081.215,MS-OR-01081-00002-00015,,,,or_single_segment
,,no_fist_match,or1081.216,MS-OR-01081-00002-00016,,,,or_single_segment
,,no_fist_match,or1081.217,MS-OR-01081-00002-00017,,,,or_single_segment
,,no_fist_match,or1081.218,MS-OR-01081-00002-00018,,,,or_single_segment
,,no_fist_match,or1081.219,MS-OR-01081-00002-00019,,,,or_single_segment
,,no_fist_match,or1081.220,MS-OR-01081-00002-00020,,,,or_single_segment
,,no_fist_match,or1081.221,MS-OR-01081-00002-00021,,,,or_single_segment
,,no_fist_match,or1081.222,MS-OR-01081-00002-00022,,,,or_single_segment
,,no_fist_match,or1081.223,MS-OR-01081-00002-00023,,,,or_single_segment
,,no_fist_match,or1081.224,MS-OR-01081-00002-00024,,,,or_single_segment
,,no_fist_match,or1081.225,MS-OR-01081-00002-00025,,,,or_single_segment
,,no_fist_match,or1081.226,MS-OR-01081-00002-00026,,,,or_single_segment
,,no_fist_match,or1081.227,MS-OR-01081-00002-00027,,,,or_single_segment
,,no_fist_match,or1081.228,MS-OR-01081-00002-00028,,,,or_single_segment
,,no_fist_match,or1081.229,MS-OR-01081-00002-00029,,,,or_single_segment
,,no_fist_match,or1081.230,MS-OR-01081-00002-00030,,,,or_single_segment
,,no_fist_match,or1081.231,MS-OR-01081-00002-00031,,,,or_single_segment
,,no_fist_match,or1081.232,MS-OR-01081-00002-00032,,,,or_single_segment
,,no_fist_match,or1081.233,MS-OR-01081-00002-00033,,,,or_single_segment
,,no_fist_match,or1081.234,MS-OR-01081-00002-00034,,,,or_single_segment
,,no_fist_match,or1081.235,MS-OR-01081-00002-00035,,,,or_single_segment
,,no_fist_match,or1081.236,MS-OR-01081-00002-00036,,,,or_single_segment
,,no_fist_match,or1081.237,MS-OR-01081-00002-00037,,,,or_single_segment
,,no_fist_match,or1081.238,MS-OR-01081-00002-00038,,,,or_single_segment
,,no_fist_match,or1081.239,MS-OR-01081-00002-00039,,,,or_single_segment
,,no_fist_match,or1081.240,MS-OR-01081-00002-00040,,,,or_single_segment
,,no_fist_match,or1081.241,MS-OR-01081-00002-00041,,,,or_single_segment
,,no_fist_match,or1081.242,MS-OR-01081-00002-00042,,,,or_single_segment
,,no_fist_match,or1081.243,MS-OR-01081-00002-00043,,,,or_single_segment
,,no_fist_match,or1081.244,MS-OR-01081-00002-00044,,,,or_single_segment
,,no_fist_match,or1081.245,MS-OR-01081-00002-00045,,,,or_single_segment
,,no_fist_match,or1081.246,MS-OR-01081-00002-00046,,,,or_single_segment
,,no_fist_match,or1081.247,MS-OR-01081-00002-00047,,,,or_single_segment
,,no_fist_match,or1081.248,MS-OR-01081-00002-00048,,,,or_single_segment
,,no_fist_match,or1081.249,MS-OR-01081-00002-00049,,,,or_single_segment
,,no_fist_match,or1081.250,MS-OR-01081-00002-00050,,,,or_single_segment
,,no_fist_match,or1081.251,MS-OR-01081-00002-00051,,,,or_single_segment
,,no_fist_match,or1081.252,MS-OR-01081-00002-00052,,,,or_single_segment
,,no_fist_match,or1081.253,MS-OR-01081-00002-00053,,,,or_single_segment
,,no_fist_match,or1081.254,MS-OR-01081-00002-00054,,,,or_single_segment
,,no_fist_match,or1081.255,MS-OR-01081-00002-00055,,,,or_single_segment
,,no_fist_match,or1081.256,MS-OR-01081-00002-00056,,,,or_single_segment
,,no_fist_match,or1081.257,MS-OR-01081-00002-00057,,,,or_single_segment
,,no_fist_match,or1081.258,MS-OR-01081-00002-00058,,,,or_single_segment
,,no_fist_match,or1081.259,MS-OR-01081-00002-00059,,,,or_single_segment
,,no_fist_match,or1081.260,MS-OR-01081-00002-00060,,,,or_single_segment
,,no_fist_match,or1081.261,MS-OR-01081-00002-00061,,,,or_single_segment
,,no_fist_match,or1081.262,MS-OR-01081-00002-00062,,,,or_single_segment
,,no_fist_match,or1081.263,MS-OR-01081-00002-00063,,,,or_single_segment
,,no_fist_match,or1081.264,MS-OR-01081-00002-00064,,,,or_single_segment
,,no_fist_match,or1081.265,MS-OR-01081-00002-00065,,,,or_single_segment
,,no_fist_match,or1081.266,MS-OR-01081-00002-00066,,,,or_single_segment
,,no_fist_match,or1081.267,MS-OR-01081-00002-00067,,,,or_single_segment
,,no_fist_match,or1081.268,MS-OR-01081-00002-00068,,,,or_single_segment
,,no_fist_match,or1081.269,MS-OR-01081-00002-00069,,,,or_single_segment
,,no_fist_match,or1081.270,MS-OR-01081-00002-00070,,,,or_single_segment
,,no_fist_match,or1081.271,MS-OR-01081-00002-00071,,,,or_single_segment
,,no_fist_match,or1081.272,MS-OR-01081-00002-00072,,,,or_single_segment
,,no_fist_match,or1081.273,MS-OR-01081-00002-00073,,,,or_single_segment
,,no_fist_match,or1081.274,MS-OR-01081-00002-00074,,,,or_single_segment
,,no_fist_match,or1081.275.1,MS-OR-01081-00002-00075-00001,,,,or_single_segment
,,no_fist_match,or1081.275.2,MS-OR-01081-00002-00075-00002,,,,or_single_segment
,,no_fist_match,or1081.275.3,MS-OR-01081-00002-00075-00003,,,,or_single_segment
,,no_fist_match,or1081.275.4,MS-OR-01081-00002-00075-00004,,,,or_single_segment
,,no_fist_match,or1081.275.5,MS-OR-01081-00002-00075-00005,,,,or_single_segment
,,no_fist_match,or1081.275.6,MS-OR-01081-00002-00075-00006,,,,or_single_segment
,,no_fist_match,or1081.275.7,MS-OR-01081-00002-00075-00007,,,,or_single_segment
,,no_fist_match,or1081.275.8,MS-OR-01081-00002-00075-00008,,,,or_single_segment
,,no_fist_match,or1081.275.9,MS-OR-01081-00002-00075-00009,,,,or_single_segment
,,no_fist_match,or1081.275.10,MS-OR-01081-00002-00075-00010,,,,or_single_segment
,,no_fist_match,or1081.275.11,MS-OR-01081-00002-00075-00011,,,,or_single_segment
,,no_fist_match,or1081.275.12,MS-OR-01081-00002-00075-00012,,,,or_single_segment
,,no_fist_match,or1081.275.13,MS-OR-01081-00002-00075-00013,,,,or_single_segment
,,no_fist_match,or1081.275.14,MS-OR-01081-00002-00075-00014,,,,or_single_segment
,,no_fist_match,or1081.275.15,MS-OR-01081-00002-00075-00015,,,,or_single_segment
,,no_fist_match,or1081.275.16,MS-OR-01081-00002-00075-00016,,,,or_single_segment
,,no_fist_match,or1081.275.17,MS-OR-01081-00002-00075-00017,,,,or_single_segment
,,no_fist_match,or1081.275.18,MS-OR-01081-00002-00075-00018,,,,or_single_segment
,,no_fist_match,or1081.275.19,MS-OR-01081-00002-00075-00019,,,,or_single_segment
,,no_fist_match,or1081.275.20,MS-OR-01081-00002-00075-00020,,,,or_single_segment
,,no_fist_match,or1081.275.21,MS-OR-01081-00002-00075-00021,,,,or_single_segment
,,no_fist_match,or1081.275.22,MS-OR-01081-00002-00075-00022,,,,or_single_segment
,,no_fist_match,or1081.275.23,MS-OR-01081-00002-00075-00023,,,,or_single_segment
,,no_fist_match,or1081.275.24,MS-OR-01081-00002-00075-00024,,,,or_single_segment
,,no_fist_match,or1081.275.25,MS-OR-01081-00002-00075-00025,,,,or_single_segment
,,no_fist_match,or1081.275.26,MS-OR-01081-00002-00075-00026,,,,or_single_segment
,,no_fist_match,or1081.275.27,MS-OR-01081-00002-00075-00027,,,,or_single_segment
,,no_fist_match,or1081.275.28,MS-OR-01081-00002-00075-00028,,,,or_single_segment
,,no_fist_match,or1081.275.29,MS-OR-01081-00002-00075-00029,,,,or_single_segment
,,no_fist_match,or1081.275.30,MS-OR-01081-00002-00075-00030,,,,or_single_segment
,,no_fist_match,or1081.275.31,MS-OR-01081-00002-00075-00031,,,,or_single_segment
,,no_fist_match,or1081.275.32,MS-OR-01081-00002-00075-00032,,,,or_single_segment
,,no_fist_match,or1081.275.33,MS-OR-01081-00002-00075-00033,,,,or_single_segment
,,no_fist_match,or1081.275.34,MS-OR-01081-00002-00075-00034,,,,or_single_segment
,,no_fist_match,or1081.275.35,MS-OR-01081-00002-00075-00035,,,,or_single_segment
,,no_fist_match,or1081.275.36,MS-OR-01081-00002-00075-00036,,,,or_single_segment
,,no_fist_match,or1081.275minutefragments,MS-OR-01081-00002-00075-MINUTE-FRAGMENTS,,,,or_single_segment
,,no_fist_match,or1081.276,MS-OR-01081-00002-00076,,,,or_single_segment
,,no_fist_match,or1081.277,MS-OR-01081-00002-00077,,,,or_single_segment
,,no_fist_match,or1081.278,MS-OR-01081-00002-00078,,,,or_single_segment
,,no_fist_match,or1081.279,MS-OR-01081-00002-00079,,,,or_single_segment
,,no_fist_match,or1081.280,MS-OR-01081-00002-00080,,,,or_single_segment
,,no_fist_match,or1081.281,MS-OR-01081-00002-00081,,,,or_single_segment
,,no_fist_match,or1081.282,MS-OR-01081-00002-00082,,,,or_single_segment
,,no_fist_match,or1081.283,MS-OR-01081-00002-00083,,,,or_single_segment
,,no_fist_match,or1081.284,MS-OR-01081-00002-00084,,,,or_single_segment
,,no_fist_match,ts8h10.1minutefragments,MS-TS-00008-H-00010-00001-MINUTE-FRAGMENTS,,,,other
,,no_fist_match,ts12.59.1,MS-TS-00012-00059-00001,,,,other
,,no_fist_match,ts12.59.2,MS-TS-00012-00059-00002,,,,other
,,no_fist_match,ts18h2.1,MS-TS-00018-H-00002-00001,,,,other
,,no_fist_match,ts18j13,MS-TS-00018-J-00013,,,,other
,,multi_inventory,tsar18.11,MS-TS-AR-00018-00001-00001,,"14852103,15042103",,tsar_flattened_series
,,multi_inventory,tsar18.12,MS-TS-AR-00018-00001-00002,,"14853103,15043103",,tsar_flattened_series
,,multi_inventory,tsar18.13,MS-TS-AR-00018-00001-00003,,"14854103,15044103",,tsar_flattened_series
,,multi_inventory,tsar18.14,MS-TS-AR-00018-00001-00004,,"14855103,15045103",,tsar_flattened_series
,,multi_inventory,tsar18.15,MS-TS-AR-00018-00001-00005,,"14856103,15046103",,tsar_flattened_series
,,multi_inventory,tsar18.16,MS-TS-AR-00018-00001-00006,,"14857103,15047103",,tsar_flattened_series
,,multi_inventory,tsar18.17,MS-TS-AR-00018-00001-00007,,"14858103,15048103",,tsar_flattened_series
,,multi_inventory,tsar18.18,MS-TS-AR-00018-00001-00008,,"14859103,15049103",,tsar_flattened_series
,,multi_inventory,tsar18.19,MS-TS-AR-00018-00001-00009,,"14860103,15050103",,tsar_flattened_series
,,multi_inventory,tsar18.110,MS-TS-AR-00018-00001-00010,,"14952103,15142103",,tsar_flattened_series
,,multi_inventory,tsar18.111,MS-TS-AR-00018-00001-00011,,"14953103,15143103",,tsar_flattened_series
,,multi_inventory,tsar18.112,MS-TS-AR-00018-00001-00012,,"14954103,15144103",,tsar_flattened_series
,,multi_inventory,tsar18.113,MS-TS-AR-00018-00001-00013,,"14955103,15145103",,tsar_flattened_series
,,multi_inventory,tsar18.114,MS-TS-AR-00018-00001-00014,,"14956103,15146103",,tsar_flattened_series
,,multi_inventory,tsar18.115,MS-TS-AR-00018-00001-00015,,"14957103,15147103",,tsar_flattened_series
,,multi_inventory,tsar18.116,MS-TS-AR-00018-00001-00016,,"14958103,15148103",,tsar_flattened_series
,,multi_inventory,tsar18.117,MS-TS-AR-00018-00001-00017,,"14959103,15149103",,tsar_flattened_series
,,multi_inventory,tsar18.118,MS-TS-AR-00018-00001-00018,,"14960103,15150103",,tsar_flattened_series
,,multi_inventory,tsar18.119,MS-TS-AR-00018-00001-00019,,"14961103,15151103",,tsar_flattened_series
,,multi_inventory,tsar18.120,MS-TS-AR-00018-00001-00020,,"14962103,15152103",,tsar_flattened_series
,,multi_inventory,tsar18.121,MS-TS-AR-00018-00001-00021,,"14963103,15153103",,tsar_flattened_series
,,multi_inventory,tsar18.122,MS-TS-AR-00018-00001-00022,,"14964103,15154103",,tsar_flattened_series
,,multi_inventory,tsar18.123,MS-TS-AR-00018-00001-00023,,"14965103,15155103",,tsar_flattened_series
,,no_fist_match,tsar18.123a,MS-TS-AR-00018-00001-00023-A,,,,tsar_flattened_series
,,multi_inventory,tsar18.124,MS-TS-AR-00018-00001-00024,,"14966103,15156103",,tsar_flattened_series
,,multi_inventory,tsar18.125,MS-TS-AR-00018-00001-00025,,"14967103,15157103",,tsar_flattened_series
,,multi_inventory,tsar18.126,MS-TS-AR-00018-00001-00026,,"14968103,15158103",,tsar_flattened_series
,,multi_inventory,tsar18.127,MS-TS-AR-00018-00001-00027,,"14969103,15159103",,tsar_flattened_series
,,multi_inventory,tsar18.128,MS-TS-AR-00018-00001-00028,,"14970103,15160103",,tsar_flattened_series
,,multi_inventory,tsar18.129,MS-TS-AR-00018-00001-00029,,"14971103,15161103",,tsar_flattened_series
,,multi_inventory,tsar18.130,MS-TS-AR-00018-00001-00030,,"14972103,15162103",,tsar_flattened_series
,,multi_inventory,tsar18.131,MS-TS-AR-00018-00001-00031,,"14973103,15163103",,tsar_flattened_series
,,multi_inventory,tsar18.132,MS-TS-AR-00018-00001-00032,,"14974103,15164103",,tsar_flattened_series
,,multi_inventory,tsar18.133,MS-TS-AR-00018-00001-00033,,"14975103,15165103",,tsar_flattened_series
,,multi_inventory,tsar18.134,MS-TS-AR-00018-00001-00034,,"14976103,15166103",,tsar_flattened_series
,,multi_inventory,tsar18.135,MS-TS-AR-00018-00001-00035,,"14977103,15167103",,tsar_flattened_series
,,multi_inventory,tsar18.136,MS-TS-AR-00018-00001-00036,,"14978103,15168103",,tsar_flattened_series
,,multi_inventory,tsar18.137,MS-TS-AR-00018-00001-00037,,"14979103,15169103",,tsar_flattened_series
,,multi_inventory,tsar18.138,MS-TS-AR-00018-00001-00038,,"14980103,15170103",,tsar_flattened_series
,,multi_inventory,tsar18.139,MS-TS-AR-00018-00001-00039,,"14981103,15171103",,tsar_flattened_series
,,multi_inventory,tsar18.140,MS-TS-AR-00018-00001-00040,,"14982103,15172103",,tsar_flattened_series
,,multi_inventory,tsar18.141,MS-TS-AR-00018-00001-00041,,"14983103,15173103",,tsar_flattened_series
,,multi_inventory,tsar18.142,MS-TS-AR-00018-00001-00042,,"14984103,15174103",,tsar_flattened_series
,,multi_inventory,tsar18.143,MS-TS-AR-00018-00001-00043,,"14985103,15175103",,tsar_flattened_series
,,multi_inventory,tsar18.144,MS-TS-AR-00018-00001-00044,,"14986103,15176103",,tsar_flattened_series
,,multi_inventory,tsar18.145,MS-TS-AR-00018-00001-00045,,"14987103,15177103",,tsar_flattened_series
,,multi_inventory,tsar18.146,MS-TS-AR-00018-00001-00046,,"14988103,15178103",,tsar_flattened_series
,,multi_inventory,tsar18.147,MS-TS-AR-00018-00001-00047,,"14989103,15179103",,tsar_flattened_series
,,multi_inventory,tsar18.148,MS-TS-AR-00018-00001-00048,,"14990103,15180103",,tsar_flattened_series
,,multi_inventory,tsar18.149,MS-TS-AR-00018-00001-00049,,"14991103,15181103",,tsar_flattened_series
,,multi_inventory,tsar18.150,MS-TS-AR-00018-00001-00050,,"14992103,15182103",,tsar_flattened_series
,,multi_inventory,tsar18.151,MS-TS-AR-00018-00001-00051,,"14993103,15183103",,tsar_flattened_series
,,multi_inventory,tsar18.152,MS-TS-AR-00018-00001-00052,,"14994103,15184103",,tsar_flattened_series
,,multi_inventory,tsar18.153,MS-TS-AR-00018-00001-00053,,"14995103,15185103",,tsar_flattened_series
,,multi_inventory,tsar18.154,MS-TS-AR-00018-00001-00054,,"14996103,15186103",,tsar_flattened_series
,,multi_inventory,tsar18.155,MS-TS-AR-00018-00001-00055,,"14997103,15187103",,tsar_flattened_series
,,multi_inventory,tsar18.156,MS-TS-AR-00018-00001-00056,,"14998103,15188103",,tsar_flattened_series
,,multi_inventory,tsar18.157,MS-TS-AR-00018-00001-00057,,"14999103,15189103",,tsar_flattened_series
,,multi_inventory,tsar18.158,MS-TS-AR-00018-00001-00058,,"15000103,15190103",,tsar_flattened_series
,,multi_inventory,tsar18.159,MS-TS-AR-00018-00001-00059,,"15001103,15191103",,tsar_flattened_series
,,multi_inventory,tsar18.160,MS-TS-AR-00018-00001-00060,,"15002103,15192103",,tsar_flattened_series
,,multi_inventory,tsar18.161,MS-TS-AR-00018-00001-00061,,"15003103,15193103",,tsar_flattened_series
,,multi_inventory,tsar18.162,MS-TS-AR-00018-00001-00062,,"15004103,15194103",,tsar_flattened_series
,,multi_inventory,tsar18.163,MS-TS-AR-00018-00001-00063,,"15005103,15195103",,tsar_flattened_series
,,multi_inventory,tsar18.164,MS-TS-AR-00018-00001-00064,,"15006103,15196103",,tsar_flattened_series
,,multi_inventory,tsar18.165,MS-TS-AR-00018-00001-00065,,"15007103,15197103",,tsar_flattened_series
,,multi_inventory,tsar18.166,MS-TS-AR-00018-00001-00066,,"15008103,15198103",,tsar_flattened_series
,,multi_inventory,tsar18.167,MS-TS-AR-00018-00001-00067,,"15009103,15199103",,tsar_flattened_series
,,multi_inventory,tsar18.168,MS-TS-AR-00018-00001-00068,,"15010103,15200103",,tsar_flattened_series
,,multi_inventory,tsar18.169,MS-TS-AR-00018-00001-00069,,"15011103,15201103",,tsar_flattened_series
,,multi_inventory,tsar18.170,MS-TS-AR-00018-00001-00070,,"15012103,15202103",,tsar_flattened_series
,,multi_inventory,tsar18.171,MS-TS-AR-00018-00001-00071,,"15013103,15203103",,tsar_flattened_series
,,multi_inventory,tsar18.172,MS-TS-AR-00018-00001-00072,,"15014103,15204103",,tsar_flattened_series
,,multi_inventory,tsar18.173,MS-TS-AR-00018-00001-00073,,"15015103,15205103",,tsar_flattened_series
,,multi_inventory,tsar18.174,MS-TS-AR-00018-00001-00074,,"15016103,15206103",,tsar_flattened_series
,,multi_inventory,tsar18.175,MS-TS-AR-00018-00001-00075,,"15017103,15207103",,tsar_flattened_series
,,multi_inventory,tsar18.176,MS-TS-AR-00018-00001-00076,,"15018103,15208103",,tsar_flattened_series
,,multi_inventory,tsar18.177,MS-TS-AR-00018-00001-00077,,"15019103,15209103",,tsar_flattened_series
,,multi_inventory,tsar18.178,MS-TS-AR-00018-00001-00078,,"15020103,15210103",,tsar_flattened_series
,,multi_inventory,tsar18.179,MS-TS-AR-00018-00001-00079,,"15021103,15211103",,tsar_flattened_series
,,multi_inventory,tsar18.180,MS-TS-AR-00018-00001-00080,,"15022103,15212103",,tsar_flattened_series
,,multi_inventory,tsar18.181,MS-TS-AR-00018-00001-00081,,"15023103,15213103",,tsar_flattened_series
,,multi_inventory,tsar18.182,MS-TS-AR-00018-00001-00082,,"15024103,15214103",,tsar_flattened_series
,,multi_inventory,tsar18.183,MS-TS-AR-00018-00001-00083,,"15025103,15215103",,tsar_flattened_series
,,multi_inventory,tsar18.184,MS-TS-AR-00018-00001-00084,,"15026103,15216103",,tsar_flattened_series
,,multi_inventory,tsar18.185,MS-TS-AR-00018-00001-00085,,"15027103,15217103",,tsar_flattened_series
,,multi_inventory,tsar18.186,MS-TS-AR-00018-00001-00086,,"15028103,15218103",,tsar_flattened_series
,,multi_inventory,tsar18.187,MS-TS-AR-00018-00001-00087,,"15029103,15219103",,tsar_flattened_series
,,multi_inventory,tsar18.188,MS-TS-AR-00018-00001-00088,,"15030103,15220103",,tsar_flattened_series
,,multi_inventory,tsar18.189,MS-TS-AR-00018-00001-00089,,"15031103,15221103",,tsar_flattened_series
,,no_fist_match,tsar18.197,MS-TS-AR-00018-00001-00097,,,,tsar_flattened_series
,,no_fist_match,tsar18.198,MS-TS-AR-00018-00001-00098,,,,tsar_flattened_series
,,no_fist_match,tsar18.199,MS-TS-AR-00018-00001-00099,,,,tsar_flattened_series
,,no_fist_match,tsar18.1100,MS-TS-AR-00018-00001-00100,,,,tsar_flattened_series
,,no_fist_match,tsar18.1101,MS-TS-AR-00018-00001-00101,,,,tsar_flattened_series
,,no_fist_match,tsar18.1102,MS-TS-AR-00018-00001-00102,,,,tsar_flattened_series
,,no_fist_match,tsar18.1103,MS-TS-AR-00018-00001-00103,,,,tsar_flattened_series
,,no_fist_match,tsar18.1104,MS-TS-AR-00018-00001-00104,,,,tsar_flattened_series
,,no_fist_match,tsar18.1105,MS-TS-AR-00018-00001-00105,,,,tsar_flattened_series
,,no_fist_match,tsar18.1106,MS-TS-AR-00018-00001-00106,,,,tsar_flattened_series
,,no_fist_match,tsar18.1107,MS-TS-AR-00018-00001-00107,,,,tsar_flattened_series
,,no_fist_match,tsar18.1108,MS-TS-AR-00018-00001-00108,,,,tsar_flattened_series
,,no_fist_match,tsar18.1109,MS-TS-AR-00018-00001-00109,,,,tsar_flattened_series
,,no_fist_match,tsar18.1110,MS-TS-AR-00018-00001-00110,,,,tsar_flattened_series
,,no_fist_match,tsar18.1111,MS-TS-AR-00018-00001-00111,,,,tsar_flattened_series
,,no_fist_match,tsar18.1112,MS-TS-AR-00018-00001-00112,,,,tsar_flattened_series
,,no_fist_match,tsar18.1113,MS-TS-AR-00018-00001-00113,,,,tsar_flattened_series
,,no_fist_match,tsar18.1114,MS-TS-AR-00018-00001-00114,,,,tsar_flattened_series
,,no_fist_match,tsar18.1115,MS-TS-AR-00018-00001-00115,,,,tsar_flattened_series
,,no_fist_match,tsar18.1116,MS-TS-AR-00018-00001-00116,,,,tsar_flattened_series
,,no_fist_match,tsar18.1117,MS-TS-AR-00018-00001-00117,,,,tsar_flattened_series
,,no_fist_match,tsar18.1118,MS-TS-AR-00018-00001-00118,,,,tsar_flattened_series
,,no_fist_match,tsar18.1119,MS-TS-AR-00018-00001-00119,,,,tsar_flattened_series
,,no_fist_match,tsar18.1120,MS-TS-AR-00018-00001-00120,,,,tsar_flattened_series
,,no_fist_match,tsar18.1121,MS-TS-AR-00018-00001-00121,,,,tsar_flattened_series
,,no_fist_match,tsar18.1122,MS-TS-AR-00018-00001-00122,,,,tsar_flattened_series
,,no_fist_match,tsar18.1123,MS-TS-AR-00018-00001-00123,,,,tsar_flattened_series
,,no_fist_match,tsar18.1124,MS-TS-AR-00018-00001-00124,,,,tsar_flattened_series
,,no_fist_match,tsar18.1125,MS-TS-AR-00018-00001-00125,,,,tsar_flattened_series
,,no_fist_match,tsar18.1126,MS-TS-AR-00018-00001-00126,,,,tsar_flattened_series
,,no_fist_match,tsar18.1127,MS-TS-AR-00018-00001-00127,,,,tsar_flattened_series
,,no_fist_match,tsar18.1128,MS-TS-AR-00018-00001-00128,,,,tsar_flattened_series
,,no_fist_match,tsar18.1129,MS-TS-AR-00018-00001-00129,,,,tsar_flattened_series
,,no_fist_match,tsar18.1130,MS-TS-AR-00018-00001-00130,,,,tsar_flattened_series
,,no_fist_match,tsar18.1131,MS-TS-AR-00018-00001-00131,,,,tsar_flattened_series
,,no_fist_match,tsar18.1132,MS-TS-AR-00018-00001-00132,,,,tsar_flattened_series
,,no_fist_match,tsar18.1133,MS-TS-AR-00018-00001-00133,,,,tsar_flattened_series
,,no_fist_match,tsar18.1134,MS-TS-AR-00018-00001-00134,,,,tsar_flattened_series
,,no_fist_match,tsar18.1135,MS-TS-AR-00018-00001-00135,,,,tsar_flattened_series
,,no_fist_match,tsar18.1136,MS-TS-AR-00018-00001-00136,,,,tsar_flattened_series
,,no_fist_match,tsar18.1137,MS-TS-AR-00018-00001-00137,,,,tsar_flattened_series
,,no_fist_match,tsar18.1138,MS-TS-AR-00018-00001-00138,,,,tsar_flattened_series
,,no_fist_match,tsar18.1139,MS-TS-AR-00018-00001-00139,,,,tsar_flattened_series
,,no_fist_match,tsar18.1140,MS-TS-AR-00018-00001-00140,,,,tsar_flattened_series
,,no_fist_match,tsar18.1142,MS-TS-AR-00018-00001-00142,,,,tsar_flattened_series
,,no_fist_match,tsar18.1143,MS-TS-AR-00018-00001-00143,,,,tsar_flattened_series
,,no_fist_match,tsar18.1144,MS-TS-AR-00018-00001-00144,,,,tsar_flattened_series
,,no_fist_match,tsar18.1145,MS-TS-AR-00018-00001-00145,,,,tsar_flattened_series
,,no_fist_match,tsar18.1146,MS-TS-AR-00018-00001-00146,,,,tsar_flattened_series
,,no_fist_match,tsar18.1147,MS-TS-AR-00018-00001-00147,,,,tsar_flattened_series
,,no_fist_match,tsar18.1148,MS-TS-AR-00018-00001-00148,,,,tsar_flattened_series
,,no_fist_match,tsar18.1149,MS-TS-AR-00018-00001-00149,,,,tsar_flattened_series
,,no_fist_match,tsar18.1150,MS-TS-AR-00018-00001-00150,,,,tsar_flattened_series
,,no_fist_match,tsar18.1151,MS-TS-AR-00018-00001-00151,,,,tsar_flattened_series
,,no_fist_match,tsar18.1152,MS-TS-AR-00018-00001-00152,,,,tsar_flattened_series
,,no_fist_match,tsar18.1153,MS-TS-AR-00018-00001-00153,,,,tsar_flattened_series
,,no_fist_match,tsar18.1154,MS-TS-AR-00018-00001-00154,,,,tsar_flattened_series
,,no_fist_match,tsar18.1155,MS-TS-AR-00018-00001-00155,,,,tsar_flattened_series
,,no_fist_match,tsar18.1156,MS-TS-AR-00018-00001-00156,,,,tsar_flattened_series
,,no_fist_match,tsar18.1157,MS-TS-AR-00018-00001-00157,,,,tsar_flattened_series
,,no_fist_match,tsar18.1158,MS-TS-AR-00018-00001-00158,,,,tsar_flattened_series
,,no_fist_match,tsar18.1159,MS-TS-AR-00018-00001-00159,,,,tsar_flattened_series
,,no_fist_match,tsar18.1160,MS-TS-AR-00018-00001-00160,,,,tsar_flattened_series
,,no_fist_match,tsar18.1161,MS-TS-AR-00018-00001-00161,,,,tsar_flattened_series
,,no_fist_match,tsar18.1162,MS-TS-AR-00018-00001-00162,,,,tsar_flattened_series
,,no_fist_match,tsar18.1163,MS-TS-AR-00018-00001-00163,,,,tsar_flattened_series
,,no_fist_match,tsar18.1164,MS-TS-AR-00018-00001-00164,,,,tsar_flattened_series
,,no_fist_match,tsar18.1165,MS-TS-AR-00018-00001-00165,,,,tsar_flattened_series
,,no_fist_match,tsar18.1166,MS-TS-AR-00018-00001-00166,,,,tsar_flattened_series
,,no_fist_match,tsar18.1167,MS-TS-AR-00018-00001-00167,,,,tsar_flattened_series
,,no_fist_match,tsar18.1168,MS-TS-AR-00018-00001-00168,,,,tsar_flattened_series
,,no_fist_match,tsar18.1169,MS-TS-AR-00018-00001-00169,,,,tsar_flattened_series
,,no_fist_match,tsar18.1170,MS-TS-AR-00018-00001-00170,,,,tsar_flattened_series
,,no_fist_match,tsar18.1171,MS-TS-AR-00018-00001-00171,,,,tsar_flattened_series
,,no_fist_match,tsar18.1172,MS-TS-AR-00018-00001-00172,,,,tsar_flattened_series
,,no_fist_match,tsar18.1173,MS-TS-AR-00018-00001-00173,,,,tsar_flattened_series
,,no_fist_match,tsar18.1174,MS-TS-AR-00018-00001-00174,,,,tsar_flattened_series
,,no_fist_match,tsar18.1175,MS-TS-AR-00018-00001-00175,,,,tsar_flattened_series
,,no_fist_match,tsar18.1176,MS-TS-AR-00018-00001-00176,,,,tsar_flattened_series
,,no_fist_match,tsar18.1177,MS-TS-AR-00018-00001-00177,,,,tsar_flattened_series
,,no_fist_match,tsar18.1178,MS-TS-AR-00018-00001-00178,,,,tsar_flattened_series
,,no_fist_match,tsar18.1179,MS-TS-AR-00018-00001-00179,,,,tsar_flattened_series
,,no_fist_match,tsar18.1180,MS-TS-AR-00018-00001-00180,,,,tsar_flattened_series
,,no_fist_match,tsar18.1181,MS-TS-AR-00018-00001-00181,,,,tsar_flattened_series
,,no_fist_match,tsar18.1182,MS-TS-AR-00018-00001-00182,,,,tsar_flattened_series
,,no_fist_match,tsar18.1183,MS-TS-AR-00018-00001-00183,,,,tsar_flattened_series
,,no_fist_match,tsar18.1184,MS-TS-AR-00018-00001-00184,,,,tsar_flattened_series
,,no_fist_match,tsar18.1185,MS-TS-AR-00018-00001-00185,,,,tsar_flattened_series
,,no_fist_match,tsar18.1186,MS-TS-AR-00018-00001-00186,,,,tsar_flattened_series
,,no_fist_match,tsar18.1187,MS-TS-AR-00018-00001-00187,,,,tsar_flattened_series
,,no_fist_match,tsar18.1188,MS-TS-AR-00018-00001-00188,,,,tsar_flattened_series
,,no_fist_match,tsar18.1189,MS-TS-AR-00018-00001-00189,,,,tsar_flattened_series
,,multi_inventory,tsar18.21,MS-TS-AR-00018-00002-00001,,"14862103,15052103",,tsar_flattened_series
,,multi_inventory,tsar18.22,MS-TS-AR-00018-00002-00002,,"14863103,15053103",,tsar_flattened_series
,,multi_inventory,tsar18.23,MS-TS-AR-00018-00002-00003,,"14864103,15054103",,tsar_flattened_series
,,multi_inventory,tsar18.24,MS-TS-AR-00018-00002-00004,,"14866103,15055103",,tsar_flattened_series
,,multi_inventory,tsar18.25,MS-TS-AR-00018-00002-00005,,"14867103,15056103",,tsar_flattened_series
,,multi_inventory,tsar18.26,MS-TS-AR-00018-00002-00006,,"14868103,15057103",,tsar_flattened_series
,,multi_inventory,tsar18.27,MS-TS-AR-00018-00002-00007,,"14869103,15058103",,tsar_flattened_series
,,multi_inventory,tsar18.28,MS-TS-AR-00018-00002-00008,,"14870103,15059103",,tsar_flattened_series
,,multi_inventory,tsar18.29,MS-TS-AR-00018-00002-00009,,"14871103,15060103",,tsar_flattened_series
,,no_fist_match,tsar18.210,MS-TS-AR-00018-00002-00010,,,,tsar_flattened_series
,,no_fist_match,tsar18.211,MS-TS-AR-00018-00002-00011,,,,tsar_flattened_series
,,no_fist_match,tsar18.212,MS-TS-AR-00018-00002-00012,,,,tsar_flattened_series
,,no_fist_match,tsar18.213,MS-TS-AR-00018-00002-00013,,,,tsar_flattened_series
,,no_fist_match,tsar18.214,MS-TS-AR-00018-00002-00014,,,,tsar_flattened_series
,,no_fist_match,tsar18.215,MS-TS-AR-00018-00002-00015,,,,tsar_flattened_series
,,no_fist_match,tsar18.216,MS-TS-AR-00018-00002-00016,,,,tsar_flattened_series
,,no_fist_match,tsar18.217,MS-TS-AR-00018-00002-00017,,,,tsar_flattened_series
,,no_fist_match,tsar18.218,MS-TS-AR-00018-00002-00018,,,,tsar_flattened_series
,,no_fist_match,tsar18.219,MS-TS-AR-00018-00002-00019,,,,tsar_flattened_series
,,no_fist_match,tsar18.220,MS-TS-AR-00018-00002-00020,,,,tsar_flattened_series
,,no_fist_match,tsar18.221,MS-TS-AR-00018-00002-00021,,,,tsar_flattened_series
,,no_fist_match,tsar18.222,MS-TS-AR-00018-00002-00022,,,,tsar_flattened_series
,,no_fist_match,tsar18.223,MS-TS-AR-00018-00002-00023,,,,tsar_flattened_series
,,no_fist_match,tsar18.224,MS-TS-AR-00018-00002-00024,,,,tsar_flattened_series
,,no_fist_match,tsar18.225,MS-TS-AR-00018-00002-00025,,,,tsar_flattened_series
,,no_fist_match,tsar18.226,MS-TS-AR-00018-00002-00026,,,,tsar_flattened_series
,,no_fist_match,tsar18.227,MS-TS-AR-00018-00002-00027,,,,tsar_flattened_series
,,no_fist_match,tsar18.228,MS-TS-AR-00018-00002-00028,,,,tsar_flattened_series
,,no_fist_match,tsar18.229,MS-TS-AR-00018-00002-00029,,,,tsar_flattened_series
,,no_fist_match,tsar18.230,MS-TS-AR-00018-00002-00030,,,,tsar_flattened_series
,,no_fist_match,tsar18.231,MS-TS-AR-00018-00002-00031,,,,tsar_flattened_series
,,no_fist_match,tsar18.232,MS-TS-AR-00018-00002-00032,,,,tsar_flattened_series
,,no_fist_match,tsar18.233,MS-TS-AR-00018-00002-00033,,,,tsar_flattened_series
,,no_fist_match,tsar18.234,MS-TS-AR-00018-00002-00034,,,,tsar_flattened_series
,,no_fist_match,tsar18.235,MS-TS-AR-00018-00002-00035,,,,tsar_flattened_series
,,no_fist_match,tsar18.236,MS-TS-AR-00018-00002-00036,,,,tsar_flattened_series
,,no_fist_match,tsar18.237,MS-TS-AR-00018-00002-00037,,,,tsar_flattened_series
,,no_fist_match,tsar18.238,MS-TS-AR-00018-00002-00038,,,,tsar_flattened_series
,,no_fist_match,tsar18.239,MS-TS-AR-00018-00002-00039,,,,tsar_flattened_series
,,no_fist_match,tsar18.240,MS-TS-AR-00018-00002-00040,,,,tsar_flattened_series
,,no_fist_match,tsar18.241,MS-TS-AR-00018-00002-00041,,,,tsar_flattened_series
,,no_fist_match,tsar18.242,MS-TS-AR-00018-00002-00042,,,,tsar_flattened_series
,,no_fist_match,tsar18.243,MS-TS-AR-00018-00002-00043,,,,tsar_flattened_series
,,no_fist_match,tsar18.244,MS-TS-AR-00018-00002-00044,,,,tsar_flattened_series
,,no_fist_match,tsar18.245,MS-TS-AR-00018-00002-00045,,,,tsar_flattened_series
,,no_fist_match,tsar18.247,MS-TS-AR-00018-00002-00047,,,,tsar_flattened_series
,,no_fist_match,tsar18.248,MS-TS-AR-00018-00002-00048,,,,tsar_flattened_series
,,no_fist_match,tsar18.249,MS-TS-AR-00018-00002-00049,,,,tsar_flattened_series
,,no_fist_match,tsar18.250,MS-TS-AR-00018-00002-00050,,,,tsar_flattened_series
,,no_fist_match,tsar18.251,MS-TS-AR-00018-00002-00051,,,,tsar_flattened_series
,,no_fist_match,tsar18.252,MS-TS-AR-00018-00002-00052,,,,tsar_flattened_series
,,no_fist_match,tsar18.253,MS-TS-AR-00018-00002-00053,,,,tsar_flattened_series
,,no_fist_match,tsar18.253a,MS-TS-AR-00018-00002-00053-A,,,,tsar_flattened_series
,,no_fist_match,tsar18.254,MS-TS-AR-00018-00002-00054,,,,tsar_flattened_series
,,no_fist_match,tsar18.255,MS-TS-AR-00018-00002-00055,,,,tsar_flattened_series
,,no_fist_match,tsar18.256,MS-TS-AR-00018-00002-00056,,,,tsar_flattened_series
,,no_fist_match,tsar18.257,MS-TS-AR-00018-00002-00057,,,,tsar_flattened_series
,,no_fist_match,tsar18.258,MS-TS-AR-00018-00002-00058,,,,tsar_flattened_series
,,no_fist_match,tsar18.259,MS-TS-AR-00018-00002-00059,,,,tsar_flattened_series
,,no_fist_match,tsar18.260,MS-TS-AR-00018-00002-00060,,,,tsar_flattened_series
,,no_fist_match,tsar18.261,MS-TS-AR-00018-00002-00061,,,,tsar_flattened_series
,,no_fist_match,tsar18.262,MS-TS-AR-00018-00002-00062,,,,tsar_flattened_series
,,no_fist_match,tsar18.263,MS-TS-AR-00018-00002-00063,,,,tsar_flattened_series
,,no_fist_match,tsar18.264,MS-TS-AR-00018-00002-00064,,,,tsar_flattened_series
,,no_fist_match,tsar18.265,MS-TS-AR-00018-00002-00065,,,,tsar_flattened_series
,,no_fist_match,tsar18.266,MS-TS-AR-00018-00002-00066,,,,tsar_flattened_series
,,no_fist_match,tsar18.267,MS-TS-AR-00018-00002-00067,,,,tsar_flattened_series
,,no_fist_match,tsar18.268,MS-TS-AR-00018-00002-00068,,,,tsar_flattened_series
,,no_fist_match,tsar18.269,MS-TS-AR-00018-00002-00069,,,,tsar_flattened_series
,,no_fist_match,tsar18.270,MS-TS-AR-00018-00002-00070,,,,tsar_flattened_series
,,no_fist_match,tsar18.271,MS-TS-AR-00018-00002-00071,,,,tsar_flattened_series
,,no_fist_match,tsar18.272,MS-TS-AR-00018-00002-00072,,,,tsar_flattened_series
,,no_fist_match,tsar18.273,MS-TS-AR-00018-00002-00073,,,,tsar_flattened_series
,,no_fist_match,tsar18.274,MS-TS-AR-00018-00002-00074,,,,tsar_flattened_series
,,no_fist_match,tsar18.275,MS-TS-AR-00018-00002-00075,,,,tsar_flattened_series
,,no_fist_match,tsar18.276,MS-TS-AR-00018-00002-00076,,,,tsar_flattened_series
,,no_fist_match,tsar18.277,MS-TS-AR-00018-00002-00077,,,,tsar_flattened_series
,,no_fist_match,tsar18.278,MS-TS-AR-00018-00002-00078,,,,tsar_flattened_series
,,no_fist_match,tsar18.279,MS-TS-AR-00018-00002-00079,,,,tsar_flattened_series
,,no_fist_match,tsar18.280,MS-TS-AR-00018-00002-00080,,,,tsar_flattened_series
,,no_fist_match,tsar18.281,MS-TS-AR-00018-00002-00081,,,,tsar_flattened_series
,,no_fist_match,tsar18.282,MS-TS-AR-00018-00002-00082,,,,tsar_flattened_series
,,no_fist_match,tsar18.283,MS-TS-AR-00018-00002-00083,,,,tsar_flattened_series
,,no_fist_match,tsar18.284,MS-TS-AR-00018-00002-00084,,,,tsar_flattened_series
,,no_fist_match,tsar18.285,MS-TS-AR-00018-00002-00085,,,,tsar_flattened_series
,,no_fist_match,tsar18.286,MS-TS-AR-00018-00002-00086,,,,tsar_flattened_series
,,no_fist_match,tsar18.287,MS-TS-AR-00018-00002-00087,,,,tsar_flattened_series
,,no_fist_match,tsar18.288,MS-TS-AR-00018-00002-00088,,,,tsar_flattened_series
,,no_fist_match,tsar18.289,MS-TS-AR-00018-00002-00089,,,,tsar_flattened_series
,,no_fist_match,tsar18.290,MS-TS-AR-00018-00002-00090,,,,tsar_flattened_series
,,no_fist_match,tsar18.291,MS-TS-AR-00018-00002-00091,,,,tsar_flattened_series
,,no_fist_match,tsar18.292,MS-TS-AR-00018-00002-00092,,,,tsar_flattened_series
,,no_fist_match,tsar18.293,MS-TS-AR-00018-00002-00093,,,,tsar_flattened_series
,,no_fist_match,tsar18.294,MS-TS-AR-00018-00002-00094,,,,tsar_flattened_series
,,no_fist_match,tsar18.295,MS-TS-AR-00018-00002-00095,,,,tsar_flattened_series
,,no_fist_match,tsar18.296,MS-TS-AR-00018-00002-00096,,,,tsar_flattened_series
,,no_fist_match,tsar18.297,MS-TS-AR-00018-00002-00097,,,,tsar_flattened_series
,,no_fist_match,tsar18.298,MS-TS-AR-00018-00002-00098,,,,tsar_flattened_series
,,no_fist_match,tsar18.299,MS-TS-AR-00018-00002-00099,,,,tsar_flattened_series
,,no_fist_match,tsar18.2100,MS-TS-AR-00018-00002-00100,,,,tsar_flattened_series
,,no_fist_match,tsar18.2101,MS-TS-AR-00018-00002-00101,,,,tsar_flattened_series
,,no_fist_match,tsar18.2102,MS-TS-AR-00018-00002-00102,,,,tsar_flattened_series
,,no_fist_match,tsar18.2103,MS-TS-AR-00018-00002-00103,,,,tsar_flattened_series
,,no_fist_match,tsar18.2104,MS-TS-AR-00018-00002-00104,,,,tsar_flattened_series
,,no_fist_match,tsar18.2105,MS-TS-AR-00018-00002-00105,,,,tsar_flattened_series
,,no_fist_match,tsar18.2106,MS-TS-AR-00018-00002-00106,,,,tsar_flattened_series
,,no_fist_match,tsar18.2107,MS-TS-AR-00018-00002-00107,,,,tsar_flattened_series
,,no_fist_match,tsar18.2108,MS-TS-AR-00018-00002-00108,,,,tsar_flattened_series
,,no_fist_match,tsar18.2109,MS-TS-AR-00018-00002-00109,,,,tsar_flattened_series
,,no_fist_match,tsar18.2110,MS-TS-AR-00018-00002-00110,,,,tsar_flattened_series
,,no_fist_match,tsar18.2111,MS-TS-AR-00018-00002-00111,,,,tsar_flattened_series
,,no_fist_match,tsar18.2112,MS-TS-AR-00018-00002-00112,,,,tsar_flattened_series
,,no_fist_match,tsar18.2113,MS-TS-AR-00018-00002-00113,,,,tsar_flattened_series
,,no_fist_match,tsar18.2114,MS-TS-AR-00018-00002-00114,,,,tsar_flattened_series
,,no_fist_match,tsar18.2115,MS-TS-AR-00018-00002-00115,,,,tsar_flattened_series
,,no_fist_match,tsar18.2116,MS-TS-AR-00018-00002-00116,,,,tsar_flattened_series
,,no_fist_match,tsar18.2117,MS-TS-AR-00018-00002-00117,,,,tsar_flattened_series
,,no_fist_match,tsar18.2118,MS-TS-AR-00018-00002-00118,,,,tsar_flattened_series
,,no_fist_match,tsar18.2119,MS-TS-AR-00018-00002-00119,,,,tsar_flattened_series
,,no_fist_match,tsar18.2120,MS-TS-AR-00018-00002-00120,,,,tsar_flattened_series
,,no_fist_match,tsar18.2121,MS-TS-AR-00018-00002-00121,,,,tsar_flattened_series
,,no_fist_match,tsar18.2122,MS-TS-AR-00018-00002-00122,,,,tsar_flattened_series
,,no_fist_match,tsar18.2123,MS-TS-AR-00018-00002-00123,,,,tsar_flattened_series
,,no_fist_match,tsar18.2124,MS-TS-AR-00018-00002-00124,,,,tsar_flattened_series
,,no_fist_match,tsar18.2125,MS-TS-AR-00018-00002-00125,,,,tsar_flattened_series
,,no_fist_match,tsar18.2126,MS-TS-AR-00018-00002-00126,,,,tsar_flattened_series
,,no_fist_match,tsar18.2127,MS-TS-AR-00018-00002-00127,,,,tsar_flattened_series
,,no_fist_match,tsar18.2128,MS-TS-AR-00018-00002-00128,,,,tsar_flattened_series
,,no_fist_match,tsar18.2129,MS-TS-AR-00018-00002-00129,,,,tsar_flattened_series
,,no_fist_match,tsar18.2130,MS-TS-AR-00018-00002-00130,,,,tsar_flattened_series
,,no_fist_match,tsar18.2131,MS-TS-AR-00018-00002-00131,,,,tsar_flattened_series
,,no_fist_match,tsar18.2132,MS-TS-AR-00018-00002-00132,,,,tsar_flattened_series
,,no_fist_match,tsar18.2133,MS-TS-AR-00018-00002-00133,,,,tsar_flattened_series
,,no_fist_match,tsar18.2134,MS-TS-AR-00018-00002-00134,,,,tsar_flattened_series
,,no_fist_match,tsar18.2135,MS-TS-AR-00018-00002-00135,,,,tsar_flattened_series
,,no_fist_match,tsar18.2136,MS-TS-AR-00018-00002-00136,,,,tsar_flattened_series
,,no_fist_match,tsar18.2137,MS-TS-AR-00018-00002-00137,,,,tsar_flattened_series
,,no_fist_match,tsar18.2138,MS-TS-AR-00018-00002-00138,,,,tsar_flattened_series
,,no_fist_match,tsar18.2139,MS-TS-AR-00018-00002-00139,,,,tsar_flattened_series
,,no_fist_match,tsar18.2140,MS-TS-AR-00018-00002-00140,,,,tsar_flattened_series
,,no_fist_match,tsar18.2141,MS-TS-AR-00018-00002-00141,,,,tsar_flattened_series
,,no_fist_match,tsar18.2142,MS-TS-AR-00018-00002-00142,,,,tsar_flattened_series
,,no_fist_match,tsar18.2143,MS-TS-AR-00018-00002-00143,,,,tsar_flattened_series
,,no_fist_match,tsar18.2144,MS-TS-AR-00018-00002-00144,,,,tsar_flattened_series
,,no_fist_match,tsar18.2145,MS-TS-AR-00018-00002-00145,,,,tsar_flattened_series
,,no_fist_match,tsar18.2146,MS-TS-AR-00018-00002-00146,,,,tsar_flattened_series
,,no_fist_match,tsar18.2147,MS-TS-AR-00018-00002-00147,,,,tsar_flattened_series
,,no_fist_match,tsar18.2148,MS-TS-AR-00018-00002-00148,,,,tsar_flattened_series
,,no_fist_match,tsar18.2149,MS-TS-AR-00018-00002-00149,,,,tsar_flattened_series
,,no_fist_match,tsar18.2150,MS-TS-AR-00018-00002-00150,,,,tsar_flattened_series
,,no_fist_match,tsar18.2151,MS-TS-AR-00018-00002-00151,,,,tsar_flattened_series
,,no_fist_match,tsar18.2152,MS-TS-AR-00018-00002-00152,,,,tsar_flattened_series
,,no_fist_match,tsar18.2153,MS-TS-AR-00018-00002-00153,,,,tsar_flattened_series
,,no_fist_match,tsar18.2154,MS-TS-AR-00018-00002-00154,,,,tsar_flattened_series
,,no_fist_match,tsar18.2155,MS-TS-AR-00018-00002-00155,,,,tsar_flattened_series
,,no_fist_match,tsar18.2156,MS-TS-AR-00018-00002-00156,,,,tsar_flattened_series
,,no_fist_match,tsar18.2157,MS-TS-AR-00018-00002-00157,,,,tsar_flattened_series
,,no_fist_match,tsar18.2158,MS-TS-AR-00018-00002-00158,,,,tsar_flattened_series
,,no_fist_match,tsar18.2159,MS-TS-AR-00018-00002-00159,,,,tsar_flattened_series
,,no_fist_match,tsar18.2160,MS-TS-AR-00018-00002-00160,,,,tsar_flattened_series
,,no_fist_match,tsar18.2161,MS-TS-AR-00018-00002-00161,,,,tsar_flattened_series
,,no_fist_match,tsar18.2162,MS-TS-AR-00018-00002-00162,,,,tsar_flattened_series
,,no_fist_match,tsar18.2163,MS-TS-AR-00018-00002-00163,,,,tsar_flattened_series
,,no_fist_match,tsar18.2164,MS-TS-AR-00018-00002-00164,,,,tsar_flattened_series
,,no_fist_match,tsar18.2165,MS-TS-AR-00018-00002-00165,,,,tsar_flattened_series
,,no_fist_match,tsar18.2166,MS-TS-AR-00018-00002-00166,,,,tsar_flattened_series
,,no_fist_match,tsar18.2167,MS-TS-AR-00018-00002-00167,,,,tsar_flattened_series
,,no_fist_match,tsar18.2168,MS-TS-AR-00018-00002-00168,,,,tsar_flattened_series
,,no_fist_match,tsar18.2169,MS-TS-AR-00018-00002-00169,,,,tsar_flattened_series
,,no_fist_match,tsar18.2170,MS-TS-AR-00018-00002-00170,,,,tsar_flattened_series
,,no_fist_match,tsar18.2171,MS-TS-AR-00018-00002-00171,,,,tsar_flattened_series
,,no_fist_match,tsar18.2172,MS-TS-AR-00018-00002-00172,,,,tsar_flattened_series
,,no_fist_match,tsar18.2173,MS-TS-AR-00018-00002-00173,,,,tsar_flattened_series
,,no_fist_match,tsar18.2174,MS-TS-AR-00018-00002-00174,,,,tsar_flattened_series
,,no_fist_match,tsar18.2175,MS-TS-AR-00018-00002-00175,,,,tsar_flattened_series
,,no_fist_match,tsar18.2176,MS-TS-AR-00018-00002-00176,,,,tsar_flattened_series
,,no_fist_match,tsar18.2177,MS-TS-AR-00018-00002-00177,,,,tsar_flattened_series
,,no_fist_match,tsar18.2178,MS-TS-AR-00018-00002-00178,,,,tsar_flattened_series
,,no_fist_match,tsar18.2179,MS-TS-AR-00018-00002-00179,,,,tsar_flattened_series
,,no_fist_match,tsar18.2180,MS-TS-AR-00018-00002-00180,,,,tsar_flattened_series
,,no_fist_match,tsar18.2181,MS-TS-AR-00018-00002-00181,,,,tsar_flattened_series
,,no_fist_match,tsar18.2182,MS-TS-AR-00018-00002-00182,,,,tsar_flattened_series
,,no_fist_match,tsar18.2183,MS-TS-AR-00018-00002-00183,,,,tsar_flattened_series
,,no_fist_match,tsar18.2184,MS-TS-AR-00018-00002-00184,,,,tsar_flattened_series
,,no_fist_match,tsar18.2185,MS-TS-AR-00018-00002-00185,,,,tsar_flattened_series
,,no_fist_match,tsar18.2186,MS-TS-AR-00018-00002-00186,,,,tsar_flattened_series
,,no_fist_match,tsar18.2187,MS-TS-AR-00018-00002-00187,,,,tsar_flattened_series
,,no_fist_match,tsar18.2188,MS-TS-AR-00018-00002-00188,,,,tsar_flattened_series
,,no_fist_match,tsar18.2189,MS-TS-AR-00018-00002-00189,,,,tsar_flattened_series
,,no_fist_match,tsar18.2190,MS-TS-AR-00018-00002-00190,,,,tsar_flattened_series
,,no_fist_match,tsar18.2191,MS-TS-AR-00018-00002-00191,,,,tsar_flattened_series
,,no_fist_match,tsar18.2192,MS-TS-AR-00018-00002-00192,,,,tsar_flattened_series
,,no_fist_match,tsar18.2193,MS-TS-AR-00018-00002-00193,,,,tsar_flattened_series
,,no_fist_match,tsar18.2194,MS-TS-AR-00018-00002-00194,,,,tsar_flattened_series
,,no_fist_match,tsar18.2195,MS-TS-AR-00018-00002-00195,,,,tsar_flattened_series
,,no_fist_match,tsar18.2196,MS-TS-AR-00018-00002-00196,,,,tsar_flattened_series
,,no_fist_match,tsar28.164,MS-TS-AR-00028-00164,,,,tsar_flattened_series
,,no_fist_match,tsar30.184p1,MS-TS-AR-00030-00184-P-00001,,,,tsar_flattened_series
,,no_fist_match,tsar30.184p2,MS-TS-AR-00030-00184-P-00002,,,,tsar_flattened_series
,,no_fist_match,tsar30.184p3,MS-TS-AR-00030-00184-P-00003,,,,tsar_flattened_series
,,no_fist_match,tsar30.184p4,MS-TS-AR-00030-00184-P-00004,,,,tsar_flattened_series
,,no_fist_match,tsar30.184p5,MS-TS-AR-00030-00184-P-00005,,,,tsar_flattened_series
,,no_fist_match,tsar30.184p6,MS-TS-AR-00030-00184-P-00006,,,,tsar_flattened_series
,,no_fist_match,tsar30.184p7,MS-TS-AR-00030-00184-P-00007,,,,tsar_flattened_series
,,no_fist_match,tsar30.184p8,MS-TS-AR-00030-00184-P-00008,,,,tsar_flattened_series
,,no_fist_match,tsar30.184p9,MS-TS-AR-00030-00184-P-00009,,,,tsar_flattened_series
,,no_fist_match,tsar30.184p10,MS-TS-AR-00030-00184-P-00010,,,,tsar_flattened_series
,,no_fist_match,tsar30.184p11,MS-TS-AR-00030-00184-P-00011,,,,tsar_flattened_series
,,no_fist_match,tsar30.184p12,MS-TS-AR-00030-00184-P-00012,,,,tsar_flattened_series
,,no_fist_match,tsar30.184p13,MS-TS-AR-00030-00184-P-00013,,,,tsar_flattened_series
,,no_fist_match,tsar30.184p14,MS-TS-AR-00030-00184-P-00014,,,,tsar_flattened_series
,,no_fist_match,tsar30.184p15,MS-TS-AR-00030-00184-P-00015,,,,tsar_flattened_series
,,no_fist_match,tsar30.184p16,MS-TS-AR-00030-00184-P-00016,,,,tsar_flattened_series
,,no_fist_match,tsar30.184p17,MS-TS-AR-00030-00184-P-00017,,,,tsar_flattened_series
,,no_fist_match,tsar30.184p18,MS-TS-AR-00030-00184-P-00018,,,,tsar_flattened_series
,,no_fist_match,tsar30.184p19,MS-TS-AR-00030-00184-P-00019,,,,tsar_flattened_series
,,no_fist_match,tsar30.184p20,MS-TS-AR-00030-00184-P-00020,,,,tsar_flattened_series
,,no_fist_match,tsar39.324,MS-TS-AR-00039-00324,,,,tsar_flattened_series
,,no_fist_match,tsar50.181,MS-TS-AR-00050-00181,,,,tsar_flattened_series
,,no_fist_match,tsas208material,MS-TS-AS-00208-MATERIAL,,,,other
,,no_fist_match,tsas212material,MS-TS-AS-00212-MATERIAL,,,,other
,,no_fist_match,tse1.17,MS-TS-E-00001-00017,,,,other
,,multi_inventory,tsf1.11,MS-TS-F-00001-00001-00001,,"5026101,5150101",,tsf_flattened_series
,,multi_inventory,tsf1.12,MS-TS-F-00001-00001-00002,,"5027101,5151101",,tsf_flattened_series
,,multi_inventory,tsf1.13,MS-TS-F-00001-00001-00003,,"5028101,5152101",,tsf_flattened_series
,,multi_inventory,tsf1.14,MS-TS-F-00001-00001-00004,,"5029101,5153101",,tsf_flattened_series
,,multi_inventory,tsf1.16,MS-TS-F-00001-00001-00006,,"5031101,5155101",,tsf_flattened_series
,,multi_inventory,tsf1.17,MS-TS-F-00001-00001-00007,,"5032101,5156101",,tsf_flattened_series
,,multi_inventory,tsf1.18,MS-TS-F-00001-00001-00008,,"5033101,5157101",,tsf_flattened_series
,,multi_inventory,tsf1.19,MS-TS-F-00001-00001-00009,,"5034101,5158101",,tsf_flattened_series
,,multi_inventory,tsf1.110,MS-TS-F-00001-00001-00010,,"5127101,5249101",,tsf_flattened_series
,,multi_inventory,tsf1.111,MS-TS-F-00001-00001-00011,,"5128101,5250101",,tsf_flattened_series
,,multi_inventory,tsf1.112,MS-TS-F-00001-00001-00012,,"5129101,5251101",,tsf_flattened_series
,,multi_inventory,tsf1.113,MS-TS-F-00001-00001-00013,,"5130101,5252101",,tsf_flattened_series
,,multi_inventory,tsf1.114,MS-TS-F-00001-00001-00014,,"5131101,5253101",,tsf_flattened_series
,,multi_inventory,tsf1.115,MS-TS-F-00001-00001-00015,,"5132101,5254101",,tsf_flattened_series
,,multi_inventory,tsf1.116,MS-TS-F-00001-00001-00016,,"5133101,5255101",,tsf_flattened_series
,,multi_inventory,tsf1.117,MS-TS-F-00001-00001-00017,,"5134101,5256101",,tsf_flattened_series
,,multi_inventory,tsf1.118,MS-TS-F-00001-00001-00018,,"5135101,5257101",,tsf_flattened_series
,,multi_inventory,tsf1.119,MS-TS-F-00001-00001-00019,,"5136101,5258101",,tsf_flattened_series
,,multi_inventory,tsf1.120,MS-TS-F-00001-00001-00020,,"5137101,5259101",,tsf_flattened_series
,,multi_inventory,tsf1.121,MS-TS-F-00001-00001-00021,,"5138101,5260101",,tsf_flattened_series
,,multi_inventory,tsf1.122,MS-TS-F-00001-00001-00022,,"5139101,5261101",,tsf_flattened_series
,,no_fist_match,tsf1.125,MS-TS-F-00001-00001-00025,,,,tsf_flattened_series
,,no_fist_match,tsf1.126,MS-TS-F-00001-00001-00026,,,,tsf_flattened_series
,,no_fist_match,tsf1.127,MS-TS-F-00001-00001-00027,,,,tsf_flattened_series
,,no_fist_match,tsf1.128,MS-TS-F-00001-00001-00028,,,,tsf_flattened_series
,,no_fist_match,tsf1.129,MS-TS-F-00001-00001-00029,,,,tsf_flattened_series
,,no_fist_match,tsf1.130,MS-TS-F-00001-00001-00030,,,,tsf_flattened_series
,,no_fist_match,tsf1.131,MS-TS-F-00001-00001-00031,,,,tsf_flattened_series
,,no_fist_match,tsf1.132,MS-TS-F-00001-00001-00032,,,,tsf_flattened_series
,,no_fist_match,tsf1.133,MS-TS-F-00001-00001-00033,,,,tsf_flattened_series
,,no_fist_match,tsf1.134,MS-TS-F-00001-00001-00034,,,,tsf_flattened_series
,,no_fist_match,tsf1.135,MS-TS-F-00001-00001-00035,,,,tsf_flattened_series
,,no_fist_match,tsf1.136,MS-TS-F-00001-00001-00036,,,,tsf_flattened_series
,,no_fist_match,tsf1.137,MS-TS-F-00001-00001-00037,,,,tsf_flattened_series
,,no_fist_match,tsf1.138,MS-TS-F-00001-00001-00038,,,,tsf_flattened_series
,,no_fist_match,tsf1.139,MS-TS-F-00001-00001-00039,,,,tsf_flattened_series
,,no_fist_match,tsf1.140,MS-TS-F-00001-00001-00040,,,,tsf_flattened_series
,,no_fist_match,tsf1.141,MS-TS-F-00001-00001-00041,,,,tsf_flattened_series
,,no_fist_match,tsf1.142,MS-TS-F-00001-00001-00042,,,,tsf_flattened_series
,,no_fist_match,tsf1.143,MS-TS-F-00001-00001-00043,,,,tsf_flattened_series
,,no_fist_match,tsf1.144,MS-TS-F-00001-00001-00044,,,,tsf_flattened_series
,,no_fist_match,tsf1.145,MS-TS-F-00001-00001-00045,,,,tsf_flattened_series
,,no_fist_match,tsf1.146,MS-TS-F-00001-00001-00046,,,,tsf_flattened_series
,,no_fist_match,tsf1.147,MS-TS-F-00001-00001-00047,,,,tsf_flattened_series
,,no_fist_match,tsf1.148,MS-TS-F-00001-00001-00048,,,,tsf_flattened_series
,,no_fist_match,tsf1.149,MS-TS-F-00001-00001-00049,,,,tsf_flattened_series
,,no_fist_match,tsf1.150,MS-TS-F-00001-00001-00050,,,,tsf_flattened_series
,,no_fist_match,tsf1.151,MS-TS-F-00001-00001-00051,,,,tsf_flattened_series
,,no_fist_match,tsf1.152,MS-TS-F-00001-00001-00052,,,,tsf_flattened_series
,,no_fist_match,tsf1.153,MS-TS-F-00001-00001-00053,,,,tsf_flattened_series
,,no_fist_match,tsf1.154,MS-TS-F-00001-00001-00054,,,,tsf_flattened_series
,,no_fist_match,tsf1.155,MS-TS-F-00001-00001-00055,,,,tsf_flattened_series
,,no_fist_match,tsf1.156,MS-TS-F-00001-00001-00056,,,,tsf_flattened_series
,,no_fist_match,tsf1.157,MS-TS-F-00001-00001-00057,,,,tsf_flattened_series
,,no_fist_match,tsf1.158,MS-TS-F-00001-00001-00058,,,,tsf_flattened_series
,,no_fist_match,tsf1.159,MS-TS-F-00001-00001-00059,,,,tsf_flattened_series
,,no_fist_match,tsf1.160,MS-TS-F-00001-00001-00060,,,,tsf_flattened_series
,,no_fist_match,tsf1.161,MS-TS-F-00001-00001-00061,,,,tsf_flattened_series
,,no_fist_match,tsf1.162,MS-TS-F-00001-00001-00062,,,,tsf_flattened_series
,,no_fist_match,tsf1.163,MS-TS-F-00001-00001-00063,,,,tsf_flattened_series
,,no_fist_match,tsf1.164,MS-TS-F-00001-00001-00064,,,,tsf_flattened_series
,,no_fist_match,tsf1.165a,MS-TS-F-00001-00001-00065-A,,,,tsf_flattened_series
,,no_fist_match,tsf1.165b,MS-TS-F-00001-00001-00065-B,,,,tsf_flattened_series
,,no_fist_match,tsf1.166,MS-TS-F-00001-00001-00066,,,,tsf_flattened_series
,,no_fist_match,tsf1.167,MS-TS-F-00001-00001-00067,,,,tsf_flattened_series
,,no_fist_match,tsf1.168,MS-TS-F-00001-00001-00068,,,,tsf_flattened_series
,,no_fist_match,tsf1.169,MS-TS-F-00001-00001-00069,,,,tsf_flattened_series
,,no_fist_match,tsf1.170,MS-TS-F-00001-00001-00070,,,,tsf_flattened_series
,,no_fist_match,tsf1.171,MS-TS-F-00001-00001-00071,,,,tsf_flattened_series
,,no_fist_match,tsf1.172,MS-TS-F-00001-00001-00072,,,,tsf_flattened_series
,,no_fist_match,tsf1.173,MS-TS-F-00001-00001-00073,,,,tsf_flattened_series
,,no_fist_match,tsf1.174,MS-TS-F-00001-00001-00074,,,,tsf_flattened_series
,,no_fist_match,tsf1.175,MS-TS-F-00001-00001-00075,,,,tsf_flattened_series
,,no_fist_match,tsf1.176,MS-TS-F-00001-00001-00076,,,,tsf_flattened_series
,,no_fist_match,tsf1.177,MS-TS-F-00001-00001-00077,,,,tsf_flattened_series
,,no_fist_match,tsf1.178,MS-TS-F-00001-00001-00078,,,,tsf_flattened_series
,,no_fist_match,tsf1.179,MS-TS-F-00001-00001-00079,,,,tsf_flattened_series
,,no_fist_match,tsf1.180,MS-TS-F-00001-00001-00080,,,,tsf_flattened_series
,,no_fist_match,tsf1.181,MS-TS-F-00001-00001-00081,,,,tsf_flattened_series
,,no_fist_match,tsf1.182,MS-TS-F-00001-00001-00082,,,,tsf_flattened_series
,,no_fist_match,tsf1.183,MS-TS-F-00001-00001-00083,,,,tsf_flattened_series
,,no_fist_match,tsf1.184,MS-TS-F-00001-00001-00084,,,,tsf_flattened_series
,,no_fist_match,tsf1.185,MS-TS-F-00001-00001-00085,,,,tsf_flattened_series
,,no_fist_match,tsf1.186,MS-TS-F-00001-00001-00086,,,,tsf_flattened_series
,,no_fist_match,tsf1.187,MS-TS-F-00001-00001-00087,,,,tsf_flattened_series
,,no_fist_match,tsf1.188,MS-TS-F-00001-00001-00088,,,,tsf_flattened_series
,,no_fist_match,tsf1.189,MS-TS-F-00001-00001-00089,,,,tsf_flattened_series
,,no_fist_match,tsf1.190,MS-TS-F-00001-00001-00090,,,,tsf_flattened_series
,,no_fist_match,tsf1.191,MS-TS-F-00001-00001-00091,,,,tsf_flattened_series
,,no_fist_match,tsf1.192,MS-TS-F-00001-00001-00092,,,,tsf_flattened_series
,,no_fist_match,tsf1.193,MS-TS-F-00001-00001-00093,,,,tsf_flattened_series
,,no_fist_match,tsf1.194,MS-TS-F-00001-00001-00094,,,,tsf_flattened_series
,,no_fist_match,tsf1.195,MS-TS-F-00001-00001-00095,,,,tsf_flattened_series
,,no_fist_match,tsf1.196,MS-TS-F-00001-00001-00096,,,,tsf_flattened_series
,,no_fist_match,tsf1.197,MS-TS-F-00001-00001-00097,,,,tsf_flattened_series
,,no_fist_match,tsf1.198,MS-TS-F-00001-00001-00098,,,,tsf_flattened_series
,,no_fist_match,tsf1.199,MS-TS-F-00001-00001-00099,,,,tsf_flattened_series
,,no_fist_match,tsf1.1100,MS-TS-F-00001-00001-00100,,,,tsf_flattened_series
,,no_fist_match,tsf1.1101,MS-TS-F-00001-00001-00101,,,,tsf_flattened_series
,,no_fist_match,tsf1.1102,MS-TS-F-00001-00001-00102,,,,tsf_flattened_series
,,no_fist_match,tsf1.1103,MS-TS-F-00001-00001-00103,,,,tsf_flattened_series
,,no_fist_match,tsf1.1104,MS-TS-F-00001-00001-00104,,,,tsf_flattened_series
,,no_fist_match,tsf1.1105,MS-TS-F-00001-00001-00105,,,,tsf_flattened_series
,,no_fist_match,tsf1.1106,MS-TS-F-00001-00001-00106,,,,tsf_flattened_series
,,no_fist_match,tsf1.1107,MS-TS-F-00001-00001-00107,,,,tsf_flattened_series
,,no_fist_match,tsf1.1108,MS-TS-F-00001-00001-00108,,,,tsf_flattened_series
,,no_fist_match,tsf1.1109,MS-TS-F-00001-00001-00109,,,,tsf_flattened_series
,,no_fist_match,tsf1.1110,MS-TS-F-00001-00001-00110,,,,tsf_flattened_series
,,no_fist_match,tsf1.1111,MS-TS-F-00001-00001-00111,,,,tsf_flattened_series
,,no_fist_match,tsf1.1112,MS-TS-F-00001-00001-00112,,,,tsf_flattened_series
,,no_fist_match,tsf1.1113,MS-TS-F-00001-00001-00113,,,,tsf_flattened_series
,,no_fist_match,tsf1.1114,MS-TS-F-00001-00001-00114,,,,tsf_flattened_series
,,no_fist_match,tsf1.1115,MS-TS-F-00001-00001-00115,,,,tsf_flattened_series
,,no_fist_match,tsf1.1116,MS-TS-F-00001-00001-00116,,,,tsf_flattened_series
,,no_fist_match,tsf1.1117,MS-TS-F-00001-00001-00117,,,,tsf_flattened_series
,,no_fist_match,tsf1.1118,MS-TS-F-00001-00001-00118,,,,tsf_flattened_series
,,no_fist_match,tsf1.1122,MS-TS-F-00001-00001-00122,,,,tsf_flattened_series
,,multi_inventory,tsf1.21,MS-TS-F-00001-00002-00001,,"5036101,5160101",,tsf_flattened_series
,,multi_inventory,tsf1.22,MS-TS-F-00001-00002-00002,,"5037101,5161101",,tsf_flattened_series
,,multi_inventory,tsf1.23,MS-TS-F-00001-00002-00003,,"5038101,5162101",,tsf_flattened_series
,,multi_inventory,tsf1.24,MS-TS-F-00001-00002-00004,,"5039101,5163101",,tsf_flattened_series
,,multi_inventory,tsf1.25,MS-TS-F-00001-00002-00005,,"5040101,5164101",,tsf_flattened_series
,,multi_inventory,tsf1.26,MS-TS-F-00001-00002-00006,,"5041101,5165101",,tsf_flattened_series
,,multi_inventory,tsf1.27,MS-TS-F-00001-00002-00007,,"5042101,5166101",,tsf_flattened_series
,,multi_inventory,tsf1.28,MS-TS-F-00001-00002-00008,,"5043101,5167101",,tsf_flattened_series
,,multi_inventory,tsf1.29,MS-TS-F-00001-00002-00009,,"5044101,5168101",,tsf_flattened_series
,,no_fist_match,tsf1.210,MS-TS-F-00001-00002-00010,,,,tsf_flattened_series
,,no_fist_match,tsf1.211,MS-TS-F-00001-00002-00011,,,,tsf_flattened_series
,,no_fist_match,tsf1.212,MS-TS-F-00001-00002-00012,,,,tsf_flattened_series
,,no_fist_match,tsf1.213,MS-TS-F-00001-00002-00013,,,,tsf_flattened_series
,,no_fist_match,tsf1.214,MS-TS-F-00001-00002-00014,,,,tsf_flattened_series
,,no_fist_match,tsf1.215,MS-TS-F-00001-00002-00015,,,,tsf_flattened_series
,,no_fist_match,tsf1.216,MS-TS-F-00001-00002-00016,,,,tsf_flattened_series
,,no_fist_match,tsf1.217,MS-TS-F-00001-00002-00017,,,,tsf_flattened_series
,,no_fist_match,tsf1.218,MS-TS-F-00001-00002-00018,,,,tsf_flattened_series
,,no_fist_match,tsf1.219,MS-TS-F-00001-00002-00019,,,,tsf_flattened_series
,,no_fist_match,tsf1.220,MS-TS-F-00001-00002-00020,,,,tsf_flattened_series
,,no_fist_match,tsf1.221,MS-TS-F-00001-00002-00021,,,,tsf_flattened_series
,,no_fist_match,tsf1.222,MS-TS-F-00001-00002-00022,,,,tsf_flattened_series
,,no_fist_match,tsf1.223,MS-TS-F-00001-00002-00023,,,,tsf_flattened_series
,,no_fist_match,tsf1.224,MS-TS-F-00001-00002-00024,,,,tsf_flattened_series
,,no_fist_match,tsf1.225,MS-TS-F-00001-00002-00025,,,,tsf_flattened_series
,,no_fist_match,tsf1.226,MS-TS-F-00001-00002-00026,,,,tsf_flattened_series
,,no_fist_match,tsf1.227,MS-TS-F-00001-00002-00027,,,,tsf_flattened_series
,,no_fist_match,tsf1.228,MS-TS-F-00001-00002-00028,,,,tsf_flattened_series
,,no_fist_match,tsf1.229,MS-TS-F-00001-00002-00029,,,,tsf_flattened_series
,,no_fist_match,tsf1.230,MS-TS-F-00001-00002-00030,,,,tsf_flattened_series
,,no_fist_match,tsf1.231,MS-TS-F-00001-00002-00031,,,,tsf_flattened_series
,,no_fist_match,tsf1.232,MS-TS-F-00001-00002-00032,,,,tsf_flattened_series
,,no_fist_match,tsf1.233,MS-TS-F-00001-00002-00033,,,,tsf_flattened_series
,,no_fist_match,tsf1.234,MS-TS-F-00001-00002-00034,,,,tsf_flattened_series
,,no_fist_match,tsf1.235,MS-TS-F-00001-00002-00035,,,,tsf_flattened_series
,,no_fist_match,tsf1.236,MS-TS-F-00001-00002-00036,,,,tsf_flattened_series
,,no_fist_match,tsf1.237,MS-TS-F-00001-00002-00037,,,,tsf_flattened_series
,,no_fist_match,tsf1.238,MS-TS-F-00001-00002-00038,,,,tsf_flattened_series
,,no_fist_match,tsf1.239,MS-TS-F-00001-00002-00039,,,,tsf_flattened_series
,,no_fist_match,tsf1.240,MS-TS-F-00001-00002-00040,,,,tsf_flattened_series
,,no_fist_match,tsf1.241,MS-TS-F-00001-00002-00041,,,,tsf_flattened_series
,,no_fist_match,tsf1.242,MS-TS-F-00001-00002-00042,,,,tsf_flattened_series
,,no_fist_match,tsf1.243,MS-TS-F-00001-00002-00043,,,,tsf_flattened_series
,,no_fist_match,tsf1.244,MS-TS-F-00001-00002-00044,,,,tsf_flattened_series
,,no_fist_match,tsf1.245,MS-TS-F-00001-00002-00045,,,,tsf_flattened_series
,,no_fist_match,tsf1.246,MS-TS-F-00001-00002-00046,,,,tsf_flattened_series
,,no_fist_match,tsf1.247,MS-TS-F-00001-00002-00047,,,,tsf_flattened_series
,,no_fist_match,tsf1.249,MS-TS-F-00001-00002-00049,,,,tsf_flattened_series
,,no_fist_match,tsf1.250,MS-TS-F-00001-00002-00050,,,,tsf_flattened_series
,,no_fist_match,tsf1.251,MS-TS-F-00001-00002-00051,,,,tsf_flattened_series
,,no_fist_match,tsf1.252,MS-TS-F-00001-00002-00052,,,,tsf_flattened_series
,,no_fist_match,tsf1.253,MS-TS-F-00001-00002-00053,,,,tsf_flattened_series
,,no_fist_match,tsf1.254,MS-TS-F-00001-00002-00054,,,,tsf_flattened_series
,,no_fist_match,tsf1.255,MS-TS-F-00001-00002-00055,,,,tsf_flattened_series
,,no_fist_match,tsf1.256,MS-TS-F-00001-00002-00056,,,,tsf_flattened_series
,,no_fist_match,tsf1.257,MS-TS-F-00001-00002-00057,,,,tsf_flattened_series
,,no_fist_match,tsf1.258,MS-TS-F-00001-00002-00058,,,,tsf_flattened_series
,,no_fist_match,tsf1.259,MS-TS-F-00001-00002-00059,,,,tsf_flattened_series
,,no_fist_match,tsf1.260,MS-TS-F-00001-00002-00060,,,,tsf_flattened_series
,,no_fist_match,tsf1.261,MS-TS-F-00001-00002-00061,,,,tsf_flattened_series
,,no_fist_match,tsf1.262,MS-TS-F-00001-00002-00062,,,,tsf_flattened_series
,,no_fist_match,tsf1.263,MS-TS-F-00001-00002-00063,,,,tsf_flattened_series
,,no_fist_match,tsf1.264,MS-TS-F-00001-00002-00064,,,,tsf_flattened_series
,,no_fist_match,tsf1.265,MS-TS-F-00001-00002-00065,,,,tsf_flattened_series
,,no_fist_match,tsf1.266,MS-TS-F-00001-00002-00066,,,,tsf_flattened_series
,,no_fist_match,tsf1.267,MS-TS-F-00001-00002-00067,,,,tsf_flattened_series
,,no_fist_match,tsf1.268,MS-TS-F-00001-00002-00068,,,,tsf_flattened_series
,,no_fist_match,tsf1.269,MS-TS-F-00001-00002-00069,,,,tsf_flattened_series
,,no_fist_match,tsf1.270,MS-TS-F-00001-00002-00070,,,,tsf_flattened_series
,,no_fist_match,tsf1.271,MS-TS-F-00001-00002-00071,,,,tsf_flattened_series
,,no_fist_match,tsf1.272,MS-TS-F-00001-00002-00072,,,,tsf_flattened_series
,,no_fist_match,tsf1.273,MS-TS-F-00001-00002-00073,,,,tsf_flattened_series
,,no_fist_match,tsf1.274,MS-TS-F-00001-00002-00074,,,,tsf_flattened_series
,,no_fist_match,tsf1.275,MS-TS-F-00001-00002-00075,,,,tsf_flattened_series
,,no_fist_match,tsf1.276,MS-TS-F-00001-00002-00076,,,,tsf_flattened_series
,,no_fist_match,tsf1.277,MS-TS-F-00001-00002-00077,,,,tsf_flattened_series
,,no_fist_match,tsf1.278,MS-TS-F-00001-00002-00078,,,,tsf_flattened_series
,,no_fist_match,tsf1.279,MS-TS-F-00001-00002-00079,,,,tsf_flattened_series
,,no_fist_match,tsf1.280,MS-TS-F-00001-00002-00080,,,,tsf_flattened_series
,,no_fist_match,tsf1.281,MS-TS-F-00001-00002-00081,,,,tsf_flattened_series
,,no_fist_match,tsf1.282,MS-TS-F-00001-00002-00082,,,,tsf_flattened_series
,,no_fist_match,tsf1.283,MS-TS-F-00001-00002-00083,,,,tsf_flattened_series
,,no_fist_match,tsf1.284,MS-TS-F-00001-00002-00084,,,,tsf_flattened_series
,,no_fist_match,tsf1.285,MS-TS-F-00001-00002-00085,,,,tsf_flattened_series
,,no_fist_match,tsf1.286,MS-TS-F-00001-00002-00086,,,,tsf_flattened_series
,,no_fist_match,tsf1.287,MS-TS-F-00001-00002-00087,,,,tsf_flattened_series
,,no_fist_match,tsf1.288,MS-TS-F-00001-00002-00088,,,,tsf_flattened_series
,,no_fist_match,tsf1.289,MS-TS-F-00001-00002-00089,,,,tsf_flattened_series
,,no_fist_match,tsf1.290,MS-TS-F-00001-00002-00090,,,,tsf_flattened_series
,,no_fist_match,tsf1.291,MS-TS-F-00001-00002-00091,,,,tsf_flattened_series
,,no_fist_match,tsf1.292,MS-TS-F-00001-00002-00092,,,,tsf_flattened_series
,,no_fist_match,tsf1.293,MS-TS-F-00001-00002-00093,,,,tsf_flattened_series
,,no_fist_match,tsf1.294,MS-TS-F-00001-00002-00094,,,,tsf_flattened_series
,,no_fist_match,tsf1.295,MS-TS-F-00001-00002-00095,,,,tsf_flattened_series
,,no_fist_match,tsf1.296,MS-TS-F-00001-00002-00096,,,,tsf_flattened_series
,,no_fist_match,tsf1.297,MS-TS-F-00001-00002-00097,,,,tsf_flattened_series
,,no_fist_match,tsf1.298,MS-TS-F-00001-00002-00098,,,,tsf_flattened_series
,,no_fist_match,tsf1.299,MS-TS-F-00001-00002-00099,,,,tsf_flattened_series
,,no_fist_match,tsf1.2100,MS-TS-F-00001-00002-00100,,,,tsf_flattened_series
,,no_fist_match,tsf1.2101,MS-TS-F-00001-00002-00101,,,,tsf_flattened_series
,,no_fist_match,tsf1.2102,MS-TS-F-00001-00002-00102,,,,tsf_flattened_series
,,no_fist_match,tsf1.2103,MS-TS-F-00001-00002-00103,,,,tsf_flattened_series
,,no_fist_match,tsf1.2104,MS-TS-F-00001-00002-00104,,,,tsf_flattened_series
,,no_fist_match,tsf1.2105,MS-TS-F-00001-00002-00105,,,,tsf_flattened_series
,,no_fist_match,tsf1.2106,MS-TS-F-00001-00002-00106,,,,tsf_flattened_series
,,no_fist_match,tsf1.2107,MS-TS-F-00001-00002-00107,,,,tsf_flattened_series
,,no_fist_match,tsf1.2108,MS-TS-F-00001-00002-00108,,,,tsf_flattened_series
,,no_fist_match,tsf1.2109,MS-TS-F-00001-00002-00109,,,,tsf_flattened_series
,,no_fist_match,tsf1.2110,MS-TS-F-00001-00002-00110,,,,tsf_flattened_series
,,no_fist_match,tsf1.2111,MS-TS-F-00001-00002-00111,,,,tsf_flattened_series
,,no_fist_match,tsf1.2112,MS-TS-F-00001-00002-00112,,,,tsf_flattened_series
,,no_fist_match,tsf1.2113,MS-TS-F-00001-00002-00113,,,,tsf_flattened_series
,,no_fist_match,tsf1.2114,MS-TS-F-00001-00002-00114,,,,tsf_flattened_series
,,no_fist_match,tsf1.2115,MS-TS-F-00001-00002-00115,,,,tsf_flattened_series
,,no_fist_match,tsf1.2116,MS-TS-F-00001-00002-00116,,,,tsf_flattened_series
,,no_fist_match,tsf1.2117,MS-TS-F-00001-00002-00117,,,,tsf_flattened_series
,,no_fist_match,tsf1.2118,MS-TS-F-00001-00002-00118,,,,tsf_flattened_series
,,no_fist_match,tsf1.2119,MS-TS-F-00001-00002-00119,,,,tsf_flattened_series
,,no_fist_match,tsf1.2120,MS-TS-F-00001-00002-00120,,,,tsf_flattened_series
,,no_fist_match,tsf1.2121,MS-TS-F-00001-00002-00121,,,,tsf_flattened_series
,,no_fist_match,tsf1.2122,MS-TS-F-00001-00002-00122,,,,tsf_flattened_series
,,no_fist_match,tsf1.2123,MS-TS-F-00001-00002-00123,,,,tsf_flattened_series
,,no_fist_match,tsf1.2124,MS-TS-F-00001-00002-00124,,,,tsf_flattened_series
,,multi_inventory,tsf2.11,MS-TS-F-00002-00001-00001,,"5274101,5489101",,tsf_flattened_series
,,multi_inventory,tsf2.12,MS-TS-F-00002-00001-00002,,"5275101,5490101",,tsf_flattened_series
,,multi_inventory,tsf2.13,MS-TS-F-00002-00001-00003,,"5276101,5491101",,tsf_flattened_series
,,multi_inventory,tsf2.14,MS-TS-F-00002-00001-00004,,"5277101,5492101",,tsf_flattened_series
,,multi_inventory,tsf2.15,MS-TS-F-00002-00001-00005,,"5278101,5493101",,tsf_flattened_series
,,multi_inventory,tsf2.16,MS-TS-F-00002-00001-00006,,"5279101,5494101",,tsf_flattened_series
,,multi_inventory,tsf2.17,MS-TS-F-00002-00001-00007,,"5280101,5495101",,tsf_flattened_series
,,multi_inventory,tsf2.18,MS-TS-F-00002-00001-00008,,"5281101,5496101",,tsf_flattened_series
,,multi_inventory,tsf2.19,MS-TS-F-00002-00001-00009,,"5282101,5497101",,tsf_flattened_series
,,multi_inventory,tsf2.122,MS-TS-F-00002-00001-00022,,"1753099,5385101",,tsf_flattened_series
,,no_fist_match,tsf2.1100,MS-TS-F-00002-00001-00100,,,,tsf_flattened_series
,,no_fist_match,tsf2.1101,MS-TS-F-00002-00001-00101,,,,tsf_flattened_series
,,no_fist_match,tsf2.1102,MS-TS-F-00002-00001-00102,,,,tsf_flattened_series
,,no_fist_match,tsf2.1103,MS-TS-F-00002-00001-00103,,,,tsf_flattened_series
,,no_fist_match,tsf2.1104,MS-TS-F-00002-00001-00104,,,,tsf_flattened_series
,,no_fist_match,tsf2.1105,MS-TS-F-00002-00001-00105,,,,tsf_flattened_series
,,no_fist_match,tsf2.1106,MS-TS-F-00002-00001-00106,,,,tsf_flattened_series
,,no_fist_match,tsf2.1107,MS-TS-F-00002-00001-00107,,,,tsf_flattened_series
,,no_fist_match,tsf2.1108,MS-TS-F-00002-00001-00108,,,,tsf_flattened_series
,,no_fist_match,tsf2.1109,MS-TS-F-00002-00001-00109,,,,tsf_flattened_series
,,no_fist_match,tsf2.1110,MS-TS-F-00002-00001-00110,,,,tsf_flattened_series
,,no_fist_match,tsf2.1111,MS-TS-F-00002-00001-00111,,,,tsf_flattened_series
,,no_fist_match,tsf2.1112,MS-TS-F-00002-00001-00112,,,,tsf_flattened_series
,,no_fist_match,tsf2.1113,MS-TS-F-00002-00001-00113,,,,tsf_flattened_series
,,no_fist_match,tsf2.1114,MS-TS-F-00002-00001-00114,,,,tsf_flattened_series
,,no_fist_match,tsf2.1115,MS-TS-F-00002-00001-00115,,,,tsf_flattened_series
,,no_fist_match,tsf2.1116,MS-TS-F-00002-00001-00116,,,,tsf_flattened_series
,,no_fist_match,tsf2.1117,MS-TS-F-00002-00001-00117,,,,tsf_flattened_series
,,no_fist_match,tsf2.1118,MS-TS-F-00002-00001-00118,,,,tsf_flattened_series
,,no_fist_match,tsf2.1119,MS-TS-F-00002-00001-00119,,,,tsf_flattened_series
,,no_fist_match,tsf2.1120,MS-TS-F-00002-00001-00120,,,,tsf_flattened_series
,,no_fist_match,tsf2.1121,MS-TS-F-00002-00001-00121,,,,tsf_flattened_series
,,no_fist_match,tsf2.1122,MS-TS-F-00002-00001-00122,,,,tsf_flattened_series
,,no_fist_match,tsf2.1123,MS-TS-F-00002-00001-00123,,,,tsf_flattened_series
,,no_fist_match,tsf2.1124,MS-TS-F-00002-00001-00124,,,,tsf_flattened_series
,,no_fist_match,tsf2.1125,MS-TS-F-00002-00001-00125,,,,tsf_flattened_series
,,no_fist_match,tsf2.1126,MS-TS-F-00002-00001-00126,,,,tsf_flattened_series
,,no_fist_match,tsf2.1127,MS-TS-F-00002-00001-00127,,,,tsf_flattened_series
,,no_fist_match,tsf2.1128,MS-TS-F-00002-00001-00128,,,,tsf_flattened_series
,,no_fist_match,tsf2.1129,MS-TS-F-00002-00001-00129,,,,tsf_flattened_series
,,no_fist_match,tsf2.1130,MS-TS-F-00002-00001-00130,,,,tsf_flattened_series
,,no_fist_match,tsf2.1131,MS-TS-F-00002-00001-00131,,,,tsf_flattened_series
,,no_fist_match,tsf2.1132,MS-TS-F-00002-00001-00132,,,,tsf_flattened_series
,,no_fist_match,tsf2.1133,MS-TS-F-00002-00001-00133,,,,tsf_flattened_series
,,no_fist_match,tsf2.1134,MS-TS-F-00002-00001-00134,,,,tsf_flattened_series
,,no_fist_match,tsf2.1135,MS-TS-F-00002-00001-00135,,,,tsf_flattened_series
,,no_fist_match,tsf2.1136,MS-TS-F-00002-00001-00136,,,,tsf_flattened_series
,,no_fist_match,tsf2.1137,MS-TS-F-00002-00001-00137,,,,tsf_flattened_series
,,no_fist_match,tsf2.1138,MS-TS-F-00002-00001-00138,,,,tsf_flattened_series
,,no_fist_match,tsf2.1139,MS-TS-F-00002-00001-00139,,,,tsf_flattened_series
,,no_fist_match,tsf2.1140,MS-TS-F-00002-00001-00140,,,,tsf_flattened_series
,,no_fist_match,tsf2.1141,MS-TS-F-00002-00001-00141,,,,tsf_flattened_series
,,no_fist_match,tsf2.1142,MS-TS-F-00002-00001-00142,,,,tsf_flattened_series
,,no_fist_match,tsf2.1143,MS-TS-F-00002-00001-00143,,,,tsf_flattened_series
,,no_fist_match,tsf2.1144,MS-TS-F-00002-00001-00144,,,,tsf_flattened_series
,,no_fist_match,tsf2.1145,MS-TS-F-00002-00001-00145,,,,tsf_flattened_series
,,no_fist_match,tsf2.1146,MS-TS-F-00002-00001-00146,,,,tsf_flattened_series
,,no_fist_match,tsf2.1147,MS-TS-F-00002-00001-00147,,,,tsf_flattened_series
,,no_fist_match,tsf2.1148,MS-TS-F-00002-00001-00148,,,,tsf_flattened_series
,,no_fist_match,tsf2.1149,MS-TS-F-00002-00001-00149,,,,tsf_flattened_series
,,no_fist_match,tsf2.1150,MS-TS-F-00002-00001-00150,,,,tsf_flattened_series
,,no_fist_match,tsf2.1151,MS-TS-F-00002-00001-00151,,,,tsf_flattened_series
,,no_fist_match,tsf2.1152,MS-TS-F-00002-00001-00152,,,,tsf_flattened_series
,,no_fist_match,tsf2.1153,MS-TS-F-00002-00001-00153,,,,tsf_flattened_series
,,no_fist_match,tsf2.1154,MS-TS-F-00002-00001-00154,,,,tsf_flattened_series
,,no_fist_match,tsf2.1155,MS-TS-F-00002-00001-00155,,,,tsf_flattened_series
,,no_fist_match,tsf2.1156,MS-TS-F-00002-00001-00156,,,,tsf_flattened_series
,,no_fist_match,tsf2.1157,MS-TS-F-00002-00001-00157,,,,tsf_flattened_series
,,no_fist_match,tsf2.1158,MS-TS-F-00002-00001-00158,,,,tsf_flattened_series
,,no_fist_match,tsf2.1159,MS-TS-F-00002-00001-00159,,,,tsf_flattened_series
,,no_fist_match,tsf2.1160,MS-TS-F-00002-00001-00160,,,,tsf_flattened_series
,,no_fist_match,tsf2.1161,MS-TS-F-00002-00001-00161,,,,tsf_flattened_series
,,no_fist_match,tsf2.1162,MS-TS-F-00002-00001-00162,,,,tsf_flattened_series
,,no_fist_match,tsf2.1163,MS-TS-F-00002-00001-00163,,,,tsf_flattened_series
,,no_fist_match,tsf2.1164,MS-TS-F-00002-00001-00164,,,,tsf_flattened_series
,,no_fist_match,tsf2.1165,MS-TS-F-00002-00001-00165,,,,tsf_flattened_series
,,no_fist_match,tsf2.1166,MS-TS-F-00002-00001-00166,,,,tsf_flattened_series
,,no_fist_match,tsf2.1167,MS-TS-F-00002-00001-00167,,,,tsf_flattened_series
,,no_fist_match,tsf2.1168,MS-TS-F-00002-00001-00168,,,,tsf_flattened_series
,,no_fist_match,tsf2.1169,MS-TS-F-00002-00001-00169,,,,tsf_flattened_series
,,no_fist_match,tsf2.1170,MS-TS-F-00002-00001-00170,,,,tsf_flattened_series
,,no_fist_match,tsf2.1171,MS-TS-F-00002-00001-00171,,,,tsf_flattened_series
,,no_fist_match,tsf2.1172,MS-TS-F-00002-00001-00172,,,,tsf_flattened_series
,,no_fist_match,tsf2.1173,MS-TS-F-00002-00001-00173,,,,tsf_flattened_series
,,no_fist_match,tsf2.1174,MS-TS-F-00002-00001-00174,,,,tsf_flattened_series
,,no_fist_match,tsf2.1175,MS-TS-F-00002-00001-00175,,,,tsf_flattened_series
,,no_fist_match,tsf2.1176,MS-TS-F-00002-00001-00176,,,,tsf_flattened_series
,,no_fist_match,tsf2.1177,MS-TS-F-00002-00001-00177,,,,tsf_flattened_series
,,no_fist_match,tsf2.1178,MS-TS-F-00002-00001-00178,,,,tsf_flattened_series
,,no_fist_match,tsf2.1179,MS-TS-F-00002-00001-00179,,,,tsf_flattened_series
,,no_fist_match,tsf2.1180,MS-TS-F-00002-00001-00180,,,,tsf_flattened_series
,,no_fist_match,tsf2.1181,MS-TS-F-00002-00001-00181,,,,tsf_flattened_series
,,no_fist_match,tsf2.1182,MS-TS-F-00002-00001-00182,,,,tsf_flattened_series
,,no_fist_match,tsf2.1183,MS-TS-F-00002-00001-00183,,,,tsf_flattened_series
,,no_fist_match,tsf2.1184,MS-TS-F-00002-00001-00184,,,,tsf_flattened_series
,,no_fist_match,tsf2.1185,MS-TS-F-00002-00001-00185,,,,tsf_flattened_series
,,no_fist_match,tsf2.1186,MS-TS-F-00002-00001-00186,,,,tsf_flattened_series
,,no_fist_match,tsf2.1187,MS-TS-F-00002-00001-00187,,,,tsf_flattened_series
,,no_fist_match,tsf2.1188,MS-TS-F-00002-00001-00188,,,,tsf_flattened_series
,,no_fist_match,tsf2.1189,MS-TS-F-00002-00001-00189,,,,tsf_flattened_series
,,no_fist_match,tsf2.1190,MS-TS-F-00002-00001-00190,,,,tsf_flattened_series
,,no_fist_match,tsf2.1191,MS-TS-F-00002-00001-00191,,,,tsf_flattened_series
,,no_fist_match,tsf2.1192,MS-TS-F-00002-00001-00192,,,,tsf_flattened_series
,,no_fist_match,tsf2.1193,MS-TS-F-00002-00001-00193,,,,tsf_flattened_series
,,no_fist_match,tsf2.1194,MS-TS-F-00002-00001-00194,,,,tsf_flattened_series
,,no_fist_match,tsf2.1195,MS-TS-F-00002-00001-00195,,,,tsf_flattened_series
,,no_fist_match,tsf2.1196,MS-TS-F-00002-00001-00196,,,,tsf_flattened_series
,,no_fist_match,tsf2.1197,MS-TS-F-00002-00001-00197,,,,tsf_flattened_series
,,no_fist_match,tsf2.1198,MS-TS-F-00002-00001-00198,,,,tsf_flattened_series
,,no_fist_match,tsf2.1199,MS-TS-F-00002-00001-00199,,,,tsf_flattened_series
,,no_fist_match,tsf2.1200,MS-TS-F-00002-00001-00200,,,,tsf_flattened_series
,,no_fist_match,tsf2.1201,MS-TS-F-00002-00001-00201,,,,tsf_flattened_series
,,no_fist_match,tsf2.1202,MS-TS-F-00002-00001-00202,,,,tsf_flattened_series
,,no_fist_match,tsf2.1203,MS-TS-F-00002-00001-00203,,,,tsf_flattened_series
,,no_fist_match,tsf2.1204,MS-TS-F-00002-00001-00204,,,,tsf_flattened_series
,,no_fist_match,tsf2.1205,MS-TS-F-00002-00001-00205,,,,tsf_flattened_series
,,no_fist_match,tsf2.1206,MS-TS-F-00002-00001-00206,,,,tsf_flattened_series
,,no_fist_match,tsf2.1207,MS-TS-F-00002-00001-00207,,,,tsf_flattened_series
,,no_fist_match,tsf2.1208,MS-TS-F-00002-00001-00208,,,,tsf_flattened_series
,,no_fist_match,tsf2.1209,MS-TS-F-00002-00001-00209,,,,tsf_flattened_series
,,no_fist_match,tsf2.1210,MS-TS-F-00002-00001-00210,,,,tsf_flattened_series
,,no_fist_match,tsf2.1211,MS-TS-F-00002-00001-00211,,,,tsf_flattened_series
,,no_fist_match,tsf2.1212,MS-TS-F-00002-00001-00212,,,,tsf_flattened_series
,,no_fist_match,tsf2.1213,MS-TS-F-00002-00001-00213,,,,tsf_flattened_series
,,multi_inventory,tsf2.21,MS-TS-F-00002-00002-00001,,"5284101,5499101",,tsf_flattened_series
,,no_fist_match,tsf2.21a,MS-TS-F-00002-00002-00001-A,,,,tsf_flattened_series
,,multi_inventory,tsf2.22,MS-TS-F-00002-00002-00002,,"5285101,5500101",,tsf_flattened_series
,,no_fist_match,tsf2.22a,MS-TS-F-00002-00002-00002-A,,,,tsf_flattened_series
,,multi_inventory,tsf2.23,MS-TS-F-00002-00002-00003,,"5286101,5501101",,tsf_flattened_series
,,multi_inventory,tsf2.24,MS-TS-F-00002-00002-00004,,"5287101,5502101",,tsf_flattened_series
,,multi_inventory,tsf2.25,MS-TS-F-00002-00002-00005,,"5288101,5503101",,tsf_flattened_series
,,multi_inventory,tsf2.26,MS-TS-F-00002-00002-00006,,"5289101,5504101",,tsf_flattened_series
,,multi_inventory,tsf2.27,MS-TS-F-00002-00002-00007,,"5290101,5505101",,tsf_flattened_series
,,multi_inventory,tsf2.28,MS-TS-F-00002-00002-00008,,"5291101,5506101",,tsf_flattened_series
,,multi_inventory,tsf2.29,MS-TS-F-00002-00002-00009,,"5292101,5507101",,tsf_flattened_series
,,no_fist_match,tsf2.214,MS-TS-F-00002-00002-00014,,,,tsf_flattened_series
,,no_fist_match,tsf2.215,MS-TS-F-00002-00002-00015,,,,tsf_flattened_series
,,no_fist_match,tsf2.216,MS-TS-F-00002-00002-00016,,,,tsf_flattened_series
,,no_fist_match,tsf2.217,MS-TS-F-00002-00002-00017,,,,tsf_flattened_series
,,no_fist_match,tsf2.218,MS-TS-F-00002-00002-00018,,,,tsf_flattened_series
,,no_fist_match,tsf2.219,MS-TS-F-00002-00002-00019,,,,tsf_flattened_series
,,no_fist_match,tsf2.220,MS-TS-F-00002-00002-00020,,,,tsf_flattened_series
,,no_fist_match,tsf2.221,MS-TS-F-00002-00002-00021,,,,tsf_flattened_series
,,no_fist_match,tsf2.222,MS-TS-F-00002-00002-00022,,,,tsf_flattened_series
,,no_fist_match,tsf2.223,MS-TS-F-00002-00002-00023,,,,tsf_flattened_series
,,no_fist_match,tsf2.224,MS-TS-F-00002-00002-00024,,,,tsf_flattened_series
,,no_fist_match,tsf2.225,MS-TS-F-00002-00002-00025,,,,tsf_flattened_series
,,no_fist_match,tsf2.226,MS-TS-F-00002-00002-00026,,,,tsf_flattened_series
,,no_fist_match,tsf2.227,MS-TS-F-00002-00002-00027,,,,tsf_flattened_series
,,no_fist_match,tsf2.228,MS-TS-F-00002-00002-00028,,,,tsf_flattened_series
,,no_fist_match,tsf2.229,MS-TS-F-00002-00002-00029,,,,tsf_flattened_series
,,no_fist_match,tsf2.230,MS-TS-F-00002-00002-00030,,,,tsf_flattened_series
,,no_fist_match,tsf2.231,MS-TS-F-00002-00002-00031,,,,tsf_flattened_series
,,no_fist_match,tsf2.232,MS-TS-F-00002-00002-00032,,,,tsf_flattened_series
,,no_fist_match,tsf2.233,MS-TS-F-00002-00002-00033,,,,tsf_flattened_series
,,no_fist_match,tsf2.234,MS-TS-F-00002-00002-00034,,,,tsf_flattened_series
,,no_fist_match,tsf2.235,MS-TS-F-00002-00002-00035,,,,tsf_flattened_series
,,no_fist_match,tsf2.236,MS-TS-F-00002-00002-00036,,,,tsf_flattened_series
,,no_fist_match,tsf2.237,MS-TS-F-00002-00002-00037,,,,tsf_flattened_series
,,no_fist_match,tsf2.238,MS-TS-F-00002-00002-00038,,,,tsf_flattened_series
,,no_fist_match,tsf2.239,MS-TS-F-00002-00002-00039,,,,tsf_flattened_series
,,no_fist_match,tsf2.240,MS-TS-F-00002-00002-00040,,,,tsf_flattened_series
,,no_fist_match,tsf2.241,MS-TS-F-00002-00002-00041,,,,tsf_flattened_series
,,no_fist_match,tsf2.242,MS-TS-F-00002-00002-00042,,,,tsf_flattened_series
,,no_fist_match,tsf2.243,MS-TS-F-00002-00002-00043,,,,tsf_flattened_series
,,no_fist_match,tsf2.244,MS-TS-F-00002-00002-00044,,,,tsf_flattened_series
,,no_fist_match,tsf2.245,MS-TS-F-00002-00002-00045,,,,tsf_flattened_series
,,no_fist_match,tsf2.246,MS-TS-F-00002-00002-00046,,,,tsf_flattened_series
,,no_fist_match,tsf2.247,MS-TS-F-00002-00002-00047,,,,tsf_flattened_series
,,no_fist_match,tsf2.248,MS-TS-F-00002-00002-00048,,,,tsf_flattened_series
,,no_fist_match,tsf2.249,MS-TS-F-00002-00002-00049,,,,tsf_flattened_series
,,no_fist_match,tsf2.250,MS-TS-F-00002-00002-00050,,,,tsf_flattened_series
,,no_fist_match,tsf2.251,MS-TS-F-00002-00002-00051,,,,tsf_flattened_series
,,no_fist_match,tsf2.252,MS-TS-F-00002-00002-00052,,,,tsf_flattened_series
,,no_fist_match,tsf2.253,MS-TS-F-00002-00002-00053,,,,tsf_flattened_series
,,no_fist_match,tsf2.254,MS-TS-F-00002-00002-00054,,,,tsf_flattened_series
,,no_fist_match,tsf2.255,MS-TS-F-00002-00002-00055,,,,tsf_flattened_series
,,no_fist_match,tsf2.256,MS-TS-F-00002-00002-00056,,,,tsf_flattened_series
,,no_fist_match,tsf2.257,MS-TS-F-00002-00002-00057,,,,tsf_flattened_series
,,no_fist_match,tsf2.258,MS-TS-F-00002-00002-00058,,,,tsf_flattened_series
,,no_fist_match,tsf2.259,MS-TS-F-00002-00002-00059,,,,tsf_flattened_series
,,no_fist_match,tsf2.260,MS-TS-F-00002-00002-00060,,,,tsf_flattened_series
,,no_fist_match,tsf2.261,MS-TS-F-00002-00002-00061,,,,tsf_flattened_series
,,no_fist_match,tsf2.262,MS-TS-F-00002-00002-00062,,,,tsf_flattened_series
,,no_fist_match,tsf2.263,MS-TS-F-00002-00002-00063,,,,tsf_flattened_series
,,no_fist_match,tsf2.264,MS-TS-F-00002-00002-00064,,,,tsf_flattened_series
,,no_fist_match,tsf2.265,MS-TS-F-00002-00002-00065,,,,tsf_flattened_series
,,no_fist_match,tsf2.266,MS-TS-F-00002-00002-00066,,,,tsf_flattened_series
,,no_fist_match,tsf2.267,MS-TS-F-00002-00002-00067,,,,tsf_flattened_series
,,no_fist_match,tsf2.268,MS-TS-F-00002-00002-00068,,,,tsf_flattened_series
,,no_fist_match,tsf2.269,MS-TS-F-00002-00002-00069,,,,tsf_flattened_series
,,no_fist_match,tsf2.270,MS-TS-F-00002-00002-00070,,,,tsf_flattened_series
,,no_fist_match,tsf2.271,MS-TS-F-00002-00002-00071,,,,tsf_flattened_series
,,no_fist_match,tsf2.272,MS-TS-F-00002-00002-00072,,,,tsf_flattened_series
,,no_fist_match,tsf2.273,MS-TS-F-00002-00002-00073,,,,tsf_flattened_series
,,no_fist_match,tsf2.274,MS-TS-F-00002-00002-00074,,,,tsf_flattened_series
,,no_fist_match,tsf2.275,MS-TS-F-00002-00002-00075,,,,tsf_flattened_series
,,no_fist_match,tsf2.276,MS-TS-F-00002-00002-00076,,,,tsf_flattened_series
,,no_fist_match,tsf2.277,MS-TS-F-00002-00002-00077,,,,tsf_flattened_series
,,no_fist_match,tsf2.278,MS-TS-F-00002-00002-00078,,,,tsf_flattened_series
,,no_fist_match,tsf2.279,MS-TS-F-00002-00002-00079,,,,tsf_flattened_series
,,multi_inventory,tsk25.236,MS-TS-K-00025-00236,,"4148099,4149099,10694101",,other
,,no_fist_match,tsmisc1.92.1,MS-TS-MISC-00001-00092-00001,,,,tsmisc_multi_segment
,,no_fist_match,tsmisc1.92.2,MS-TS-MISC-00001-00092-00002,,,,tsmisc_multi_segment
,,no_fist_match,tsmisc1.131.1,MS-TS-MISC-00001-00131-00001,,,,tsmisc_multi_segment
,,no_fist_match,tsmisc13.31,MS-TS-MISC-00013-00003-00001,,,,tsmisc_multi_segment
,,no_fist_match,tsmisc13.32,MS-TS-MISC-00013-00003-00002,,,,tsmisc_multi_segment
,,no_fist_match,tsmisc13.33,MS-TS-MISC-00013-00003-00003,,,,tsmisc_multi_segment
,,no_fist_match,tsmisc13.34,MS-TS-MISC-00013-00003-00004,,,,tsmisc_multi_segment
,,no_fist_match,tsmisc24.137.21,MS-TS-MISC-00024-00137-00002-00001,,,,tsmisc_multi_segment
,,no_fist_match,tsmisc27.11,MS-TS-MISC-00027-00001-00001,,,,tsmisc_multi_segment
,,no_fist_match,tsmisc27.12,MS-TS-MISC-00027-00001-00002,,,,tsmisc_multi_segment
,,no_fist_match,tsmisc27.13,MS-TS-MISC-00027-00001-00003,,,,tsmisc_multi_segment
,,no_fist_match,tsmisc27.14,MS-TS-MISC-00027-00001-00004,,,,tsmisc_multi_segment
,,no_fist_match,tsmisc27.15,MS-TS-MISC-00027-00001-00005,,,,tsmisc_multi_segment
,,no_fist_match,tsmisc27.16a,MS-TS-MISC-00027-00001-00006-A,,,,tsmisc_multi_segment
,,no_fist_match,tsmisc27.17,MS-TS-MISC-00027-00001-00007,,,,tsmisc_multi_segment
,,no_fist_match,tsmisc27.18,MS-TS-MISC-00027-00001-00008,,,,tsmisc_multi_segment
,,no_fist_match,tsmisc27.110,MS-TS-MISC-00027-00001-00010,,,,tsmisc_multi_segment
,,no_fist_match,tsmisc27.111,MS-TS-MISC-00027-00001-00011,,,,tsmisc_multi_segment
,,no_fist_match,tsmisc27.112,MS-TS-MISC-00027-00001-00012,,,,tsmisc_multi_segment
,,no_fist_match,tsmisc27.113,MS-TS-MISC-00027-00001-00013,,,,tsmisc_multi_segment
,,no_fist_match,tsmisc27.114,MS-TS-MISC-00027-00001-00014,,,,tsmisc_multi_segment
,,no_fist_match,tsmisc27.115,MS-TS-MISC-00027-00001-00015,,,,tsmisc_multi_segment
,,no_fist_match,tsmisc27.116,MS-TS-MISC-00027-00001-00016,,,,tsmisc_multi_segment
,,no_fist_match,tsmisc27.117,MS-TS-MISC-00027-00001-00017,,,,tsmisc_multi_segment
,,no_fist_match,tsmisc27.118,MS-TS-MISC-00027-00001-00018,,,,tsmisc_multi_segment
,,no_fist_match,tsmisc27.119,MS-TS-MISC-00027-00001-00019,,,,tsmisc_multi_segment
,,no_fist_match,tsmisc27.32,MS-TS-MISC-00027-00003-00002,,,,tsmisc_multi_segment
,,no_fist_match,tsmisc27.33,MS-TS-MISC-00027-00003-00003,,,,tsmisc_multi_segment
,,no_fist_match,tsmisc27.34,MS-TS-MISC-00027-00003-00004,,,,tsmisc_multi_segment
,,no_fist_match,tsmisc27.35,MS-TS-MISC-00027-00003-00005,,,,tsmisc_multi_segment
,,no_fist_match,tsmisc27.36,MS-TS-MISC-00027-00003-00006,,,,tsmisc_multi_segment
,,no_fist_match,tsmisc27.37,MS-TS-MISC-00027-00003-00007,,,,tsmisc_multi_segment
,,no_fist_match,tsmisc27.38,MS-TS-MISC-00027-00003-00008,,,,tsmisc_multi_segment
,,no_fist_match,tsmisc27.39,MS-TS-MISC-00027-00003-00009,,,,tsmisc_multi_segment
,,no_fist_match,tsmisc27.310,MS-TS-MISC-00027-00003-00010,,,,tsmisc_multi_segment
,,no_fist_match,tsmisc27.311,MS-TS-MISC-00027-00003-00011,,,,tsmisc_multi_segment
,,no_fist_match,tsmisc27.312,MS-TS-MISC-00027-00003-00012,,,,tsmisc_multi_segment
,,no_fist_match,tsmisc27.313,MS-TS-MISC-00027-00003-00013,,,,tsmisc_multi_segment
,,no_fist_match,tsmisc27.314,MS-TS-MISC-00027-00003-00014,,,,tsmisc_multi_segment
,,no_fist_match,tsmisc27.315,MS-TS-MISC-00027-00003-00015,,,,tsmisc_multi_segment
,,no_fist_match,tsmisc27.316,MS-TS-MISC-00027-00003-00016,,,,tsmisc_multi_segment
,,no_fist_match,tsmisc27.317,MS-TS-MISC-00027-00003-00017,,,,tsmisc_multi_segment
,,no_fist_match,tsmisc27.318,MS-TS-MISC-00027-00003-00018,,,,tsmisc_multi_segment
,,no_fist_match,tsmisc27.319,MS-TS-MISC-00027-00003-00019,,,,tsmisc_multi_segment
,,no_fist_match,tsmisc27.320,MS-TS-MISC-00027-00003-00020,,,,tsmisc_multi_segment
,,no_fist_match,tsmisc27.321,MS-TS-MISC-00027-00003-00021,,,,tsmisc_multi_segment
,,no_fist_match,tsmisc27.322,MS-TS-MISC-00027-00003-00022,,,,tsmisc_multi_segment
,,no_fist_match,tsmisc27.323,MS-TS-MISC-00027-00003-00023,,,,tsmisc_multi_segment
,,no_fist_match,tsmisc27.324,MS-TS-MISC-00027-00003-00024,,,,tsmisc_multi_segment
,,no_fist_match,tsmisc27.41,MS-TS-MISC-00027-00004-00001,,,,tsmisc_multi_segment
,,no_fist_match,tsmisc27.42,MS-TS-MISC-00027-00004-00002,,,,tsmisc_multi_segment
,,no_fist_match,tsmisc27.45,MS-TS-MISC-00027-00004-00005,,,,tsmisc_multi_segment
,,no_fist_match,tsmisc27.46,MS-TS-MISC-00027-00004-00006,,,,tsmisc_multi_segment
,,no_fist_match,tsmisc27.47,MS-TS-MISC-00027-00004-00007,,,,tsmisc_multi_segment
,,no_fist_match,tsmisc27.48,MS-TS-MISC-00027-00004-00008,,,,tsmisc_multi_segment
,,no_fist_match,tsmisc27.49,MS-TS-MISC-00027-00004-00009,,,,tsmisc_multi_segment
,,no_fist_match,tsmisc27.410,MS-TS-MISC-00027-00004-00010,,,,tsmisc_multi_segment
,,no_fist_match,tsmisc27.411,MS-TS-MISC-00027-00004-00011,,,,tsmisc_multi_segment
,,no_fist_match,tsmisc27.412,MS-TS-MISC-00027-00004-00012,,,,tsmisc_multi_segment
,,no_fist_match,tsmisc27.413,MS-TS-MISC-00027-00004-00013,,,,tsmisc_multi_segment
,,no_fist_match,tsmisc27.414,MS-TS-MISC-00027-00004-00014,,,,tsmisc_multi_segment
,,no_fist_match,tsmisc27.415,MS-TS-MISC-00027-00004-00015,,,,tsmisc_multi_segment
,,no_fist_match,tsmisc27.416,MS-TS-MISC-00027-00004-00016,,,,tsmisc_multi_segment
,,no_fist_match,tsmisc27.417,MS-TS-MISC-00027-00004-00017,,,,tsmisc_multi_segment
,,no_fist_match,tsmisc27.418,MS-TS-MISC-00027-00004-00018,,,,tsmisc_multi_segment
,,no_fist_match,tsmisc27.419,MS-TS-MISC-00027-00004-00019,,,,tsmisc_multi_segment
,,no_fist_match,tsmisc27.420,MS-TS-MISC-00027-00004-00020,,,,tsmisc_multi_segment
,,no_fist_match,tsmisc27.421,MS-TS-MISC-00027-00004-00021,,,,tsmisc_multi_segment
,,no_fist_match,tsmisc27.422,MS-TS-MISC-00027-00004-00022,,,,tsmisc_multi_segment
,,no_fist_match,tsmisc27.423,MS-TS-MISC-00027-00004-00023,,,,tsmisc_multi_segment
,,no_fist_match,tsmisc27.424a,MS-TS-MISC-00027-00004-00024-A,,,,tsmisc_multi_segment
,,no_fist_match,tsmisc27.424b,MS-TS-MISC-00027-00004-00024-B,,,,tsmisc_multi_segment
,,no_fist_match,tsmisc27.425,MS-TS-MISC-00027-00004-00025,,,,tsmisc_multi_segment
,,no_fist_match,tsmisc27.426,MS-TS-MISC-00027-00004-00026,,,,tsmisc_multi_segment
,,no_fist_match,tsmisc27.427,MS-TS-MISC-00027-00004-00027,,,,tsmisc_multi_segment
,,no_fist_match,tsmisc27.428,MS-TS-MISC-00027-00004-00028,,,,tsmisc_multi_segment
,,no_fist_match,tsmisc27.429,MS-TS-MISC-00027-00004-00029,,,,tsmisc_multi_segment
,,no_fist_match,tsmisc27.430,MS-TS-MISC-00027-00004-00030,,,,tsmisc_multi_segment
,,no_fist_match,tsmisc27.431,MS-TS-MISC-00027-00004-00031,,,,tsmisc_multi_segment
,,no_fist_match,tsmisc27.432,MS-TS-MISC-00027-00004-00032,,,,tsmisc_multi_segment
,,no_fist_match,tsmisc27.433,MS-TS-MISC-00027-00004-00033,,,,tsmisc_multi_segment
,,no_fist_match,tsmisc30.67.21,MS-TS-MISC-00030-00067-00002-00001,,,,tsmisc_multi_segment
,,no_fist_match,tsmisc30.67.22,MS-TS-MISC-00030-00067-00002-00002,,,,tsmisc_multi_segment
,,no_fist_match,tsmisc30.67.23,MS-TS-MISC-00030-00067-00002-00003,,,,tsmisc_multi_segment
,,no_fist_match,tsmisc31.71,MS-TS-MISC-00031-00007-00001,,,,tsmisc_multi_segment
,,no_fist_match,tsmisc31.72,MS-TS-MISC-00031-00007-00002,,,,tsmisc_multi_segment
,,no_fist_match,tsmisc31.73,MS-TS-MISC-00031-00007-00003,,,,tsmisc_multi_segment
,,no_fist_match,tsmisc31.74,MS-TS-MISC-00031-00007-00004,,,,tsmisc_multi_segment
,,no_fist_match,tsmisc31.75,MS-TS-MISC-00031-00007-00005,,,,tsmisc_multi_segment
,,no_fist_match,tsmisc31.76,MS-TS-MISC-00031-00007-00006,,,,tsmisc_multi_segment
,,no_fist_match,tsmisc31.77,MS-TS-MISC-00031-00007-00007,,,,tsmisc_multi_segment
,,no_fist_match,tsmisc31.78,MS-TS-MISC-00031-00007-00008,,,,tsmisc_multi_segment
,,no_fist_match,tsmisc31.79,MS-TS-MISC-00031-00007-00009,,,,tsmisc_multi_segment
,,no_fist_match,tsmisc31.710,MS-TS-MISC-00031-00007-00010,,,,tsmisc_multi_segment
,,no_fist_match,tsmisc31minutefragments,MS-TS-MISC-00031-MINUTE-FRAGMENTS,,,,tsmisc_multi_segment
,,no_fist_match,tsmisc33minutefragments,MS-TS-MISC-00033-MINUTE-FRAGMENTS,,,,tsmisc_multi_segment
,,no_fist_match,tsmisc34.24p1,MS-TS-MISC-00034-00024-P-00001,,,,tsmisc_multi_segment
,,no_fist_match,tsmisc34.24p2,MS-TS-MISC-00034-00024-P-00002,,,,tsmisc_multi_segment
,,no_fist_match,tsns23minutefragments,MS-TS-NS-00023-MINUTE-FRAGMENTS,,,,tsns_minute_or_letter
,,no_fist_match,tsns29minutefragments,MS-TS-NS-00029-MINUTE-FRAGMENTS,,,,tsns_minute_or_letter
,,no_fist_match,tsns31minutefragments,MS-TS-NS-00031-MINUTE-FRAGMENTS,,,,tsns_minute_or_letter
,,no_fist_match,tsns43.61minutefragments,MS-TS-NS-00043-00061-MINUTE-FRAGMENTS,,,,tsns_minute_or_letter
,,no_fist_match,tsns58unnumbered,MS-TS-NS-00058-UNNUMBERED,,,,tsns_minute_or_letter
,,no_fist_match,tsns66.46minutefragments,MS-TS-NS-00066-00046-MINUTE-FRAGMENTS,,,,tsns_minute_or_letter
,,no_fist_match,tsns66.47minutefragments,MS-TS-NS-00066-00047-MINUTE-FRAGMENTS,,,,tsns_minute_or_letter
,,no_fist_match,tsns87minutefragments,MS-TS-NS-00087-MINUTE-FRAGMENTS,,,,tsns_minute_or_letter
,,no_fist_match,tsns135.1aa,MS-TS-NS-00135-00001-A-A,,,,tsns_minute_or_letter
,,no_fist_match,tsns135.1ab,MS-TS-NS-00135-00001-A-B,,,,tsns_minute_or_letter
,,no_fist_match,tsns192minutefragments,MS-TS-NS-00192-MINUTE-FRAGMENTS,,,,tsns_minute_or_letter
,,no_fist_match,tsns193minutefragments,MS-TS-NS-00193-MINUTE-FRAGMENTS,,,,tsns_minute_or_letter
,,no_fist_match,tsns194minutefragments,MS-TS-NS-00194-MINUTE-FRAGMENTS,,,,tsns_minute_or_letter
,,no_fist_match,tsns195minutefragments,MS-TS-NS-00195-MINUTE-FRAGMENTS,,,,tsns_minute_or_letter
,,no_fist_match,tsns196minutefragments,MS-TS-NS-00196-MINUTE-FRAGMENTS,,,,tsns_minute_or_letter
,,no_fist_match,tsns197minutefragments,MS-TS-NS-00197-MINUTE-FRAGMENTS,,,,tsns_minute_or_letter
,,no_fist_match,tsns198minutefragments,MS-TS-NS-00198-MINUTE-FRAGMENTS,,,,tsns_minute_or_letter
,,no_fist_match,tsns199minutefragments,MS-TS-NS-00199-MINUTE-FRAGMENTS,,,,tsns_minute_or_letter
,,no_fist_match,tsns200minutefragments,MS-TS-NS-00200-MINUTE-FRAGMENTS,,,,tsns_minute_or_letter
,,no_fist_match,tsns201minutefragments,MS-TS-NS-00201-MINUTE-FRAGMENTS,,,,tsns_minute_or_letter
,,no_fist_match,tsns202minutefragments,MS-TS-NS-00202-MINUTE-FRAGMENTS,,,,tsns_minute_or_letter
,,no_fist_match,tsns203minutefragments,MS-TS-NS-00203-MINUTE-FRAGMENTS,,,,tsns_minute_or_letter
,,no_fist_match,tsns204minutefragments,MS-TS-NS-00204-MINUTE-FRAGMENTS,,,,tsns_minute_or_letter
,,no_fist_match,tsns205minutefragments,MS-TS-NS-00205-MINUTE-FRAGMENTS,,,,tsns_minute_or_letter
,,no_fist_match,tsns206minutefragments,MS-TS-NS-00206-MINUTE-FRAGMENTS,,,,tsns_minute_or_letter
,,no_fist_match,tsns207minutefragments,MS-TS-NS-00207-MINUTE-FRAGMENTS,,,,tsns_minute_or_letter
,,no_fist_match,tsns208minutefragments,MS-TS-NS-00208-MINUTE-FRAGMENTS,,,,tsns_minute_or_letter
,,no_fist_match,tsns209minutefragments,MS-TS-NS-00209-MINUTE-FRAGMENTS,,,,tsns_minute_or_letter
,,no_fist_match,tsns210minutefragments,MS-TS-NS-00210-MINUTE-FRAGMENTS,,,,tsns_minute_or_letter
,,no_fist_match,tsns211minutefragments,MS-TS-NS-00211-MINUTE-FRAGMENTS,,,,tsns_minute_or_letter
,,no_fist_match,tsns212minutefragments,MS-TS-NS-00212-MINUTE-FRAGMENTS,,,,tsns_minute_or_letter
,,no_fist_match,tsns213minutefragments,MS-TS-NS-00213-MINUTE-FRAGMENTS,,,,tsns_minute_or_letter
,,no_fist_match,tsns214minutefragments,MS-TS-NS-00214-MINUTE-FRAGMENTS,,,,tsns_minute_or_letter
,,no_fist_match,tsns215minutefragments,MS-TS-NS-00215-MINUTE-FRAGMENTS,,,,tsns_minute_or_letter
,,no_fist_match,tsns216minutefragments,MS-TS-NS-00216-MINUTE-FRAGMENTS,,,,tsns_minute_or_letter
,,no_fist_match,tsns217minutefragments,MS-TS-NS-00217-MINUTE-FRAGMENTS,,,,tsns_minute_or_letter
,,no_fist_match,tsns218minutefragments,MS-TS-NS-00218-MINUTE-FRAGMENTS,,,,tsns_minute_or_letter
,,no_fist_match,tsns219minutefragments,MS-TS-NS-00219-MINUTE-FRAGMENTS,,,,tsns_minute_or_letter
,,no_fist_match,tsns220minutefragments,MS-TS-NS-00220-MINUTE-FRAGMENTS,,,,tsns_minute_or_letter
,,no_fist_match,tsns221minutefragments,MS-TS-NS-00221-MINUTE-FRAGMENTS,,,,tsns_minute_or_letter
,,no_fist_match,tsns222minutefragments,MS-TS-NS-00222-MINUTE-FRAGMENTS,,,,tsns_minute_or_letter
,,no_fist_match,tsns223minutefragments,MS-TS-NS-00223-MINUTE-FRAGMENTS,,,,tsns_minute_or_letter
,,no_fist_match,tsns224minutefragments,MS-TS-NS-00224-MINUTE-FRAGMENTS,,,,tsns_minute_or_letter
,,no_fist_match,tsns225minutefragments,MS-TS-NS-00225-MINUTE-FRAGMENTS,,,,tsns_minute_or_letter
,,no_fist_match,tsns226minutefragments,MS-TS-NS-00226-MINUTE-FRAGMENTS,,,,tsns_minute_or_letter
,,no_fist_match,tsns227minutefragments,MS-TS-NS-00227-MINUTE-FRAGMENTS,,,,tsns_minute_or_letter
,,no_fist_match,tsns228minutefragments,MS-TS-NS-00228-MINUTE-FRAGMENTS,,,,tsns_minute_or_letter
,,no_fist_match,tsns229minutefragments,MS-TS-NS-00229-MINUTE-FRAGMENTS,,,,tsns_minute_or_letter
,,no_fist_match,tsns230minutefragments,MS-TS-NS-00230-MINUTE-FRAGMENTS,,,,tsns_minute_or_letter
,,no_fist_match,tsns231minutefragments,MS-TS-NS-00231-MINUTE-FRAGMENTS,,,,tsns_minute_or_letter
,,no_fist_match,tsns232minutefragments,MS-TS-NS-00232-MINUTE-FRAGMENTS,,,,tsns_minute_or_letter
,,no_fist_match,tsns233minutefragments,MS-TS-NS-00233-MINUTE-FRAGMENTS,,,,tsns_minute_or_letter
,,no_fist_match,tsns234minutefragments,MS-TS-NS-00234-MINUTE-FRAGMENTS,,,,tsns_minute_or_letter
,,no_fist_match,tsns235minutefragments,MS-TS-NS-00235-MINUTE-FRAGMENTS,,,,tsns_minute_or_letter
,,no_fist_match,tsns236minutefragments,MS-TS-NS-00236-MINUTE-FRAGMENTS,,,,tsns_minute_or_letter
,,no_fist_match,tsns237minutefragments,MS-TS-NS-00237-MINUTE-FRAGMENTS,,,,tsns_minute_or_letter
,,no_fist_match,tsns238minutefragments,MS-TS-NS-00238-MINUTE-FRAGMENTS,,,,tsns_minute_or_letter
,,no_fist_match,tsns239minutefragments,MS-TS-NS-00239-MINUTE-FRAGMENTS,,,,tsns_minute_or_letter
,,no_fist_match,tsns240minutefragments,MS-TS-NS-00240-MINUTE-FRAGMENTS,,,,tsns_minute_or_letter
,,no_fist_match,tsns241minutefragments,MS-TS-NS-00241-MINUTE-FRAGMENTS,,,,tsns_minute_or_letter
,,no_fist_match,tsns242minutefragments,MS-TS-NS-00242-MINUTE-FRAGMENTS,,,,tsns_minute_or_letter
,,no_fist_match,tsns243minutefragments,MS-TS-NS-00243-MINUTE-FRAGMENTS,,,,tsns_minute_or_letter
,,no_fist_match,tsns244minutefragments,MS-TS-NS-00244-MINUTE-FRAGMENTS,,,,tsns_minute_or_letter
,,no_fist_match,tsns245minutefragments,MS-TS-NS-00245-MINUTE-FRAGMENTS,,,,tsns_minute_or_letter
,,no_fist_match,tsns247minutefragments,MS-TS-NS-00247-MINUTE-FRAGMENTS,,,,tsns_minute_or_letter
,,no_fist_match,tsns248minutefragments,MS-TS-NS-00248-MINUTE-FRAGMENTS,,,,tsns_minute_or_letter
,,no_fist_match,tsns249minutefragments,MS-TS-NS-00249-MINUTE-FRAGMENTS,,,,tsns_minute_or_letter
,,no_fist_match,tsns250minutefragments,MS-TS-NS-00250-MINUTE-FRAGMENTS,,,,tsns_minute_or_letter
,,no_fist_match,tsns251minutefragments,MS-TS-NS-00251-MINUTE-FRAGMENTS,,,,tsns_minute_or_letter
,,no_fist_match,tsns252minutefragments,MS-TS-NS-00252-MINUTE-FRAGMENTS,,,,tsns_minute_or_letter
,,no_fist_match,tsns253minutefragments,MS-TS-NS-00253-MINUTE-FRAGMENTS,,,,tsns_minute_or_letter
,,no_fist_match,tsns254minutefragments,MS-TS-NS-00254-MINUTE-FRAGMENTS,,,,tsns_minute_or_letter
,,no_fist_match,tsns255minutefragments,MS-TS-NS-00255-MINUTE-FRAGMENTS,,,,tsns_minute_or_letter
,,no_fist_match,tsns256minutefragments,MS-TS-NS-00256-MINUTE-FRAGMENTS,,,,tsns_minute_or_letter
,,no_fist_match,tsns257minutefragments,MS-TS-NS-00257-MINUTE-FRAGMENTS,,,,tsns_minute_or_letter
,,no_fist_match,tsns258minutefragments,MS-TS-NS-00258-MINUTE-FRAGMENTS,,,,tsns_minute_or_letter
,,no_fist_match,tsns259minutefragments,MS-TS-NS-00259-MINUTE-FRAGMENTS,,,,tsns_minute_or_letter
,,no_fist_match,tsns260minutefragments,MS-TS-NS-00260-MINUTE-FRAGMENTS,,,,tsns_minute_or_letter
,,no_fist_match,tsns261minutefragments,MS-TS-NS-00261-MINUTE-FRAGMENTS,,,,tsns_minute_or_letter
,,no_fist_match,tsns262minutefragments,MS-TS-NS-00262-MINUTE-FRAGMENTS,,,,tsns_minute_or_letter
,,no_fist_match,tsns263minutefragments,MS-TS-NS-00263-MINUTE-FRAGMENTS,,,,tsns_minute_or_letter
,,no_fist_match,tsns264minutefragments,MS-TS-NS-00264-MINUTE-FRAGMENTS,,,,tsns_minute_or_letter
,,no_fist_match,tsns265minutefragments,MS-TS-NS-00265-MINUTE-FRAGMENTS,,,,tsns_minute_or_letter
,,no_fist_match,tsns266.189a,MS-TS-NS-00266-00189-A,,,,tsns_minute_or_letter
,,no_fist_match,tsns266.189b,MS-TS-NS-00266-00189-B,,,,tsns_minute_or_letter
,,no_fist_match,tsns266.189c,MS-TS-NS-00266-00189-C,,,,tsns_minute_or_letter
,,no_fist_match,tsns266.189d,MS-TS-NS-00266-00189-D,,,,tsns_minute_or_letter
,,no_fist_match,tsns266.189e,MS-TS-NS-00266-00189-E,,,,tsns_minute_or_letter
,,no_fist_match,tsns266.189f,MS-TS-NS-00266-00189-F,,,,tsns_minute_or_letter
,,no_fist_match,tsns266.189g,MS-TS-NS-00266-00189-G,,,,tsns_minute_or_letter
,,no_fist_match,tsns266.189h,MS-TS-NS-00266-00189-H,,,,tsns_minute_or_letter
,,no_fist_match,tsns266.189i,MS-TS-NS-00266-00189-I,,,,tsns_minute_or_letter
,,no_fist_match,tsns266minutefragments,MS-TS-NS-00266-MINUTE-FRAGMENTS,,,,tsns_minute_or_letter
,,no_fist_match,tsns267minutefragments,MS-TS-NS-00267-MINUTE-FRAGMENTS,,,,tsns_minute_or_letter
,,no_fist_match,tsns268minutefragments,MS-TS-NS-00268-MINUTE-FRAGMENTS,,,,tsns_minute_or_letter
,,no_fist_match,tsns269minutefragments,MS-TS-NS-00269-MINUTE-FRAGMENTS,,,,tsns_minute_or_letter
,,no_fist_match,tsns270minutefragments,MS-TS-NS-00270-MINUTE-FRAGMENTS,,,,tsns_minute_or_letter
,,no_fist_match,tsns271minutefragments,MS-TS-NS-00271-MINUTE-FRAGMENTS,,,,tsns_minute_or_letter
,,no_fist_match,tsns272minutefragments,MS-TS-NS-00272-MINUTE-FRAGMENTS,,,,tsns_minute_or_letter
,,no_fist_match,tsns273minutefragments,MS-TS-NS-00273-MINUTE-FRAGMENTS,,,,tsns_minute_or_letter
,,no_fist_match,tsns274minutefragments,MS-TS-NS-00274-MINUTE-FRAGMENTS,,,,tsns_minute_or_letter
,,no_fist_match,tsns275minutefragments,MS-TS-NS-00275-MINUTE-FRAGMENTS,,,,tsns_minute_or_letter
,,no_fist_match,tsns276minutefragments,MS-TS-NS-00276-MINUTE-FRAGMENTS,,,,tsns_minute_or_letter
,,no_fist_match,tsns277minutefragments,MS-TS-NS-00277-MINUTE-FRAGMENTS,,,,tsns_minute_or_letter
,,no_fist_match,tsns278minutefragments,MS-TS-NS-00278-MINUTE-FRAGMENTS,,,,tsns_minute_or_letter
,,no_fist_match,tsns279minutefragments,MS-TS-NS-00279-MINUTE-FRAGMENTS,,,,tsns_minute_or_letter
,,no_fist_match,tsns280minutefragments,MS-TS-NS-00280-MINUTE-FRAGMENTS,,,,tsns_minute_or_letter
,,no_fist_match,tsns281minutefragments,MS-TS-NS-00281-MINUTE-FRAGMENTS,,,,tsns_minute_or_letter
,,no_fist_match,tsns282a,MS-TS-NS-00282-A,,,,tsns_minute_or_letter
,,no_fist_match,tsns282b,MS-TS-NS-00282-B,,,,tsns_minute_or_letter
,,no_fist_match,tsns282minutefragments,MS-TS-NS-00282-MINUTE-FRAGMENTS,,,,tsns_minute_or_letter
,,no_fist_match,tsns283minutefragments,MS-TS-NS-00283-MINUTE-FRAGMENTS,,,,tsns_minute_or_letter
,,no_fist_match,tsns284minutefragments,MS-TS-NS-00284-MINUTE-FRAGMENTS,,,,tsns_minute_or_letter
,,no_fist_match,tsns285minutefragments,MS-TS-NS-00285-MINUTE-FRAGMENTS,,,,tsns_minute_or_letter
,,no_fist_match,tsns286minutefragments,MS-TS-NS-00286-MINUTE-FRAGMENTS,,,,tsns_minute_or_letter
,,no_fist_match,tsns287minutefragments,MS-TS-NS-00287-MINUTE-FRAGMENTS,,,,tsns_minute_or_letter
,,no_fist_match,tsns288minutefragments,MS-TS-NS-00288-MINUTE-FRAGMENTS,,,,tsns_minute_or_letter
,,no_fist_match,tsns289minutefragments,MS-TS-NS-00289-MINUTE-FRAGMENTS,,,,tsns_minute_or_letter
,,no_fist_match,tsns290minutefragments,MS-TS-NS-00290-MINUTE-FRAGMENTS,,,,tsns_minute_or_letter
,,no_fist_match,tsns291minutefragments,MS-TS-NS-00291-MINUTE-FRAGMENTS,,,,tsns_minute_or_letter
,,no_fist_match,tsns292minutefragments,MS-TS-NS-00292-MINUTE-FRAGMENTS,,,,tsns_minute_or_letter
,,no_fist_match,tsns293minutefragments,MS-TS-NS-00293-MINUTE-FRAGMENTS,,,,tsns_minute_or_letter
,,no_fist_match,tsns294minutefragments,MS-TS-NS-00294-MINUTE-FRAGMENTS,,,,tsns_minute_or_letter
,,no_fist_match,tsns295minutefragments,MS-TS-NS-00295-MINUTE-FRAGMENTS,,,,tsns_minute_or_letter
,,no_fist_match,tsns296minutefragments,MS-TS-NS-00296-MINUTE-FRAGMENTS,,,,tsns_minute_or_letter
,,no_fist_match,tsns297minutefragments,MS-TS-NS-00297-MINUTE-FRAGMENTS,,,,tsns_minute_or_letter
,,no_fist_match,tsns298minutefragments,MS-TS-NS-00298-MINUTE-FRAGMENTS,,,,tsns_minute_or_letter
,,no_fist_match,tsns300minutefragments,MS-TS-NS-00300-MINUTE-FRAGMENTS,,,,tsns_minute_or_letter
,,no_fist_match,tsns302minutefragments,MS-TS-NS-00302-MINUTE-FRAGMENTS,,,,tsns_minute_or_letter
,,no_fist_match,tsns303minutefragments,MS-TS-NS-00303-MINUTE-FRAGMENTS,,,,tsns_minute_or_letter
,,no_fist_match,tsns304minutefragments,MS-TS-NS-00304-MINUTE-FRAGMENTS,,,,tsns_minute_or_letter
,,no_fist_match,tsns305minutefragments,MS-TS-NS-00305-MINUTE-FRAGMENTS,,,,tsns_minute_or_letter
,,no_fist_match,tsns306bookcover,MS-TS-NS-00306-BOOK-COVER,,,,tsns_minute_or_letter
,,no_fist_match,tsns306minutefragments,MS-TS-NS-00306-MINUTE-FRAGMENTS,,,,tsns_minute_or_letter
,,no_fist_match,tsns307minutefragments,MS-TS-NS-00307-MINUTE-FRAGMENTS,,,,tsns_minute_or_letter
,,no_fist_match,tsns308minutefragments,MS-TS-NS-00308-MINUTE-FRAGMENTS,,,,tsns_minute_or_letter
,,no_fist_match,tsns309minutefragments,MS-TS-NS-00309-MINUTE-FRAGMENTS,,,,tsns_minute_or_letter
,,no_fist_match,tsns310minutefragments,MS-TS-NS-00310-MINUTE-FRAGMENTS,,,,tsns_minute_or_letter
,,no_fist_match,tsns311minutefragments,MS-TS-NS-00311-MINUTE-FRAGMENTS,,,,tsns_minute_or_letter
,,multi_inventory,tsns312.91,MS-TS-NS-00312-00091,,"63299106,63300106,63301106,63302106,63303106",,tsns_other
,,no_fist_match,tsns312minutefragments,MS-TS-NS-00312-MINUTE-FRAGMENTS,,,,tsns_minute_or_letter
,,no_fist_match,tsns313minutefragments,MS-TS-NS-00313-MINUTE-FRAGMENTS,,,,tsns_minute_or_letter
,,no_fist_match,tsns314minutefragments,MS-TS-NS-00314-MINUTE-FRAGMENTS,,,,tsns_minute_or_letter
,,no_fist_match,tsns315minutefragments,MS-TS-NS-00315-MINUTE-FRAGMENTS,,,,tsns_minute_or_letter
,,no_fist_match,tsns316minutefragments,MS-TS-NS-00316-MINUTE-FRAGMENTS,,,,tsns_minute_or_letter
,,no_fist_match,tsns317minutefragments,MS-TS-NS-00317-MINUTE-FRAGMENTS,,,,tsns_minute_or_letter
,,no_fist_match,tsns318minutefragments,MS-TS-NS-00318-MINUTE-FRAGMENTS,,,,tsns_minute_or_letter
,,no_fist_match,tsns319minutefragments,MS-TS-NS-00319-MINUTE-FRAGMENTS,,,,tsns_minute_or_letter
,,no_fist_match,tsns320minutefragments,MS-TS-NS-00320-MINUTE-FRAGMENTS,,,,tsns_minute_or_letter
,,no_fist_match,tsns321minutefragments,MS-TS-NS-00321-MINUTE-FRAGMENTS,,,,tsns_minute_or_letter
,,no_fist_match,tsns322minutefragments,MS-TS-NS-00322-MINUTE-FRAGMENTS,,,,tsns_minute_or_letter
,,no_fist_match,tsns323minutefragments,MS-TS-NS-00323-MINUTE-FRAGMENTS,,,,tsns_minute_or_letter
,,no_fist_match,tsns324minutefragments,MS-TS-NS-00324-MINUTE-FRAGMENTS,,,,tsns_minute_or_letter
,,no_fist_match,tsns325minutefragments,MS-TS-NS-00325-MINUTE-FRAGMENTS,,,,tsns_minute_or_letter
,,no_fist_match,tsns326minutefragments,MS-TS-NS-00326-MINUTE-FRAGMENTS,,,,tsns_minute_or_letter
,,no_fist_match,tsns327minutefragments,MS-TS-NS-00327-MINUTE-FRAGMENTS,,,,tsns_minute_or_letter
,,no_fist_match,tsns328minutefragments,MS-TS-NS-00328-MINUTE-FRAGMENTS,,,,tsns_minute_or_letter
,,no_fist_match,tsns329minutefragments1,MS-TS-NS-00329-MINUTE-FRAGMENTS-00001,,,,tsns_minute_or_letter
,,no_fist_match,tsns329minutefragments2,MS-TS-NS-00329-MINUTE-FRAGMENTS-00002,,,,tsns_minute_or_letter
,,no_fist_match,tsns329minutefragments3,MS-TS-NS-00329-MINUTE-FRAGMENTS-00003,,,,tsns_minute_or_letter
,,no_fist_match,tsns329minutefragments4,MS-TS-NS-00329-MINUTE-FRAGMENTS-00004,,,,tsns_minute_or_letter
,,no_fist_match,tsns329minutefragments5,MS-TS-NS-00329-MINUTE-FRAGMENTS-00005,,,,tsns_minute_or_letter
,,no_fist_match,tsns329minutefragments6,MS-TS-NS-00329-MINUTE-FRAGMENTS-00006,,,,tsns_minute_or_letter
,,no_fist_match,tsns329minutefragments7,MS-TS-NS-00329-MINUTE-FRAGMENTS-00007,,,,tsns_minute_or_letter
,,no_fist_match,tsns329minutefragments8,MS-TS-NS-00329-MINUTE-FRAGMENTS-00008,,,,tsns_minute_or_letter
,,no_fist_match,tsns330minutefragments,MS-TS-NS-00330-MINUTE-FRAGMENTS,,,,tsns_minute_or_letter
,,no_fist_match,tsns331minutefragments,MS-TS-NS-00331-MINUTE-FRAGMENTS,,,,tsns_minute_or_letter
,,no_fist_match,tsns332minutefragments,MS-TS-NS-00332-MINUTE-FRAGMENTS,,,,tsns_minute_or_letter
,,no_fist_match,tsns333minutefragments,MS-TS-NS-00333-MINUTE-FRAGMENTS,,,,tsns_minute_or_letter
,,no_fist_match,tsns334minutefragments,MS-TS-NS-00334-MINUTE-FRAGMENTS,,,,tsns_minute_or_letter
,,no_fist_match,tsns335minutefragments,MS-TS-NS-00335-MINUTE-FRAGMENTS,,,,tsns_minute_or_letter
,,no_fist_match,tsns336minutefragments,MS-TS-NS-00336-MINUTE-FRAGMENTS,,,,tsns_minute_or_letter
,,no_fist_match,tsns337minutefragments,MS-TS-NS-00337-MINUTE-FRAGMENTS,,,,tsns_minute_or_letter
,,no_fist_match,tsns338minutefragments,MS-TS-NS-00338-MINUTE-FRAGMENTS,,,,tsns_minute_or_letter
,,no_fist_match,tsns339minutefragments,MS-TS-NS-00339-MINUTE-FRAGMENTS,,,,tsns_minute_or_letter
,,no_fist_match,tsns340minutefragments,MS-TS-NS-00340-MINUTE-FRAGMENTS,,,,tsns_minute_or_letter
,,no_fist_match,tsns341minutefragments,MS-TS-NS-00341-MINUTE-FRAGMENTS,,,,tsns_minute_or_letter
,,no_fist_match,tsns342minutefragments,MS-TS-NS-00342-MINUTE-FRAGMENTS,,,,tsns_minute_or_letter
,,no_fist_match,tsnsjvol3minutefragments,MS-TS-NS-J-VOL-00003-MINUTE-FRAGMENTS,,,,tsns_minute_or_letter
,,no_fist_match,tsnsjvol4minutefragments,MS-TS-NS-J-VOL-00004-MINUTE-FRAGMENTS,,,,tsns_minute_or_letter
