cluster,sys_id,library,title
2,990000465330205171,Allony,פרוש ספר הענק.
2,990000571680205171,RNL,"נביאים ראשונים (קטעים) : ; עם ניקוד וטעמים, מסורה קטנה וגדולה."
2,990000571690205171,RNL,"תורה (קטעים) : ; עם ניקוד וטעמים, מסורה קטנה וגדולה."
2,990000571700205171,RNL,"נביאים אחרונים (קטעים) : ; עם ניקוד וטעמים, מסורה קטנה וגדולה."
2,990000571870205171,RNL,"נביאים וכתובים (קטעים) : ; עם ניקוד וטעמים, מסורה קטנה וגדולה."
2,990000571880205171,RNL,"תורה (קטעים) : ; עם ניקוד וטעמים, מסורה קטנה וגדולה."
2,990000571890205171,RNL,"כתובים (קטעים) : ; עם ניקוד וטעמים, מסורה קטנה וגדולה."
2,990000622750205171,RNL,משנה תורה (ספר קדושה).
2,990000623220205171,RNL,פרוש כתובים (איוב ל:כג-לא:לד).
2,990000635770205171,RNL,כתאב אלאסתבצאר : ; בערבית.
2,990000635780205171,RNL,כתאב אלאסתבצאר : ; בערבית.
2,990000639020205171,RNL,שירים מאת משוררים מספרד.
2,990000800560205171,RNL,תרגום ופרוש ערבי לכתובים (תהלים).
2,990000800640205171,RNL,מדרש דוד.
2,990000800700205171,RNL,חבור ההגות (קטע בערבית).
2,990000814650205171,RNL,חבור במוסר (קטע) : ; בערבית.
2,990000814700205171,RNL,חבור בהגות (קטע בערבית).
2,990000843000205171,RNL,קובץ.
2,990000843090205171,RNL,קובץ קראי.
2,990000843210205171,RNL,ספר המבחר : ; פרוש התורה.
2,990000845720205171,RNL,תחכמוני (חלקים).
2,990000845730205171,RNL,תחכמוני.
2,990000845740205171,RNL,תחכמוני (חלקים).
2,990000845950205171,RNL,ספר השרשים.
2,990000846740205171,RNL,תחכמוני (קטעים).
2,990000846760205171,RNL,תחכמוני (בלתי שלם).
2,990000846770205171,RNL,תחכמוני (בלתי שלם).
2,990000846780205171,RNL,תחכמוני (לקוטים).
2,990000846790205171,RNL,תחכמוני (חלקים).
2,990000846800205171,RNL,תחכמוני (בלתי שלם).
2,990000846810205171,RNL,תחכמוני (קטע).
2,990000846820205171,RNL,מקמה (קטע).
2,990000846830205171,RNL,תחכמוני (חלקים).
2,990000847280205171,RNL,תחכמוני (חלקים).
2,990000847290205171,RNL,תחכמוני (בלתי שלם).
2,990000847300205171,RNL,תחכמוני (בלתי שלם).
2,990000847310205171,RNL,מקמת ימימה (קטעים).
2,990000847320205171,RNL,מקמה (קטע).
2,990000849190205171,RNL,קובץ באסטרולוגיה.
2,990000849980205171,RNL,"מדרש הבאור (דברים, כי תצא)."
2,990000850220205171,RNL,מקמת אחיטוב בן חכמוני.
2,990000850530205171,RNL,פרוש כתובים (שיר השירים ח:ז-ח:ח).
2,990000850590205171,RNL,מנחת יהודה שונא הנשים (קטע).
2,990000850640205171,RNL,מנחת יהודה שונא הנשים (קטע).
2,990000850670205171,RNL,דיואן (קטע).
2,990000850740205171,RNL,ערוגות הבשמים.
2,990000850900205171,RNL,קובץ קראי.
2,990000851150205171,RNL,ספר המצוות ללוי בן יפת.
2,990000851200205171,RNL,תחכמוני (חלקים).
2,990000851350205171,RNL,משנה תורה (ספר קדושה).
2,990000851500205171,RNL,ספר השרשים (חלקים).
2,990000851520205171,RNL,ספר השרשים (קטעים).
2,990000851530205171,RNL,ספר השרשים (קטעים).
2,990000851540205171,RNL,ספר השרשים (בלתי שלם).
2,990000851550205171,RNL,ספר השרשים (בלתי שלם).
2,990000851580205171,RNL,מכלול (בלתי שלם).
2,990000851610205171,RNL,גן עדן (בלתי שלם).
2,990000851620205171,RNL,שפת יתר (בלתי שלם).
2,990000851640205171,RNL,שפת יתר (בלתי שלם).
2,990000851770205171,RNL,תרגום ירושלמי לתורה (לקוטים).
2,990000852110205171,RNL,קובץ חבורי יוסף בן תנחום הירושלמי.
2,990000852470205171,RNL,"פרוש התורה (ויקרא יט:א-כא:א, קטעים)."
2,990000852760205171,RNL,קובץ חבורי משה בשיצי.
2,990000852930205171,RNL,"משנה תורה (ספר משפטים, הלכות טוען ונטען ד-ה)."
2,990000853160205171,RNL,"פרוש התורה לראב""ע (שמות, קטע)."
2,990000853270205171,RNL,קובץ קטעים דתיים בערבית-יהודית.
2,990000853430205171,RNL,חבור בתיאולוגיה.
2,990000853440205171,RNL,כתאב אלמחאצרה ואלמדאכרה.
2,990000853560205171,RNL,דרשות בערבית (קטע).
2,990000853670205171,RNL,"פרוש התורה לרש""י (בראשית כ-כד, שמות כ-לד, קטעים)."
2,990000853700205171,RNL,דרשה על התשובה.
2,990000853740205171,RNL,תרגום ופרוש ערבי לתורה לישועה בן יהודה.
2,990000853970205171,RNL,פרוש כתובים למשה ג'קטילה (תהלים).
2,990000854530205171,RNL,פרוש התורה (בראשית).
2,990000854570205171,RNL,כתאב אלאסתבצאר : ; שאלה ותשובה של יוסף אלבציר.
2,990000854610205171,RNL,ספר המצוות ללוי בן יפת.
2,990000854620205171,RNL,פרוש התורה לדוד בן בעז.
2,990000854690205171,RNL,תפסיר אלאלפאט' אלעצבה.
2,990000854720205171,RNL,כתאב אלכאפי.
2,990000854730205171,RNL,עיון מא בין אלשיכ'ין : ; חילוקים בין סהל בן מצליח ובין יפת בן עלי.
2,990000854740205171,RNL,פרוש התורה ליפת בן עלי (ויקרא).
2,990000854770205171,RNL,כתאב אלתוחיד : ; על ענין שחיטה.
2,990000854780205171,RNL,אלמקאלה פי אלעריות.
2,990000854790205171,RNL,אלמקאלה פי אלעריות.
2,990000854880205171,RNL,כתאב אלאנואר ואלמראקב (קטעים).
2,990000854930205171,RNL,כתאב אלאנואר ואלמראקב (קטעים).
2,990000855070205171,RNL,קובץ בהלכה קראית.
2,990000855160205171,RNL,"משנה תורה (ספר אהבה, הלכות ברכות, קטע)."
2,990000855250205171,RNL,כתאב אלאנואר ואלמראקב (קטע).
2,990000855260205171,RNL,כתאב אלאנואר ואלמראקב (קטעים).
2,990000855390205171,RNL,מקאלה פי אלדביחה (קטע).
2,990000855400205171,RNL,מקאלה פי אלדביחה (קטע).
2,990000855430205171,RNL,שרוט אלדבאחה (קטע).
2,990000855570205171,RNL,ספר המצוות ליפת אבן צגיר.
2,990000855580205171,RNL,ספר המצוות ליפת אבן צגיר.
2,990000855590205171,RNL,ספר המצוות ליפת אבן צגיר.
2,990000855610205171,RNL,ספר המצוות ליפת אבן צגיר (קטע).
2,990000855620205171,RNL,ספר המצוות ליפת אבן צגיר (קטע).
2,990000855640205171,RNL,ספר המצוות ליפת אבן צגיר.
2,990000855700205171,RNL,כתאב אלאסתבצאר.
2,990000855710205171,RNL,ספר המצוות ליפת בן עלי.
2,990000855740205171,RNL,ספר המצוות ליפת בן עלי.
2,990000855760205171,RNL,ספר המצוות ליפת בן עלי.
2,990000855840205171,RNL,ספר המצוות ליפת בן עלי.
2,990000855850205171,RNL,ספר המצוות ליפת בן עלי.
2,990000855910205171,RNL,כתאב אלאנואר ואלמראקב (קטע).
2,990000855920205171,RNL,מקאלה פי אלדביחה (קטע).
2,990000855940205171,RNL,מקאלה פי אלדביחה (קטע).
2,990000855950205171,RNL,כתאב אלמרשד (קטע).
2,990000855960205171,RNL,כתאב אלתמייז.
2,990000855990205171,RNL,"פרוש כתובים (תהלים יט-כב, נח-סב)."
2,990000856450205171,RNL,ספר השרשים (קטעים).
2,990000856460205171,RNL,ספר השרשים (בלתי שלם).
2,990000856470205171,RNL,ספר השרשים (קטע).
2,990000856730205171,RNL,מדרש תנחומא (קטע).
2,990000856760205171,RNL,"מעשה בית דין : ; בדבר מכירת ""הקאעה הגדולה"" (בית) ב""חארת אלקראין"" משנת תנ""ח."
2,990000856800205171,RNL,דיואן ר' יהודה הלוי (קטע).
2,990000856860205171,RNL,ספר השרשים (לעב-לקט).
2,990000857040205171,RNL,נורא תהלות (קטע).
2,990000857340205171,RNL,כונות הפילוסופים (קטע).
2,990000857560205171,RNL,ספר השרשים (קטעים).
2,990000857620205171,RNL,ספר המצוות ליפת אבן צגיר.
2,990000857630205171,RNL,כתאב אלאנואר ואלמראקב (קטעים).
2,990000857640205171,RNL,ספר תשובה (קטעים).
2,990000857650205171,RNL,כתאב אלאנואר ואלמראקב (קטעים).
2,990000857660205171,RNL,ספר המצוות ליפת אבן צגיר (קטעים).
2,990000857680205171,RNL,כתאב אלאסתבצאר (קטעים).
2,990000857700205171,RNL,כתאב אלאסתבצאר (קטע).
2,990000857720205171,RNL,כתאב אלאנואר ואלמראקב (קטעים).
2,990000857730205171,RNL,כתאב אלאנואר ואלמראקב (קטעים).
2,990000859250205171,RNL,ספר המבחר (קטעים).
2,990000859420205171,RNL,ספר השרשים (קטעים).
2,990000859450205171,RNL,ספר השרשים (קטעים).
2,990000859460205171,RNL,אגרת אל קראי מצרים : ; בענין מחלוקת על קדוש החדש.
2,990000859470205171,RNL,מקמה (שניה).
2,990000859730205171,RNL,ספר המבחר : ; פרוש התורה.
2,990000859850205171,RNL,כתאב אלאנואר ואלמראקב (קטע) : ; על ענין יום כפור.
2,990000859920205171,RNL,כתאב אלאנואר ואלמראקב (קטעים).
2,990000859930205171,RNL,כתאב אלאנואר ואלמראקב (קטעים).
2,990000859950205171,RNL,כתאב אלאנואר ואלמראקב.
2,990000859960205171,RNL,כתאב אלאנואר ואלמראקב (קטעים).
2,990000860000205171,RNL,כתאב אלאנואר ואלמראקב (קטעים).
2,990000860010205171,RNL,כתאב אלאנואר ואלמראקב (קטעים).
2,990000860030205171,RNL,כתאב אלאנואר ואלמראקב (קטעים).
2,990000860130205171,RNL,ספר המצוות ללוי בן יפת (קטע).
2,990000860140205171,RNL,ספר המצוות ללוי בן יפת (קטע).
2,990000861920205171,RNL,קובץ.
2,990000862170205171,RNL,אלמנצורי (קטעים).
2,990000862260205171,RNL,תיאולוגיה.
2,990000862290205171,RNL,אלכימיה (קטע בערבית).
2,990000862300205171,RNL,אלכימיה (קטע בערבית).
2,990000865090205171,RNL,קובץ קראי בהלכות שחיטה.
2,990000865120205171,RNL,קובץ.
2,990000865490205171,RNL,ספר המצוות ליפת בן עלי : ; על נר שבת.
2,990000865500205171,RNL,ספר המצוות ללוי בן יפת : ; על נר שבת.
2,990000865520205171,RNL,"ספר המצוות ליפת בן עלי : ; ויכוח על הלוח, פולמוס עם רס""ג, אביב."
2,990000865530205171,RNL,"ספר המצוות ליפת בן עלי : ; על עניני הלוח, פולמוס עם רס""ג, אביב."
2,990000865620205171,RNL,כתאב אלאנואר ואלמראקב (קטע).
2,990000865810205171,RNL,ספר המצוות ליפת אבן צגיר.
2,990000865830205171,RNL,ספר המצוות ליפת אבן צגיר.
2,990000865930205171,RNL,מכתצר כתאב אלאנואר.
2,990000866150205171,RNL,כתאב אלמרשד.
2,990000866180205171,RNL,אלמדכ'ל אלי עלם אלמשנה ואלתלמוד.
2,990000868160205171,RNL,קובץ בהלכה קראית.
2,990000868190205171,RNL,ספר תשובה (קטע).
2,990000868240205171,RNL,כתאב אלאנואר ואלמראקב (קטע).
2,990000868390205171,RNL,נקץ' עלי שמואל בן חפני (קטע).
2,990000868410205171,RNL,מקאלה פי אלדביחה (קטע).
2,990000868420205171,RNL,מקאלה פי אלדביחה (קטעים).
2,990000868440205171,RNL,מקאלה פי אלדביחה.
2,990000868470205171,RNL,מכתצר כתאב אלאנואר.
2,990000868480205171,RNL,מכתצר כתאב אלאנואר.
2,990000868670205171,RNL,כתאב אלאנואר ואלמראקב (קטעים).
2,990000868690205171,RNL,כתאב אלאנואר ואלמראקב (קטעים).
2,990000868720205171,RNL,כתאב אלאנואר ואלמראקב (קטעים).
2,990000868730205171,RNL,ספר המצוות ליפת בן עלי (קטעים).
2,990000868770205171,RNL,ספר המצוות ליפת אבן צגיר.
2,990000868780205171,RNL,ספר המצוות ללוי בן יפת.
2,990000868790205171,RNL,ספר המצוות ליפת אבן צגיר.
2,990000868810205171,RNL,מקאלה פי אלדביחה.
2,990000868820205171,RNL,מקאלה פי אלדביחה.
2,990000868830205171,RNL,מקאלה פי אלדביחה (קטע).
2,990000868850205171,RNL,גן עדן (הלכות שחיטה).
2,990000869080205171,RNL,דרשות.
2,990000869090205171,RNL,"פרוש נביאים לרד""ק (עובדיה א:א-א:יט, מיכה ג:ה-ג:יא, ה:ג-ה:ו)."
2,990000869130205171,RNL,גן עדן (הלכות שחיטה).
2,990000869200205171,RNL,"פרוש התורה לרמב""ן (דברים טז:ד-כא:יג)."
2,990000869270205171,RNL,חשבון המזלות.
2,990000869280205171,RNL,פרוש כתובים ליונה גירונדי (משלי א:א-טז:ח).
2,990000869400205171,RNL,"פרוש התורה לרש""י (שמות יט:יז-כ:ב; ויקרא יט:א-במדבר יא:כו)."
2,990000869410205171,RNL,גן עדן (הלכות שחיטה).
2,990000869480205171,RNL,"השערים (שער מאמרי רשב""י) חלקים."
2,990000870640205171,RNL,כונות התפלה (קטע).
2,990000870830205171,RNL,ספר היסודות ליצחק הישראלי (קטע).
2,990000871090205171,RNL,כתאב אלאנואר ואלמראקב.
2,990000871130205171,RNL,ספר המצוות ליפת אבן צגיר.
2,990000871150205171,RNL,כתאב אלאנואר ואלמראקב (קטע).
2,990000871170205171,RNL,ספר המצוות ליפת אבן צגיר (קטעים).
2,990000872270205171,RNL,תחכמוני.
2,990000872310205171,RNL,ספר הבהיר (לקוטים).
2,990000872330205171,RNL,"משנה תורה (ספר אהבה, קטעים)."
2,990000872340205171,RNL,"זהר (ספר שמות, קטע)."
2,990000872350205171,RNL,תחכמוני (קטע).
2,990000872960205171,RNL,כתאב אלאנואר ואלמראקב.
2,990000872970205171,RNL,כתאב אלאנואר ואלמראקב (קטעים).
2,990000872990205171,RNL,כתאב אלאנואר ואלמראקב (קטעים).
2,990000873060205171,RNL,כתאב אלאנואר ואלמראקב (קטע).
2,990000873070205171,RNL,כתאב אלאנואר ואלמראקב (קטע).
2,990000873080205171,RNL,ספר המצוות ליפת אבן צגיר (קטע).
2,990000873110205171,RNL,ספר תשובה.
2,990000875450205171,RNL,חבור במוסר.
2,990000875470205171,RNL,חבור באלכימיה בערבית (קטע).
2,990000875480205171,RNL,דרשה בערבית על פרשת בראשית (קטע).
2,990000875860205171,RNL,"כתאב אלאסתבצאר (קטעים מן המאמר השלישי, הרביעי והחמישי)."
2,990000875870205171,RNL,כתאב אלאסתבצאר (קטעים מן המאמר התשיעי).
2,990000875880205171,RNL,ספר המצוות ללוי בן יפת (קטע).
2,990000875900205171,RNL,ספר המצוות ללוי בן יפת.
2,990000875940205171,RNL,אלמקאלה פי אלעריות.
2,990000875980205171,RNL,ספר המצוות ליפת אבן צגיר (קטעים מן המאמר התשיעי).
2,990000876000205171,RNL,כתאב אלאנואר ואלמראקב (קטעים מן פרקים 89-89 של המאמר הששי).
2,990000877890205171,RNL,עשרה מאמרות (מאמר ראשון) : ; באור שיר השירים ומזמור קיט בתהלים עם דיונים פילוסופיים בראשי המאמרים ובסופם.
2,990000877930205171,RNL,"קול ברמה : ; ""פרוש על האדרא רבא""."
2,990000878350205171,RNL,הלכות שחיטה.
2,990000878360205171,RNL,"פרוש כתובים לרלב""ג (שיר השירים ח:ד-ח:י)."
2,990000881530205171,RNL,דרשה לחתונה.
2,990000884210205171,RNL,מקמה (קטע).
2,990000884260205171,RNL,"פרוש כתובים לרד""ק (תהלים סג:ז-סה:ה; קלד:ה-קלו:א)."
2,990000885720205171,RNL,ספר מצוות קטן.
2,990000885990205171,RNL,לקוטים ברפואה.
2,990000889310205171,RNL,אגרת אל קהלת קלעא.
2,990000889710205171,RNL,פרוש אלפא ביתא (תהלים קיט)(קטע) :.
2,990000889820205171,RNL,אלמקאלה פי אלעריות.
2,990000889830205171,RNL,אלמקאלה פי אלעריות.
2,990000890490205171,RNL,יחוס הצדיקים.
2,990000893210205171,RNL,דלאלה אלחאירין.
2,990000893220205171,RNL,על בריאת העולם (קטע).
2,990000893960205171,RNL,מאמרים : ; מאת שלום דב בר שניאורסון ושמואל שניאורסון.
2,990000894410205171,RNL,שרוט אלדבאחה (קטע).
2,990000894460205171,RNL,שרוט אלדבאחה (קטע).
2,990000894510205171,RNL,מקאלה פי אלדביחה (קטעים).
2,990000894530205171,RNL,מכתצר כתאב אלאנואר.
2,990000894540205171,RNL,מקאלה פי אלדביחה (קטעים).
2,990000894550205171,RNL,מקאלה פי אלדביחה (קטעים).
2,990000894560205171,RNL,מקאלה פי אלדביחה (קטעים).
2,990000894570205171,RNL,שרוט אלדבאחה.
2,990000894580205171,RNL,מקאלה פי אלדביחה (קטעים).
2,990000894600205171,RNL,ספר המצוות ללוי בן יפת : ; על ירושות.
2,990000894610205171,RNL,כתאב אלאנואר ואלמראקב.
2,990000895680205171,RNL,"תנ""ך."
2,990000899250205171,RNL,דלאלה אלחאירין (קטע).
2,990000899370205171,RNL,"חבור על ""עשק""."
2,990000899500205171,RNL,שרוט אלדבאחה (קטע).
2,990000899510205171,RNL,שרוט אלדבאחה (קטע).
2,990000899540205171,RNL,שרוט אלדבאחה (קטע).
2,990000899590205171,RNL,ספר המצוות ללוי בן יפת.
2,990000899620205171,RNL,מקאלה פי אלדביחה.
2,990000899640205171,RNL,מקאלה פי אלדביחה (קטעים).
2,990000899680205171,RNL,מקאלה פי אלדביחה (קטעים).
2,990000899690205171,RNL,מקאלה פי אלדביחה (קטעים).
2,990000899710205171,RNL,כתאב אלאנואר ואלמראקב (קטע).
2,990000899760205171,RNL,כתאב אלאסתבצאר (קטע).
2,990000899830205171,RNL,ספר תשובה.
2,990000899880205171,RNL,תפסיר עשרת הדברים : ; הפרוש הארוך לספר ויקרא.
2,990000899900205171,RNL,כתאב אלמרשד.
2,990000899910205171,RNL,כתאב אלמרשד (קטע).
2,990000899920205171,RNL,מקאלה פי אלדביחה.
2,990000905190205171,RNL,סדור מנהג רומניא לכל השנה (קטע).
2,990000905660205171,RNL,סדור לכל השנה עם כוונות על דרך הקבלה.
2,990000906340205171,RNL,סדור ר' ישעיה הכהן.
2,990000906460205171,RNL,כתאב אלאנואר ואלמראקב.
2,990000906480205171,RNL,כתאב אלאימא (קטע).
2,990000907730205171,RNL,סדור תפלה קדמון (קטעים).
2,990000907890205171,RNL,תקון שטרות (קטע).
2,990000909090205171,RNL,"פרוש התורה לראב""ע."
2,990000909140205171,RNL,אגרות אל קהלת וילנא.
2,990000909170205171,RNL,כתב המלצה.
2,990000909200205171,RNL,הקדמה לספר פנת יקרת.
2,990000909220205171,RNL,"תנאים לנשואין. איסטנבול, טורקיה. תקצ""א."
2,990000909250205171,RNL,"אגרת אל קהלת טרוקי : ; ""בענין השליחות שהולך למנות מניין הגולגלת של הבעלי בתים דמדינת ליטא""."
2,990000909350205171,RNL,אגרת אל ידידיה שלמה בן אהרן מטרוקי.
2,990000910010205171,RNL,סדור ר' ישעיה הכהן (קטע).
2,990000910050205171,RNL,כתאב אלמרשד (קטע).
2,990000910090205171,RNL,שרוט אלדבאחה (קטע).
2,990000910100205171,RNL,שרוט אלדבאחה (קטע).
2,990000910120205171,RNL,כתאב אלמרשד (קטע).
2,990000910130205171,RNL,שרוט אלדבאחה (קטע).
2,990000910140205171,RNL,מקאלה פי אלדביחה (קטע).
2,990000910170205171,RNL,תפסיר עשרת הדברים (קטע).
2,990000910180205171,RNL,תפסיר אלמבסוט פי ספר ויקרא.
2,990000910280205171,RNL,כתאב אלאימאן (קטע).
2,990000910410205171,RNL,שרח אלמקדמאת (קטע).
2,990000911430205171,RNL,סדור ר' ישעיה הכהן (קטע).
2,990000911450205171,RNL,סדור ר' ישעיה הכהן (קטע).
2,990000914860205171,RNL,מקאצד אלפלאספה.
2,990000914880205171,RNL,קובץ בהלכה קראית.
2,990000915270205171,RNL,"תקנות קהלת קלעא : ; בענין דמי המוהר המוקדם מתנות בין החתן לכלה, מתנות שונות בשמחה ובאבל."
2,990000915400205171,RNL,הספד על רב.
2,990000915790205171,RNL,אגרות אל יוסף בן משה החזן.
2,990000915830205171,RNL,אגרת אל קהלת קושטא : ; בעניני כספים.
2,990000923260205171,RNL,ספר המצוות ללוי בן יפת (קטע) : ; על קביעת הלוח.
2,990000923330205171,RNL,קבץ קטעים שרובם מחבורים קראיים.
2,990000923360205171,RNL,שרוט אלדבאחה (קטע).
2,990000923380205171,RNL,שרוט אלדבאחה (קטע).
2,990000923400205171,RNL,שרוט אלדבאחה (קטעים).
2,990000923410205171,RNL,שרוט אלדבאחה (קטע).
2,990000923450205171,RNL,ספר תשובה (קטע).
2,990000923480205171,RNL,ספר תשובה (קטע).
2,990000923490205171,RNL,ספר המצוות ליפת אבן צגיר (קטע).
2,990000923500205171,RNL,תפסיר תורה צוה לנו.
2,990000924240205171,RNL,שארית ישראל.
2,990000924640205171,RNL,ספר המצוות ליפת אבן צגיר (קטע).
2,990000924670205171,RNL,מקאלה אלחדיקה (קטע).
2,990000924750205171,RNL,כתאב אלמרשד (קטע).
2,990000924820205171,RNL,סדור ר' שלמה סג'למסה (קטע).
2,990000924950205171,RNL,אלמקאלה פי אלעריות (קטע).
2,990000924960205171,RNL,אלמקאלה פי אלעריות (קטע).
2,990000924970205171,RNL,אלמקאלה פי אלעריות (קטע).
2,990000925020205171,RNL,מקאלה פי אלדביחה (קטע).
2,990000925030205171,RNL,מקאלה פי אלדביחה (קטע).
2,990000925050205171,RNL,ספר תשובה (קטע).
2,990000925200205171,RNL,תפסיר אלמבסוט פי ספר ויקרא.
2,990000925310205171,RNL,כתאב אלאסתבצאר (קטע).
2,990000925350205171,RNL,כתאב אלאסתבצאר (קטע מן המאמר השלישי).
2,990000925390205171,RNL,ספר המצוות ללוי בן יפת (קטע).
2,990000925400205171,RNL,ספר המצוות ללוי בן יפת (קטע).
2,990000936630205171,RNL,"כרוניקה על עליה לארץ ישראל בשנת תקפ""א."
2,990000936640205171,RNL,שטר מכירת בית.
2,990000941860205171,RNL,אגרת אל דוד בן מרדכי כוכיזוב : ; בענין הדפסת ספרים.
2,990000941870205171,RNL,תנאי המתפלל בעדה.
2,990000942380205171,RNL,שערי גן עדן וגיהנם : ; חבור במוסר.
2,990000950940205171,RNL,כתאב אלתמייז (קטע מהסוף).
2,990000951050205171,RNL,כתאב אלתמייז.
2,990000951110205171,RNL,כתאב אלתמייז (קטע).
2,990000952350205171,RNL,"תורה (בראשית-ויקרא) : ; עם ניקוד וטעמים, מסורה קטנה וגדולה."
2,990000953720205171,RNL,"נביאים (מלכים-ירמיה) : ; עם ניקוד וטעמים, מסורה קטנה וגדולה."
2,990000953740205171,RNL,"תורה : ; עם ניקוד וטעמים, מסורה קטנה וגדולה."
2,990000955360205171,RNL,"תורה : ; עם ניקוד וטעמים, מסורה קטנה וגדולה."
2,990000955490205171,RNL,כתאב אלתמייז (קטע).
2,990000958310205171,RNL,כתאב אלאסתבצאר (קטע מן המאמר התשיעי).
2,990000986200205171,RNL,תורה (קטעים).
2,990000986220205171,RNL,"תורה : ; עם ניקוד וטעמים, מסורה קטנה וגדולה."
2,990000989370205171,RNL,קובץ קטעים.
2,990000989500205171,RNL,"תורה : ; עם ניקוד וטעמים, מסורה קטנה וגדולה."
2,990000989540205171,RNL,"תורה : ; עם ניקוד וטעמים, מסורה קטנה וגדולה."
2,990000989570205171,RNL,"תורה : ; עם ניקוד וטעמים, מסורה קטנה וגדולה."
2,990000989740205171,RNL,דלאלה אלחאירין (קטע).
2,990000990900205171,RNL,"פרוש התורה לרש""י (בראשית יא:ט-כ:ו) : ; עם ""ביאור על רש""י"" מאת ישראל איסרלין אחרי כל פרשה."
2,990000991260205171,RNL,"תורה : ; עם ניקוד וטעמים, מסורה קטנה וגדולה."
2,990000991290205171,RNL,"תורה : ; עם ניקוד וטעמים, מסורה קטנה וגדולה."
2,990000997110205171,RNL,"פרוש התורה בערבית (שמות, קטע)."
2,990000997120205171,RNL,פתאוי.
2,990000997250205171,RNL,שרוט אלדבאחה (קטע).
2,990000997280205171,RNL,שרוט אלדבאחה (קטע).
2,990000997290205171,RNL,ספר המצוות ללוי בן יפת (קטע).
2,990000997390205171,RNL,כתאב אלאסתבצאר (קטע מן המאמר התשיעי).
2,990000997420205171,RNL,סדור ר' שלמה סג'למסה (קטעים).
2,990000997430205171,RNL,שרוט אלדבאחה (קטע).
2,990000997440205171,RNL,כתאב אלאסתבצאר (קטע מן המאמר התשיעי).
2,990000997460205171,RNL,שרוט אלדבאחה (קטע).
2,990000997490205171,RNL,שרוט אלדבאחה (קטע).
2,990000997510205171,RNL,שרוט אלדבאחה (קטע).
2,990000997530205171,RNL,שרוט אלדבאחה (קטע).
2,990000997550205171,RNL,שרוט אלדבאחה (קטע).
2,990000997560205171,RNL,מקאלה פי אלדביחה (קטע).
2,990000997570205171,RNL,מקאלה פי אלדביחה (קטע).
2,990000997630205171,RNL,שרוט אלדבאחה (קטע).
2,990000997640205171,RNL,כתאב אלמרשד.
2,990000997660205171,RNL,כתאב אלמרשד (קטע).
2,990000997860205171,RNL,מקאלה פי אלדביחה (קטע).
2,990000997880205171,RNL,"פרוש התורה ליפת בן עלי (בראשית, קטע)."
2,990000997910205171,RNL,"פרוש התורה ליפת בן עלי (בראשית, קטע)."
2,990001003940205171,HAS,סליחות (קטעים).
2,990001004060205171,HAS,"פרוש נביאים לרס""ג (הושע י)."
2,990001004930205171,RNL,"תורה (קטעים) : ; עם ניקוד וטעמים, מסורה קטנה וגדולה."
2,990001004960205171,RNL,"תורה : ; עם ניקוד וטעמים, מסורה קטנה וגדולה."
2,990001005010205171,RNL,נביאים אחרונים.
2,990001017260205171,JTS,קובץ קטעי מקרא.
2,990001019640205171,JTS,קובץ קטעי מקרא.
2,990001019760205171,JTS,"תנ""ך (קטעים)."
2,990001019920205171,JTS,"תנ""ך (קטעים)."
2,990001020530205171,JTS,קובץ קטעי מקרא.
2,990001021030205171,JTS,"תנ""ך (קטעים)."
2,990001021090205171,JTS,"תנ""ך (קטעים)."
2,990001021280205171,JTS,"תנ""ך (קטעים)."
2,990001021330205171,Lutzki,"תנ""ך (קטעים) : ; קטעי גניזה."
2,990001021390205171,Lutzki,"תנ""ך (קטעים) : ; קטעי גניזה."
2,990001021840205171,JTS,"תרגום כתובים לרס""ג (משלי)."
2,990001022990205171,RNL,מקאלה פי אלדביחה (קטע).
2,990001023040205171,RNL,ספר תשובה (קטע).
2,990001023050205171,RNL,כתאב אלמרשד.
2,990001023060205171,RNL,כתאב אלמרשד (קטע מן המאמר השמיני).
2,990001023090205171,RNL,כתאב אלמרשד (מאמרים א-ה).
2,990001023110205171,RNL,כתאב אלמרשד (מאמרים ד-יב).
2,990001023120205171,RNL,כתאב אלמרשד (קטעים).
2,990001023130205171,RNL,ספר תשובה.
2,990001023150205171,RNL,ספר תשובה.
2,990001023160205171,RNL,כתאב אלמרשד (קטע מן המאמר החמישי).
2,990001023180205171,RNL,קובץ חבורי אליהו בן אהרן אבן עבד אלולי.
2,990001034440205171,JTS,קטעי גניזה.
2,990001035990205171,HAS,מחזור מנהג ארצות המזרח לימים נוראים.
2,990001036120205171,RNL,קובץ קטעים מתוך חבורים קראיים על שחיטה.
2,990001036190205171,RNL,כתאב אלמרשד (קטע).
2,990001036210205171,RNL,כתאב אלמרשד.
2,990001036220205171,RNL,מכתצר כתאב אלמרשד.
2,990001036240205171,RNL,כתאב אלאסתבצאר (קטע).
2,990001036250205171,RNL,שרוט אלדבאחה.
2,990001036280205171,RNL,כתאב אלאימא (קטע).
2,990001059280205171,RNL,כתאב אלמרשד (רשימת פרקים).
2,990001059310205171,RNL,כתאב אלמרשד (קטעים).
2,990001059320205171,RNL,קובץ קראי.
2,990001059540205171,RNL,קובץ חבורי אליהו בן אהרן אבן עבד אלולי.
2,990001059600205171,RNL,כתאב אלמרשד (קטעים מן המאמר הרביעי והמאמר החמישי).
2,990001072910205171,RNL,"פרוש כתובים לסלמון בן ירוחם (איכה, קטע)."
2,990001072920205171,RNL,"פרוש כתובים לסלמון בן ירוחם (איכה, קטע)."
2,990001072930205171,RNL,"פרוש כתובים לסלמון בן ירוחם (איכה, קטע)."
2,990001072940205171,RNL,"פרוש כתובים לסלמון בן ירוחם (איכה, קטע)."
2,990001072950205171,RNL,"פרוש כתובים לסלמון בן ירוחם (איכה, קטע)."
2,990001072960205171,RNL,"פרוש כתובים לסלמון בן ירוחם (איכה, קטע)."
2,990001072970205171,RNL,"פרוש כתובים לסלמון בן ירוחם (איכה, קטע)."
2,990001072980205171,RNL,"פרוש כתובים לסלמון בן ירוחם (איכה, קטע)."
2,990001072990205171,RNL,"פרוש כתובים לסלמון בן ירוחם (איכה, קטע)."
2,990001073010205171,RNL,"פרוש התורה ליפת בן עלי (בראשית, קטע)."
2,990001073020205171,RNL,"פרוש התורה ליפת בן עלי (בראשית, קטע)."
2,990001087680205171,JTS,"סדור רס""ג."
2,990001102700205171,JTS,סדר שחיטות.
2,990001102860205171,JTS,"פסקי ריא""ז (ערובין, קטעים)."
2,990001103120205171,JTS,קטעי גניזה : ; קטעי גניזה.
2,990001104920205171,JTS,בית זבול (קטע) : ; מפתח לפסוקי המקרא בתלמוד ובמדרשים.
2,990001110480205171,RNL,"פרוש כתובים לסלמון בן ירוחם (איכה, קטעים)."
2,990001110500205171,RNL,פרוש כתובים לסלמון בן ירוחם (איכה ד:א-ד:ד).
2,990001110510205171,RNL,פרוש כתובים לסלמון בן ירוחם (איכה ב:ה-ב:ו).
2,990001110530205171,RNL,"פרוש כתובים לסלמון בן ירוחם (איכה, קטעים)."
2,990001110550205171,RNL,"פרוש כתובים לסלמון בן ירוחם (איכה, קטעים)."
2,990001110570205171,RNL,"פרוש כתובים לסלמון בן ירוחם (איכה, קטעים)."
2,990001110590205171,RNL,"פרוש כתובים לסלמון בן ירוחם (איכה, קטעים)."
2,990001110600205171,RNL,"פרוש כתובים לסלמון בן ירוחם (איכה, קטעים)."
2,990001110610205171,RNL,"פרוש כתובים לסלמון בן ירוחם (איכה, קטעים)."
2,990001110660205171,RNL,ספר המצוות ללוי בן יפת (קטע).
2,990001110710205171,RNL,קצור פרוש יפת בן עלי לתורה (בראשית).
2,990001110770205171,RNL,"פרוש התורה ליפת בן עלי (בראשית, קטע)."
2,990001110780205171,RNL,"פרוש התורה ליפת בן עלי (בראשית, קטעים)."
2,990001110790205171,RNL,"פרוש התורה ליפת בן עלי (בראשית-שמות, קטעים)."
2,990001110800205171,RNL,"פרוש התורה ליפת בן עלי (בראשית, קטעים)."
2,990001110810205171,RNL,"פרוש התורה ליפת בן עלי (בראשית, קטעים)."
2,990001110830205171,RNL,"פרוש התורה ליפת בן עלי (בראשית, קטעים)."
2,990001116950205171,RNL,"פרוש התורה ליפת בן עלי (בראשית, קטעים)."
2,990001116970205171,RNL,"פרוש התורה ליפת בן עלי (בראשית, קטעים)."
2,990001117080205171,RNL,כתאב אלאצול אלדין (קטע).
2,990001117280205171,RNL,"פרוש כתובים לסלמון בן ירוחם (איכה, קטעים)."
2,990001117290205171,RNL,"פרוש כתובים לסלמון בן ירוחם (איכה ד, קטעים)."
2,990001117300205171,RNL,"פרוש כתובים לסלמון בן ירוחם (איכה א, קטעים)."
2,990001117320205171,RNL,"פרוש כתובים לסלמון בן ירוחם (איכה, קטעים)."
2,990001117340205171,RNL,"פרוש כתובים לסלמון בן ירוחם (איכה, קטעים)."
2,990001117370205171,RNL,"פרוש התורה ליפת בן עלי (בראשית, קטעים)."
2,990001123870205171,JTS,מדרש דוד (במדבר) בערבית.
2,990001129740205171,RNL,קובץ ברפואה.
2,990001131070205171,RNL,"פרוש כתובים לסלמון בן ירוחם (איכה, קטעים)."
2,990001131080205171,RNL,"פרוש כתובים לסלמון בן ירוחם (איכה, קטעים)."
2,990001131090205171,RNL,פרוש כתובים לסלמון בן ירוחם (איכה) : ; קטעים רבים.
2,990001131100205171,RNL,פרוש כתובים לסלמון בן ירוחם (איכה א:ג).
2,990001131110205171,RNL,פרוש כתובים לסלמון בן ירוחם (איכה א:א).
2,990001131130205171,RNL,פרוש כתובים לסלמון בן ירוחם (איכה ה:ח-ה:יז).
2,990001131220205171,RNL,"פרוש כתובים לסלמון בן ירוחם (איכה, קטעים) : ; קטעים רבים."
2,990001131230205171,RNL,"פרוש התורה ליפת בן עלי (בראשית, קטע)."
2,990001131240205171,RNL,"פרוש התורה ליפת בן עלי (בראשית, קטעים)."
2,990001131260205171,RNL,"פרוש התורה ליפת בן עלי (בראשית, קטעים)."
2,990001131270205171,RNL,"פרוש התורה ליפת בן עלי (בראשית, קטעים)."
2,990001139950205171,RNL,"פרוש כתובים לסלמון בן ירוחם (איכה, קטעים)."
2,990001140060205171,RNL,כתאב אלאצול אלדין (משוער) (קטע).
2,990001140150205171,RNL,"פרוש כתובים לסלמון בן ירוחם (איכה, קטעים)."
2,990001140170205171,RNL,פרוש כתובים לסלמון בן ירוחם (איכה ד:יח).
2,990001140180205171,RNL,פרוש כתובים לסלמון בן ירוחם (איכה ד:יד).
2,990001140200205171,RNL,"פרוש התורה ליפת בן עלי (בראשית, קטעים)."
2,990001159880205171,BenZvi,קטעי גניזה : ; מעמדיה.
2,990001162830205171,HUC,ודוי דשמואל.
2,990001220890205171,BL,כתאב אלמשתמל עלא אלאצול ואלפצול פי אללגה אלעבראניה.
2,990001226880205171,RNL,פרוש כתובים לסלמון בן ירוחם (איכה א:א).
2,990001226890205171,RNL,"פרוש כתובים לסלמון בן ירוחם (איכה, קטעים)."
2,990001226960205171,RNL,כתאב אלאצול אלדין (קטע).
2,990001227070205171,RNL,שרוט אלדבאחה (קטע).
2,990001227080205171,RNL,שרוט אלדבאחה (קטע).
2,990001227100205171,RNL,שרוט אלדבאחה (קטע).
2,990001227110205171,RNL,שרוט אלדבאחה (קטע).
2,990001227120205171,RNL,שרוט אלדבאחה (קטע).
2,990001227130205171,RNL,שרוט אלדבאחה (קטע).
2,990001227210205171,RNL,שרוט אלדבאחה (קטע).
2,990001227320205171,RNL,פרוש כתובים לסלמון בן ירוחם (איכה).
2,990001227330205171,RNL,פרוש כתובים לסלמון בן ירוחם (איכה).
2,990001227340205171,RNL,פרוש כתובים לסלמון בן ירוחם (איכה).
2,990001227420205171,RNL,כתאב אלמרשד.
2,990001227440205171,RNL,כתאב אלמרשד (קטע).
2,990001231840205171,BL,קטעים.
2,990001231850205171,BL,קטעים.
2,990001232810205171,BL,קטעי גניזה.
2,990001232830205171,BL,קטעי מקרא ותרגום.
2,990001232850205171,BL,קטעי מקרא ותרגום.
2,990001232890205171,BL,קטעי תפלה : ; גניזה.
2,990001232910205171,BL,קטעי תפלה : ; גניזה.
2,990001232930205171,BL,קטעי תפלה : ; גניזה.
2,990001233060205171,BL,קטעי תפלה : ; גניזה.
2,990001233080205171,BL,קטעי תפלה : ; גניזה.
2,990001233120205171,BL,קטעי תפלה : ; גניזה.
2,990001233130205171,BL,קטעי תפלה : ; גניזה.
2,990001233140205171,BL,קטעי תפלה : ; גניזה.
2,990001233460205171,BL,פרושים ותרגומים למקרא בערבית.
2,990001233560205171,BL,קטעים מחבורים דתיים בערבית-יהודית.
2,990001248980205171,RNL,"פרוש כתובים לסלמון בן ירוחם (איכה, קטעים)."
2,990001249000205171,RNL,"פרוש כתובים לסלמון בן ירוחם (איכה, קטעים)."
2,990001249070205171,RNL,מקאלה פי אלדביחה (קטע).
2,990001249080205171,RNL,מקאלה פי אלדביחה (קטע).
2,990001249090205171,RNL,צפה אלשחיטה (קטע).
2,990001249110205171,RNL,כתאב אלאנואר ואלמראקב (קטע).
2,990001254930205171,BL,סדור ר' שלמה סג'למסה (קטעים) : ; בערבית.
2,990001256560205171,BL,תורה (שמות א:יג-ב:ב) : ; עם תרגום ופרוש של יפת בן עלי אחרי כל פסוק.
2,990001256660205171,BL,פרוש נביאים ליפת בן עלי (הושע ד:טז-ה:ו).
2,990001261890205171,HAS,סדר סליחות (קטע).
2,990001262100205171,HAS,אופנים (קטע).
2,990001262300205171,HAS,קרובות ליום כפור.
2,990001262900205171,HAS,אזהרות לשבועות (קטע).
2,990001262910205171,HAS,הבקשה הראשונה (קטע).
2,990001262920205171,HAS,אברך את שם ה' הנעלה מכל נמצא.
2,990001273020205171,HUC,קטעי גניזה.
2,990001277380205171,HUC,קטעי גניזה.
2,990001277390205171,HUC,קטעי גניזה.
2,990001303940205171,Sassoon,"סדור רס""ג (קטעים)."
2,990001333080205171,CUL,תפלה לצום כפור לבני המקרא (קטע).
2,990001333090205171,BL,קינות לבני מקרא.
2,990001340700205171,HAS,ברכות ותפלות להדלקת נר חנוכה.
2,990001375020205171,RNL,קטעים מכתבי-יד קראיים.
2,990001375310205171,RNL,"פרוש התורה ליפת בן עלי (שמות, קטעים)."
2,990001375320205171,RNL,פרוש התורה ליפת בן עלי (שמות יג:ז-טו:טז).
2,990001375410205171,RNL,"פרוש התורה ליפת בן עלי (במדבר, קטעים)."
2,990001375450205171,RNL,"פרוש התורה ליפת בן עלי (במדבר, קטעים)."
2,990001375460205171,RNL,"פרוש התורה ליפת בן עלי (במדבר, קטעים)."
2,990001383940205171,RNL,כתאב אלתמייז.
2,990001383980205171,RNL,פרוש התורה ליפת בן עלי (במדבר ל-לא).
2,990001384020205171,RNL,"פרוש התורה ליפת בן עלי (במדבר, קטעים)."
2,990001384040205171,RNL,פרוש התורה ליפת בן עלי (במדבר ה-ט).
2,990001384100205171,RNL,"פרוש כתובים ליפת בן עלי (רות, קטע)."
2,990001384110205171,RNL,פרוש התורה ליפת בן עלי (במדבר).
2,990001384140205171,RNL,פרוש התורה ליפת בן עלי (במדבר טז-לד).
2,990001384160205171,RNL,פרוש התורה ליפת בן עלי (במדבר כא:יט-כא:כ).
2,990001384210205171,RNL,פרוש התורה ליפת בן עלי (שמות).
2,990001384220205171,RNL,פרוש התורה ליפת בן עלי (שמות).
2,990001384230205171,RNL,פרוש התורה ליפת בן עלי (שמות).
2,990001384240205171,RNL,פרוש התורה ליפת בן עלי (שמות כא-לד).
2,990001384250205171,RNL,"פרוש התורה ליפת בן עלי (בראשית-שמות, קטעים)."
2,990001391750205171,CUL,"תורה (דברים י:יב-י:יז, יא:יט-יא:כג)."
2,990001398650205171,CUL,סדור (קטע).
2,990001398670205171,CUL,תפלות (קטעים).
2,990001398690205171,CUL,ברכת המזון.
2,990001399240205171,CUL,פיוטים לשביעי של פסח.
2,990001404600205171,CUL,סליחות.
2,990001410200205171,CUL,"משנה תורה (ספר קדושה, הלכות שחיטה)."
2,990001413070205171,CUL,מחזור מנהג אשכנז לשלש רגלים : ; קטעי גניזה.
2,990001420310205171,CUL,"משנה תורה (ספר קדושה, הלכות שחיטה א-ב) :"
2,990001421760205171,CUL,סדור (קטע) :
2,990001428250205171,RNL,פיוטים.
2,990001428290205171,RNL,סדור מנהג קראים.
2,990001428300205171,RNL,קטעים שונים מסדר דינים.
2,990001428330205171,RNL,קובץ חבורי יהודה הלוי.
2,990001428370205171,RNL,דיואן ר' יהודה הלוי.
2,990001428380205171,RNL,דיואן.
2,990001428390205171,RNL,פיוטים למועדים מאת קראים ורבנים.
2,990001428400205171,RNL,פיוטים.
2,990001428900205171,RNL,פיוטים.
2,990001428930205171,RNL,פיוטים (קטעים).
2,990001428950205171,RNL,קינות על נפטרים.
2,990001428980205171,RNL,סדור מנהג קראים : ; כמנהג הקראים בדמשק.
2,990001429020205171,RNL,"מחזור ליום כפור עם כוונות על דרך קבלת האר""י."
2,990001429040205171,RNL,סדר תפלות לשבת.
2,990001429050205171,RNL,מחזור מנהג ספרד לשלש רגלים.
2,990001429110205171,RNL,ספר המבחר.
2,990001429280205171,RNL,ספר הענק למשה ן' עזרא.
2,990001429310205171,RNL,ספר הענק למשה ן' עזרא.
2,990001429330205171,RNL,קצור ספר הענק.
2,990001429350205171,RNL,קצור ספר הענק.
2,990001429370205171,RNL,ספר הענק למשה ן' עזרא.
2,990001429380205171,RNL,ספר הענק למשה ן' עזרא.
2,990001429390205171,RNL,ספר הענק למשה ן' עזרא.
2,990001429400205171,RNL,ספר הענק למשה ן' עזרא.
2,990001429430205171,RNL,ספר הענק למשה ן' עזרא.
2,990001429470205171,RNL,ספר הענק למשה ן' עזרא.
2,990001429490205171,RNL,ספר הענק למשה ן' עזרא.
2,990001429500205171,RNL,ספר הענק למשה ן' עזרא.
2,990001429510205171,RNL,ספר הענק למשה ן' עזרא.
2,990001429520205171,RNL,ספר הענק למשה ן' עזרא.
2,990001429530205171,RNL,ספר הענק למשה ן' עזרא.
2,990001429540205171,RNL,דיואן ר' יהודה הלוי.
2,990001429550205171,RNL,קבץ תפלות.
2,990001429560205171,RNL,הוראות ותשבחות של קראים.
2,990001429650205171,RNL,אגרות.
2,990001429730205171,RNL,סליחה.
2,990001429740205171,RNL,פיוט.
2,990001430080205171,RNL,פרושים והערות על נביאים אחרונים ותהלים.
2,990001430110205171,RNL,פיוט ותפלה.
2,990001430130205171,RNL,סדור מנהג קראים (קטע).
2,990001430140205171,RNL,תפלה.
2,990001430150205171,RNL,תפלה.
2,990001430460205171,RNL,סדור מנהג קראים.
2,990001430470205171,RNL,סדור מנהג קראים.
2,990001431430205171,RNL,שיר לכבוד הקראי א' שפאקקאווסקי.
2,990001431930205171,RNL,סליחות לעשרת ימי תשובה.
2,990001432100205171,RNL,שירים לשבת.
2,990001432180205171,RNL,סדור מנהג קראים.
2,990001432530205171,RNL,הנפש והתשובה.
2,990001432560205171,RNL,פיוטים.
2,990001432570205171,RNL,פיוטים.
2,990001432580205171,RNL,פיוטים.
2,990001432620205171,RNL,פיוטים (קטעים).
2,990001432680205171,RNL,סליחות (קטע).
2,990001432720205171,RNL,פיוטים.
2,990001432730205171,RNL,סליחות.
2,990001432740205171,RNL,פיוטים למועדים.
2,990001432750205171,RNL,פיוטים.
2,990001432760205171,RNL,פיוטים.
2,990001432770205171,RNL,מחזור מנהג ספרד לראש השנה (קטע).
2,990001432960205171,RNL,דיואן ר' שלמה אבן גבירול (קטע).
2,990001433000205171,RNL,פיוטים.
2,990001433010205171,RNL,זמירות ישראל.
2,990001433080205171,RNL,שירים.
2,990001433160205171,RNL,שירים.
2,990001433170205171,RNL,שירים.
2,990001433180205171,RNL,פזמונים.
2,990001433190205171,RNL,שירים.
2,990001433200205171,RNL,שירים.
2,990001433250205171,RNL,פזמונים.
2,990001433290205171,RNL,פזמונים.
2,990001433380205171,RNL,פזמונים לברית מילה.
2,990001433390205171,RNL,פזמונים.
2,990001433410205171,RNL,פזמונים.
2,990001433420205171,RNL,פזמונים.
2,990001433450205171,RNL,קינות על נפטרים.
2,990001433470205171,RNL,קינות.
2,990001433480205171,RNL,פיוטים ליום כפור.
2,990001433510205171,RNL,פיוטים כמנהג קראים.
2,990001433520205171,RNL,סליחות.
2,990001433530205171,RNL,פיוטים כמנהג קראים.
2,990001433590205171,RNL,פיוטים ליום כפור.
2,990001433630205171,RNL,פיוטים ליום כפור.
2,990001433680205171,RNL,דיואן ר' שלמה אבן גבירול.
2,990001433700205171,RNL,פיוט.
2,990001433730205171,RNL,פיוט.
2,990001433780205171,RNL,תפלות ופיוטים.
2,990001433810205171,RNL,שירים.
2,990001434030205171,RNL,תפלות ופיוטים וסליחות לשבת ומועד.
2,990001434060205171,RNL,פיוטים למועדים.
2,990001434360205171,RNL,פיוטים.
2,990001434390205171,RNL,שירים : ; על נושאים דתיים.
2,990001434410205171,RNL,דיואן ר' אברהם אבן עזרא.
2,990001434450205171,RNL,קבץ חידות.
2,990001434470205171,RNL,קינות לתשעה באב מנהג מצרים.
2,990001434480205171,RNL,קינות לתשעה באב מנהג מצרים.
2,990001434490205171,RNL,דיואן ר' אברהם אבן עזרא.
2,990001434500205171,RNL,"פיוטים, ברכה לחתן וסליחות."
2,990001434510205171,RNL,פיוטים ליום כפור.
2,990001434530205171,RNL,תפלות ופיוטים מנהג קראים.
2,990001434540205171,RNL,תפלות מנהג קראים לפסח.
2,990001434550205171,RNL,תפלות מנהג קראים לפורים.
2,990001434560205171,RNL,תפלות מנהג קראים ליום כפור.
2,990001434570205171,RNL,תפלות מנהג קראים.
2,990001434610205171,RNL,פיוטים ותפלות כמנהג קראים.
2,990001434620205171,RNL,ברכת שלום : ; לכבוד שלמה נשיא ליום חתונתו.
2,990001434650205171,RNL,תפלות מנהג קראים.
2,990001434670205171,RNL,פיוטים ותפלות לראש השנה.
2,990001434710205171,RNL,פיוטים ותפלות.
2,990001434720205171,RNL,שירי ברכה לחתן וכלה ולראש הקהל.
2,990001434750205171,RNL,קינות על נפטרים.
2,990001434980205171,RNL,פיוטים ותפלות לשבת.
2,990001434990205171,RNL,פיוטים.
2,990001435020205171,RNL,פיוטים.
2,990001435030205171,RNL,דיואן ר' יהודה הלוי.
2,990001435080205171,RNL,דיואן ר' יהודה הלוי.
2,990001435100205171,RNL,דיואן ר' יהודה הלוי.
2,990001435130205171,RNL,פיוטים.
2,990001435160205171,RNL,פיוטים.
2,990001435180205171,RNL,סליחות.
2,990001435240205171,RNL,פיוטים ותפלות.
2,990001435290205171,RNL,מחברת קראי.
2,990001435340205171,RNL,"פרוש נביאים (יחזקאל, ההתחלה)."
2,990001435490205171,RNL,תפלות לראש השנה ויום כפור.
2,990001435630205171,RNL,"פרוש התורה לראב""ע (במדבר)."
2,990001435640205171,RNL,"פרוש התורה לראב""ע."
2,990001435660205171,RNL,"פרוש התורה לראב""ע (קטע)."
2,990001435740205171,RNL,"פרוש התורה לראב""ע (שמות)."
2,990001435850205171,RNL,פרוש התורה לבחיי בן אשר (במדבר).
2,990001436080205171,RNL,ספר אבודרהם.
2,990001436100205171,RNL,תפלות מנהג קראים.
2,990001436430205171,RNL,תלמוד בבלי סדר זרעים (ברכות).
2,990001436440205171,RNL,תלמוד בבלי סדר מועד (שבת).
2,990001436550205171,RNL,תלמוד בבלי סדר מועד (מגלה).
2,990001436570205171,RNL,"הלכות הרי""ף (ברכות לז ע""א - סוף)."
2,990001436610205171,RNL,"הלכות הרי""ף (סדר נשים, נזיקין)."
2,990001436650205171,RNL,"הלכות הרי""ף (יבמות, כתובות וגטין)."
2,990001436670205171,RNL,"הלכות הרי""ף (יבמות, כתובות, גטין ויומא)."
2,990001436680205171,RNL,"הלכות הרי""ף (בבא בתרא)."
2,990001436700205171,RNL,מדרש לקח טוב (דברים).
2,990001436750205171,RNL,"משנה תורה (ספר זמנים, קטעים)."
2,990001436770205171,RNL,סדור מנהג קראים.
2,990001436860205171,RNL,הלכות גדולות.
2,990001436920205171,RNL,"פרוש הלכות הרי""ף (כתובות, גיטין פרקים א-ד)."
2,990001436950205171,RNL,ארחות חיים.
2,990001436980205171,RNL,טור (קטע).
2,990001437040205171,RNL,מושגים בהלכה.
2,990001437130205171,RNL,"פרוש התלמוד לרמב""ם (שבת, קטע)."
2,990001437270205171,RNL,טור (יורה דעה).
2,990001437500205171,RNL,אשכול הכופר.
2,990001437600205171,RNL,אשכול הכופר.
2,990001437650205171,RNL,ספר המצוות.
2,990001437810205171,RNL,ספר הענק למשה ן' עזרא.
2,990001437830205171,RNL,פיוטים.
2,990001437960205171,RNL,זהר (תקונים) (קטע).
2,990001438130205171,RNL,"הלכות הרי""ף (בבא קמא יד-יז;לה-לו)."
2,990001438260205171,RNL,זהר (בראשית).
2,990001438420205171,RNL,קטע ברפואה.
2,990001438540205171,RNL,פיוטים ושירי חתונה.
2,990001438890205171,RNL,קינות.
2,990001439150205171,RNL,משנה סדר נזיקין (אבות).
2,990001439490205171,RNL,תפלות מנהג קראים.
2,990001439500205171,RNL,משנה סדר נזיקין (אבות).
2,990001439570205171,RNL,מקמה (קטע).
2,990001439660205171,RNL,ספר השם.
2,990001439830205171,RNL,פרוש המשנה (בבא בתרא ה:ט-ה:יא).
2,990001439920205171,RNL,"פיוטים, מקאמות שירים וכו'."
2,990001439980205171,RNL,קטעים באסטרונומיה.
2,990001440020205171,RNL,קטע ברפואה.
2,990001440040205171,RNL,פיוטים.
2,990001440180205171,RNL,הלכות שחיטה (קטע).
2,990001440420205171,RNL,אגרת קראי דמשק אל קראי מצרים.
2,990001440440205171,RNL,קינות.
2,990001440450205171,RNL,"כתובים (שיר השירים, קטע)."
2,990001440560205171,RNL,"משנה תורה (ספר נשים, הלכות גירושין פרק יא-יב)."
2,990001440710205171,RNL,קטע במוסר.
2,990001440740205171,RNL,חשבונות לוח קראיים.
2,990001440810205171,RNL,דיני טרפות (קטע).
2,990001440840205171,RNL,שירה (קטעים).
2,990001440850205171,RNL,גן עדן (קטע).
2,990001440890205171,RNL,דיואן ר' יהודה הלוי.
2,990001440920205171,RNL,שירים.
2,990001440950205171,RNL,נוסח איסור תשמיש ועוד.
2,990001441060205171,RNL,דיואן ר' יהודה הלוי.
2,990001441130205171,RNL,דיואן ר' יהודה הלוי.
2,990001441140205171,RNL,שירים.
2,990001441340205171,RNL,סדור מנהג ספרד (קטע).
2,990001441400205171,RNL,מחזור לראש השנה (קטע).
2,990001441430205171,RNL,הגדה של פסח.
2,990001441450205171,RNL,הפטרות (דברים).
2,990001441490205171,RNL,סדור מנהג ספרד (קטע).
2,990001441510205171,RNL,סדור מנהג ספרד (קטע).
2,990001441590205171,RNL,תפלות מנהג קראים.
2,990001441600205171,RNL,תפלות מנהג קראים.
2,990001441610205171,RNL,סדור.
2,990001441620205171,RNL,תפלות מנהג קראים.
2,990001441630205171,RNL,קינות לתשעה באב.
2,990001441650205171,RNL,תפלות מנהג קראים.
2,990001441670205171,RNL,סדור מנהג קראים.
2,990001441710205171,RNL,תפלות מנהג קראים.
2,990001441730205171,RNL,סדור מנהג אשכנז.
2,990001441740205171,RNL,סדור מנהג קראים (קטע).
2,990001441750205171,RNL,מחזור ליום כפור (קטע).
2,990001441760205171,RNL,סדור מנהג קראים.
2,990001441780205171,RNL,סדור מנהג קראים.
2,990001441790205171,RNL,מחזור מנהג אשכנז לסוכות.
2,990001441800205171,RNL,הפטרות (קטעים).
2,990001441820205171,RNL,סדור מנהג קראים (קטע).
2,990001441840205171,RNL,טופסי שטרות : ; בארמית ובערבית.
2,990001441850205171,RNL,"תרגום ערבי לתורה (בראשית, קטע)."
2,990001441910205171,RNL,סדור מנהג קראים.
2,990001441940205171,RNL,סדור (קטע).
2,990001441950205171,RNL,מדרש איכה (קטע).
2,990001441970205171,RNL,סדור מנהג קראים.
2,990001442020205171,RNL,שירה (קטע).
2,990001442090205171,RNL,"תוספות הרא""ש (יבמות, קטע)."
2,990001442100205171,RNL,"פרוש התלמוד (שבת, קטע)."
2,990001442110205171,RNL,חמדת ישראל.
2,990001442160205171,RNL,קונקורדנציה למקרא (קטעים).
2,990001442280205171,RNL,"תפלות לימי עצירת גשמים, פלישת ארבה ועוד."
2,990001442340205171,RNL,פרוש התורה בלאדינו.
2,990001442370205171,RNL,קטעים ארמיים בדניאל בתרגום עברי.
2,990001442450205171,RNL,עמוד השמאלי : ; על ספירות הטומאה.
2,990001442510205171,RNL,קטע בהלכה.
2,990001442530205171,RNL,סדור מנהג קראים (קטע).
2,990001442590205171,RNL,סדור מנהג קראים (קטעים).
2,990001442600205171,RNL,סדור מנהג קראים (קטעים).
2,990001442610205171,RNL,סדור מנהג קראים (קטעים).
2,990001442620205171,RNL,סדור מנהג קראים (קטעים).
2,990001442630205171,RNL,סדור מנהג קראים (קטעים).
2,990001442640205171,RNL,סדור מנהג קראים (קטעים).
2,990001442650205171,RNL,סדור מנהג קראים (קטעים).
2,990001442660205171,RNL,תפלה ליום כפור (קטע).
2,990001442670205171,RNL,סדור מנהג קראים (קטעים).
2,990001442680205171,RNL,סדור מנהג קראים (קטעים).
2,990001442690205171,RNL,סדור מנהג קראים.
2,990001442700205171,RNL,סדור.
2,990001442710205171,RNL,סדור מנהג קראים (קטעים).
2,990001442720205171,RNL,סדור מנהג קראים (קטעים).
2,990001442730205171,RNL,סדור (קטעים).
2,990001442740205171,RNL,סדור מנהג קראים.
2,990001442750205171,RNL,סדור מנהג קראים (קטעים).
2,990001442770205171,RNL,סדור מנהג קראים (קטעים).
2,990001442780205171,RNL,סדור מנהג קראים (קטעים).
2,990001442790205171,RNL,סדור מנהג קראים (קטעים).
2,990001442800205171,RNL,סדור מנהג קראים (קטעים).
2,990001442810205171,RNL,סדור מנהג קראים (קטעים).
2,990001442820205171,RNL,סדור מנהג קראים (קטעים).
2,990001442830205171,RNL,סדור מנהג קראים.
2,990001442850205171,RNL,סדור מנהג קראים.
2,990001442860205171,RNL,סדור מנהג קראים.
2,990001442870205171,RNL,תפלות וקינות מנהג קראים (קטעים).
2,990001442880205171,RNL,סדור מנהג קראים.
2,990001442890205171,RNL,סדור מנהג קראים.
2,990001442910205171,RNL,"משנה תורה (ספר אהבה, סדר תפילות כל השנה)."
2,990001442920205171,RNL,סדור מנהג קראים.
2,990001442930205171,RNL,סדור מנהג קראים.
2,990001442940205171,RNL,סדור מנהג קראים.
2,990001442960205171,RNL,סדור מנהג קראים.
2,990001442970205171,RNL,סדור מנהג קראים.
2,990001442980205171,RNL,סדור מנהג קראים.
2,990001442990205171,RNL,סדור מנהג קראים.
2,990001443000205171,RNL,סדור[?] (קטע).
2,990001443010205171,RNL,סדור מנהג קראים.
2,990001443080205171,RNL,סדור מנהג קראים.
2,990001443090205171,RNL,סדור מנהג קראים.
2,990001443100205171,RNL,סדור מנהג קראים (קטעים).
2,990001443110205171,RNL,סדור מנהג קראים (קטעים).
2,990001443120205171,RNL,סדור מנהג קראים (קטעים).
2,990001443130205171,RNL,סדור מנהג קראים.
2,990001443150205171,RNL,סדור מנהג קראים (קטעים).
2,990001443160205171,RNL,סדור מנהג קראים (קטעים).
2,990001443170205171,RNL,סדור מנהג קראים (קטע).
2,990001443180205171,RNL,סדור מנהג קראים (קטעים).
2,990001443190205171,RNL,סדור מנהג קראים (קטע).
2,990001443200205171,RNL,סדור (קטעים).
2,990001443210205171,RNL,סדור מנהג קראים (קטע).
2,990001443220205171,RNL,סדור מנהג קראים (קטע).
2,990001443250205171,RNL,סדור מנהג קראים (קטע).
2,990001443260205171,RNL,סדור מנהג קראים (קטעים).
2,990001443270205171,RNL,סדור מנהג קראים (קטעים).
2,990001443280205171,RNL,סדור מנהג קראים (קטעים).
2,990001443290205171,RNL,סדור מנהג קראים (קטעים).
2,990001443300205171,RNL,סדור מנהג קראים (קטעים).
2,990001443320205171,RNL,סדור מנהג קראים (קטעים).
2,990001443380205171,RNL,פיוטים לשבתות ומועדים ושירי חתונה.
2,990001443410205171,RNL,סליחות. מנהג קראים (קטע).
2,990001443540205171,RNL,קינות על נפטרים (קטע).
2,990001443560205171,RNL,פיוטים לתפלות השבתות המצויינות והמועדים ולהזדמנויות שונות.
2,990001443570205171,RNL,מחזור מנהג ספרד (אראגון?) ליום כפור (חלקים).
2,990001443580205171,RNL,פיוטים לתפלות השבתות המצויינות והמועדים ולהזדמנויות שונות.
2,990001443610205171,RNL,"פיוטים מתוך קובצי פיוטים, וקינות על נפטרים (קטעים)."
2,990001443680205171,RNL,מחזור מנהג ספרד למועדים.
2,990001443740205171,RNL,פיוטים מאת פייטנים קראים.
2,990001443750205171,RNL,שירים.
2,990001443780205171,RNL,פיוטים מאת פייטנים קראים ורבנים.
2,990001443800205171,RNL,פיוטים מאת פייטנים קראים ורבנים.
2,990001443820205171,RNL,פיוטים.
2,990001443830205171,RNL,פיוטים.
2,990001443840205171,RNL,פיוטים.
2,990001443860205171,RNL,פיוטים.
2,990001443880205171,RNL,פיוטים כמנהג קראים.
2,990001443920205171,RNL,פיוטים לשמחת תורה.
2,990001443940205171,RNL,פיוטים למועדים.
2,990001443950205171,RNL,פיוטים לסוכות שמיני עצרת ושמחת תורה.
2,990001444030205171,RNL,פיוטים.
2,990001444070205171,RNL,שירים.
2,990001444080205171,RNL,פיוטים כמנהג קראים.
2,990001444120205171,RNL,שירים : ; שירים לחג וחתונה.
2,990001444150205171,RNL,פיוטים.
2,990001444160205171,RNL,פיוטים.
2,990001444170205171,RNL,פיוטים.
2,990001444200205171,RNL,פיוטים.
2,990001444220205171,RNL,פיוטים.
2,990001444250205171,RNL,מגלת אסתר בשירים.
2,990001444270205171,RNL,פיוטים.
2,990001444280205171,RNL,פיוטים כמנהג קראים לסוכות.
2,990001444290205171,RNL,פיוטים (קטעים).
2,990001444300205171,RNL,שירים ותפלות לחג.
2,990001444360205171,RNL,פיוטים מאת פייטנים קראים.
2,990001444380205171,RNL,פיוטים לשבת זכור ולפורים.
2,990001444430205171,RNL,פיוטים כמנהג קראים.
2,990001444460205171,RNL,פיוטים כמנהג קראים.
2,990001444500205171,RNL,סדור מנהג קראים לשמיני עצרת.
2,990001444510205171,RNL,מחזור לפסח (קטע).
2,990001444520205171,RNL,סדור מנהג קראים (קטע).
2,990001444540205171,RNL,סדור מנהג קראים לפסח.
2,990001444550205171,RNL,סדור מנהג קראים.
2,990001444560205171,RNL,סדור מנהג קראים לפסח.
2,990001444570205171,RNL,סדור מנהג קראים.
2,990001444580205171,RNL,תפלות מנהג קראים לחגים ולימי חול.
2,990001444590205171,RNL,סדור מנהג קראים (קטעים).
2,990001444600205171,RNL,סדור מנהג קראים (קטע).
2,990001444630205171,RNL,תפלות מנהג קראים לפסח.
2,990001444640205171,RNL,תפלות מנהג קראים לפסח.
2,990001444660205171,RNL,סדור מנהג קראים.
2,990001444670205171,RNL,סדור מנהג קראים.
2,990001444690205171,RNL,סדור מנהג קראים.
2,990001444700205171,RNL,סדור מנהג קראים.
2,990001444720205171,RNL,סדור מנהג קראים.
2,990001444730205171,RNL,סדור מנהג קראים.
2,990001444740205171,RNL,סדור מנהג קראים.
2,990001444750205171,RNL,מחזור מנהג קראים ליום כפור.
2,990001444760205171,RNL,מחזור מנהג צפון אפריקה (ארגיל) לימים ראשונים של פסח (קטע).
2,990001444780205171,RNL,שירים ומנהגים לחופה.
2,990001444810205171,RNL,"פיוטים מסוג ""מי כמוך""."
2,990001444880205171,RNL,פיוטים.
2,990001444910205171,RNL,פיוטים.
2,990001444930205171,RNL,פיוטים.
2,990001444950205171,RNL,סדורים (קטעים).
2,990001444970205171,RNL,סדור מנהג קראים (קטעים).
2,990001444990205171,RNL,סדור מנהג קראים.
2,990001445010205171,RNL,פיוטים.
2,990001445070205171,RNL,פיוטים ושירים.
2,990001445080205171,RNL,פיוטים.
2,990001445100205171,RNL,פיוטים כמנהג קראים.
2,990001445130205171,RNL,תשבחות.
2,990001445140205171,RNL,"פיוטים לחתונה, לברית מילה ולמועדים."
2,990001445200205171,RNL,פיוטים לחתונה ולברית מילה.
2,990001445430205171,RNL,פיוטים.
2,990001445450205171,RNL,סדר עבודה (קטעים).
2,990001445460205171,RNL,פיוטים לשמחת תורה.
2,990001445480205171,RNL,תשבחות.
2,990001445500205171,RNL,פיוטים כמנהג קראים.
2,990001445540205171,RNL,פיוטים.
2,990001445560205171,RNL,פיוטים ושירי חתונה כמנהג קראים.
2,990001445620205171,RNL,שירים לשבת.
2,990001445650205171,RNL,פיוטים (קטעים).
2,990001445710205171,RNL,שירים ופיוטים.
2,990001445760205171,RNL,פיוטים.
2,990001445820205171,RNL,פיוטים כמנהג קראים.
2,990001445830205171,RNL,פיוטים כמנהג קראים.
2,990001445880205171,RNL,פיוטים לפרשיות השבוע.
2,990001445890205171,RNL,שירי חתונה.
2,990001445900205171,RNL,שירי חתונה.
2,990001445950205171,RNL,פיוטים כמנהג קראים.
2,990001445960205171,RNL,פיוטים.
2,990001445990205171,RNL,פיוטים.
2,990001446000205171,RNL,פיוטים כמנהג קראים.
2,990001446040205171,RNL,פיוטים.
2,990001446150205171,RNL,פיוטים כמנהג קראים.
2,990001446160205171,RNL,פיוטים כמנהג קראים.
2,990001446200205171,RNL,פיוטים.
2,990001446230205171,RNL,סדור מנהג קראים (קטע).
2,990001446260205171,RNL,סדור מנהג קראים (קטעים).
2,990001446280205171,RNL,פיוטים.
2,990001446290205171,RNL,סדור מנהג קראים (קטעים).
2,990001446300205171,RNL,דיואן ר' ישראל נג'רה.
2,990001446420205171,RNL,שירי חתונה.
2,990001446430205171,RNL,דיואן ר' ישראל נג'רה (קטע).
2,990001446460205171,RNL,שירים.
2,990001446470205171,RNL,שירים.
2,990001446500205171,RNL,דיואן ר' אליהו הקראי.
2,990001446520205171,RNL,פיוטים כמנהג קראים.
2,990001446560205171,RNL,שירים לשמחת תורה.
2,990001446630205171,RNL,פיוטים.
2,990001446670205171,RNL,פיוטים לשבת זכור.
2,990001446720205171,RNL,שירים לחתונה.
2,990001446790205171,RNL,קטעים מכתבי-יד שונים.
2,990001446810205171,RNL,פיוטים כמנהג קראים.
2,990001446820205171,RNL,הגדה של פסח כמנהג קראים (קטע).
2,990001446840205171,RNL,פיוטים כמנהג קראים.
2,990001446850205171,RNL,פיוטים כמנהג קראים.
2,990001446860205171,RNL,סליחות.
2,990001446910205171,RNL,פיוטים.
2,990001446980205171,RNL,נפשי שובי למי לו הגדולה : ; תוכחה.
2,990001447030205171,RNL,פיוטים (קטע).
2,990001447110205171,RNL,"שטר ארוסין יהודי-קראי. קהיר, מצרים. תמ""ה. ; Engagement document (Karaite). Cairo, Egypt. 1684"
2,990001447260205171,RNL,גט. בגדד. 1811.
2,990001447480205171,RNL,שטר ארוסין.
2,990001447490205171,RNL,שטר ארוסין.
2,990001447530205171,RNL,שטר ארוסין.
2,990001447540205171,RNL,שטר ארוסין.
2,990001447660205171,RNL,"כתובה יהודית-קראית. קהיר, מצרים. תקט""ו. ; Ketubbah (Karaite). Cairo, Egypt. 1755"
2,990001447860205171,RNL,שטר ארוסין.
2,990001448040205171,RNL,פיוטים לחתונה.
2,990001448070205171,RNL,סדור מנהג קראים (קטע).
2,990001448100205171,RNL,פיוטים.
2,990001448160205171,RNL,קינה על פטירת בן יקר.
2,990001448180205171,RNL,"תולדות האר""י (קטע)."
2,990001448200205171,RNL,תפלות מנהג קראים.
2,990001448220205171,RNL,פיוטים ליום כפור.
2,990001448230205171,RNL,פיוטים כמנהג קראים.
2,990001448240205171,RNL,שירי חתונה.
2,990001448250205171,RNL,פיוטים.
2,990001448260205171,RNL,סדור מנהג קראים (קטע).
2,990001448270205171,RNL,סדור מנהג קראים (קטע).
2,990001448280205171,RNL,פיוטים לפסח.
2,990001448300205171,RNL,סדור מנהג קראים (קטע).
2,990001448370205171,RNL,סדור ליום כפור (קטע).
2,990001448390205171,RNL,סדור מנהג קראים לשבועות (קטע).
2,990001448400205171,RNL,מקמה.
2,990001448430205171,RNL,פיוטים לשבת.
2,990001448810205171,RNL,פיוטים כמנהג קראים לפסח.
2,990001448830205171,RNL,פיוטים כמנהג קראים.
2,990001448840205171,RNL,סדור מנהג קראים (קטע).
2,990001448850205171,RNL,ליל שמורים שירו נאמנים זרע : ; פיוט לליל פסח.
2,990001448860205171,RNL,הגדה של פסח כמנהג קראים.
2,990001448940205171,RNL,הגדה של פסח כמנהג קראים.
2,990001448980205171,RNL,"כתובה. מאה י""ח. ; Ketubbah. 18th century"
2,990001449050205171,RNL,דרך צדיקים.
2,990001449180205171,RNL,סדור מנהג קראים (קטעים).
2,990001449190205171,RNL,שיר : ; בעברית ובערבית.
2,990001449200205171,RNL,סדור מנהג קראים (קטע).
2,990001449210205171,RNL,נאם לכבוד חתן.
2,990001449220205171,RNL,סדור מנהג קראים לשבת (קטע).
2,990001449260205171,RNL,קינה על נפטרים.
2,990001449370205171,RNL,קינה (קטע).
2,990001449420205171,RNL,תפלה מנהג קראים לא' בניסן.
2,990001449430205171,RNL,תפלה מנהג קראים למנחה ליום כפור.
2,990001449440205171,RNL,תפלה מנהג קראים ליום חמישי.
2,990001449460205171,RNL,מגלת אסתר.
2,990001449660205171,RNL,סדור מנהג קראים (קטע).
2,990001449690205171,RNL,סדור מנהג קראים (קטעים).
2,990001449710205171,RNL,סדור מנהג קראים.
2,990001449730205171,RNL,פיוטים כמנהג קראים (קטעים).
2,990001449800205171,RNL,סדור מנהג קראים (קטע).
2,990001449850205171,RNL,סדור מנהג קראים (קטע).
2,990001449860205171,RNL,שיר במוסר.
2,990001449890205171,RNL,תפלות לימי חול ולשבת.
2,990001449920205171,RNL,פיוטים.
2,990001449930205171,RNL,פיוטים.
2,990001449940205171,RNL,סדור מנהג קראים (קטע).
2,990001449960205171,RNL,סדור מנהג קראים (קטע).
2,990001449970205171,RNL,סדור מנהג קראים (קטע).
2,990001449980205171,RNL,סדור מנהג קראים (קטע).
2,990001449990205171,RNL,מחזור מנהג קראים ליום כפור.
2,990001450000205171,RNL,סדור מנהג קראים (קטע).
2,990001450010205171,RNL,סדור מנהג קראים (קטעים).
2,990001450030205171,RNL,סדור מנהג קראים (קטעים).
2,990001450040205171,RNL,סדור מנהג קראים (קטעים).
2,990001450060205171,RNL,תפלה מנהג קראים לליל י' באב (קטע).
2,990001450070205171,RNL,אלמקדמאת (בראשית יב:א-יז:כז).
2,990001450080205171,RNL,סדור מנהג קראים (קטע).
2,990001450090205171,RNL,סדור מנהג קראים (קטע).
2,990001450100205171,RNL,סדור מנהג קראים (קטע).
2,990001450240205171,RNL,סדור מנהג קראים (קטע).
2,990001450250205171,RNL,תפלות מנהג קראים לשחרית של סוכות.
2,990001450280205171,RNL,סדור מנהג קראים (קטע).
2,990001450300205171,RNL,סדור מנהג קראים (קטע).
2,990001450330205171,RNL,בקשה לעזרה : ; נשלחה מהעיר לוצקא.
2,990001450370205171,RNL,תודה על הכנסת אורחים.
2,990001450520205171,RNL,על השבת.
2,990001450810205171,RNL,אגרת אל קראי קרים.
2,990001450850205171,RNL,תפלת ערבית.
2,990001450900205171,RNL,אגרת אל יוסף טיוטה.
2,990001450990205171,RNL,שירים לחתונה.
2,990001451060205171,RNL,שירי חתונה (קטע).
2,990001451270205171,RNL,שיר לכבוד בנין בית הכנסת.
2,990001451290205171,RNL,קינה על פטירת אשה נבונה.
2,990001451390205171,RNL,שיר על חתן.
2,990001451440205171,RNL,שירי חתונה.
2,990001451500205171,RNL,אגרות (קטע).
2,990001451530205171,RNL,"ענין שחיטה : ; מבוא לקצור פרק על שחיטה מ""אדרת אליהו""."
2,990001451610205171,RNL,פיוטים כמנהג קראים.
2,990001451750205171,RNL,קבלה על סכום של 320 רובל לבנין בית כנסת קראי בהאליץ.
2,990001452260205171,RNL,תלונות קראי פינסק אל ועד ליטא.
2,990001452350205171,RNL,פניה אל קראים בערי ליטא.
2,990001452380205171,RNL,סדור מנהג קראים.
2,990001452400205171,RNL,אגרת אל שמחה בן שלמה.
2,990001452420205171,RNL,אגרת אל שמואל בן יוסף.
2,990001452540205171,RNL,כתובת על מצבתו של מרדכי בן הלל.
2,990001452710205171,RNL,אגרת אל החזן יעקב כהן מגוזלווא.
2,990001452850205171,RNL,שאלות ותשובות.
2,990001452890205171,RNL,לוחות לשנים 1832-1831.
2,990001452980205171,RNL,אגרת אל קראי בחצי סראי.
2,990001453010205171,RNL,אגרת אל קראי גוזלאו.
2,990001453100205171,RNL,אגרת אל יצחק נח בן אברהם בקוקיזוב.
2,990001453230205171,RNL,תקנה לשנת 1809.
2,990001453280205171,RNL,שירי חתונה.
2,990001453310205171,RNL,שירי תשובה.
2,990001453410205171,RNL,אקרוסטיכון לחתונת שמואל בן מרדכי.
2,990001454000205171,RNL,דיני שחיטה (קטע).
2,990001454140205171,RNL,תפלות מנהג קראים לשבת.
2,990001454280205171,RNL,שירים לחתונה (קטע).
2,990001454320205171,RNL,תפלת שחרית ליום כפור (קטע).
2,990001454350205171,RNL,פיוטים (קטעים).
2,990001454380205171,RNL,קולופון של כתב יד.
2,990001454460205171,RNL,דיואן (קטע).
2,990001454480205171,RNL,שירי חתונה (קטע).
2,990001454490205171,RNL,סליחות (קטע).
2,990001454520205171,RNL,פיוטים (קטע).
2,990001454530205171,RNL,הלל (קטע).
2,990001454580205171,RNL,קדושה וישמע.
2,990001454620205171,RNL,קינה על חורבן המקדש.
2,990001454640205171,RNL,"""אדון חסדך בל יחדל"" (קטע)."
2,990001454660205171,RNL,פיוט (קטע).
2,990001454680205171,RNL,קינה (קטע).
2,990001454700205171,RNL,תפלות מנהג קראים.
2,990001454720205171,RNL,"קמיעות, ניחושים ותכונות של רפואה."
2,990001454730205171,RNL,סדור מנהג קראים (קטעים).
2,990001454750205171,RNL,סדור מנהג קראים (קטע).
2,990001454760205171,RNL,סדור מנהג קראים (קטעים).
2,990001454770205171,RNL,אגרת אל גיסו.
2,990001454790205171,RNL,תפלה מנהג קראים ליום כפור.
2,990001454820205171,RNL,סדור מנהג קראים (קטע).
2,990001454830205171,RNL,סדור מנהג קראים (קטע).
2,990001454870205171,RNL,סדור מנהג קראים (קטע).
2,990001454890205171,RNL,סדור מנהג קראים (קטעים).
2,990001454900205171,RNL,סדור מנהג קראים (קטע).
2,990001454910205171,RNL,סדור מנהג קראים (קטעים).
2,990001454920205171,RNL,מחזור מנהג קראים לסוכות (קטעים).
2,990001454940205171,RNL,מחזור מנהג קראים ליום כפור (קטעים).
2,990001454970205171,RNL,סדור מנהג קראים (קטעים).
2,990001454990205171,RNL,סדור מנהג קראים (קטעים).
2,990001455000205171,RNL,סדור מנהג קראים לימים ראשונים של אלול (קטעים).
2,990001455010205171,RNL,מחזור מנהג קראים לסוכות.
2,990001455020205171,RNL,תפלות מנהג קראים לערב פסח ושחרית של פסח.
2,990001455030205171,RNL,תפלות מנהג קראים לשבת.
2,990001455040205171,RNL,סדור מנהג קראים (קטעים).
2,990001455050205171,RNL,סדור מנהג קראים (קטעים).
2,990001455060205171,RNL,תפלות מנהג קראים (קטעים).
2,990001455070205171,RNL,תפלות מנהג קראים (קטעים).
2,990001455080205171,RNL,תפלות מנהג קראים (קטעים).
2,990001455090205171,RNL,תפלות מנהג קראים (קטעים).
2,990001455100205171,RNL,תפלות מנהג קראים (קטעים).
2,990001455110205171,RNL,תפלה לערב עשרה באב ושחרית לעשרה באב מנהג הקראים.
2,990001455130205171,RNL,סדר תפלות מנהג הקראים למוצאי שבת.
2,990001455140205171,RNL,פיוטים כמנהג קראים לפורים.
2,990001455170205171,RNL,סדור מנהג קראים (קטעים).
2,990001455180205171,RNL,סדור מנהג קראים לשבת.
2,990001455200205171,RNL,פיוטים ליום כפור.
2,990001455220205171,RNL,מחזור מנהג קראים לשבועות (קטע).
2,990001455240205171,RNL,מחזור מנהג קראים לשבת וליום כפור.
2,990001455250205171,RNL,מחזור מנהג קראים לשבת (קטעים).
2,990001455260205171,RNL,מחזור מנהג קראים לסוכות.
2,990001455270205171,RNL,סדור מנהג קראים לשבת (קטע).
2,990001455300205171,RNL,מחזור מנהג קראים ליום כפור.
2,990001455320205171,RNL,מחזור מנהג קראים ליום כפור (קטעים).
2,990001455360205171,RNL,מחזור מנהג קראים ליום כפור.
2,990001455370205171,RNL,מחזור מנהג קראים לשבועות (קטעים).
2,990001455390205171,RNL,סדור מנהג קראים לשבת (קטעים).
2,990001455400205171,RNL,תפלות מנהג קראים לפסח ולשבועות.
2,990001455410205171,RNL,סדור מנהג קראים (קטעים).
2,990001455420205171,RNL,מחזור מנהג קראים ליום כפור (קטעים).
2,990001455460205171,RNL,מחזור מנהג קראים לפסח (קטע).
2,990001455490205171,RNL,סדור מנהג קראים (קטעים).
2,990001455500205171,RNL,סדור מנהג קראים (קטעים).
2,990001455520205171,RNL,מחזור מנהג קראים ליום כפור (קטע).
2,990001455530205171,RNL,סדור מנהג ארצות המזרח(?) (קטע).
2,990001455590205171,RNL,מחזור מנהג קראים לשבועות (קטע).
2,990001455610205171,RNL,פיוטים כמנהג קראים (קטעים).
2,990001455630205171,RNL,תפלה מנהג קראים (קטעים).
2,990001455660205171,RNL,פיוטים כמנהג קראים ליום כפור (קטעים).
2,990001455670205171,RNL,מחזור מנהג קראים לשבועות (קטע).
2,990001455710205171,RNL,מחזור מנהג קראים ליום כפור.
2,990001455740205171,RNL,סדור מנהג קראים (קטע).
2,990001455790205171,RNL,סדור מנהג קראים (קטע).
2,990001455810205171,RNL,סדור מנהג קראים (קטע).
2,990001455840205171,RNL,סדור מנהג קראים ליום כפור (קטעים).
2,990001455850205171,RNL,סדור מנהג קראים (קטע).
2,990001455890205171,RNL,סדור מנהג קראים (קטע).
2,990001455970205171,RNL,סדור מנהג קראים לשבת (קטעים).
2,990001456000205171,RNL,פיוטים (קטעים).
2,990001456010205171,RNL,פיוטים (קטעים).
2,990001456020205171,RNL,סליחות (קטעים).
2,990001456030205171,RNL,תפלות מנהג קראים ליום כפור (קטעים).
2,990001456040205171,RNL,פיוטים כמנהג קראים לסוכות.
2,990001456070205171,RNL,תפלות מנהג קראים (קטע).
2,990001456090205171,RNL,תפלות מנהג קראים.
2,990001456100205171,RNL,פיוטים כמנהג קראים.
2,990001456130205171,RNL,מחזור מנהג קראים לסוכות (קטע).
2,990001456140205171,RNL,תפלות מנהג קראים ליום כפור.
2,990001456170205171,RNL,תפלות מנהג קראים (קטעים).
2,990001456190205171,RNL,תפלות לשבת.
2,990001456240205171,RNL,מחזור מנהג קראים לסוכות.
2,990001456260205171,RNL,מחזור מנהג קראים לסוכות.
2,990001456310205171,RNL,תפלות מנהג קראים (קטעים).
2,990001456320205171,RNL,מחזור מנהג קראים לסוכות.
2,990001456340205171,RNL,מחזור מנהג קראים ליום כפור.
2,990001456350205171,RNL,מחזור מנהג קראים לשבועות.
2,990001456410205171,RNL,פיוטים (קטעים).
2,990001456430205171,RNL,תפלות מנהג קראים לסוכות.
2,990001456440205171,RNL,תפלות מנהג קראים לפסח.
2,990001456530205171,RNL,בשם ר' אדמות ומרומות נקראו.
2,990001456580205171,RNL,פיוטים.
2,990001456590205171,RNL,סדור מנהג קראים לשבת.
2,990001456610205171,RNL,פיוטים כמנהג קראים.
2,990001456650205171,RNL,מחזור ליום כפור (קטע).
2,990001456660205171,RNL,מחזור מנהג קראים.
2,990001456680205171,RNL,סדר תפלות מנהג הקראים לליל יום כפור.
2,990001456700205171,RNL,תפלות מנהג קראים לשבת.
2,990001456720205171,RNL,תפלות מנהג קראים לסוכות.
2,990001456730205171,RNL,תפלות מנהג קראים לסוכות.
2,990001456740205171,RNL,תפלות מנהג קראים לפסח.
2,990001456790205171,RNL,חבור ברפואה (קטע).
2,990001456830205171,RNL,מחזור מנהג קראים לפסח (קטע).
2,990001456850205171,RNL,תפלות מנהג קראים לשבועות (קטע).
2,990001456870205171,RNL,סדור מנהג קראים לימות השבוע.
2,990001456880205171,RNL,סדור מנהג קראים לימות השבוע.
2,990001456900205171,RNL,תפלות מנהג קראים לימי צום.
2,990001456910205171,RNL,סדור מנהג קראים ליום כפור (קטעים).
2,990001456920205171,RNL,פיוטים (קטעים).
2,990001456940205171,RNL,מחזור מנהג קראים לפסח (קטע).
2,990001456970205171,RNL,מחזור מנהג קראים לשבועות (קטעים).
2,990001456980205171,RNL,מחזור מנהג קראים ליום כפור (קטעים).
2,990001456990205171,RNL,מחזור מנהג קראים ליום כפור (קטעים).
2,990001457000205171,RNL,מחזור מנהג קראים לסוכות (קטעים).
2,990001457020205171,RNL,מחזור מנהג קראים ליום כפור (קטעים).
2,990001457050205171,RNL,סדור מנהג קראים.
2,990001457100205171,RNL,תפלות מנהג קראים.
2,990001457120205171,RNL,תפלות מנהג קראים ליום כפור.
2,990001457170205171,RNL,תפלות מנהג קראים לפסח.
2,990001457180205171,RNL,תפלות מנהג קראים לסוכות.
2,990001457190205171,RNL,סדור מנהג קראים (קטעים).
2,990001457200205171,RNL,תפלות מנהג קראים (קטעים).
2,990001457210205171,RNL,תפלות מנהג קראים לסוכות.
2,990001457220205171,RNL,סדר תפלות מנהג הקראים לליל יום כפור.
2,990001457240205171,RNL,תפלות מנהג קראים לשבת.
2,990001457310205171,RNL,תפלות מנהג קראים ליום כפור (קטעים).
2,990001457340205171,RNL,תפלות לומר לפני קריאה בנביאים וכתובים : ; נקראים בבית כנסת קראי.
2,990001457370205171,RNL,תפלות לשבת.
2,990001457380205171,RNL,תפלות מנהג קראים לסוכות.
2,990001457410205171,RNL,סדור מנהג קראים (קטעים).
2,990001457420205171,RNL,תפלות מנהג קראים ליום כפור (קטעים).
2,990001457450205171,RNL,סדור מנהג קראים (קטעים).
2,990001457460205171,RNL,סדור מנהג קראים (קטעים).
2,990001457470205171,RNL,סדור מנהג קראים (קטעים).
2,990001457480205171,RNL,סדור מנהג קראים (קטעים).
2,990001457490205171,RNL,אלמקדמאת.
2,990001457500205171,RNL,סדור מנהג קראים (קטעים).
2,990001457640205171,RNL,תפלות מנהג קראים לשבת (קטע).
2,990001457670205171,RNL,סליחות לשבתות כמנהג הקראים.
2,990001457680205171,RNL,מחזור מנהג קראים ליום כפור.
2,990001457720205171,RNL,הגדה של פסח כמנהג קראים (קטע).
2,990001457740205171,RNL,תפלה מנהג קראים לפסח (קטע).
2,990001457750205171,RNL,תפלות מנהג קראים לפסח.
2,990001457780205171,RNL,"הלל לשבת שלפני פסח, מנהג הקראים."
2,990001457790205171,RNL,"הלל לשבת שלפני פסח, מנהג הקראים."
2,990001457800205171,RNL,תפלות מנהג קראים לפסח.
2,990001457820205171,RNL,הלל כמנהג הקראים (קטעים).
2,990001457830205171,RNL,סדור (קטעים).
2,990001457850205171,RNL,תפלות מנהג קראים לשבת.
2,990001457870205171,RNL,תפלות מנהג קראים לתשעה באב.
2,990001457900205171,RNL,תפלות מנהג קראים ליום כפור (קטע).
2,990001457920205171,RNL,תפלות ליום כפור (קטעים).
2,990001457930205171,RNL,תפלות מנהג קראים לשבת.
2,990001457940205171,RNL,תפלות מנהג קראים לתשעה באב.
2,990001457950205171,RNL,סדור מנהג קראים לראש השנה.
2,990001457960205171,RNL,מחזור מנהג קראים ליום כפור (קטע).
2,990001457970205171,RNL,תפלות מנהג קראים לתשעה באב.
2,990001457980205171,RNL,תפלות מנהג קראים לשבת ולצום.
2,990001457990205171,RNL,תפלות מנהג קראים ליום כפור (קטעים).
2,990001458000205171,RNL,תפלות מנהג קראים לשבת (קטעים).
2,990001458010205171,RNL,מחזור מנהג קראים לשבועות (קטעים).
2,990001458020205171,RNL,פיוטים כמנהג קראים ליום כפור (קטעים).
2,990001458030205171,RNL,תפלות מנהג קראים לפסח (קטעים).
2,990001458050205171,RNL,תפלות מנהג קראים לסוכות (קטעים).
2,990001458060205171,RNL,משנה סדר נזיקין (אבות א-ב).
2,990001458110205171,RNL,מחזור מנהג קראים לסוכות.
2,990001458120205171,RNL,מחזור מנהג קראים לסוכות.
2,990001458160205171,RNL,סדור לשבת.
2,990001458200205171,RNL,מחזור מנהג קראים לשבועות.
2,990001458210205171,RNL,סדור מנהג קראים לשבת (קטע).
2,990001458220205171,RNL,הגדה של פסח כמנהג קראים.
2,990001458250205171,RNL,תפלות מנהג קראים לפורים.
2,990001458280205171,RNL,תפלות מנהג קראים (קטעים).
2,990001458290205171,RNL,שירים לברית מילה (קטע).
2,990001458320205171,RNL,מחזור מנהג קראים לפסח (קטע).
2,990001458340205171,RNL,תפלות מנהג קראים לפורים.
2,990001458350205171,RNL,תפלות מנהג קראים לפורים.
2,990001458360205171,RNL,הגדה של פסח כמנהג קראים.
2,990001458370205171,RNL,הגדה של פסח כמנהג קראים.
2,990001458410205171,RNL,תפלות מנהג קראים לליל שבת של פסח.
2,990001458420205171,RNL,מחזור מנהג קראים ליום כפור (קטעים).
2,990001458440205171,RNL,תפלות מנהג קראים ליום כפור.
2,990001458460205171,RNL,הגדה של פסח כמנהג קראים.
2,990001458480205171,RNL,תפלות מנהג קראים לחגים.
2,990001458500205171,RNL,סדור מנהג קראים לשבת.
2,990001458550205171,RNL,תפלות מנהג קראים לשבת.
2,990001458640205171,RNL,חבור בפילוסופיה (קטע).
2,990001458660205171,RNL,תפלות מנהג קראים לשבת.
2,990001458700205171,RNL,תפלות מנהג קראים לתשעה באב.
2,990001458710205171,RNL,תפלות מנהג קראים לתשעה באב.
2,990001458720205171,RNL,פיוטים.
2,990001458730205171,RNL,מחזור מנהג קראים לסוכות.
2,990001458750205171,RNL,מחזור מנהג קראים ליום כפור.
2,990001458780205171,RNL,תפלות מנהג קראים לתשעה באב.
2,990001458790205171,RNL,תפלות מנהג קראים לימי חול.
2,990001458810205171,RNL,תפלות מנהג קראים לשבת.
2,990001458830205171,RNL,פיוטים (קטעים).
2,990001458860205171,RNL,תפלות מנהג קראים.
2,990001458870205171,RNL,פיוטים כמנהג קראים.
2,990001458880205171,RNL,מחזור מנהג קראים לימי חג וצום.
2,990001458890205171,RNL,"תפלות מנהג קראים לימי חול, שבת וראש חדש."
2,990001458900205171,RNL,תפלות מנהג קראים.
2,990001458910205171,RNL,פיוטים כמנהג קראים.
2,990001458920205171,RNL,תפלות מנהג קראים.
2,990001458950205171,RNL,תפלות לפסח.
2,990001458970205171,RNL,תפלה מנהג קראים לחדש ניסן.
2,990001459030205171,RNL,דיואן (קטעים).
2,990001459060205171,RNL,מחזור מנהג קראים לימים נוראים.
2,990001459120205171,RNL,קינות לתשעה באב (קטע).
2,990001459160205171,RNL,דיואן.
2,990001459240205171,RNL,פיוטים.
2,990001459330205171,RNL,פיוטים לשבועות (קטע).
2,990001459350205171,RNL,פיוטים.
2,990001459540205171,RNL,שירי חתונה (קטע).
2,990001459590205171,RNL,פיוטים (קטעים).
2,990001459680205171,RNL,תפלה מנהג קראים לשחרית שבת.
2,990001459730205171,RNL,תפלות מנהג קראים (קטעים).
2,990001459750205171,RNL,הגדה של פסח כמנהג קראים (קטע).
2,990001459760205171,RNL,פיוטים כמנהג קראים לסוכות (קטע).
2,990001459770205171,RNL,פיוטים כמנהג קראים לפסח.
2,990001459810205171,RNL,אזכרות (קטע).
2,990001459830205171,RNL,הלל (קטע).
2,990001459840205171,RNL,סדור מנהג קראים לשבת ולראש חדש.
2,990001459860205171,RNL,פיוטים כמנהג קראים לפסח.
2,990001459880205171,RNL,תפלות מנהג קראים לפסח (קטעים).
2,990001459900205171,RNL,פיוטים כמנהג קראים לפסח.
2,990001459910205171,RNL,פיוטים כמנהג קראים לימי חול.
2,990001459950205171,RNL,תפלות אשכבה.
2,990001459960205171,RNL,תפלת שחרית לשבת.
2,990001459980205171,RNL,סדר קדוש (קטע).
2,990001460000205171,RNL,שירים (קטע).
2,990001460020205171,RNL,הגדה של פסח כמנהג קראים.
2,990001460050205171,RNL,ספר הענק למשה ן' עזרא.
2,990001460060205171,RNL,פיוטים (קטעים).
2,990001460070205171,RNL,מחזור מנהג קראים ליום כפור (קטעים).
2,990001460080205171,RNL,מחזור מנהג קראים לראש השנה.
2,990001460090205171,RNL,פיוטים כמנהג קראים לסוכות.
2,990001460110205171,RNL,תפלות מנהג קראים לשבת.
2,990001460120205171,RNL,תפלת קראים רחמים ליום כפור (קטעים) כמנהג הקראים.
2,990001460130205171,RNL,תפלות מנהג קראים.
2,990001460140205171,RNL,פיוטים לשמחת תורה.
2,990001460180205171,RNL,פיוטים כמנהג קראים לשבועות.
2,990001460210205171,RNL,סדור מנהג קראים לצומות (קטע).
2,990001460230205171,RNL,תפלות מנהג קראים לשבת.
2,990001460260205171,RNL,מחזור מנהג קראים ליום כפור (קטע).
2,990001460280205171,RNL,מחזור מנהג קראים ליום כפור.
2,990001460310205171,RNL,תפלות מנהג קראים לפסח.
2,990001460330205171,RNL,תפלות מנהג קראים.
2,990001460340205171,RNL,תפלות מנהג קראים לתשעה באב.
2,990001460350205171,RNL,הגדה של פסח כמנהג קראים.
2,990001460360205171,RNL,הגדה של פסח כמנהג קראים.
2,990001460380205171,RNL,תפלות מנהג קראים לימי צום.
2,990001460390205171,RNL,מחזור מנהג קראים ליום כפור.
2,990001460410205171,RNL,פיוטים כמנהג קראים ליום כפור.
2,990001460430205171,RNL,תפלות מנהג קראים לתשעה באב.
2,990001460440205171,RNL,מחזור מנהג קראים ליום כפור.
2,990001460450205171,RNL,פיוטים כמנהג קראים ליום כפור.
2,990001460470205171,RNL,מחזור מנהג קראים ליום כפור.
2,990001460490205171,RNL,"פרוש התורה לראב""ע (דברים כא-כב; כג-לב)."
2,990001460500205171,RNL,דיואן ר' יהודה הלוי (קטע).
2,990001460520205171,RNL,מקדמה לאיכה.
2,990001460540205171,RNL,תפלות מנהג קראים ליום כפור.
2,990001460580205171,RNL,תפלה מנהג קראים ליום השביעי של סוכות (קטעים).
2,990001460640205171,RNL,סדור מנהג קראים (קטעים).
2,990001460650205171,RNL,תפלות מנהג קראים ליום כפור.
2,990001460690205171,RNL,תפלות מנהג קראים למוצאי שבת.
2,990001460720205171,RNL,פיוטים לקריאה בבית הכנסת אחרי תהלים.
2,990001460740205171,RNL,ברכה לכבוד ברית מילה.
2,990001460760205171,RNL,דיואן ר' יהודה הלוי (קטעים).
2,990001460840205171,RNL,תפלות ליום כפור (קטעים).
2,990001460860205171,RNL,הגדה של פסח כמנהג קראים.
2,990001460910205171,RNL,שיר לחתונה (קטע).
2,990001460950205171,RNL,תפלות מנהג קראים לשבת.
2,990001460970205171,RNL,תפלות מנהג קראים לפורים.
2,990001460980205171,RNL,תפלות מנהג קראים לפסח.
2,990001461000205171,RNL,אגרת אל קהלת קראי טרוקי.
2,990001461030205171,RNL,פיוטים (קטע).
2,990001461040205171,RNL,ספור על התאסלמותו של משה בן שמואל צפתי : ; בצורת שיר.
2,990001461050205171,RNL,פיוטים (קטע).
2,990001461070205171,RNL,שלומות אל כמספר חול לימים עלי משה ואהרן ממרומים.
2,990001461170205171,RNL,תפלות מנהג קראים לימי צום.
2,990001461180205171,RNL,פיוטים.
2,990001461220205171,RNL,סדור מנהג קראים (קטע).
2,990001461280205171,RNL,פיוטים.
2,990001461300205171,RNL,קינה על פטירת אשתו.
2,990001461560205171,RNL,מחזור מנהג קראים לסוכות.
2,990001461600205171,RNL,תפלות מנהג קראים לסוכות.
2,990001461660205171,RNL,פיוטים.
2,990001461670205171,RNL,מחזור מנהג קראים ליום כפור (קטע).
2,990001461720205171,RNL,הגדה של פסח כמנהג קראים.
2,990001461760205171,RNL,תפלות מנהג קראים ליום כפור.
2,990001461810205171,RNL,תפלות מנהג קראים ליום כפור.
2,990001461830205171,RNL,תפלות מנהג קראים לסוכות (קטע).
2,990001461840205171,RNL,תפלות מנהג קראים (קטעים).
2,990001461860205171,RNL,תפלות מנהג קראים לסוכות.
2,990001461870205171,RNL,תפלות לתשעה באב.
2,990001461880205171,RNL,תפלות מנהג קראים ליום כפור.
2,990001461890205171,RNL,תפלות מנהג קראים ליום כפור.
2,990001461900205171,RNL,תפלות מנהג קראים לשבועות.
2,990001461930205171,RNL,תפלות (קטע).
2,990001461950205171,RNL,תפלות מנהג קראים לסוכות.
2,990001461990205171,RNL,סדור מנהג קראים.
2,990001462000205171,RNL,סדור מנהג קראים לשבתות.
2,990001462030205171,RNL,תפלות מנהג קראים לסוכות.
2,990001462100205171,RNL,שטר קנין לכרם.
2,990001462200205171,RNL,אזכרות (קטע).
2,990001462240205171,RNL,תפלות מנהג קראים לסוכות.
2,990001462330205171,RNL,פיוטים כמנהג קראים לתשעה באב.
2,990001462340205171,RNL,שירים ופיוטים (קטעים).
2,990001462350205171,RNL,תפלות מנהג קראים לשבת.
2,990001462360205171,RNL,תפלה מנהג קראים לתענית אסתר.
2,990001462370205171,RNL,פיוטים (קטע).
2,990001462380205171,RNL,פיוטים (קטע).
2,990001462400205171,RNL,תפלות מנהג קראים לפסח.
2,990001462420205171,RNL,תפלות מנהג קראים לשבת (קטעים).
2,990001462430205171,RNL,תפלות מנהג קראים לשבת (קטעים).
2,990001462480205171,RNL,מעריב לשבועות מנהג קראים.
2,990001462490205171,RNL,תפלות מנהג קראים לשבת (קטע).
2,990001462500205171,RNL,תפלות מנהג קראים לשבת (קטע).
2,990001462510205171,RNL,תפלות מנהג קראים לסוכות.
2,990001462520205171,RNL,הלל (קטעים).
2,990001462600205171,RNL,דיואן ר' שלמה אבן גבירול.
2,990001462640205171,RNL,תפלות מנהג קראים לשבת.
2,990001462700205171,RNL,סדור (קטע).
2,990001462730205171,RNL,סדור לשבת (קטע).
2,990001462740205171,RNL,תפלות מנהג קראים לשמיני עצרת.
2,990001462770205171,RNL,מחזור מנהג קראים ליום כפור (קטע).
2,990001462800205171,RNL,טופסי שטרות (קטע).
2,990001462810205171,RNL,פיוטים כמנהג קראים : ; קבץ פיוטים.
2,990001462830205171,RNL,הלל (קטע).
2,990001462840205171,RNL,תפלות מנהג קראים ליום כפור (קטע).
2,990001462850205171,RNL,פיוטים כמנהג קראים (קטע).
2,990001462860205171,RNL,מנחה לי' באב כמנהג קראים.
2,990001462870205171,RNL,תפלות מנהג קראים לפסח.
2,990001462910205171,RNL,תפלות מנהג קראים לשבת יום כפור (קטע).
2,990001462920205171,RNL,פיוטים כמנהג קראים שלפני פורים (קטע).
2,990001462950205171,RNL,מחזור מנהג קראים ליום כפור.
2,990001462990205171,RNL,סדור מנהג קראים (קטעים).
2,990001463020205171,RNL,פיוטים (קטעים).
2,990001463050205171,RNL,תפלות מנהג קראים (קטעים).
2,990001463070205171,RNL,תפלות מנהג קראים לשבת.
2,990001463100205171,RNL,תפלות מנהג קראים (קטע).
2,990001463120205171,RNL,סדור מנהג קראים (קטעים).
2,990001463130205171,RNL,סדור מנהג קראים (קטעים).
2,990001463150205171,RNL,סדור (קטע).
2,990001463190205171,RNL,תפלות מנהג קראים ליום כפור (קטעים).
2,990001463200205171,RNL,תפלות מנהג קראים (קטעים).
2,990001463210205171,RNL,אלמקדמאת (ויחי-בשלח).
2,990001463220205171,RNL,תפלות מנהג קראים לחדש אלול.
2,990001463230205171,RNL,תפלות מנהג קראים לימי צום.
2,990001463240205171,RNL,תפלות מנהג קראים לסוכות.
2,990001463250205171,RNL,תפלות מנהג קראים לשמיני עצרת.
2,990001463260205171,RNL,תפלות מנהג קראים לפסח.
2,990001463270205171,RNL,תפלות לסוכות.
2,990001463280205171,RNL,סדור מנהג קראים (קטעים).
2,990001463330205171,RNL,כתר מלכות (קטע).
2,990001463350205171,RNL,תפלות מנהג קראים לפסח (קטעים).
2,990001463370205171,RNL,סדור מנהג קראים (קטעים).
2,990001463380205171,RNL,סדור מנהג קראים לח' באב.
2,990001463390205171,RNL,סדור מנהג קראים (קטעים).
2,990001463430205171,RNL,תפלות מנהג קראים לחדש אב.
2,990001463460205171,RNL,מחזור מנהג קראים לסוכות (קטע).
2,990001463560205171,RNL,תפלות מנהג קראים לפסח (קטעים).
2,990001463580205171,RNL,תפלה מנהג קראים ליום ראשון.
2,990001463590205171,RNL,אזכרות כמנהג קראים.
2,990001463630205171,RNL,תפלות מנהג קראים לפסח (קטע).
2,990001463640205171,RNL,תפלות מנהג קראים לפסח (קטעים).
2,990001463650205171,RNL,תפלות מנהג קראים לסוכות (קטעים).
2,990001463670205171,RNL,תפלות מנהג קראים לשבת (קטע).
2,990001463690205171,RNL,פיוטים כמנהג קראים.
2,990001463700205171,RNL,תפלות מנהג קראים לפסח (קטע).
2,990001463730205171,RNL,הלל כמנהג הקראים (קטע).
2,990001463750205171,RNL,תפלות מנהג קראים ליום כפור (קטעים).
2,990001463760205171,RNL,פיוטים כמנהג קראים (קטעים).
2,990001463920205171,RNL,מפתח לפסוקי מקרא בתלמוד ומדרשים (קטע).
2,990001463970205171,RNL,שיר לכבוד ספר גן מלך של כלב אפנדופולו.
2,990001463980205171,RNL,אזכרה כמנהג קראים (קטע).
2,990001464010205171,RNL,תפלות מנהג קראים לפסח (קטע).
2,990001464040205171,RNL,תפלות מנהג קראים ליום כפור (קטע).
2,990001464130205171,RNL,דברי ברכה לשמואל בן יצחק לוצקי.
2,990001464170205171,RNL,אגרת אל שמואל בן שלמה.
2,990001464210205171,RNL,תפלות מנהג קראים (קטעים).
2,990001464240205171,RNL,הלכות שבת (קטע).
2,990001464260205171,RNL,תפלות מנהג קראים (קטעים).
2,990001464270205171,RNL,מחזור מנהג קראים ליום כפור (קטע).
2,990001464300205171,RNL,ספר המבחר.
2,990001464390205171,RNL,דרשה על מות זקן יצחק.
2,990001464420205171,RNL,תפלות מנהג קראים (קטעים).
2,990001464430205171,RNL,תפלות מנהג קראים (קטעים).
2,990001464440205171,RNL,תפלות מנהג קראים (קטעים).
2,990001464450205171,RNL,תפלות מנהג קראים (קטעים).
2,990001464460205171,RNL,מחזור מנהג קראים (קטעים).
2,990001464470205171,RNL,תפלות מנהג קראים לשבת (קטעים).
2,990001464480205171,RNL,תפלות מנהג קראים (קטעים).
2,990001464500205171,RNL,תפלות מנהג קראים (קטעים).
2,990001464510205171,RNL,פיוטים ותפלות כמנהג קראים.
2,990001464570205171,RNL,ירושלים למוגיך השקי את כוס מרוריך : ; שיר על ירושלים.
2,990001464580205171,RNL,פיוטים (קטע).
2,990001464610205171,RNL,תפלות מנהג קראים לימי השבוע.
2,990001464620205171,RNL,מחזור מנהג קראים ליום כפור (קטעים).
2,990001464660205171,RNL,הגדה של פסח כמנהג קראים.
2,990001464670205171,RNL,הגדה של פסח כמנהג קראים.
2,990001464680205171,RNL,הגדה של פסח כמנהג קראים.
2,990001464700205171,RNL,תפלות מנהג קראים לימי השבוע.
2,990001464730205171,RNL,תפלות מנהג קראים לפסח.
2,990001464740205171,RNL,הגדה של פסח כמנהג קראים.
2,990001464750205171,RNL,תפלות מנהג קראים לפורים.
2,990001464760205171,RNL,פיוטים לפורים.
2,990001464780205171,RNL,הגדה של פסח כמנהג קראים.
2,990001464790205171,RNL,הגדה של פסח כמנהג קראים.
2,990001464830205171,RNL,תפלה מנהג קראים לשבת (קטע).
2,990001464870205171,RNL,תפלות מנהג קראים.
2,990001464880205171,RNL,תפלות מנהג קראים לשבועות.
2,990001464890205171,RNL,תפלות מנהג קראים (קטעים).
2,990001464900205171,RNL,תפלות מנהג קראים (קטעים).
2,990001464910205171,RNL,תפלות מנהג קראים (קטעים).
2,990001464920205171,RNL,תפלות מנהג קראים (קטעים).
2,990001464930205171,RNL,סדור מנהג קראים (קטעים).
2,990001467520205171,RSL,קובץ קטעי גניזה.
2,990001469070205171,RSL,הלכות גדולות (קטע).
2,990001504530205171,AIU,"ספר תורה (ויקרא, במדבר, קטעים)."
2,990001504670205171,AIU,מדרש דוד (במדבר).
2,990001508000205171,AIU,תשובה בעניין חזקה.
2,990001508160205171,AIU,קבץ קטעי גניזה.
2,990001508180205171,AIU,קבץ קטעי גניזה.
2,990001510750205171,RNL,קצור פרוש יפת בן עלי לתורה (קטעים).
2,990001510810205171,RNL,פרוש התורה ליפת בן עלי (שמות לד:ה-לד:ז).
2,990001510890205171,RNL,פרוש התורה ליפת בן עלי (שמות כ:ח-כ:יא).
2,990001510900205171,RNL,"פרוש התורה ליפת בן עלי (שמות, קטעים)."
2,990001510920205171,RNL,"פרוש התורה ליפת בן עלי (שמות, קטעים)."
2,990001511240205171,RNL,פרוש התורה ליפת בן עלי (שמות יב:ג-יב:ד).
2,990001511260205171,RNL,"פרוש התורה ליפת בן עלי (שמות, קטעים)."
2,990001511270205171,RNL,"פרוש התורה ליפת בן עלי (שמות, קטעים)."
2,990001511300205171,RNL,פרוש התורה ליפת בן עלי (שמות א:ז-א:ח).
2,990001511340205171,RNL,"פרוש התורה ליפת בן עלי (שמות, קטעים)."
2,990001511360205171,RNL,"פרוש התורה ליפת בן עלי (שמות, קטעים)."
2,990001511370205171,RNL,פרוש התורה ליפת בן עלי (שמות טז:כז-טז:לו).
2,990001511410205171,RNL,פרוש התורה ליפת בן עלי (שמות טו:טז-טו:יז).
2,990001511420205171,RNL,"פרוש התורה ליפת בן עלי (שמות-ויקרא, קטעים)."
2,990001511430205171,RNL,"פרוש התורה ליפת בן עלי (שמות, קטעים)."
2,990001511450205171,RNL,"פרוש התורה ליפת בן עלי (שמות, קטעים)."
2,990001511490205171,RNL,"תרגום ופרוש ערבי לתורה לישועה בן יהודה (בראשית, קטעים)."
2,990001511500205171,RNL,"תרגום ופרוש ערבי לתורה לישועה בן יהודה (בראשית, קטעים)."
2,990001511520205171,RNL,פרוש התורה הקצר לישועה בן יהודה (קטעים).
2,990001522040205171,RNL,פרוש התורה.
2,990001522050205171,RNL,פרוש נביאים (שמואל).
2,990001522080205171,RNL,"תרגום ופרוש התורה ליפת בן עלי (בראשית-ויקרא, קטעים)."
2,990001522090205171,RNL,"פרוש התורה ליפת בן עלי (שמות, קטע)."
2,990001522120205171,RNL,"תרגום ופרוש התורה ליפת בן עלי (ויקרא, קטע)."
2,990001522140205171,RNL,תרגום ופרוש התורה ליפת בן עלי (דברים).
2,990001522150205171,RNL,"תרגום ופרוש התורה ליפת בן עלי (דברים, קטעים)."
2,990001522160205171,RNL,"פרוש התורה ליפת בן עלי (שמות, קטעים)."
2,990001522180205171,RNL,"פרוש התורה (שמות, קטע)."
2,990001522200205171,RNL,פרוש התורה ליפת בן עלי (שמות).
2,990001522210205171,RNL,"תרגום ופרוש התורה ליפת בן עלי (שמות, קטעים)."
2,990001522220205171,RNL,"פרוש התורה (בראשית, קטע)."
2,990001522270205171,RNL,"פרוש התורה (שמות, קטע)."
2,990001522290205171,RNL,תורה (שמות א:א-ו:א) : ; עם תרגום ופרוש של יפת בן עלי אחרי כל פסוק.
2,990001522310205171,RNL,פרוש התורה ליפת בן עלי (ויקרא).
2,990001522320205171,RNL,"פרוש התורה ליפת בן עלי (ויקרא, קטעים)."
2,990001522330205171,RNL,"פרוש התורה ליפת בן עלי (ויקרא, קטעים)."
2,990001522370205171,RNL,פרוש התורה ליפת בן עלי (ויקרא).
2,990001522390205171,RNL,"פרוש התורה (במדבר, קטע)."
2,990001522410205171,RNL,"פרוש התורה (דברים, קטע)."
2,990001522430205171,RNL,קטע בהלכה.
2,990001522440205171,RNL,תרגום ופרוש התורה ליפת בן עלי (ויקרא כא:א-כא:טו).
2,990001522520205171,RNL,"פרוש התורה ליפת בן עלי (ויקרא, קטעים)."
2,990001522530205171,RNL,קטע על המולד.
2,990001522540205171,RNL,"תרגום ופרוש התורה ליפת בן עלי (דברים, קטעים)."
2,990001522570205171,RNL,"תרגום ופרוש התורה ליפת בן עלי (דברים, קטעים)."
2,990001522580205171,RNL,פרוש התורה (דברים).
2,990001522640205171,RNL,פרוש התורה ליפת בן עלי (דברים).
2,990001522650205171,RNL,תרגום ופרוש התורה ליפת בן עלי (דברים).
2,990001522670205171,RNL,תרגום ופרוש התורה ליפת בן עלי (דברים כו-לד).
2,990001522690205171,RNL,פרוש התורה (קטע).
2,990001522700205171,RNL,"תרגום ופרוש התורה ליפת בן עלי (דברים, קטעים)."
2,990001522710205171,RNL,"פרוש התורה ליפת בן עלי (שמות, קטע)."
2,990001522720205171,RNL,"תרגום ופרוש התורה ליפת בן עלי (דברים, קטעים)."
2,990001522730205171,RNL,פרוש התורה ליפת בן עלי (דברים).
2,990001522740205171,RNL,תורה.
2,990001522790205171,RNL,פרוש התורה (קטעים).
2,990001522820205171,RNL,"פרוש התורה לרס""ג בערבית (שמות, קטעים)."
2,990001522870205171,RNL,פרוש התורה (קטע).
2,990001522900205171,RNL,פרוש התורה ונביאים ראשונים.
2,990001522930205171,RNL,"תרגום ופרוש נביאים ליפת בן עלי (יהושע, קטעים)."
2,990001522940205171,RNL,פרוש נביאים (שמואל).
2,990001522950205171,RNL,פרוש נביאים ליפת בן עלי (שמואל ב יט:כ-כא:יד).
2,990001522980205171,RNL,"פרוש נביאים ליפת בן עלי (שופטים, קטעים)."
2,990001522990205171,RNL,"פרוש נביאים ליפת בן עלי (שמואל, קטע)."
2,990001523000205171,RNL,"תרגום ופרוש נביאים ליפת בן עלי (שמואל א כ-לא, שמואל ב א-ז)."
2,990001523010205171,RNL,"פרוש נביאים ליפת בן עלי (שמואל, מלכים, קטעים)."
2,990001523050205171,RNL,"פרוש נביאים ליפת בן עלי (ישעיה, קטעים)."
2,990001523070205171,RNL,"תרגום ופרוש נביאים ליפת בן עלי (ישעיה א-יד, טז-כז)."
2,990001523090205171,RNL,"פרוש התורה (ויקרא, קטע)."
2,990001523100205171,RNL,"פרוש נביאים ליפת בן עלי (ישעיה, קטעים)."
2,990001523130205171,RNL,"פרוש נביאים (ישעיה ותרי עשר, קטעים)."
2,990001523140205171,RNL,"פרוש נביאים ליפת בן עלי (ישעיה, קטעים)."
2,990001523150205171,RNL,"פרוש נביאים ליפת בן עלי (ישעיה, ירמיה ויחזקאל, קטעים)."
2,990001523170205171,RNL,פרוש נביאים ליפת בן עלי (ירמיה).
2,990001523180205171,RNL,"פרוש נביאים ליפת בן עלי (ירמיה, קטעים)."
2,990001523200205171,RNL,"תרגום ופרוש נביאים ליפת בן עלי (יחזקאל כז-מח, זכריה ה:ה)."
2,990001523260205171,RNL,"תרגום ופרוש נביאים ליפת בן עלי (יחזקאל, קטעים)."
2,990001523280205171,RNL,תרגום ופרוש נביאים ליפת בן עלי (יחזקאל ה-כז).
2,990001523300205171,RNL,פרוש כתובים ליפת בן עלי (תהלים).
2,990001523310205171,RNL,פרוש כתובים ליפת בן עלי (תהלים).
2,990001523320205171,RNL,פרוש כתובים ליפת בן עלי (תהלים).
2,990001523340205171,RNL,"פרוש כתובים (תהלים, קטע)."
2,990001523350205171,RNL,"פרוש כתובים (תהלים, קטע)."
2,990001523410205171,RNL,"אלמקדמאת (בראשית, פרשת תולדות, קטע)."
2,990001523500205171,RNL,"פרוש נביאים ליפת בן עלי (הושע, יואל)."
2,990001523510205171,RNL,פרוש נביאים ליפת בן עלי (תרי עשר).
2,990001523530205171,RNL,פרוש כתובים ליפת בן עלי (תהלים).
2,990001523540205171,RNL,פרוש כתובים ליפת בן עלי (משלי).
2,990001523580205171,RNL,"פרוש כתובים ליפת בן עלי (משלי, קטעים)."
2,990001523590205171,RNL,"פרוש כתובים ליפת בן עלי (משלי, קטעים)."
2,990001523600205171,RNL,"פרוש כתובים ליפת בן עלי (משלי, קטעים)."
2,990001523670205171,RNL,"פרוש כתובים (משלי, קטע)."
2,990001523690205171,RNL,"פרוש כתובים (משלי, קטע)."
2,990001523710205171,RNL,"פרוש כתובים (משלי, קטע)."
2,990001523740205171,RNL,"פרוש כתובים (משלי, קטע)."
2,990001523780205171,RNL,"פרוש התורה (בראשית, קטע)."
2,990001523830205171,RNL,"פרוש התורה (במדבר, קטע)."
2,990001523850205171,RNL,פרוש כתובים ליפת בן עלי (משלי).
2,990001523880205171,RNL,פרוש כתובים ליפת בן עלי (איוב).
2,990001523890205171,RNL,"פרוש כתובים ליפת בן עלי (איוב, קטע)."
2,990001523910205171,RNL,פרוש כתובים ליפת בן עלי (איוב).
2,990001523920205171,RNL,פרוש כתובים ליפת בן עלי (איוב).
2,990001523930205171,RNL,פרוש כתובים ליפת בן עלי (דניאל).
2,990001523940205171,RNL,פרוש כתובים ליפת בן עלי (דניאל).
2,990001523950205171,RNL,"פרוש כתובים ליפת בן עלי (דניאל, קטע)."
2,990001523960205171,RNL,פרוש כתובים ליפת בן עלי (עזרא ונחמיה).
2,990001523970205171,RNL,"פרוש התורה (דברים, קטע)."
2,990001523990205171,RNL,"פרוש כתובים (תהלים, קטע)."
2,990001524030205171,RNL,פרוש כתובים ליפת בן עלי (אסתר).
2,990001524040205171,RNL,פרוש כתובים לסלמון בן ירוחם (קהלת).
2,990001524060205171,RNL,שרח אלעתידות (חלק א).
2,990001524070205171,RNL,שרח אלעתידות לירמיה ודניאל (קטע).
2,990001524110205171,RNL,"פרוש כתובים (תהלים, קטעים)."
2,990001524150205171,RNL,תרגום ופרוש נביאים ליפת בן עלי (ישעיה לד-סו).
2,990001524160205171,RNL,"פרוש נביאים ליפת בן עלי (ישעיה, קטעים)."
2,990001524180205171,RNL,"פרוש נביאים ליפת בן עלי (ישעיה כה:א-כה:ג, כו:ב-כו:ו, כח:ד-כח:יב)."
2,990001524230205171,RNL,"פרוש נביאים ליפת בן עלי (ישעיה, קטעים)."
2,990001524280205171,RNL,פרוש התורה (במדבר).
2,990001524290205171,RNL,פרוש נביאים ליפת בן עלי (תרי עשר).
2,990001524300205171,RNL,פרוש כתובים ליפת בן עלי (תהלים).
2,990001524310205171,RNL,"פרוש כתובים (תהלים, קטע)."
2,990001524340205171,RNL,"פרוש כתובים ליפת בן עלי (איוב, קטע)."
2,990001524400205171,RNL,פרוש כתובים ליפת בן עלי (דניאל).
2,990001524410205171,RNL,פרוש כתובים ליפת בן עלי (דניאל).
2,990001524420205171,RNL,פרוש כתובים ליפת בן עלי (דניאל).
2,990001524530205171,RNL,דרשות.
2,990001524540205171,RNL,אלמקדמאת.
2,990001524550205171,RNL,אלמקדמאת.
2,990001524560205171,RNL,קטעים.
2,990001524570205171,RNL,קטעים.
2,990001524580205171,RNL,קטעים.
2,990001524590205171,RNL,קטעים.
2,990001524640205171,RNL,"פרוש נביאים (הושע, קטע)."
2,990001524670205171,RNL,"פרוש כתובים ליפת בן עלי (שיר השירים, קטע)."
2,990001524710205171,RNL,"פרוש כתובים (איוב, קטע)."
2,990001524730205171,RNL,תוכחות ודרשות : ; קטעים.
2,990001524780205171,RNL,"פרוש נביאים ליפת בן עלי (יחזקאל, קטע)."
2,990001524800205171,RNL,פרוש התורה (קטע).
2,990001524810205171,RNL,"פרוש כתובים (תהלים, קטע)."
2,990001524950205171,RNL,שבחי האל בערבית (קטע).
2,990001525060205171,RNL,"אלמקדמאת (במדבר, פרשת מסעי)."
2,990001525130205171,RNL,אלמקדמאת (קטע).
2,990001525150205171,RNL,אלמקדמאת על עשרת הדברות (קטע).
2,990001525160205171,RNL,אלמקדמאת (קטע).
2,990001525180205171,RNL,"אלמקדמאת (ויקרא, פרשת שמיני, קטע)."
2,990001525190205171,RNL,אלמקדמאת (קטע) : ; על שני פרשיות.
2,990001525200205171,RNL,אלמקדמאת על עשרת הדברות (קטע).
2,990001525210205171,RNL,אלמקדמאת (קטע).
2,990001525220205171,RNL,אלמקדמאת (קטע).
2,990001525240205171,RNL,אלמקדמאת (קטע).
2,990001525250205171,RNL,אלמקדמאת (קטע).
2,990001525270205171,RNL,"אלמקדמאת (שמות, פרשת כי תשא, קטע)."
2,990001525280205171,RNL,אלמקדמאת (קטע).
2,990001525290205171,RNL,אלמקדמאת (קטע).
2,990001525300205171,RNL,"אלמקדמאת (דברים, פרשת עקב)."
2,990001525310205171,RNL,"אלמקדמאת (בראשית, קטע)."
2,990001525320205171,RNL,אלמקדמאת.
2,990001525330205171,RNL,"אלמקדמאת (דברים, פרשת כי תבוא)."
2,990001525340205171,RNL,פרוש כתובים ליפת בן עלי (דניאל).
2,990001525360205171,RNL,שרח אלעתידות.
2,990001525370205171,RNL,אלמקדמאת.
2,990001525380205171,RNL,"אלמקדמאת (ויקרא, פרשת מצורע)."
2,990001525420205171,RNL,אלמקדמאת.
2,990001525430205171,RNL,אלמקדמאת.
2,990001525450205171,RNL,אלמקדמאת.
2,990001525460205171,RNL,"פרוש התורה (בראשית, קטע)."
2,990001525470205171,RNL,אלמקדמאת.
2,990001525480205171,RNL,אלמקדמאת.
2,990001525490205171,RNL,אלמקדמאת.
2,990001525500205171,RNL,אלמקדמאת.
2,990001525530205171,RNL,אלמקדמאת.
2,990001525540205171,RNL,אלמקדמאת.
2,990001525560205171,RNL,"פרוש התורה (שמות, קטעים)."
2,990001525600205171,RNL,מסאיל וג'אואב.
2,990001525610205171,RNL,מסאיל וג'אואב (קטע).
2,990001525630205171,RNL,מסאיל וג'אואב (קטע).
2,990001525660205171,RNL,מסאיל וג'אואב.
2,990001525670205171,RNL,מסאיל וג'אואב.
2,990001525690205171,RNL,"פרוש התורה (דברים, קטע)."
2,990001525740205171,RNL,חבור במוסר (קטע).
2,990001525780205171,RNL,מסאיל וג'אואב.
2,990001525790205171,RNL,מסאיל וג'אואב (קטע).
2,990001525810205171,RNL,מסאיל וג'אואב (קטע).
2,990001525850205171,RNL,"אלמקדמאת (במדבר, פרשת בהעלותך)."
2,990001525870205171,RNL,אלמקדמאת (בראשית).
2,990001525880205171,RNL,"אלמקדמאת (במדבר, פרשת פנחס)."
2,990001525890205171,RNL,"אלמקדמאת (במדבר, פרשת פנחס)."
2,990001525900205171,RNL,אלמקדמאת.
2,990001525930205171,RNL,אלמקדמאת.
2,990001526000205171,RNL,ספר המצוות.
2,990001526010205171,RNL,אלמקדמאת.
2,990001526030205171,RNL,אלמקדמאת (קטע).
2,990001526050205171,RNL,אלמקדמאת (קטע).
2,990001526120205171,RNL,ספר המצוות (קטע).
2,990001526150205171,RNL,אלמקדמאת (קטע).
2,990001526270205171,RNL,אלמקדמאת (קטע).
2,990001526290205171,RNL,אלמקדמאת (קטע).
2,990001526330205171,RNL,אלמקדמאת (קטע).
2,990001526450205171,RNL,אלמקדמאת על עשרת הדברות (קטע).
2,990001526480205171,RNL,אלמקדמאת (קטע).
2,990001526500205171,RNL,אלמקדמאת (קטע).
2,990001526540205171,RNL,"פרוש כתובים (משלי, קטע)."
2,990001526570205171,RNL,אלמקדמאת (קטע).
2,990001526580205171,RNL,אלמקדמאת (קטע).
2,990001526590205171,RNL,אלמקדמאת (קטע).
2,990001526600205171,RNL,אלמקדמאת (קטע).
2,990001526620205171,RNL,אלמקדמאת (קטע).
2,990001526670205171,RNL,אלמקדמאת (קטע).
2,990001526690205171,RNL,אלמקדמאת (קטע).
2,990001526760205171,RNL,הלכות תשובה (קטע).
2,990001526810205171,RNL,ספר המצוות (קטע).
2,990001526880205171,RNL,אלמקדמאת (קטע).
2,990001527060205171,RNL,קטע על התפלה.
2,990001527120205171,RNL,"פרוש התורה (בראשית, קטע)."
2,990001527260205171,RNL,אלמקדמאת (קטע).
2,990001527270205171,RNL,אלמקדמאת (קטע).
2,990001527320205171,RNL,תפלה (קטע).
2,990001527330205171,RNL,שאלות ותשובות מאת שמואל בן משה המערבי (קטע).
2,990001527620205171,RNL,"פרוש התורה (במדבר, קטע)."
2,990001527640205171,RNL,"פרוש התורה (שמות, קטע)."
2,990001527720205171,RNL,ספר המצוות (קטע).
2,990001527730205171,RNL,"פרוש התורה (ויקרא, קטע)."
2,990001527920205171,RNL,"אלמקדמאת (שמות, פרשת בא, קטע)."
2,990001527980205171,RNL,"פרוש התורה לשמואל בן משה אבן סני (בראשית, קטע)."
2,990001528000205171,RNL,"פרוש התורה (בראשית, קטע)."
2,990001528010205171,RNL,אלמקדמאת (קטע).
2,990001528090205171,RNL,אלמקדמאת (קטע).
2,990001528100205171,RNL,פרוש התורה (קטע).
2,990001528310205171,RNL,"תרגום ערבי לכתובים (משלי, איוב וחמש מגלות, קטעים)."
2,990001528820205171,RNL,ספר המצוות.
2,990001528840205171,RNL,פרוש התורה (שמות).
2,990001528870205171,RNL,"פרוש כתובים (משלי, קטע)."
2,990001529090205171,RNL,"פרוש נביאים ליפת בן עלי (ישעיה, קטעים)."
2,990001529390205171,RNL,ספר המצוות (קטע).
2,990001529400205171,RNL,ספר המצוות (קטע).
2,990001529530205171,RNL,ספר המצוות (קטע).
2,990001529570205171,RNL,תרגום ופרוש התורה ליפת בן עלי (דברים ה:יב-ה:טו).
2,990001529600205171,RNL,"פרוש התורה ליפת בן עלי (ויקרא, קטע)."
2,990001529710205171,RNL,"פרוש התורה (ויקרא, קטע)."
2,990001529910205171,RNL,חבור בפילוסופיה (קטע).
2,990001530340205171,RNL,ספר המצוות.
2,990001530420205171,RNL,קטע בפולמוס.
2,990001530590205171,RNL,פרוש התורה.
2,990001531180205171,RNL,על אביב.
2,990001531420205171,RNL,פרוש עשרת הדברות (קטע).
2,990001531600205171,RNL,דיני נשואין (קטע).
2,990001531660205171,RNL,דיני נשואין אסורים (קטע).
2,990001531750205171,RNL,דיני שחיטה.
2,990001531770205171,RNL,חבור בפילוסופיה (קטע).
2,990001531820205171,RNL,אלמקדמאת (קטע).
2,990001531940205171,RNL,"פרוש התורה (ויקרא, קטע)."
2,990001532030205171,RNL,פרוש נביאים ליפת בן עלי (שמואל).
2,990001532040205171,RNL,שאלות ותשובות מאת שמואל בן משה המערבי.
2,990001532050205171,RNL,"פרוש התורה (שמות, קטע)."
2,990001532090205171,RNL,אלמקדמאת (קטע).
2,990001532100205171,RNL,אלמקדמאת (קטע).
2,990001532240205171,RNL,פרוש כתובים לסלמון בן ירוחם (תהלים א-עב).
2,990001532250205171,RNL,פרוש מלים במקרא.
2,990001532360205171,RNL,"פרוש התורה (ויקרא, קטע)."
2,990001532390205171,RNL,"פרוש התורה (במדבר, קטע)."
2,990001532430205171,RNL,תרגום ופרוש ערבי לתורה לישועה בן יהודה (ויקרא).
2,990001532450205171,RNL,תרגום ופרוש ערבי לתורה לישועה בן יהודה.
2,990001532470205171,RNL,פרוש נביאים ליהודה אבן בלעם.
2,990001532510205171,RNL,שאלות ותשובות מאת שמואל בן משה המערבי.
2,990001532530205171,RNL,שאלות ותשובות (קטע).
2,990001532540205171,RNL,שאלות ותשובות (קטע).
2,990001532550205171,RNL,שאלות ותשובות.
2,990001532560205171,RNL,שאלות ותשובות.
2,990001532600205171,RNL,פרוש נביאים (מלכים).
2,990001532620205171,RNL,פרוש נביאים ליפת בן עלי (ישעיה).
2,990001532650205171,RNL,פרוש כתובים (משלי).
2,990001532660205171,RNL,פרוש כתובים ליצחק אבן גיאת (קהלת).
2,990001532680205171,RNL,"תרגום ופרוש כתובים לרס""ג (תהלים)."
2,990001532700205171,RNL,דיני נשואין אסורים (קטע).
2,990001532720205171,RNL,"פרוש נביאים ליפת בן עלי (הושע, יואל)."
2,990001532730205171,RNL,פרוש כתובים (שיר השירים).
2,990001532760205171,RNL,פרוש נביאים ליפת בן עלי (תרי עשר).
2,990001532780205171,RNL,שאלות ותשובות מאת שמואל בן משה המערבי.
2,990001532800205171,RNL,אלמקדמאת.
2,990001532810205171,RNL,אלמקדמאת.
2,990001532870205171,RNL,שאלות ותשובות מאת שמואל בן משה המערבי.
2,990001532880205171,RNL,שאלות ותשובות (קטע).
2,990001532900205171,RNL,"פרוש כתובים (תהלים, קטע)."
2,990001532990205171,RNL,שאלות ותשובות על התורה מאת שמואל בן משה אבן סני.
2,990001533010205171,RNL,אלמקדמאת.
2,990001533030205171,RNL,מדרש על דתיות.
2,990001533040205171,RNL,חבור במוסר.
2,990001533050205171,RNL,"פרוש התורה (במדבר, קטע)."
2,990001533060205171,RNL,שאלות ותשובות על התורה מאת שמואל בן משה אבן סני (בראשית).
2,990001533070205171,RNL,שאלות ותשובות על התורה מאת שמואל בן משה אבן סני.
2,990001533080205171,RNL,אלמקדמאת.
2,990001533090205171,RNL,אלמקדמאת.
2,990001533100205171,RNL,"פרוש התורה (ויקרא, קטעים)."
2,990001533110205171,RNL,אלמקדמאת.
2,990001533120205171,RNL,אלמקדמאת.
2,990001533130205171,RNL,אלמקדמאת.
2,990001533140205171,RNL,פרוש כתובים (תהלים).
2,990001533150205171,RNL,פרוש כתובים (תהלים).
2,990001533170205171,RNL,פרוש כתובים (תהלים).
2,990001533180205171,RNL,פרוש כתובים ליפת בן עלי (תהלים).
2,990001533190205171,RNL,פרוש כתובים (תהלים).
2,990001533200205171,RNL,פרוש התורה לעלי בן סולימאן (בראשית-שמות).
2,990001533210205171,RNL,פרוש התורה לסהל בן מצליח (שמות).
2,990001533220205171,RNL,אלמקדמאת.
2,990001533290205171,RNL,פרוש כתובים (קהלת).
2,990001533340205171,RNL,"פרוש התורה (שמות, קטעים)."
2,990001533420205171,RNL,פרוש עשרת הדברות (קטע).
2,990001533460205171,RNL,דיני נשואין אסורים (קטע).
2,990001533480205171,RNL,אלמקדמאת.
2,990001533520205171,RNL,ספר המצוות (קטע).
2,990001533550205171,RNL,אלמקדמאת.
2,990001533580205171,RNL,"תרגום ופרוש התורה ליפת בן עלי (דברים, קטעים)."
2,990001533650205171,RNL,"פרוש התורה (דברים, קטעים)."
2,990001533680205171,RNL,מדרש דוד (שמות).
2,990001533730205171,RNL,"פרוש התורה (במדבר, קטעים)."
2,990001533740205171,RNL,פרוש התורה (דברים-במדבר).
2,990001533790205171,RNL,"פרוש התורה (בראשית, קטע)."
2,990001533870205171,RNL,"פרוש התורה (במדבר, קטע)."
2,990001533890205171,RNL,פרוש התורה (שמות-ויקרא).
2,990001533900205171,RNL,פרוש התורה (במדבר).
2,990001533910205171,RNL,פרוש התורה (במדבר).
2,990001534060205171,RNL,"תרגום ופרוש התורה ליפת בן עלי (דברים, קטעים)."
2,990001534070205171,RNL,"תרגום ופרוש התורה ליפת בן עלי (דברים, קטעים)."
2,990001534110205171,RNL,תרגום ופרוש התורה ליפת בן עלי (דברים יג:ה-יג:טז).
2,990001534210205171,RNL,"תרגום ופרוש התורה ליפת בן עלי (דברים י:טז, יא:ה-יא:ו)."
2,990001534220205171,RNL,תרגום ופרוש התורה ליפת בן עלי (דברים יז:א-יז:ד).
2,990001534320205171,RNL,ספר המצוות (קטע).
2,990001534410205171,RNL,"פרוש התורה (ויקרא, קטע)."
2,990001534440205171,RNL,"תרגום ופרוש התורה ליפת בן עלי (דברים יח, קטעים)."
2,990001534450205171,RNL,תרגום ערבי לתורה (דברים).
2,990001534480205171,RNL,פרוש התורה (דברים).
2,990001534550205171,RNL,שאלות ותשובות מאת שמואל בן משה המערבי (בראשית-שמות).
2,990001534660205171,RNL,פרוש התורה (במדבר).
2,990001534710205171,RNL,"פרוש התורה (במדבר, קטע)."
2,990001534800205171,RNL,"פרוש התורה (דברים, קטע)."
2,990001534890205171,RNL,פרוש עשרת הדברות (קטע).
2,990001534940205171,RNL,"פרוש נביאים (ירמיה, קטע)."
2,990001535010205171,RNL,כתאב אלמחצרא ואלמדאכרה.
2,990001535240205171,RNL,תרגום ופרוש ערבי לתורה לישועה בן יהודה (דברים).
2,990001535270205171,RNL,פרוש נביאים (ישעיה).
2,990001535350205171,RNL,פרוש ההפטרה לתשעה באב.
2,990001535460205171,RNL,ספר תשובה.
2,990001535470205171,RNL,ספר תשובה.
2,990001535480205171,RNL,"פרוש נביאים ליפת בן עלי (ישעיה, קטעים)."
2,990001535490205171,RNL,פרוש התורה לשמואל בן משה המערבי.
2,990001535500205171,RNL,שאלות ותשובות מאת שמואל בן משה המערבי.
2,990001535520205171,RNL,"פרוש נביאים ליפת בן עלי (שמואל ב כא, כב:א-כב:כג)."
2,990001535530205171,RNL,שאלות ותשובות מאת שמואל בן משה המערבי.
2,990001535540205171,RNL,שאלות ותשובות מאת שמואל בן משה המערבי.
2,990001535550205171,RNL,שאלות ותשובות מאת שמואל בן משה המערבי.
2,990001535570205171,RNL,שאלות ותשובות מאת שמואל בן משה המערבי.
2,990001535580205171,RNL,שאלות ותשובות מאת שמואל בן משה המערבי.
2,990001535600205171,RNL,"כתובים (תהלים, קטעים) : ; עם ניקוד טעמים, ומסורה קטנה ותרגום ערבי אחר כל פסוק."
2,990001535630205171,RNL,"תרגום ופרוש ערבי לכתובים לרס""ג (תהלים קה-קנ)."
2,990001535710205171,RNL,"תרגום ופרוש ערבי לרס""ג לכתובים (תהלים, צד-צז; קטו-קטז) : ; עם כל המקרא."
2,990001535720205171,RNL,"תרגום ערבי לכתובים (תהלים, קטע)."
2,990001535740205171,RNL,פרוש התורה ליוסף בן נוח.
2,990001535750205171,RNL,פרוש כתובים ליוסף בן נוח.
2,990001535860205171,RNL,כתאב אלאסל : ; ספר הרקמה בערבית.
2,990001535910205171,RNL,כתאב אלאסל : ; ספר הרקמה בערבית.
2,990001535920205171,RNL,פרוש כתובים לסלמון בן ירוחם (קהלת).
2,990001535940205171,RNL,פרוש כתובים לסלמון בן ירוחם (קהלת).
2,990001535950205171,RNL,פרוש כתובים (קהלת).
2,990001535960205171,RNL,פרוש כתובים לדוד בן בעז (קהלת).
2,990001536010205171,RNL,ספר המצוות (קטע) : ; על ירושה.
2,990001536070205171,RNL,ספר המצוות (קטע).
2,990001536100205171,RNL,אלמקדמאת.
2,990001536150205171,RNL,"פרוש כתובים (קהלת, קטע)."
2,990001536190205171,RNL,"פרוש כתובים (קהלת, קטעים)."
2,990001536210205171,RNL,"פרוש כתובים (קהלת, קטע)."
2,990001536520205171,RNL,"פרוש נביאים ליהודה אבן בלעם (ירמיה, קטע)."
2,990001536540205171,RNL,"פרוש נביאים (יחזקאל, קטעים)."
2,990001536560205171,RNL,תרגום ופרוש נביאים ליפת בן עלי (יחזקאל מא:ו-מא:כא).
2,990001536630205171,RNL,"פרוש נביאים (יחזקאל, קטע)."
2,990001536780205171,RNL,פרוש כתובים (דניאל).
2,990001536990205171,RNL,"פרוש התורה (ויקרא, קטע)."
2,990001537550205171,RNL,"פרוש התורה (דברים, קטע)."
2,990001537570205171,RNL,"פרוש נביאים ליפת בן עלי (שמואל ב טו-יט, כב-כד)."
2,990001537850205171,RNL,"פרוש התורה (שמות, קטע)."
2,990001538090205171,RNL,תרגום ופרוש ערבי לתורה לישועה בן יהודה.
2,990001538190205171,RNL,אלמקדמאת (קטע).
2,990001538260205171,RNL,תרגום ופרוש ערבי לתורה לישועה בן יהודה : ; הנוסח הקצר.
2,990001538310205171,RNL,תרגום ופרוש ערבי לתורה לישועה בן יהודה.
2,990001538320205171,RNL,פרוש התורה לעלי בן סולימאן (שמות).
2,990001538330205171,RNL,חבור בדקדוק עברי.
2,990001538350205171,RNL,"פרוש כתובים (משלי, קטע)."
2,990001538360205171,RNL,תרגום ופרוש ערבי לתורה לישועה בן יהודה.
2,990001538370205171,RNL,תרגום ופרוש ערבי לתורה לישועה בן יהודה.
2,990001538410205171,RNL,פרוש התורה לעלי בן סולימאן.
2,990001538420205171,RNL,פרוש התורה.
2,990001538460205171,RNL,"פרוש התורה (בראשית, קטע)."
2,990001538530205171,RNL,תרגום ופרוש ערבי לתורה לישועה בן יהודה.
2,990001538660205171,RNL,"תרגום ופרוש ערבי לתורה לישועה בן יהודה (בראשית, קטע)."
2,990001538670205171,RNL,"פרוש התורה (ויקרא, קטע)."
2,990001538680205171,RNL,"תרגום ופרוש ערבי לתורה לישועה בן יהודה (דברים, קטע)."
2,990001538710205171,RNL,תרגום ופרוש ערבי לתורה לישועה בן יהודה (דברים).
2,990001538790205171,RNL,תרגום ופרוש ערבי לתורה לישועה בן יהודה (במדבר).
2,990001538850205171,RNL,תרגום ופרוש ערבי לתורה לישועה בן יהודה (דברים).
2,990001538980205171,RNL,תרגום ופרוש ערבי לתורה לישועה בן יהודה (ויקרא).
2,990001539010205171,RNL,"תרגום ופרוש ערבי לתורה לישועה בן יהודה (ויקרא, קטע)."
2,990001539020205171,RNL,אלמקדמאת (קטע).
2,990001539030205171,RNL,אלמקדמאת (קטע).
2,990001539250205171,RNL,"פרוש התורה (ויקרא, קטע)."
2,990001539290205171,RNL,פרוש התורה (קטע).
2,990001539300205171,RNL,אלמקדמאת (קטע).
2,990001539380205171,RNL,"תרגום ופרוש נביאים ליפת בן עלי (ישעיה, קטעים)."
2,990001539470205171,RNL,תרגום ופרוש נביאים ליפת בן עלי (מלכים ב קטעים).
2,990001539850205171,RNL,פרוש כתובים (אסתר).
2,990001540100205171,RNL,פרוש התורה (קטע).
2,990001540230205171,RNL,חבור בפילוסופיה (קטע).
2,990001540270205171,RNL,תרגום ופרוש ערבי לתורה לישועה בן יהודה (קטע).
2,990001540630205171,RNL,כתאב אלמשתמל עלא אלאצול ואלפצול פי אללגה אלעבראניה.
2,990001540680205171,RNL,כתאב אלמשתמל עלא אלאצול ואלפצול פי אללגה אלעבראניה.
2,990001540700205171,RNL,חבור בדקדוק עברי.
2,990001540740205171,RNL,פרוש נביאים וכתובים.
2,990001540770205171,RNL,שרח אלאלפאץ.
2,990001540780205171,RNL,שרח אלאלפאץ : ; על התורה.
2,990001540790205171,RNL,שרח אלאלפאץ : ; על נביאים וכתובים.
2,990001540820205171,RNL,שרח אלאלפאץ (קטע) : ; על בראשית ושמות.
2,990001541040205171,RNL,שרח אלאלפאץ (קטעים) : ; על נביאים וכתובים.
2,990001541050205171,RNL,שרח אלאלפאץ (קטע) : ; על שופטים.
2,990001541060205171,RNL,שרח אלאלפאץ (קטע) : ; על שמואל.
2,990001541100205171,RNL,שרח אלאלפאץ (קטעים) : ; על נביאים וכתובים.
2,990001541230205171,RNL,אלאפעאל דואת חרוף אללין.
2,990001541240205171,RNL,אלאפעאל דואת חרוף אללין.
2,990001541250205171,RNL,כתאב אלכאפי.
2,990001541320205171,RNL,חבור בדקדוק עברי (קטע).
2,990001541470205171,RNL,חבור בדקדוק עברי.
2,990001541550205171,RNL,שרח אלאלפאץ.
2,990001541560205171,RNL,שרח אלאלפאץ.
2,990001541570205171,RNL,שרח אלאלפאץ.
2,990001541610205171,RNL,כתאב אלאצול.
2,990001541620205171,RNL,כתאב אלאצול.
2,990001541660205171,RNL,כתאב אפעאל דואת אלמתלין.
2,990001541680205171,RNL,כתאב אלתיסר (קטע).
2,990001541840205171,RNL,כתאב אלמשתמל עלא אלאצול ואלפצול פי אללגה אלעבראניה.
2,990001541850205171,RNL,כתאב אלמשתמל עלא אלאצול ואלפצול פי אללגה אלעבראניה.
2,990001541910205171,RNL,שרח אלאלפאץ (קטע) : ; על התורה.
2,990001541960205171,RNL,אלאפעאל דואת חרוף אללין (קטע).
2,990001542010205171,RNL,כתאב אלמשתמל עלא אלאצול ואלפצול פי אללגה אלעבראניה.
2,990001542020205171,RNL,חבור בדקדוק עברי.
2,990001542040205171,RNL,ספר הנקוד (קטע).
2,990001542060205171,RNL,מלון עברי (קטע).
2,990001542090205171,RNL,חבור בדקדוק עברי.
2,990001542160205171,RNL,כתאב אפעאל דואת אלמתלין (קטע).
2,990001542170205171,RNL,חבור בדקדוק עברי (קטע).
2,990001542320205171,RNL,כתאב אלכאפי.
2,990001542340205171,RNL,כתאב אלמשתמל עלא אלאצול ואלפצול פי אללגה אלעבראניה.
2,990001542380205171,RNL,כתאב אלמשתמל עלא אלאצול ואלפצול פי אללגה אלעבראניה.
2,990001542450205171,RNL,כתאב אלכאפי.
2,990001542470205171,RNL,כתאב אלכאפי.
2,990001542480205171,RNL,כתאב אלמשתמל עלא אלאצול ואלפצול פי אללגה אלעבראניה.
2,990001542500205171,RNL,כתאב אלכאפי.
2,990001542520205171,RNL,חבור בדקדוק עברי (קטע).
2,990001542630205171,RNL,כתאב אלמשתמל עלא אלאצול ואלפצול פי אללגה אלעבראניה.
2,990001542770205171,RNL,כתאב אלמשתמל עלא אלאצול ואלפצול פי אללגה אלעבראניה.
2,990001542850205171,RNL,פרוש כתובים לתנחום ירושלמי (תהלים יב).
2,990001543060205171,RNL,כתאב אלמשתמל עלא אלאצול ואלפצול פי אללגה אלעבראניה.
2,990001543080205171,RNL,כתאב אלמשתמל עלא אלאצול ואלפצול פי אללגה אלעבראניה.
2,990001543100205171,RNL,כתאב אלמשתמל עלא אלאצול ואלפצול פי אללגה אלעבראניה.
2,990001543160205171,RNL,פרוש נביאים וכתובים.
2,990001543250205171,RNL,כתאב אלמשתמל עלא אלאצול ואלפצול פי אללגה אלעבראניה.
2,990001543690205171,RNL,חבור בדקדוק עברי.
2,990001543990205171,RNL,חבור בדקדוק עברי.
2,990001544000205171,RNL,חבור בדקדוק עברי.
2,990001544020205171,RNL,פרוש נביאים ליפת בן עלי (יהושע טו:יג-יז:טז).
2,990001544210205171,RNL,קטעים מחבורים שונים.
2,990001544240205171,RNL,חבור בדקדוק עברי (קטע).
2,990001544270205171,RNL,חבור בדקדוק עברי.
2,990001544690205171,RNL,כתאב אלאצול (קטע).
2,990001544700205171,RNL,חבור בדקדוק עברי.
2,990001544740205171,RNL,שרח אלאלפאץ (קטע) : ; על התורה.
2,990001544760205171,RNL,שרח אלאלפאץ (קטע) : ; על התורה.
2,990001544780205171,RNL,שרח אלאלפאץ (נביאים וכתובים).
2,990001544830205171,RNL,שרח אלאלפאץ (קטע).
2,990001544890205171,RNL,כתאב אפעאל דואת אלמתלין (קטע).
2,990001544950205171,RNL,אלאפעאל דואת חרוף אללין (קטע).
2,990001544970205171,RNL,מלון עברי (קטע).
2,990001545040205171,RNL,שרח אלאלפאץ.
2,990001545100205171,RNL,אלאפעאל דואת חרוף אללין.
2,990001545160205171,RNL,אלאפעאל דואת חרוף אללין (קטע).
2,990001545270205171,RNL,חבור בדקדוק עברי.
2,990001545490205171,RNL,חבור בדקדוק עברי.
2,990001545550205171,RNL,חבור בדקדוק עברי.
2,990001545650205171,RNL,שרח אלאלפאץ (קטעים) : ; לתורה ולנביאים.
2,990001546250205171,RNL,אלאפעאל דואת חרוף אללין.
2,990001546510205171,RNL,חבור בדקדוק עברי.
2,990001546640205171,RNL,חבור בדקדוק עברי (קטע).
2,990001546650205171,RNL,כתאב אלמסתלחק (קטע).
2,990001546710205171,RNL,"פרוש התורה ליוסף בן נוח (בראשית, קטע)."
2,990001546720205171,RNL,אלאפעאל דואת חרוף אללין (קטע).
2,990001546810205171,RNL,שרח אלאלפאץ (קטעים) : ; ליהושע ושופטים.
2,990001546820205171,RNL,חבור בדקדוק עברי.
2,990001546880205171,RNL,חבור בדקדוק עברי (קטע).
2,990001546920205171,RNL,פרוש נביאים ליהודה אבן בלעם (קטעים).
2,990001546970205171,RNL,מלון עברי (קטעים).
2,990001547000205171,RNL,חבור בדקדוק עברי.
2,990001547230205171,RNL,שרח אלאלפאץ (קטעים).
2,990001547380205171,RNL,שרח אלאלפאץ (קטעים).
2,990001547390205171,RNL,שרח אלאלפאץ (קטעים).
2,990001547400205171,RNL,שרח אלאלפאץ (בראשית א; ח).
2,990001547470205171,RNL,"שרח אלאלפאץ (בראשית, קטע)."
2,990001547500205171,RNL,"שרח אלאלפאץ (במדבר, קטע)."
2,990001547580205171,RNL,שרח אלאלפאץ.
2,990001547590205171,RNL,חבור בדקדוק עברי.
2,990001547640205171,RNL,פרוש עשרת הדברות.
2,990001547710205171,RNL,"פרוש התורה ליפת בן עלי (בראשית, קטע)."
2,990001547950205171,RNL,אלמקדמאת (קטע).
2,990001547980205171,RNL,חבור בדקדוק עברי.
2,990001548010205171,RNL,כתאב אלכאפי.
2,990001548300205171,RNL,תרחיב (קטע) : ; ספר תורה של קראים.
2,990001548960205171,RNL,"פרוש נביאים לרס""ג."
2,990001548990205171,RNL,"תרגום ערבי לכתובים (משלי, קטע)."
2,990001549150205171,RNL,חבור על המולד (קטע).
2,990001549330205171,RNL,פרוש התורה ליפת בן עלי (שמות א-טו).
2,990001549340205171,RNL,פרוש התורה (במדבר).
2,990001549350205171,RNL,פרוש התורה ליפת בן עלי (שמות כא:לג-כב:ב).
2,990001549400205171,RNL,"פרוש התורה (ויקרא, קטע)."
2,990001549420205171,RNL,"פרוש התורה (ויקרא, קטע)."
2,990001549520205171,RNL,"פרוש התורה ליפת בן עלי (שמות, קטעים)."
2,990001549540205171,RNL,"פרוש התורה (שמות, קטע)."
2,990001549560205171,RNL,תרגום ערבי לתורה (בראשית-שמות).
2,990001549590205171,RNL,פרוש התורה ליפת בן עלי (שמות).
2,990001549620205171,RNL,פרוש התורה ליפת בן עלי (שמות יב:כא-יב:לג).
2,990001549650205171,RNL,כתאב אלריאץ' ואלחדאיק (בראשית).
2,990001549660205171,RNL,"פרוש התורה ליפת בן עלי (שמות, דברים, קטעים)."
2,990001549740205171,RNL,פרוש התורה (בראשית).
2,990001549890205171,RNL,"פרוש התורה (שמות, קטעים)."
2,990001549900205171,RNL,פרוש התורה (בראשית).
2,990001549930205171,RNL,פרוש התורה (דברים).
2,990001549970205171,RNL,תרגום ופרוש ערבי לתורה לישועה בן יהודה (במדבר).
2,990001549980205171,RNL,פרוש התורה (דברים).
2,990001550010205171,RNL,פרוש התורה (בראשית).
2,990001550020205171,RNL,תרגום ופרוש ערבי לתורה לישועה בן יהודה (שמות).
2,990001550100205171,RNL,פרוש התורה.
2,990001550210205171,RNL,תרגום ופרוש ערבי לתורה לישועה בן יהודה (ויקרא).
2,990001550220205171,RNL,כתאב אלריאץ' ואלחדאיק (ויקרא).
2,990001550260205171,RNL,"אלמקדמאת (דברים, פרשת ראה)."
2,990001550290205171,RNL,"פרוש התורה (שמות, ה-יז קטעים)."
2,990001550450205171,RNL,"פרוש התורה לעלי בן אברהם (במדבר, דברים)."
2,990001550460205171,RNL,פרוש התורה.
2,990001550470205171,RNL,שאלות ותשובות מאת שמואל בן משה המערבי.
2,990001550540205171,RNL,"פרוש התורה (במדבר ודברים, קטעים)."
2,990001550640205171,RNL,ספר המצוות (קטע) : ; על האביב.
2,990001550720205171,RNL,"פרוש התורה (ויקרא, קטעים)."
2,990001550740205171,RNL,"פרוש התורה (ויקרא, קטע)."
2,990001550760205171,RNL,פרוש התורה בערבית ליעקב אלקרקסאני (בראשית).
2,990001550770205171,RNL,כתאב אלאסתבצאר.
2,990001550830205171,RNL,"פרוש התורה ליפת בן עלי (שמות-ויקרא, קטעים)."
2,990001550920205171,RNL,תרגום ערבי לתורה (קטע).
2,990001550950205171,RNL,תרגום ארמי וערבי לתורה (במדבר).
2,990001550970205171,RNL,תוכן עשרת הדברות בחרוזים.
2,990001551000205171,RNL,"פרוש התורה (ויקרא, קטע)."
2,990001551010205171,RNL,"תרגום ערבי לתורה (דברים ב-ח, קטעים)."
2,990001551050205171,RNL,"פרוש נביאים ליפת בן עלי (יהושע-שופטים, קטעים)."
2,990001551060205171,RNL,פרוש נביאים ליפת בן עלי (יהושע ט-כג).
2,990001551070205171,RNL,"פרוש נביאים ליפת בן עלי (יהושע-שופטים, קטעים)."
2,990001551120205171,RNL,"פרוש נביאים ליפת בן עלי (יהושע, קטע)."
2,990001551140205171,RNL,"תרגום ערבי ופרוש נביאים (יהושע, קטע)."
2,990001551150205171,RNL,פרוש נביאים וכתובים (תהלים) (קטעים).
2,990001551190205171,RNL,"תרגום ופרוש נביאים ליפת בן עלי (שופטים ג-ז, ט-יט)."
2,990001551200205171,RNL,תרגום ערבי ופרוש נביאים (שופטים).
2,990001551210205171,RNL,"תרגום ופרוש נביאים ליפת בן עלי (שמואל א, קטעים)."
2,990001551220205171,RNL,"תרגום ופרוש נביאים (שמואל, קטעים)."
2,990001551240205171,RNL,תרגום ופרוש נביאים ליפת בן עלי (שופטים יז-כ).
2,990001551280205171,RNL,"תרגום ופרוש נביאים ליפת בן עלי (שמואל ב ה-ו, טו-כב)."
2,990001551300205171,RNL,תרגום ופרוש נביאים ליפת בן עלי (שמואל א ו:טו-ז:יב).
2,990001551330205171,RNL,פרוש נביאים ראשונים.
2,990001551340205171,RNL,"תרגום ופרוש נביאים ליפת בן עלי (שמואל א ה-יא, קטעים)."
2,990001551360205171,RNL,"תרגום ופרוש נביאים ליפת בן עלי (מלכים ב י-יד, כב-כה, ירמיה נא-נב)."
2,990001551370205171,RNL,פרוש נביאים ליפת בן עלי (מלכים).
2,990001551380205171,RNL,תרגום ופרוש נביאים ליפת בן עלי (מלכים א כב-מלכים ב).
2,990001551390205171,RNL,תרגום ופרוש נביאים ליפת בן עלי.
2,990001551450205171,RNL,תרגום ופרוש נביאים ליפת בן עלי (ישעיה ב:כג-לא:ה).
2,990001551510205171,RNL,חבור בדקדוק עברי (קטע).
2,990001551580205171,RNL,"תרגום ופרוש נביאים ליפת בן עלי (ישעיה א:א-א:ב, ד:ה-ה:ז)."
2,990001551590205171,RNL,"תרגום ופרוש נביאים ליפת בן עלי (ישעיה, קטעים)."
2,990001551610205171,RNL,"תרגום ופרוש נביאים ליפת בן עלי (ישעיה, קטעים)."
2,990001551670205171,RNL,תפלות מנהג קראים (קטעים).
2,990001551720205171,RNL,פרוש נביאים אחרונים ליפת בן עלי.
2,990001551740205171,RNL,"תרגום ופרוש נביאים ליפת בן עלי (ישעיה, קטעים)."
2,990001551750205171,RNL,פרוש נביאים (קטעים).
2,990001551950205171,RNL,פרוש נביאים ליפת בן עלי (ישעיה).
2,990001552080205171,RNL,"פרוש נביאים (ירמיה, קטע)."
2,990001552090205171,RNL,"פרוש נביאים (הושע, קטע)."
2,990001552230205171,RNL,תרגום ופרוש ערבי לנביאים (ירמיה).
2,990001552250205171,RNL,תרגום ופרוש ערבי לנביאים (ירמיה מו-סוף).
2,990001552260205171,RNL,תרגום ופרוש ערבי לנביאים (ירמיה).
2,990001552290205171,RNL,תרגום ופרוש ערבי לנביאים (יחזקאל).
2,990001552300205171,RNL,תרגום ופרוש ערבי לנביאים (יחזקאל).
2,990001552320205171,RNL,"פרוש נביאים (יחזקאל, קטע)."
2,990001552500205171,RNL,"פרוש נביאים (יחזקאל, קטע)."
2,990001552640205171,RNL,תרגום ופרוש ערבי לנביאים (יחזקאל).
2,990001552650205171,RNL,פרוש נביאים ליפת בן עלי (יחזקאל מב:י-מח:יד).
2,990001552660205171,RNL,פרוש נביאים (יחזקאל).
2,990001552710205171,RNL,תרגום ערבי לנביאים (יחזקאל).
2,990001552800205171,RNL,"פרוש נביאים (יחזקאל, קטע)."
2,990001552850205171,RNL,אלמקדמאת (קטע).
2,990001552900205171,RNL,תפלות מנהג קראים.
2,990001552940205171,RNL,"תרגום ופרוש ערבי לנביאים (יחזקאל א-יד, קטעים)."
2,990001552960205171,RNL,תרגום ופרוש ערבי לנביאים (יחזקאל).
2,990001552970205171,RNL,תרגום ופרוש ערבי לנביאים (תרי עשר).
2,990001552980205171,RNL,תרגום ופרוש ערבי לנביאים (תרי עשר).
2,990001553060205171,RNL,תרגום ופרוש ערבי לנביאים (תרי עשר).
2,990001553070205171,RNL,תרגום ופרוש ערבי לנביאים (ירמיה).
2,990001553090205171,RNL,תרגום ופרוש ערבי לנביאים (תרי עשר).
2,990001553110205171,RNL,"שרח אלאלפאץ (תרי עשר, קטע)."
2,990001553120205171,RNL,"תרגום ופרוש ערבי לנביאים (תרי עשר, קטע)."
2,990001553140205171,RNL,תרגום ופרוש ערבי לנביאים (תרי עשר).
2,990001553200205171,RNL,תפלות מנהג קראים.
2,990001553250205171,RNL,אלמקדמאת (קטע).
2,990001553270205171,RNL,פרוש התורה (קטע).
2,990001553280205171,RNL,תרגום ופרוש ערבי לכתובים (תהלים).
2,990001553290205171,RNL,תרגום ופרוש ערבי לכתובים (תהלים).
2,990001553300205171,RNL,"תרגום ופרוש ערבי לכתובים (תהלים, קטע)."
2,990001553310205171,RNL,"תרגום ופרוש ערבי לכתובים (תהלים, קטע)."
2,990001553320205171,RNL,אלמקדמאת (קטע).
2,990001553370205171,RNL,תרגום ופרוש כתובים (תהלים).
2,990001553380205171,RNL,תרגום ופרוש כתובים (תהלים).
2,990001553390205171,RNL,"תרגום ופרוש ערבי לכתובים (תהלים, קטע)."
2,990001553400205171,RNL,"תרגום ופרוש ערבי לכתובים (תהלים, קטע)."
2,990001553420205171,RNL,"תרגום ופרוש ערבי לכתובים (תהלים, קטע)."
2,990001553460205171,RNL,תרגום ופרוש ערבי לכתובים (תהלים).
2,990001553480205171,RNL,תרגום ופרוש ערבי לכתובים (תהלים).
2,990001553490205171,RNL,תרגום ופרוש ערבי לכתובים (תהלים).
2,990001553500205171,RNL,"תרגום ופרוש ערבי לכתובים (תהלים, קטע)."
2,990001553510205171,RNL,"תרגום ופרוש ערבי לכתובים (תהלים, קטע)."
2,990001553530205171,RNL,תרגום ופרוש ערבי לכתובים (תהלים).
2,990001553540205171,RNL,"תרגום ופרוש ערבי לכתובים (תהלים, קטעים)."
2,990001553630205171,RNL,"תרגום ופרוש כתובים (תהלים, קטע)."
2,990001553640205171,RNL,"תרגום ופרוש ערבי לכתובים (תהלים, קטע)."
2,990001553650205171,RNL,"תרגום ופרוש ערבי לכתובים (תהלים, קטע)."
2,990001553660205171,RNL,"פרוש כתובים (תהלים, קטע)."
2,990001553820205171,RNL,"תרגום ופרוש ערבי לכתובים (תהלים, קטע)."
2,990001553920205171,RNL,תפלות מנהג קראים (קטע).
2,990001553950205171,RNL,"תרגום ופרוש ערבי לכתובים (תהלים, קטעים) : ; עם כל המקרא."
2,990001553960205171,RNL,תרגום ופרוש ערבי לכתובים (תהלים).
2,990001553970205171,RNL,אלמקדמאת (קטעים).
2,990001553980205171,RNL,"תרגום ופרוש ערבי לכתובים (תהלים, קטע)."
2,990001554050205171,RNL,"פרוש כתובים לסלמון בן ירוחם (איכה, קטעים)."
2,990001554110205171,RNL,"פרוש כתובים (תהלים, קטעים)."
2,990001554140205171,RNL,שרח אלאלפאץ (כתובים).
2,990001554150205171,RNL,"תרגום ופרוש ערבי לכתובים (תהלים, קטעים)."
2,990001554170205171,RNL,"תרגום ופרוש ערבי לכתובים (תהלים, קטע)."
2,990001554180205171,RNL,"תרגום ופרוש ערבי לכתובים (תהלים, קטעים)."
2,990001554230205171,RNL,"פרוש התורה (שמות, קטע)."
2,990001554240205171,RNL,אלמקדמאת (קטע).
2,990001554260205171,RNL,"פרוש התורה (שמות, קטע)."
2,990001554430205171,RNL,תפלות מנהג קראים (קטע).
2,990001554440205171,RNL,תפלות מנהג קראים (קטע).
2,990001554520205171,RNL,אלמקדמאת (קטע).
2,990001554640205171,RNL,"פרוש נביאים וכתובים (ישעיה, תהלים ואסתר, קטעים)."
2,990001554650205171,RNL,"תרגום ופרוש ערבי לכתובים (תהלים, קטע)."
2,990001554840205171,RNL,תפלות מנהג קראים (קטע).
2,990001554980205171,RNL,פרוש כתובים לתנחום ירושלמי (תהלים).
2,990001555220205171,RNL,תרגום ופרוש נביאים ליפת בן עלי (ישעיה לז:לח-לח:טז).
2,990001555400205171,RNL,תרגום ופרוש ערבי לכתובים (משלי).
2,990001555420205171,RNL,תרגום ופרוש ערבי לכתובים (משלי).
2,990001555430205171,RNL,תרגום ופרוש ערבי לכתובים (משלי כד:כז-כה:כח; ל:א-ל:ה).
2,990001555440205171,RNL,"תרגום ופרוש ערבי לכתובים (משלי, קטע)."
2,990001555490205171,RNL,תרגום ופרוש ערבי לכתובים (משלי).
2,990001555560205171,RNL,תרגום ופרוש ערבי לכתובים (משלי).
2,990001555570205171,RNL,תרגום ופרוש ערבי לכתובים (קהלת).
2,990001555580205171,RNL,תרגום ופרוש ערבי לכתובים (משלי וחמש מגלות).
2,990001555600205171,RNL,"תרגום ופרוש ערבי לכתובים (משלי, קטע)."
2,990001555630205171,RNL,"תרגום ופרוש ערבי לכתובים (משלי, ח-ט; כח, קטעים)."
2,990001555660205171,RNL,"תרגום ופרוש ערבי לכתובים (משלי, קטע)."
2,990001555670205171,RNL,"תרגום ופרוש ערבי לכתובים (משלי, קטע)."
2,990001555710205171,RNL,תרגום ופרוש ערבי לכתובים (איוב).
2,990001555730205171,RNL,"תרגום ופרוש ערבי לכתובים (איוב, קטע)."
2,990001555760205171,RNL,תרגום ופרוש ערבי לכתובים (איוב).
2,990001555790205171,RNL,"פרוש התורה (דברים, קטע)."
2,990001555860205171,RNL,תרגום ופרוש ערבי לכתובים (איוב).
2,990001555880205171,RNL,פרוש כתובים ליפת בן עלי (איוב).
2,990001555890205171,RNL,תרגום ופרוש ערבי לכתובים (איוב).
2,990001555910205171,RNL,תרגום ופרוש ערבי לכתובים (איוב).
2,990001556010205171,RNL,"תרגום ופרוש ערבי לכתובים (איוב, קטעים)."
2,990001556020205171,RNL,הקדמה לפרוש איוב (קטע).
2,990001556050205171,RNL,"תרגום ופרוש ערבי לכתובים (איוב, קטע)."
2,990001556060205171,RNL,"פרוש כתובים (איוב, קטע)."
2,990001556110205171,RNL,"תרגום ופרוש ערבי לכתובים (איוב, קטע)."
2,990001556190205171,RNL,"תרגום ופרוש ערבי לכתובים (איוב, קטע)."
2,990001556240205171,RNL,"פרוש כתובים (שיר השירים, קטע)."
2,990001556280205171,RNL,תרגום ופרוש ערבי לכתובים (איכה).
2,990001556340205171,RNL,פרוש כתובים (קהלת).
2,990001556390205171,RNL,"תרגום ופרוש ערבי לכתובים (שיר השירים, קטע)."
2,990001556400205171,RNL,פרוש כתובים (קהלת).
2,990001556430205171,RNL,פרוש כתובים (קהלת).
2,990001556490205171,RNL,תרגום ופרוש ערבי לכתובים (שיר השירים).
2,990001556500205171,RNL,"תרגום ופרוש ערבי לכתובים (שיר השירים, רות)."
2,990001556530205171,RNL,"תרגום ופרוש ערבי לכתובים (שיר השירים, קטע)."
2,990001556590205171,RNL,תרגום ופרוש ערבי לכתובים (קהלת).
2,990001556620205171,RNL,"תרגום ופרוש ערבי לרס""ג לכתובים (תהלים, קטעים) : ; עם כל המקרא."
2,990001556630205171,RNL,"פרוש כתובים לתנחום ירושלמי (תהלים, קטעים)."
2,990001556640205171,RNL,תרגום ופרוש ערבי לנביאים (יחזקאל).
2,990001556660205171,RNL,פרושים שונים.
2,990001556670205171,RNL,ספר המצוות ללוי בן יפת.
2,990001556680205171,RNL,פרוש התורה.
2,990001556760205171,RNL,על קורבנות (קטע).
2,990001556910205171,RNL,פרוש התורה (דברים).
2,990001556920205171,RNL,"מדרש דוד (דברים, קטעים)."
2,990001556960205171,RNL,שאלות ותשובות לתורה.
2,990001556980205171,RNL,"פרוש כתובים לסלמון בן ירוחם (שיר השירים, קטע)."
2,990001556990205171,RNL,"פרוש כתובים לסלמון בן ירוחם (שיר השירים, קטע)."
2,990001557000205171,RNL,"שרח אלאלפאץ (כתובים, קטעים)."
2,990001557020205171,RNL,פרוש כתובים (קהלת).
2,990001557040205171,RNL,תרגום ופרוש ערבי לכתובים (אסתר).
2,990001557050205171,RNL,"תרגום ופרוש ערבי לכתובים (אסתר, רות)."
2,990001557090205171,RNL,פרוש כתובים לתנחום ירושלמי (קהלת).
2,990001557110205171,RNL,תרגום ופרוש ערבי לנביאים (מיכה).
2,990001557170205171,RNL,"פרוש התורה (שמות, קטעים)."
2,990001557200205171,RNL,תרגום ופרוש ערבי לכתובים (איכה).
2,990001557230205171,RNL,"תרגום ופרוש ערבי לכתובים (תהלים, קטע)."
2,990001557290205171,RNL,תרגום ופרוש ערבי לכתובים (דניאל).
2,990001557350205171,RNL,תרגום ופרוש ערבי לכתובים (דניאל).
2,990001557360205171,RNL,"תרגום ופרוש ערבי לכתובים (דניאל, קטע)."
2,990001557500205171,RNL,מתן שכר בעולם הבא.
2,990001557590205171,RNL,"פרוש התורה (בראשית, קטע)."
2,990001557660205171,RNL,פרוש כתובים ליפת בן עלי (עזרא-נחמיה).
2,990001557670205171,RNL,תרגום ופרוש ערבי לכתובים (עזרא).
2,990001557710205171,RNL,"תרגום ופרוש ערבי לכתובים (משלי, עזרא-נחמיה)."
2,990001557720205171,RNL,תרגום ופרוש ערבי לכתובים (תהלים).
2,990001557990205171,RNL,"פרוש התורה (ויקרא, קטע)."
2,990001558000205171,RNL,פרוש התורה (ויקרא).
2,990001558030205171,RNL,תרגום ופרוש התורה ליפת בן עלי (ויקרא כב:ג-כב:כח).
2,990001558160205171,RNL,"תרגום ופרוש התורה ליפת בן עלי (ויקרא ו:ה-ו:ו, ז:כח-ז:לד)."
2,990001558190205171,RNL,תרגום ופרוש התורה ליפת בן עלי (ויקרא כב:א-כב:טז).
2,990001558260205171,RNL,תרגום ופרוש התורה ליפת בן עלי (ויקרא יח:יח-יח:כ).
2,990001558300205171,RNL,"תרגום ופרוש התורה ליפת בן עלי (ויקרא, קטעים)."
2,990001558310205171,RNL,"תרגום ופרוש ערבי לתורה (במדבר, קטע)."
2,990001558480205171,RNL,פרוש התורה בערבית לאבו אלפרג'.
2,990001558540205171,RNL,תרגום ופרוש ערבי לתורה (דברים).
2,990001558560205171,RNL,תרגום ערבי לתורה (שמות).
2,990001558580205171,RNL,"פרוש התורה (שמות, קטע)."
2,990001558680205171,RNL,פרוש התורה.
2,990001558720205171,RNL,מדרש דוד (ויקרא).
2,990001558900205171,RNL,תרגום ופרוש ערבי לתורה.
2,990001558910205171,RNL,פרוש התורה ליפת בן עלי (שמות א-י).
2,990001558930205171,RNL,תרגום ופרוש ערבי לתורה.
2,990001558970205171,RNL,פרוש התורה.
2,990001558990205171,RNL,"פרוש התורה (ויקרא, קטע)."
2,990001559050205171,RNL,תרגום ופרוש ערבי לתורה (דברים).
2,990001559060205171,RNL,"תרגום ופרוש ערבי לתורה ליפת בן עלי (דברים, קטעים)."
2,990001559080205171,RNL,אלמקדמאת.
2,990001559150205171,RNL,"תרגום ופרוש ערבי לתורה ליפת בן עלי (דברים, קטעים)."
2,990001559160205171,RNL,פרוש התורה.
2,990001559200205171,RNL,תרגום ופרוש ערבי לתורה.
2,990001559270205171,RNL,פרוש התורה.
2,990001559300205171,RNL,פרוש התורה לעלי בן סולימאן.
2,990001559310205171,RNL,"פרוש נביאים ליפת בן עלי (הושע, יואל)."
2,990001559320205171,RNL,תרגום ופרוש ערבי לכתובים (תהלים).
2,990001559330205171,RNL,תרגום ופרוש ערבי לכתובים (תהלים).
2,990001559340205171,RNL,פרוש כתובים (תהלים).
2,990001559400205171,RNL,תרגום ופרוש ערבי לנביאים (ירמיה).
2,990001559410205171,RNL,תרגום ופרוש ערבי לנביאים (תרי עשר).
2,990001559490205171,RNL,פרוש התורה (במדבר).
2,990001559510205171,RNL,תרגום ופרוש ערבי לתורה (במדבר).
2,990001559640205171,RNL,תרגום ערבי לנביאים.
2,990001559650205171,RNL,"תרגום ופרוש נביאים ליפת בן עלי (שמואל ב יח:ז-יט:ח, יט:יא-יט:יד)."
2,990001559670205171,RNL,פרוש התורה לעלי בן סולימאן.
2,990001559690205171,RNL,תרגום ופרוש ערבי לתורה (במדבר).
2,990001559810205171,RNL,פרוש כתובים.
2,990001559820205171,RNL,תרגום ופרוש נביאים ליפת בן עלי (שופטים ט:א-ט:לח).
2,990001559870205171,RNL,פרוש מילות המקרא ליהודה אבן בלעם.
2,990001559880205171,RNL,תרגום ופרוש ערבי לכתובים (שיר השירים).
2,990001559910205171,RNL,תרגום ופרוש ערבי לכתובים (אסתר).
2,990001559960205171,RNL,"תרגום ופרוש ערבי לכתובים (תהלים, קטע)."
2,990001560090205171,RNL,תרגום ופרוש ערבי לנביאים (ישעיה).
2,990001560110205171,RNL,תרגום ופרוש ערבי לכתובים (דניאל).
2,990001560210205171,RNL,"תרגום ופרוש ערבי לכתובים (משלי, קטע)."
2,990001560240205171,RNL,"פרוש התורה (דברים, קטע)."
2,990001560290205171,RNL,תרגום ופרוש ערבי לכתובים (איוב).
2,990001560340205171,RNL,תרגום ופרוש ערבי לכתובים (תהלים).
2,990001560350205171,RNL,תרגום ופרוש ערבי לכתובים (תהלים).
2,990001560360205171,RNL,תרגום ופרוש ערבי לכתובים (תהלים).
2,990001560370205171,RNL,"תרגום ופרוש ערבי לכתובים (תהלים, קטע)."
2,990001560390205171,RNL,"פרוש כתובים ליפת בן עלי (תהלים יט; לז; לח;מ, קטעים)."
2,990001560400205171,RNL,"תרגום ופרוש ערבי לכתובים (תהלים, קטע)."
2,990001560410205171,RNL,"תרגום כתובים לרס""ג (תהלים)."
2,990001560430205171,RNL,"פרוש כתובים ליהודה אבן בלעם (תהלים, ט; יא-יב)."
2,990001560470205171,RNL,תרגום ופרוש ערבי לתהלים (קטע).
2,990001560480205171,RNL,תרגום ופרוש ערבי לתהלים (קטע).
2,990001560490205171,RNL,תרגום ופרוש ערבי לתהלים (קטע).
2,990001560500205171,RNL,תרגום ופרוש ערבי לתהלים (קטע).
2,990001560520205171,RNL,"תרגום ופרוש ערבי לכתובים (תהלים, קטע)."
2,990001560530205171,RNL,"תרגום ופרוש ערבי לכתובים (תהלים, קטע)."
2,990001560570205171,RNL,תרגום ופרוש ערבי לכתובים (מגלות).
2,990001560590205171,RNL,תרגום ופרוש ערבי לכתובים (דניאל).
2,990001560770205171,RNL,"תרגום ופרוש ערבי לכתובים (משלי, קטע)."
2,990001560910205171,RNL,"תרגום ופרוש ערבי לכתובים (תהלים, קטע)."
2,990001560990205171,RNL,"תרגום ופרוש ערבי לכתובים (שיר השירים, קטע)."
2,990001561020205171,RNL,"תרגום ופרוש ערבי לכתובים (שיר השירים, קטע)."
2,990001561120205171,RNL,"פרוש כתובים לתנחום ירושלמי (קהלת, קטע)."
2,990001561160205171,RNL,"פרוש כתובים ליפת בן עלי (דניאל, קטע)."
2,990001561170205171,RNL,"פרוש כתובים (דברי הימים, קטע)."
2,990001561180205171,RNL,תרגום ופרוש ערבי לכתובים (תהלים).
2,990001561190205171,RNL,תרגום ופרוש ערבי לכתובים (תהלים).
2,990001561200205171,RNL,תרגום ופרוש ערבי לכתובים (תהלים).
2,990001561210205171,RNL,תרגום ופרוש ערבי לכתובים (תהלים).
2,990001561220205171,RNL,תרגום ופרוש ערבי לכתובים (תהלים).
2,990001561240205171,RNL,"תרגום ופרוש ערבי לכתובים (תהלים, קטע)."
2,990001561260205171,RNL,"פרוש כתובים (תהלים, קטע)."
2,990001561350205171,RNL,פרוש התורה לעלי בן סולימאן.
2,990001561370205171,RNL,דיני נשואין אסורים (קטע).
2,990001561570205171,RNL,ספר המצוות.
2,990001561600205171,RNL,דיני יום טוב.
2,990001561620205171,RNL,"אלמקדמאת (בראשית, פרשת ויצא)."
2,990001561710205171,RNL,פרוש מלים קשות בתורה.
2,990001561720205171,RNL,פרוש התורה בערבית ליעקב אלקרקסאני (קטע).
2,990001561730205171,RNL,שרח אלאלפאץ (תורה).
2,990001561750205171,RNL,פרוש התורה בערבית לאבו אלפרג' (בראשית).
2,990001561830205171,RNL,כתאב ג'אמע אלאלפאט.
2,990001561900205171,RNL,חבור בדקדוק עברי.
2,990001561910205171,RNL,כתאב אלמחתסר.
2,990001561930205171,RNL,חבור בדקדוק עברי.
2,990001561940205171,RNL,חבור בדקדוק עברי.
2,990001561960205171,RNL,חבור בדקדוק עברי.
2,990001561980205171,RNL,חבור בדקדוק עברי.
2,990001562020205171,RNL,חבור בדקדוק עברי.
2,990001562040205171,RNL,חבור בדקדוק עברי.
2,990001562120205171,RNL,"שרח אלאלפאץ (תרי עשר ודברי הימים, קטעים)."
2,990001562140205171,RNL,פרוש כתובים (איוב).
2,990001562190205171,RNL,תרגום ופרוש ערבי למקרא.
2,990001562220205171,RNL,כתאב אלתיסר.
2,990001562280205171,RNL,כתאב אלריאץ' ואלחדאיק (בראשית).
2,990001562480205171,RNL,"פרוש כתובים (תהלים, קטע)."
2,990001562530205171,RNL,חבור בדקדוק עברי.
2,990001562540205171,RNL,חבור בדקדוק עברי.
2,990001562570205171,RNL,חבור בדקדוק עברי.
2,990001562590205171,RNL,חבור בדקדוק עברי.
2,990001562610205171,RNL,חבור בדקדוק עברי.
2,990001562620205171,RNL,חבור בדקדוק עברי.
2,990001562650205171,RNL,חבור בדקדוק עברי.
2,990001562710205171,RNL,אלאפעאל דואת חרוף אללין.
2,990001562720205171,RNL,חבור בדקדוק עברי.
2,990001562730205171,RNL,כתאב אלאסל : ; ספר הרקמה בערבית.
2,990001562740205171,RNL,כתאב אלאסל : ; ספר הרקמה בערבית.
2,990001562750205171,RNL,כתאב אלאסל : ; ספר הרקמה בערבית.
2,990001562900205171,RNL,שרח אלאלפאץ (נביאים וכתובים).
2,990001562910205171,RNL,שרח אלאלפאץ (תורה ונביאים).
2,990001562920205171,RNL,שרח אלאלפאץ (נביאים וכתובים).
2,990001562960205171,RNL,כתאב אלכאפי.
2,990001562970205171,RNL,כתאב אלתיסר.
2,990001563080205171,RNL,תורה.
2,990001563100205171,RNL,תרגום ערבי לתורה (בראשית).
2,990001563110205171,RNL,תרגום ופרוש ערבי לתורה.
2,990001563170205171,RNL,"תרגום ערבי לתורה (דברים, קטע)."
2,990001563190205171,RNL,"תרגום ערבי לתורה (בראשית, קטע)."
2,990001563230205171,RNL,תרגום ערבי וארמי לתורה (בראשית וויקרא).
2,990001563240205171,RNL,תרגום ופרוש ערבי לתורה.
2,990001563400205171,RNL,פרוש התורה ליפת בן עלי.
2,990001563410205171,RNL,פרוש התורה (בראשית).
2,990001563510205171,RNL,תרגום ופרוש ערבי לתורה.
2,990001563520205171,RNL,פרוש התורה ליפת בן עלי.
2,990001563530205171,RNL,תורה.
2,990001563550205171,RNL,"תרגום ופרוש התורה ליפת בן עלי (דברים, קטע)."
2,990001563650205171,RNL,"תרגום ופרוש ערבי לתורה (בראשית, קטע)."
2,990001563680205171,RNL,קצור פרוש אבו אלפרג' הרון אבו אלפרג' לתורה.
2,990001563740205171,RNL,תרגום ערבי לתורה (קטע).
2,990001563870205171,RNL,"תרגום ופרוש התורה ליפת בן עלי (ויקרא י:א-י:יט, יא:א-יא:ח)."
2,990001563940205171,RNL,"פרוש התורה לשמואל בן משה אבן סני (בראשית, קטע)."
2,990001564020205171,RNL,"תרגום ופרוש התורה ליפת בן עלי (ויקרא, קטעים)."
2,990001564030205171,RNL,פרוש התורה (שמות).
2,990001564040205171,RNL,פרוש התורה (קטע).
2,990001564060205171,RNL,"אלמקדמאת (במדבר, פרשת בלק)."
2,990001564080205171,RNL,"פרוש התורה (שמות, קטע)."
2,990001564110205171,RNL,"פרוש התורה (ויקרא, קטע)."
2,990001564150205171,RNL,ספר המצוות (קטע) : ; על האביב.
2,990001564160205171,RNL,דיני החגים.
2,990001564240205171,RNL,"פרוש התורה (בראשית, קטע)."
2,990001564350205171,RNL,"תרגום ופרוש ערבי לתורה (בראשית, קטע)."
2,990001564390205171,RNL,תרגום ופרוש ערבי לתורה (שמות).
2,990001564470205171,RNL,פרוש התורה לדוד בן בעז.
2,990001564490205171,RNL,תרגום ופרוש ערבי לתורה (שמות).
2,990001564530205171,RNL,"תרגום ופרוש ערבי לתורה (שמות ובמדבר, קטעים)."
2,990001564600205171,RNL,פרוש התורה בערבית לאבו אלפרג' (בראשית-שמות).
2,990001564610205171,RNL,תרגום ערבי לתורה.
2,990001564620205171,RNL,"פרוש התורה ליפת בן עלי (במדבר, קטעים)."
2,990001564640205171,RNL,"תרגום ופרוש התורה ליפת בן עלי (דברים, קטעים)."
2,990001564750205171,RNL,תרגום ופרוש התורה ליפת בן עלי (ויקרא ה-י).
2,990001564770205171,RNL,תרגום ופרוש התורה ליפת בן עלי (ויקרא ח:לב-י:ז).
2,990001564780205171,RNL,"תרגום ופרוש ערבי לתורה (ויקרא, פרשת מצורע)."
2,990001564830205171,RNL,חבור במוסר.
2,990001564920205171,RNL,פרוש התורה ליפת בן עלי.
2,990001564970205171,RNL,אלמקדמאת.
2,990001565020205171,RNL,אלמקדמאת (פרשות שונות בתורה).
2,990001565040205171,RNL,תרגום ופרוש ערבי לכתובים (תהלים).
2,990001565050205171,RNL,"פרוש נביאים (הפטרות, קטעים)."
2,990001565060205171,RNL,פרוש התורה בערבית (שמות).
2,990001565080205171,RNL,"אלמקדמאת (בראשית, פרשות שונות)."
2,990001565090205171,RNL,"אלמקדמאת (בראשית-שמות, קטעים)."
2,990001565100205171,RNL,אלמקדמאת.
2,990001565110205171,RNL,תרגום ופרוש ערבי לנביאים (יחזקאל).
2,990001565120205171,RNL,אלמקדמאת.
2,990001565130205171,RNL,אלמקדמאת.
2,990001565140205171,RNL,אלמקדמאת.
2,990001565160205171,RNL,אלמקדמאת (פרשות שונות).
2,990001565170205171,RNL,אלמקדמאת (דברים).
2,990001565180205171,RNL,פרוש התורה (במדבר).
2,990001565190205171,RNL,"אלמקדמאת (במדבר, פרשת במדבר)."
2,990001565200205171,RNL,"אלמקדמאת (בראשית, פרשת בראשית)."
2,990001565220205171,RNL,"אלמקדמאת (ויקרא, פרשת ויקרא)."
2,990001565230205171,RNL,"אלמקדמאת (בראשית, פרשת בראשית)."
2,990001565240205171,RNL,"פרוש התורה (במדבר, קטע)."
2,990001565260205171,RNL,"אלמקדמאת (במדבר ודברים, קטעים)."
2,990001565270205171,RNL,"פרוש נביאים (ישעיה, קטע)."
2,990001565290205171,RNL,פרוש למזמורי שבת.
2,990001565330205171,RNL,"אלמקדמאת (שמות, פרשת יתרו)."
2,990001565340205171,RNL,אלמקדמאת.
2,990001565420205171,RNL,אלמקדמאת (קטע).
2,990001565430205171,RNL,"אלמקדמאת (בראשית, פרשת בראשית)."
2,990001565450205171,RNL,"תרגום ופרוש ערבי לכתובים (אסתר, קטע)."
2,990001565470205171,RNL,"אלמקדמאת (במדבר, קטע)."
2,990001565510205171,RNL,משלי מהתורה (קטעים).
2,990001565540205171,RNL,תרגום ופרוש נביאים ליפת בן עלי (יהושע כד:ב-כד:כח).
2,990001565550205171,RNL,פרוש התורה (במדבר).
2,990001565880205171,RNL,תורה.
2,990001565910205171,RNL,תורה.
2,990001565960205171,RNL,"תנ""ך."
2,990001565970205171,RNL,תורה.
2,990001566010205171,RNL,נביאים (קטעים).
2,990001566030205171,RNL,"נביאים ראשונים (שמואל-מלכים, קטעים)."
2,990001566060205171,RNL,"תורה (דברים לב-סוף) : ; עם ניקוד וטעמים, מסורה קטנה וגדולה."
2,990001566160205171,RNL,תורה (שמות-דברים).
2,990001566210205171,RNL,נביאים וכתובים (קטעים).
2,990001566230205171,RNL,תורה.
2,990001566320205171,RNL,תורה (שמות-דברים).
2,990001566350205171,RNL,תורה.
2,990001566410205171,RNL,"תורה (בראשית-ויקרא, דברים, קטעים) : ; עם ניקוד וטעמים, מסורה קטנה וגדולה."
2,990001566450205171,RNL,כתובים.
2,990001566580205171,RNL,תורה.
2,990001566600205171,RNL,נביאים (שמואל-מלכים).
2,990001566680205171,RNL,תורה (קטעים).
2,990001566830205171,RNL,"תורה (דברים, קטעים)."
2,990001567100205171,RNL,"תורה (דברים לא-סוף, קטעים)."
2,990001567170205171,RNL,תורה (שמות כג:כו-כח:ז).
2,990001567200205171,RNL,תורה (דברים לב:מה-סוף).
2,990001567370205171,RNL,"נביאים (שמואל א, קטעים)."
2,990001567720205171,RNL,כתובים (דניאל ב:מ-ד:לא).
2,990001568130205171,RNL,תורה ונביאים ראשונים (קטעים).
2,990001568150205171,RNL,תורה ונביאים (קטעים).
2,990001568210205171,RNL,תורה (קטעים).
2,990001568430205171,RNL,תורה.
2,990001568550205171,RNL,"כתובים (איוב, קטעים)."
2,990001568600205171,RNL,תורה (קטעים).
2,990001568760205171,RNL,"תורה (במדבר, קטעים)."
2,990001568810205171,RNL,"תנ""ך (קטעים)."
2,990001568930205171,RNL,תורה (קטעים).
2,990001569030205171,RNL,"תורה (שמות לו-לח, קטעים)."
2,990001569070205171,RNL,תורה (קטעים).
2,990001569230205171,RNL,תורה (קטעים).
2,990001569240205171,RNL,"תורה (במדבר, קטעים)."
2,990001569630205171,RNL,תורה (קטעים).
2,990001569640205171,RNL,"תורה (דברים, קטעים)."
2,990001569790205171,RNL,תורה (קטעים).
2,990001569850205171,RNL,תורה (קטעים).
2,990001570050205171,RNL,"תורה (בראשית לו-לח, קטעים)."
2,990001570430205171,RNL,תורה (שמות א:יד-ט:לה).
2,990001570640205171,RNL,"תורה (שמות-ויקרא, קטעים)."
2,990001571340205171,RNL,תורה (ויקרא כא:ה-כו:טו).
2,990001571400205171,RNL,תורה (ויקרא כ:יח-כ:כו).
2,990001571460205171,RNL,"תורה (במדבר, קטעים)."
2,990001571470205171,RNL,"תורה (במדבר, קטעים)."
2,990001571510205171,RNL,"תורה (במדבר, קטעים)."
2,990001571570205171,RNL,"תורה (במדבר, קטעים)."
2,990001571590205171,RNL,"תורה (במדבר טז-יח, קטעים)."
2,990001571970205171,RNL,"תורה (דברים, קטעים)."
2,990001572160205171,RNL,"תורה (דברים יג-טז, קטעים)."
2,990001572620205171,RNL,"נביאים (יהושע, שופטים, קטעים)."
2,990001572800205171,RNL,נביאים ראשונים (קטעים).
2,990001572840205171,RNL,נביאים (שופטים יא:לא-טו:מ).
2,990001572900205171,RNL,נביאים (שופטים ו:כח-ז:כ).
2,990001572920205171,RNL,נביאים (שמואל א טו:ד-יז:כה).
2,990001572950205171,RNL,נביאים (מלכים).
2,990001573060205171,RNL,נביאים אחרונים.
2,990001573490205171,RNL,"כתובים (תהלים, קטעים)."
2,990001573510205171,RNL,"כתובים (תהלים, קטעים)."
2,990001573550205171,RNL,"כתובים (תהלים, קטעים)."
2,990001573570205171,RNL,כתובים (תהלים סט:ד-ע:ה).
2,990001573710205171,RNL,"כתובים (תהלים, קטעים)."
2,990001573950205171,RNL,"כתובים (משלי, קטעים)."
2,990001573980205171,RNL,"כתובים (איוב, קטעים)."
2,990001574370205171,RNL,כתובים (נחמיה ז:מד-י:לה).
2,990001574410205171,RNL,"כתובים (נחמיה, קטעים)."
2,990001574420205171,RNL,כתובים (נחמיה ו:א-ו:י).
2,990001574840205171,RNL,"תורה (דברים, קטעים)."
2,990001574950205171,RNL,"תורה (דברים, קטעים)."
2,990001574990205171,RNL,נביאים (קטעים).
2,990001575140205171,RNL,"נביאים (שמואל, קטעים)."
2,990001575230205171,RNL,"נביאים (שמואל א, קטעים)."
2,990001575350205171,RNL,תורה.
2,990001575490205171,RNL,נביאים ראשונים (קטעים).
2,990001575600205171,RNL,"תורה (במדבר-דברים, קטעים)."
2,990001575650205171,RNL,תורה (קטעים).
2,990001575710205171,RNL,תורה (שמות לד:ד-לז:כא).
2,990001575800205171,RNL,תורה (דברים לא:כח-לב:מו).
2,990001575850205171,RNL,תורה (קטעים).
2,990001575860205171,RNL,תורה (קטעים).
2,990001575920205171,RNL,תורה (קטעים).
2,990001576000205171,RNL,תורה (שמות כו:ח-ל:כט).
2,990001576020205171,RNL,"תורה (במדבר, קטעים)."
2,990001576060205171,RNL,"תורה (ויקרא-במדבר, קטעים)."
2,990001576090205171,RNL,"תורה (ויקרא-במדבר, קטעים)."
2,990001576210205171,RNL,תורה (דברים כו:ג-כח:לא).
2,990001576350205171,RNL,תורה (קטעים).
2,990001576480205171,RNL,תורה (במדבר כט:לב-ל:יד).
2,990001576590205171,RNL,"תורה (במדבר, קטע)."
2,990001576700205171,RNL,תורה (בראשית מח:יז-מט:כא).
2,990001576740205171,RNL,תורה (שמות כד:ג-כה:כ).
2,990001576750205171,RNL,תורה (קטעים).
2,990001576760205171,RNL,תורה (בראשית מב:כ-מג:טז).
2,990001576780205171,RNL,תורה (דברים כח:ט-כח:לו).
2,990001576940205171,RNL,תורה (שמות יד:ט-טו:יא).
2,990001577060205171,RNL,תורה (במדבר כט:כד-לב:ד).
2,990001577140205171,RNL,תורה (קטעים).
2,990001577360205171,RNL,"כתובים (דברי הימים ב, קטעים)."
2,990001577460205171,RNL,נביאים (קטעים).
2,990001577740205171,RNL,"נביאים (ישעיה-ירמיה, קטעים)."
2,990001578070205171,RNL,נביאים (מלכים ב כ:כ-כב:ט).
2,990001578370205171,RNL,נביאים ראשונים (קטעים).
2,990001578580205171,RNL,נביאים (ישעיה מא:א-נז:ה).
2,990001578760205171,RNL,תורה (במדבר לו:יד-דברים א).
2,990001578770205171,RNL,תורה (דברים לג:כג-סוף).
2,990001578820205171,RNL,נביאים (יהושע) וכתובים (קטעים).
2,990001579450205171,RNL,כתובים (קטעים).
2,990001579490205171,RNL,כתובים (נחמיה ב:ד-יב:לח).
2,990001579530205171,RNL,נביאים (שמואל א יז:יג-יז:נא).
2,990001579540205171,RNL,"כתובים (דברי הימים א, קטעים)."
2,990001579550205171,RNL,"כתובים (תהלים, דברי הימים, קטעים)."
2,990001579760205171,RNL,"נביאים (ישעיה, קטעים)."
2,990001579880205171,RNL,פרוש התורה ליפת בן עלי (שמות ה:יא-ה:כא).
2,990001579940205171,RNL,פרוש התורה ליפת בן עלי (במדבר ל:ב-ל:ד).
2,990001579960205171,RNL,"פרוש התורה ליפת בן עלי (במדבר, קטעים)."
2,990001581650205171,RNL,נביאים (חבקוק ג:יז-צפניה ב:ט).
2,990001581760205171,RNL,"נביאים (ישעיה-ירמיה, קטעים)."
2,990001582370205171,RNL,"נביאים (ירמיה, קטעים)."
2,990001582400205171,RNL,כתובים (קטעים).
2,990001582620205171,RNL,כתובים (משלי כד-סוף).
2,990001582630205171,RNL,כתובים (תהלים לו:ד-לט:ד).
2,990001582660205171,RNL,כתובים (תהלים כב:כב-לו:ג).
2,990001582860205171,RNL,כתובים (תהלים קט:ז-קיט:טז).
2,990001582910205171,RNL,תורה (דברים לב:כז-לב:נ).
2,990001583160205171,RNL,"נביאים (יחזקאל יב-יג, קטעים)."
2,990001583170205171,RNL,נביאים (יחזקאל טז:כא-יז:טז).
2,990001583280205171,RNL,מסורה.
2,990001583310205171,RNL,מסורה.
2,990001583540205171,RNL,"תורה (שמות, קטע)."
2,990001583600205171,RNL,"תורה (דברים, קטע)."
2,990001583710205171,RNL,תורה (קטע).
2,990001583730205171,RNL,"תורה (בראשית, קטע)."
2,990001583750205171,RNL,"תורה (בראשית, קטע)."
2,990001584550205171,RNL,נביאים (תרי עשר).
2,990001584670205171,RNL,"כתובים (תהלים, קטע)."
2,990001587210205171,RNL,"תרגום ערבי לתורה (במדבר, קטעים)."
2,990001587400205171,RNL,כתובים (תהלים קיט-קלט).
2,990001587470205171,RNL,כתובים (משלי יח).
2,990001587490205171,RNL,כתובים (משלי כד-כה).
2,990001587540205171,RNL,תרגום כתובים (רות א-ג).
2,990001588120205171,RNL,הפטרות (קטע).
2,990001588270205171,RNL,תורה (שמות ט-י).
2,990001588310205171,RNL,תורה (שמות כו-כז).
2,990001588380205171,RNL,תורה (שמות כז-כט).
2,990001588390205171,RNL,תורה (שמות לה).
2,990001588420205171,RNL,תורה (ויקרא ח).
2,990001588430205171,RNL,תורה (ויקרא יח-יט).
2,990001588480205171,RNL,תורה (במדבר ד).
2,990001588520205171,RNL,"תורה (במדבר א, ו)."
2,990001588600205171,RNL,תורה (דברים כט).
2,990001588690205171,RNL,נביאים (שופטים ה).
2,990001588730205171,RNL,"נביאים (ירמיה ז, מח-מט)."
2,990001588860205171,RNL,כתובים (תהלים קד-קה).
2,990001588880205171,RNL,"כתובים (תהלים, קטעים)."
2,990001588980205171,RNL,כתובים (איוב א-ז).
2,990001589360205171,RNL,"תרגום ערבי לתורה (ויקרא, קטע)."
2,990001589440205171,RNL,תרגום ערבי לתורה (שמות).
2,990001589460205171,RNL,"תרגום ערבי לתורה (בראשית-שמות, קטע)."
2,990001589540205171,RNL,תורה (קטעים).
2,990001589900205171,RNL,"כתובים (תהלים, קטע)."
2,990001589920205171,RNL,"כתובים (תהלים, קטע)."
2,990001589950205171,RNL,"כתובים (איוב, קטע)."
2,990001590000205171,RNL,"כתובים (איכה, קטע)."
2,990001590010205171,RNL,"כתובים (איכה, קטע)."
2,990001590020205171,RNL,"כתובים (דברי הימים א, קטע)."
2,990001590030205171,RNL,"כתובים (דברי הימים ב, קטע)."
2,990001590050205171,RNL,תורה.
2,990001590060205171,RNL,כתובים (קטעים).
2,990001590080205171,RNL,"תורה (בראשית, קטע)."
2,990001590220205171,RNL,"תורה (שמות, קטעים)."
2,990001590640205171,RNL,"תורה (שמות-ויקרא, קטעים)."
2,990001590680205171,RNL,"תרגום ערבי לתורה (ויקרא, קטעים)."
2,990001590690205171,RNL,תורה (קטעים).
2,990001590710205171,RNL,תורה.
2,990001590750205171,RNL,פרוש נביאים ליפת בן עלי (יחזקאל).
2,990001590800205171,RNL,"כתובה. קהיר, מצרים. רי""ג. ; Ketubbah. Cairo, Egypt. 1453"
2,990001590810205171,RNL,תפלת אזכרה לנשיאים הקראים.
2,990001591030205171,RNL,"כתובה יהודית-קראית. קהיר, מצרים. תצ""ב. ; Ketubbah (Karaite). Cairo, Egypt. 1732"
2,990001591070205171,RNL,"כתובה יהודית-קראית. קהיר, מצרים. תק""ח. ; Ketubbah (Karaite). Cairo, Egypt. 1747"
2,990001591170205171,RNL,"כתובה יהודית-קראית. קהיר, מצרים. תקל""ז. ; Ketubbah (Karaite). Cairo, Egypt. 1777"
2,990001591190205171,RNL,"כתובה יהודית-קראית. קהיר, מצרים. תקמ""א. ; Ketubbah (Karaite). Cairo, Egypt. 1781"
2,990001591330205171,RNL,"כתובה יהודית-קראית. קהיר, מצרים. תקע""ו. ; Ketubbah (Karaite). Cairo, Egypt. 1816"
2,990001591350205171,RNL,"כתובה יהודית-קראית. קהיר, מצרים. תקע""ז. ; Ketubbah (Karaite). Cairo, Egypt. 1817"
2,990001591380205171,RNL,"כתובה יהודית-קראית. קהיר, מצרים. תקפ""א. ; Ketubbah (Karaite). Cairo, Egypt. 1821"
2,990001591420205171,RNL,"כתובה יהודית-קראית. קהיר, מצרים. תקפ""ו. ; Ketubbah (Karaite). Cairo, Egypt. 1826"
2,990001591490205171,RNL,סדור מנהג קראים.
2,990001591510205171,RNL,סדור מנהג קראים.
2,990001591690205171,RNL,מחזור מנהג ספרד (קטע).
2,990001591710205171,RNL,"תורה (שמות, קטע)."
2,990001591750205171,RNL,סליחות (קטע).
2,990001591830205171,RNL,פיוטים.
2,990001591850205171,RNL,סדר נשואין כמנהג קראים.
2,990001591860205171,RNL,אלמקדמאת.
2,990001591880205171,RNL,תפלות.
2,990001591890205171,RNL,תפלות.
2,990001591980205171,RNL,פרוש כתובים לסלמון בן ירוחם (איכה).
2,990001592000205171,RNL,פרוש כתובים (תהלים).
2,990001592010205171,RNL,אלמקדמאת (במדבר).
2,990001592020205171,RNL,אלמקדמאת (במדבר).
2,990001592030205171,RNL,פרוש התורה לשמואל בן משה המערבי.
2,990001592040205171,RNL,פרוש נביאים ליפת בן עלי (יהושע י:כג-כד:לג סוף).
2,990001592050205171,RNL,אלמקדמאת (שמות).
2,990001592090205171,RNL,פרוש כתובים (תהלים).
2,990001592110205171,RNL,אלמקדמאת.
2,990001592120205171,RNL,פרוש כתובים (איוב).
2,990001592130205171,RNL,פרוש כתובים (משלי).
2,990001592200205171,RNL,"תרגום ופרוש התורה (בראשית, קטע)."
2,990001592360205171,RNL,אגרת פרטית ביידיש.
2,990001592800205171,RNL,ספור על אברהם ויצחק : ; בניב בוכרי.
2,990001592830205171,RNL,מזוזה.
2,990001592890205171,RNL,פרוש פיוטים.
2,990001593030205171,RNL,תלמוד בבלי (קטעים).
2,990001593210205171,RNL,פיוט : ; עם חלוקה להפטרות.
2,990001593290205171,RNL,חבור ברפואה.
2,990001593310205171,RNL,אלמקדמאת.
2,990001593470205171,RNL,הלכות שחיטה.
2,990001593520205171,RNL,קצת מוסא.
2,990001593680205171,RNL,חבור ברפואה.
2,990001593770205171,RNL,חבור בעניני רוקחות.
2,990001593790205171,RNL,פולמוס קראי נגד רבנים (קטע).
2,990001593850205171,RNL,חבור בפילוסופיה.
2,990001593960205171,RNL,"פרוש נביאים (ישעיה, קטע)."
2,990001593990205171,RNL,"פרוש כתובים (קהלת, קטע)."
2,990001594030205171,RNL,דרשה.
2,990001594040205171,RNL,"פרוש כתובים (איוב, קטע)."
2,990001594060205171,RNL,"פרוש התורה (בראשית, קטע)."
2,990001594070205171,RNL,"פרוש כתובים (תהלים, קטע)."
2,990001594150205171,RNL,"פרוש כתובים (תהלים, קטע)."
2,990001594250205171,RNL,כפאיה אלעאבדין.
2,990001594450205171,RNL,"תרגום ופרוש כתובים (משלי, קטע)."
2,990001594460205171,RNL,חבור על סדר הזמנים.
2,990001594480205171,RNL,חבור בהלכה או בפילוסופיה.
2,990001594590205171,RNL,חבור בדקדוק עברי.
2,990001594660205171,RNL,חבור על מזג האויר.
2,990001594830205171,RNL,חבור באסטרולוגיה (קטע).
2,990001594870205171,RNL,קצת מוסא.
2,990001594910205171,RNL,פרוש אפוריסמי של אפוקרט.
2,990001595070205171,RNL,כתאב אלאצול.
2,990001595100205171,RNL,אלאפעאל דואת חרוף אללין.
2,990001595160205171,RNL,אלאפעאל דואת חרוף אללין (קטע).
2,990001595260205171,RNL,חבור בדקדוק עברי.
2,990001595290205171,RNL,כתאב אפעאל דואת אלמתלין (קטע).
2,990001595350205171,RNL,אלאפעאל דואת חרוף אללין (קטע).
2,990001595520205171,RNL,חבור בדקדוק עברי.
2,990001595710205171,RNL,כתאב אלכאפי.
2,990001595730205171,RNL,חבור בדקדוק עברי (קטע).
2,990001595760205171,RNL,אלאפעאל דואת חרוף אללין (קטע).
2,990001595880205171,RNL,חבור בדקדוק עברי (קטע).
2,990001596040205171,RNL,אלאפעאל דואת חרוף אללין (קטע).
2,990001596110205171,RNL,אלאפעאל דואת חרוף אללין.
2,990001596150205171,RNL,אלאפעאל דואת חרוף אללין (קטע).
2,990001596270205171,RNL,פולמוס קראי נגד רבנים.
2,990001596290205171,RNL,אלאפעאל דואת חרוף אללין (קטע).
2,990001596300205171,RNL,מלון.
2,990001596330205171,RNL,אלאפעאל דואת חרוף אללין (קטע).
2,990001596670205171,RNL,כתאב אלאצול (קטע).
2,990001596680205171,RNL,מלון (קטע).
2,990001596720205171,RNL,כתאב אלמתילין.
2,990001596800205171,RNL,חבור בדקדוק עברי.
2,990001596860205171,RNL,חבור על טעמי המקרא (קטע).
2,990001596930205171,RNL,"תרגום ופרוש כתובים לרס""ג (משלי, קטע)."
2,990001597020205171,RNL,"פרוש נביאים (שמואל, קטע)."
2,990001597030205171,RNL,חבור בדקדוק עברי (קטע).
2,990001597090205171,RNL,ספור אנס אלוגוד.
2,990001597360205171,RNL,כתאב אפעאל דואת אלמתלין (קטע).
2,990001597370205171,RNL,אלאפעאל דואת חרוף אללין (קטע).
2,990001597700205171,RNL,אלאפעאל דואת חרוף אללין (קטע).
2,990001597730205171,RNL,פרוש התורה (דברים לג:יד).
2,990001597810205171,RNL,חבור בדקדוק עברי.
2,990001597830205171,RNL,חבור בדקדוק עברי (קטע) : ; בצורת שאלות ותשובות.
2,990001597840205171,RNL,כתאב אלנתף.
2,990001597880205171,RNL,אלאפעאל דואת חרוף אללין (קטע).
2,990001597900205171,RNL,חבור בדקדוק עברי (קטע).
2,990001598110205171,RNL,"פרוש כתובים (תהלים, קטע)."
2,990001598180205171,RNL,כתאב אפעאל דואת אלמתלין (קטע).
2,990001598680205171,RNL,אלאפעאל דואת חרוף אללין (קטע).
2,990001598740205171,RNL,כתאב אלתיסר.
2,990001598750205171,RNL,כתאב אלתיסר.
2,990001598830205171,RNL,מלון (אותיות פעם-שער).
2,990001598970205171,RNL,כתאב אלאצול.
2,990001598980205171,RNL,אלאפעאל דואת חרוף אללין.
2,990001598990205171,RNL,מלון (אותיות גדש-כתל).
2,990001599000205171,RNL,אלאפעאל דואת חרוף אללין (אותיות סוה-קצה).
2,990001599080205171,RNL,כתאב אלאצול.
2,990001599150205171,RNL,"פרוש נביאים (יחזקאל, קטע)."
2,990001599220205171,RNL,חבור בדקדוק עברי (קטע).
2,990001599250205171,RNL,מלון (קטע).
2,990001599300205171,RNL,פרוש נביאים ליהודה אבן בלעם.
2,990001599320205171,RNL,כתאב אלתרגיח (קטע) : ; פרוש התורה בערבית.
2,990001599330205171,RNL,חבור בדקדוק עברי.
2,990001599360205171,RNL,"תרגום ערבי לנביאים (ישעיה, קטע)."
2,990001599490205171,RNL,"פרוש התורה (ויקרא, קטע)."
2,990001599710205171,RNL,"פרוש התורה (ויקרא, קטע)."
2,990001599780205171,RNL,פרוש המקרא (קטע).
2,990001599790205171,RNL,"פרוש כתובים (קהלת, קטע)."
2,990001600070205171,RNL,פרוש קראי.
2,990001600080205171,RNL,ספור על משה רבנו.
2,990001600100205171,RNL,"אלמקדמאת (דברים, פרשת כי תצא)."
2,990001600130205171,RNL,"פרוש התורה (דברים, קטע)."
2,990001600160205171,RNL,אלמקדמאת.
2,990001600170205171,RNL,"פרוש התורה (במדבר, קטע)."
2,990001600260205171,RNL,"אלמקדמאת (בראשית, פרשת בראשית)."
2,990001600270205171,RNL,"אלמקדמאת (שמות, פרשת יתרו)."
2,990001600320205171,RNL,אלמקדמאת (קטע).
2,990001600420205171,RNL,אלמקדמאת (קטע).
2,990001600480205171,RNL,אלמקדמאת (קטע).
2,990001600530205171,RNL,אלמקדמאת (קטע).
2,990001600610205171,RNL,קטעי פרשנות מכתבי-יד שונים.
2,990001600640205171,RNL,קטעי פרשנות מכתבי-יד שונים.
2,990001600670205171,RNL,אלמקדמאת.
2,990001600680205171,RNL,אלמקדמאת.
2,990001600710205171,RNL,קטעי פרשנות מכתבי-יד שונים.
2,990001600720205171,RNL,אלמקדמאת.
2,990001600810205171,RNL,אלמקדמאת.
2,990001600820205171,RNL,אלמקדמאת.
2,990001600840205171,RNL,אלמקדמאת.
2,990001600860205171,RNL,אלמקדמאת.
2,990001600890205171,RNL,חבור קראי (קטע).
2,990001601000205171,RNL,חבורים בדקדוק.
2,990001601020205171,RNL,אלמקדמאת (קטעים).
2,990001601030205171,RNL,אלמקדמאת.
2,990001601040205171,RNL,תרגום ערבי לכתובים (אסתר).
2,990001601070205171,RNL,הלכות נשואין (קטע).
2,990001601200205171,RNL,חבור באסטרולוגיה.
2,990001601220205171,RNL,אלמקדמאת.
2,990001601280205171,RNL,חבור בפילוסופיה.
2,990001601690205171,RNL,חבור על טעמי המקרא.
2,990001601700205171,RNL,תפלות.
2,990001601710205171,RNL,אלמקדמאת.
2,990001601810205171,RNL,אלמקדמאת.
2,990001601840205171,RNL,אלמקדמאת.
2,990001601880205171,RNL,חבור בהלכה (קטעים).
2,990001601910205171,RNL,חבור בפילוסופיה (קטעים).
2,990001601960205171,RNL,אלמקדמאת.
2,990001601970205171,RNL,אלמקדמאת.
2,990001601980205171,RNL,אלמקדמאת.
2,990001601990205171,RNL,אלמקדמאת.
2,990001602000205171,RNL,אלמקדמאת.
2,990001602020205171,RNL,פרוש נביאים ליפת בן עלי (נביאים אחרונים).
2,990001602030205171,RNL,תורת הכלאם.
2,990001602140205171,RNL,תורת הכלאם.
2,990001602180205171,RNL,חבור ברפואה (קטע).
2,990001602200205171,RNL,תעודה קראית.
2,990001602260205171,RNL,ספורים.
2,990001602280205171,RNL,תעודה המתייחסת למשה הרופא.
2,990001602290205171,RNL,אלמקדמאת.
2,990001602320205171,RNL,תפסיר אל מגלה : ; שיר על מגלת אסתר בערבית.
2,990001602430205171,RNL,אלמקדמאת.
2,990001602440205171,RNL,אלמקדמאת.
2,990001602450205171,RNL,אלמקדמאת.
2,990001602460205171,RNL,אלמקדמאת.
2,990001602470205171,RNL,חבורים שונים במוסר.
2,990001602580205171,RNL,אלמקדמאת.
2,990001602590205171,RNL,אלמקדמאת.
2,990001602630205171,RNL,אלמקדמאת.
2,990001602700205171,RNL,אלף לילה ולילה.
2,990001602720205171,RNL,אלמקדמאת.
2,990001602730205171,RNL,חבור ברפואה.
2,990001602800205171,RNL,אלמקדמאת.
2,990001602810205171,RNL,אלמקדמאת.
2,990001602820205171,RNL,ספור על אסתר.
2,990001602850205171,RNL,תפלות.
2,990001602860205171,RNL,חבור בהלכה.
2,990001602900205171,RNL,אלמקדמאת.
2,990001602960205171,RNL,אלמקדמאת.
2,990001602970205171,RNL,אלמקדמאת.
2,990001602990205171,RNL,חבור בפרשנות.
2,990001603000205171,RNL,חבורים בהלכה.
2,990001603080205171,RNL,אלמקדמאת.
2,990001603130205171,RNL,פרוש כתובים (תהלים).
2,990001603140205171,RNL,חבור בפרשנות.
2,990001603340205171,RNL,אלמקדמאת.
2,990001603350205171,RNL,חבורים בפרשנות.
2,990001603360205171,RNL,חבורים בהלכה.
2,990001603440205171,RNL,קצת יוסף.
2,990001603460205171,RNL,אלמקדמאת.
2,990001603470205171,RNL,חבור בפילוסופיה.
2,990001603590205171,RNL,קטעים בפילוסופיה.
2,990001603640205171,RNL,אלמקדמאת.
2,990001603650205171,RNL,אלמקדמאת.
2,990001603660205171,RNL,אלמקדמאת.
2,990001603670205171,RNL,אלמקדמאת.
2,990001603680205171,RNL,אלמקדמאת.
2,990001603690205171,RNL,אלמקדמאת.
2,990001603700205171,RNL,אלמקדמאת.
2,990001603710205171,RNL,אלמקדמאת.
2,990001603770205171,RNL,אלמקדמאת.
2,990001603780205171,RNL,אלמקדמאת.
2,990001603790205171,RNL,אלמקדמאת.
2,990001603800205171,RNL,אלמקדמאת.
2,990001603810205171,RNL,אלמקדמאת.
2,990001603820205171,RNL,אלמקדמאת.
2,990001603840205171,RNL,אלמקדמאת.
2,990001603850205171,RNL,אלמקדמאת.
2,990001603880205171,RNL,אלמקדמאת.
2,990001603890205171,RNL,מדרש דוד.
2,990001603900205171,RNL,אלמקדמאת.
2,990001603930205171,RNL,אלמקדמאת.
2,990001604030205171,RNL,אלמקדמאת.
2,990001604040205171,RNL,פרוש נביאים ליפת בן עלי (יחזקאל).
2,990001604070205171,RNL,פרוש ספר הענק.
2,990001604080205171,RNL,מדרש דוד.
2,990001604100205171,RNL,חבורים במאגיה.
2,990001604150205171,RNL,חבורים במוסר (קטעים).
2,990001604180205171,RNL,פרוש ספר הענק.
2,990001604250205171,RNL,כתאב אלמחיט באלתכליף.
2,990001604260205171,RNL,בקורת קראית על האגדה.
2,990001604330205171,RNL,"שרח אלאלפאץ (תורה, בראשית א-ג)."
2,990001604350205171,RNL,"שרח אלאלפאץ (תורה, קטעים)."
2,990001604390205171,RNL,כתאב אללמע (קטע).
2,990001604410205171,RNL,כתאב אלתשויר.
2,990001604440205171,RNL,אלמקדמאת (שמות).
2,990001604970205171,RNL,קצת אסתר.
2,990001605170205171,RNL,קצת אסתר.
2,990001605220205171,RNL,שירה.
2,990001605250205171,RNL,ספור על יוסף (קטע).
2,990001605270205171,RNL,ספור על יוסף (קטע).
2,990001605350205171,RNL,ספור על משה רבנו.
2,990001605420205171,RNL,ספור.
2,990001605520205171,RNL,אלמקדמאת (בראשית).
2,990001605590205171,RNL,ספור.
2,990001605620205171,RNL,שירים.
2,990001605650205171,RNL,קצת אסתר.
2,990001605680205171,RNL,שירה.
2,990001606200205171,RNL,אגרת אל אחיו אליא בקהיר.
2,990001606230205171,RNL,טיוטה של מסמך על העברת בעלות.
2,990001606610205171,RNL,עדות על גרושין.
2,990001606720205171,RNL,אגרת על תחרות סוחרים קראים ורבנים.
2,990001606770205171,RNL,אגרת.
2,990001607170205171,RNL,ספור על אסתר.
2,990001607180205171,RNL,ספור על אסתר.
2,990001607230205171,RNL,אגרת.
2,990001607310205171,RNL,ספור על אסתר.
2,990001607550205171,RNL,ספור על משה רבנו.
2,990001607640205171,RNL,"תנאים לנשואין יהודים-קראים. תק""ו."
2,990001607660205171,RNL,"כתובה. תכ""א. ; Ketubbah. 1661"
2,990001608420205171,RNL,תעודה מקהיר.
2,990001608530205171,RNL,ספור על אסתר.
2,990001608690205171,RNL,"אלמקדמאת (בראשית, פרשת ויגש)."
2,990001608700205171,RNL,"אלמקדמאת (שמות, פרשת יתרו)."
2,990001608710205171,RNL,"פרוש התורה (בראשית, קטע)."
2,990001608770205171,RNL,אלמקדמאת (ויקרא).
2,990001608780205171,RNL,אלמקדמאת (שמות).
2,990001608790205171,RNL,אלמקדמאת (ויקרא ח-ט).
2,990001608820205171,RNL,סדר תפלות לשבתות ולמועדים.
2,990001608830205171,RNL,פרוש התורה (שמות).
2,990001608910205171,RNL,חבור בהלכה.
2,990001608930205171,RNL,חבור בפילוסופיה.
2,990001608990205171,RNL,פרוש התורה (במדבר ה-ו).
2,990001609070205171,RNL,פרוש עשרת הדברות (קטע).
2,990001609180205171,RNL,פרוש התורה (שמות כז-ל).
2,990001609190205171,RNL,"פרוש התורה (בראשית, קטע)."
2,990001609280205171,RNL,ספור על אסתר.
2,990001609360205171,RNL,ספור על יוסף.
2,990001609380205171,RNL,אלמקדמאת (במדבר כה).
2,990001609460205171,RNL,אלקוראן (קטע).
2,990001609480205171,RNL,שירי יין.
2,990001609500205171,RNL,ספור.
2,990001609610205171,RNL,רשומים אסטרונומיים על הירח.
2,990001610640205171,RNL,דרשה.
2,990001610970205171,RNL,פרוש התורה (בראשית א).
2,990001610990205171,RNL,קצת מוסא.
2,990001611030205171,RNL,פרוש התורה לשמואל בן משה המערבי (בראשית א).
2,990001611130205171,RNL,ספור.
2,990001611190205171,RNL,מנאג'את מוסא.
2,990001611220205171,RNL,פרוש התורה (בראשית לז).
2,990001611240205171,RNL,דיני טהרה.
2,990001611360205171,RNL,חבור על החגים.
2,990001611370205171,RNL,אלמקדמאת (ויקרא כא-כה).
2,990001611380205171,RNL,קינה.
2,990001611490205171,RNL,דיני טהרה.
2,990001612210205171,RNL,ספור על אסתר.
2,990001612220205171,RNL,ספור על אסתר.
2,990001612340205171,RNL,ספור על אסתר.
2,990001612380205171,RNL,ספור על אסתר.
2,990001612420205171,RNL,קצת יוסף.
2,990001612460205171,RNL,ספור על אסתר.
2,990001612470205171,RNL,ספור על אסתר.
2,990001612580205171,RNL,ספור על יוסף.
2,990001612600205171,RNL,ספור על יוסף.
2,990001612620205171,RNL,ספור על משה רבנו.
2,990001612650205171,RNL,חבור במוסר.
2,990001612690205171,RNL,תשבחות.
2,990001612700205171,RNL,ספור על אסתר.
2,990001612770205171,RNL,דיני טומאה.
2,990001612780205171,RNL,קינה.
2,990001613070205171,RNL,תשבחות.
2,990001613120205171,RNL,ספור על אסתר.
2,990001613130205171,RNL,חבור במשפטים.
2,990001613180205171,RNL,ספור על אסתר.
2,990001613210205171,RNL,ספור על פטירת משה.
2,990001613230205171,RNL,דיני שחיטה.
2,990001613240205171,RNL,דיני שחיטה.
2,990001613270205171,RNL,חבור תיאולוגי קראי.
2,990001613280205171,RNL,פיוטים.
2,990001613460205171,RNL,פיוטים.
2,990001613650205171,RNL,חבור במוסר.
2,990001613670205171,RNL,דיני טהרה.
2,990001613720205171,RNL,חבור באסטרולוגיה.
2,990001613830205171,RNL,דרשה.
2,990001614070205171,RNL,סגלות.
2,990001614090205171,RNL,שירים בעניני מוסר ודרשה.
2,990001614150205171,RNL,חבור בתכונה.
2,990001614160205171,RNL,פולמוס נגד מוסלמי.
2,990001614230205171,RNL,דרשה.
2,990001614590205171,RNL,חבור תיאולוגי מוסלמי.
2,990001614610205171,RNL,דרשה.
2,990001614710205171,RNL,חבור על תענית.
2,990001614910205171,RNL,ספור על יוסף.
2,990001614920205171,RNL,ספור.
2,990001615260205171,RNL,שיר שבח.
2,990001615310205171,RNL,חבור ברפואה.
2,990001615560205171,RNL,חבור על קץ הימים.
2,990001615620205171,RNL,חבור רפואי על משחות.
2,990001615660205171,RNL,כתאב אלמחיט באלתכליף.
2,990001615720205171,RNL,חבור תיאולוגי.
2,990001615900205171,RNL,חבור במוסר.
2,990001615910205171,RNL,חבור בפילוסופיה.
2,990001616060205171,RNL,פרוש התורה.
2,990001616120205171,RNL,"פרוש כתובים (תהלים, קטע)."
2,990001616180205171,RNL,דיני שחיטה.
2,990001616230205171,RNL,אלמקדמאת (קטע).
2,990001616320205171,RNL,"פרוש נביאים ליפת בן עלי (מלאכי, קטע)."
2,990001616350205171,RNL,"פרוש התורה (דברים, קטע)."
2,990001616370205171,RNL,"פרוש כתובים (תהלים, קטע)."
2,990001616890205171,RNL,שיר במוסר (קטע).
2,990001616910205171,RNL,"פרוש התורה (בראשית, קטע)."
2,990001617000205171,RNL,פיוטים.
2,990001617040205171,RNL,שירים.
2,990001617060205171,RNL,"פרוש התורה (בראשית, קטעים)."
2,990001617110205171,RNL,"פרוש התורה (בראשית, קטע)."
2,990001617150205171,RNL,אלמקדמאת (קטע).
2,990001617170205171,RNL,אלמקדמאת.
2,990001617500205171,RNL,"פרוש נביאים (יחזקאל, קטעים)."
2,990001617520205171,RNL,"פרוש התורה (ויקרא, קטע)."
2,990001617560205171,RNL,"פרוש התורה (ויקרא, קטע)."
2,990001617620205171,RNL,שירים על אסתר.
2,990001617630205171,RNL,ספור על אסתר (קטעים).
2,990001617660205171,RNL,דיני שחיטה (קטע).
2,990001617720205171,RNL,ספור על משה רבנו.
2,990001617940205171,RNL,לוח (קטע).
2,990001618330205171,RNL,ספור על אסתר.
2,990001618360205171,RNL,ספור על אסתר.
2,990001618680205171,RNL,ספור על אסתר.
2,990001618700205171,RNL,ספור על אסתר (קטע).
2,990001618980205171,RNL,תפלות מנהג קראים.
2,990001619020205171,RNL,ספור על אסתר : ; בצורת שיר.
2,990001619050205171,RNL,"פרוש התורה (במדבר, קטע)."
2,990001619320205171,RNL,דיני נשואין (קטע).
2,990001619350205171,RNL,דרשה.
2,990001619400205171,RNL,"פרוש התורה (ויקרא, קטע)."
2,990001619510205171,RNL,דרשה (קטע).
2,990001619560205171,RNL,חבור במוסר (קטע).
2,990001619680205171,RNL,שבח לנביא משה (קטע).
2,990001619870205171,RNL,ספור על משה רבנו (קטע).
2,990001619930205171,RNL,חבור בפילוסופיה (קטע).
2,990001619960205171,RNL,חבור ברפואה (קטע).
2,990001620050205171,RNL,דיני שחיטה (קטע).
2,990001620070205171,RNL,תפלות ופיוטים (קטעים).
2,990001620120205171,RNL,חבור בפולמוס (קטע).
2,990001620470205171,RNL,חבור תיאולוגי (קטע).
2,990001620510205171,RNL,סדור מנהג קראים (קטעים).
2,990001620620205171,RNL,חבור תיאולוגי (קטע).
2,990001620640205171,RNL,דיני טהרת האכל(?) (קטע).
2,990001620650205171,RNL,חבור תיאולוגי (קטע).
2,990001620710205171,RNL,ספור על משה רבנו (קטע).
2,990001620760205171,RNL,קינות לתשעה באב (קטעים).
2,990001620830205171,RNL,ספור על משה רבנו (קטע).
2,990001620970205171,RNL,דיני שחיטה (קטע).
2,990001621050205171,RNL,ספור על משה רבנו (קטע).
2,990001621140205171,RNL,חבור תיאולוגי (קטעים).
2,990001621220205171,RNL,ספורים על נביאים (קטעים).
2,990001621250205171,RNL,פיוטים (קטעים).
2,990001621390205171,RNL,מחזור (קטע).
2,990001621400205171,RNL,"אלמקדמאת (דברים, פרשת ואתחנן)."
2,990001621420205171,RNL,אלמקדמאת (לפסח).
2,990001621490205171,RNL,פרוש עשרת הדברות (קטע).
2,990001621540205171,RNL,"פרוש התורה לשמואל בן משה המערבי (בראשית, פרשת בראשית)."
2,990001621550205171,RNL,אלמקדמאת.
2,990001621560205171,RNL,"אלמקדמאת (בראשית, פרשת ויגש)."
2,990001621610205171,RNL,אלמקדמאת.
2,990001621660205171,RNL,"פרוש נביאים (תרי עשר, קטעים)."
2,990001621690205171,RNL,פרוש התורה (קטע).
2,990001621700205171,RNL,"אלמקדמאת (שמות, פרשת כי תשא ויקהל)."
2,990001621710205171,RNL,"פרוש כתובים (תהלים, קטע)."
2,990001621760205171,RNL,פרוש נביאים ליפת בן עלי (תרי עשר).
2,990001621830205171,RNL,"פרוש כתובים (איוב, קטע) : ; פרוש פילולוגי."
2,990001621840205171,RNL,"פרוש התורה (בראשית, קטע)."
2,990001621890205171,RNL,"פרוש כתובים ליפת בן עלי (איוב, קטע)."
2,990001621920205171,RNL,"פרוש נביאים ליפת בן עלי (תרי עשר, קטע)."
2,990001621930205171,RNL,"פרוש נביאים (תרי עשר, קטע)."
2,990001621950205171,RNL,שטר על הסדר תביעות ממון.
2,990001622050205171,RNL,פרוש התורה (קטע).
2,990001622120205171,RNL,"פרוש התורה (ויקרא, פרשת מצורע)."
2,990001622210205171,RNL,"פרוש התורה (שמות, קטע)."
2,990001622280205171,RNL,שרח אלקינות (קטע) : ; קטע מפרוש איכה.
2,990001622310205171,RNL,פרוש עשרת הדברות (קטע).
2,990001622440205171,RNL,שטרות (קטע).
2,990001622490205171,RNL,קצה אלבקעה (קטע).
2,990001622520205171,RNL,"פרוש נביאים (שופטים, קטע)."
2,990001622540205171,RNL,"פרוש כתובים (דניאל, קטע)."
2,990001622620205171,RNL,קריאות בתורה בבית כנסת קראי.
2,990001622630205171,RNL,"מדרש דוד (בראשית- שמות, קטעים)."
2,990001622640205171,RNL,"פרוש נביאים בערבית (עמוס, קטע)."
2,990001622650205171,RNL,"פרוש התורה (ויקרא, קטעים)."
2,990001622660205171,RNL,פרוש התורה (ויקרא) : ; בצורת שאלות ותשובות.
2,990001622680205171,RNL,"פרוש כתובים (עזרא, קטע)."
2,990001622700205171,RNL,"אלמקדמאת (שמות, קטעים)."
2,990001622740205171,RNL,"פרוש כתובים (תהלים, קטע)."
2,990001622800205171,RNL,קבץ חבורים קראיים.
2,990001622810205171,RNL,"פרוש התורה (דברים, קטע)."
2,990001622820205171,RNL,"מדרש דוד (בראשית, קטע)."
2,990001622830205171,RNL,חבור תיאולוגי (קטע).
2,990001622850205171,RNL,"אלמקדמאת (במדבר, פרשת שלח לך)."
2,990001622860205171,RNL,מדרש דוד (קטעים).
2,990001622940205171,RNL,"פרוש נביאים (שמואל, קטע)."
2,990001623010205171,RNL,"אלמקדמאת (במדבר, קטע)."
2,990001623050205171,RNL,"פרוש נביאים (יחזקאל, קטע)."
2,990001623240205171,RNL,"אלמקדמאת (ויקרא, פרשת אחרי מות)."
2,990001623280205171,RNL,ספור על אסתר (קטע).
2,990001623360205171,RNL,אלמקדמאת (קטע).
2,990001623380205171,RNL,"פרוש כתובים (איוב, קטע)."
2,990001623390205171,RNL,"פרוש התורה (בראשית, קטע)."
2,990001623450205171,RNL,"פרוש נביאים (ישעיה, קטע)."
2,990001623470205171,RNL,"פרוש כתובים (משלי, קטעים)."
2,990001623510205171,RNL,אלמקדמאת (פרשה כט).
2,990001623550205171,RNL,"פרוש נביאים ליפת בן עלי (יחזקאל, קטע)."
2,990001623560205171,RNL,"אלמקדמאת (במדבר, פרשת בלק)."
2,990001623570205171,RNL,אלמקדמאת (פרשה טו).
2,990001623640205171,RNL,"אלמקדמאת (ויקרא, פרשת קדושים)."
2,990001623650205171,RNL,"אלמקדמאת (דברים, פרשת ואתחנן)."
2,990001623760205171,RNL,"פרוש נביאים (ישעיה, קטע)."
2,990001623770205171,RNL,אלמקדמאת (פרשות שונות).
2,990001623800205171,RNL,קבץ.
2,990001623820205171,RNL,"פרוש התורה (ויקרא, קטע)."
2,990001623840205171,RNL,"פרוש התורה (בראשית, קטעים)."
2,990001623850205171,RNL,פרוש התורה : ; בדרך שאלות ותשובות.
2,990001623860205171,RNL,"פרוש כתובים (איוב, קטע)."
2,990001623880205171,RNL,"פרוש התורה (ויקרא, קטעים)."
2,990001623890205171,RNL,ספר המצוות (קטע).
2,990001623900205171,RNL,ספר המצוות (קטע).
2,990001623910205171,RNL,"אלמקדמאת (דברים, פרשת פקודי)."
2,990001623940205171,RNL,"פרוש התורה (ויקרא, קטעים)."
2,990001623990205171,RNL,אלמקדמאת (קטעים).
2,990001624010205171,RNL,"פרוש נביאים (ישעיה, חלק)."
2,990001624060205171,RNL,"פרוש כתובים ליפת בן עלי (קהלת, קטע)."
2,990001624080205171,RNL,"פרוש כתובים (תהלים, קטעים)."
2,990001624090205171,RNL,"פרוש כתובים (משלי, קטע)."
2,990001624130205171,RNL,ערוגת הפרחים והגנים.
2,990001624150205171,RNL,"פרוש כתובים (משלי, קטע)."
2,990001624190205171,RNL,"תרגום ופרוש התורה ליפת בן עלי (שמות, קטעים)."
2,990001624220205171,RNL,אלמקדמאת (קטע).
2,990001624230205171,RNL,"פרוש התורה (שמות, קטע)."
2,990001624260205171,RNL,פרוש התורה לשמואל בן משה אבן סני (קטעים).
2,990001624280205171,RNL,"פרוש נביאים (תרי עשר, קטעים)."
2,990001624330205171,RNL,אלמקדמאת (קטע).
2,990001624340205171,RNL,"פרוש כתובים (איוב, קטע)."
2,990001624350205171,RNL,"אלמקדמאת (דברים, פרשת ואתחנן)."
2,990001624360205171,RNL,"פרוש התורה (ויקרא, קטע)."
2,990001624370205171,RNL,"פרוש התורה (דברים, קטעים)."
2,990001624410205171,RNL,אלמקדמאת (פרשה ז).
2,990001624430205171,RNL,"פרוש כתובים (תהלים, קטעים)."
2,990001624440205171,RNL,"פרוש כתובים (תהלים, קטעים)."
2,990001624450205171,RNL,"פרוש כתובים (תהלים, קטע)."
2,990001624470205171,RNL,"פרוש כתובים (קהלת, קטע)."
2,990001624490205171,RNL,"תרגום ופרוש התורה ליפת בן עלי (שמות, קטעים)."
2,990001624510205171,RNL,פרוש התורה לשמואל בן משה אבן סני (קטע).
2,990001624530205171,RNL,"אלמקדמאת (שמות, פרשת כי תשא)."
2,990001624540205171,RNL,"פרוש התורה (ויקרא, קטע)."
2,990001624570205171,RNL,"פרוש התורה (ויקרא, קטע)."
2,990001624600205171,RNL,"פרוש כתובים (דניאל, קטע)."
2,990001624610205171,RNL,אלמקדמאת (קטעים).
2,990001624620205171,RNL,"פרוש כתובים (משלי, קטע)."
2,990001624710205171,RNL,פרוש התורה : ; בדרך שאלות ותשובות.
2,990001624730205171,RNL,שרח אלאלפאץ.
2,990001624750205171,RNL,פרוש מלים בתורה (קטעים).
2,990001624770205171,RNL,אלמקדמאת (פרשות שונות בתורה).
2,990001624850205171,RNL,אלמקדמאת (פרשות שונות בתורה).
2,990001624860205171,RNL,"פרוש התורה (במדבר, קטע)."
2,990001624870205171,RNL,אלמקדמאת (לראשי מלות).
2,990001624880205171,RNL,מדרש דוד (במדבר).
2,990001624890205171,RNL,אלמקדמאת (פרשות שונות בתורה).
2,990001624900205171,RNL,ספר המצוות.
2,990001624910205171,RNL,"אלמקדמאת (פרשות שונות בתורה, קטעים)."
2,990001627910205171,Sofer,חבור בפילוסופיה בערבית (קטע) : ; אוטוגרף.
2,990001659790205171,RNL,תפלה (קטע).
2,990001659870205171,RNL,סדור (קטע).
2,990001659920205171,RNL,סליחות.
2,990001659950205171,RNL,תפלה (קטע).
2,990001660070205171,RNL,תפלה (קטע).
2,990001660140205171,RNL,תפלות (קטע).
2,990001660420205171,RNL,ודוי.
2,990001660570205171,RNL,סליחות.
2,990001660770205171,RNL,קדוש לפסח.
2,990001660860205171,RNL,סדור תפלה (קטע).
2,990001660890205171,RNL,תפלה (קטע).
2,990001660920205171,RNL,פרוש עשרת הדברות בערבית.
2,990001660930205171,RNL,פיוטים (קטע).
2,990001661370205171,RNL,תורה (במדבר כט:א-לא:לח).
2,990001661560205171,RNL,"ספרא (ויקרא, קטע)."
2,990001661570205171,RNL,סדור תפילה (פסח).
2,990001661940205171,RNL,כתובים (תהלים קט:יח-קט:קג).
2,990001662030205171,RNL,הגדה של פסח.
2,990001662360205171,RNL,תורה (דברים לב:א-לב:כד).
2,990001662390205171,RNL,"תורה (דברים א:יט-א:לג, ג:יב-ג:כה)."
2,990001663040205171,RNL,הפטרות לפי המחזור התלת שנתי (דברים יז-כ; שם ל-לב).
2,990001663430205171,RNL,"תורה (שמות יח:ה-יט:ז, כד:א-כה:טו)."
2,990001664380205171,RNL,תורה (במדבר ל:כד-לא:יג).
2,990001665540205171,RNL,סדור תפלה (קטע).
2,990001666020205171,RNL,"תורה (במדבר ח:יד-י:יח, יא:טז-יא:כא)."
2,990001666320205171,RNL,"תורה (במדבר כט:לד-כט:טז, דברים ב:ב-ה:כה)."
2,990001666620205171,RNL,פיוטים ליום כפור.
2,990001666700205171,RNL,"תורה (במדבר לג, דברים ג-ד)."
2,990001667570205171,RNL,תרגום ארמי לתורה (בראשית כח:יד-ל:י).
2,990001668260205171,RNL,בקשה.
2,990001668350205171,RNL,תפלות.
2,990001668920205171,RNL,סליחות.
2,990001669330205171,RNL,תפלות מנהג קראים.
2,990001669760205171,RNL,תפלות ליום כפור.
2,990001670330205171,RNL,סדור מנהג קראים (קטע).
2,990001696150205171,Vienna,מחזור (קטע) : ; תפלת שמונה עשרה ליום כפור.
2,990001696770205171,Vienna,הוראות לסדור (קטע).
2,990001696980205171,Vienna,מחזור לראש השנה (קטע).
2,990001697750205171,Vienna,תכלאל (קטע).
2,990001734520205171,Birmingham,עמידה לשבועות.
2,990001767970205171,RNL,"פרוש התורה ליפת בן עלי (שמות, קטע)."
2,990001829550205171,InstFrance,קבץ קטעי גניזה.
2,990001837940205171,Manchester,קטעי גניזה.
2,990001842050205171,Westminster,קטעי מקרא.
2,990001860350205171,BL,"דרשה בערבית על פרשת ראה, מחר חודש (קטע) : ; קטעי גניזה."
2,990001929460205171,Benayahu,סדר ברית מילה.
2,990001932470205171,Katz,"תורה (בראשית כז:ז-ל:ז) : ; עם ניקוד וטעמים, מסורה קטנה וגדולה."
2,990001933040205171,Katz,תרגום ערבי לתורה (בראשית ח:יא-ט:כו).
2,990001935530205171,Katz,"משנה תורה (ספר אהבה, הלכות תפלה יג:יד-סוף; הלכות תפילין א:ו-סוף)."
2,990001938850205171,BL,ברכת המזון (קטע).
2,990001938860205171,BL,סדור (קטע).
2,990001943870205171,BL,פרוש התורה בערבית (שמות כא:יט-כא:לג).
2,990001944730205171,BL,פרוש התורה ליפת בן עלי (ויקרא כ:כא; כ:כו).
2,990001945100205171,BL,פרוש התורה ליפת בן עלי (במדבר טו:כו-טו:לא; לא:ב-לא:ג).
2,990001959000205171,RNL,כתאב אלאסל.
2,990001959030205171,RNL,אלמקדמאת (קטע).
2,990001962290205171,HAS,"תרגום ערבי לתורה לרס""ג (שמות כט:כח-לו:כו)."
2,990001962950205171,HAS,"הלכות הרי""ף (יבמות, קטע)."
2,990001963430205171,RNL,חבור בפילוסופיה (קטע).
2,990001963500205171,RNL,חבור בדקדוק עברי.
2,990001963510205171,RNL,"פרוש התורה (במדבר, קטע)."
2,990001964540205171,RNL,פרוש כתובים ליפת בן עלי (דניאל).
2,990001966720205171,RNL,סדור (קטע).
2,990001966790205171,RNL,"תורה : ; עם ניקוד וטעמים, מסורה קטנה וגדולה."
2,990001966850205171,RNL,סדור מנהג אשכנז המזרחי לכל השנה.
2,990001966870205171,RNL,פרוש נביאים (ישעיה).
2,990001966880205171,RNL,"פרוש כתובים לרס""ג (משלי)."
2,990001966920205171,RNL,תורה.
2,990001966940205171,RNL,אגרות.
2,990001966990205171,RNL,פיוטים.
2,990001967030205171,RNL,אגרת אל יוסף בן שמואל.
2,990001967040205171,RNL,דיואן ר' יהודה הלוי.
2,990001967100205171,RNL,פיוטים.
2,990001967110205171,RNL,סדור ר' ישעיה הכהן.
2,990001969280205171,RNL,פיוטים.
2,990001969320205171,RNL,אלמקדמאת.
2,990001969530205171,RNL,"תורה (במדבר, דברים, קטע)."
2,990001970180205171,RNL,"תורה (דברים, קטע)."
2,990001970210205171,RNL,"תורה (שמות, במדבר, קטעים)."
2,990001970390205171,RNL,תורה והפטרות (קטעים).
2,990001991490205171,CUL,תרגום ופרוש נביאים בערבית (יחזקאל מה:יד-מה:כא) : ; קטעי גניזה.
2,990001993230205171,BL,סדור תפלה (קטע).
2,990001994320205171,BL,אליך נשאתי את עיני אל נא תשב את פני.
2,990001997770205171,BL,תכלאל (קטע מתפלת ההושענות) : ; עם ניקוד בבלי עליון.
2,990001997850205171,BL,סדור תפלה (קטע) : ; עם הוראות בערבית.
2,990002013010205171,Mosseri,פרוש נביאים בערבית (ישעיה כב).
2,990002016190205171,Mosseri,ספר הענק למשה ן' עזרא (קטע).
2,990002026440205171,Mosseri,קטעי גניזה.
2,990002027260205171,Mosseri,אזהרות (קטעים).
2,990002028680205171,Mosseri,תפלת מעריב : ; נוסח הקבע.
2,990002028740205171,Mosseri,יום ליבשה נהפכו מצולים (סוף) : ; מסוג גאולה.
2,990002031970205171,Mosseri,סליחות.
2,990002032720205171,Mosseri,יעלו לאלף ולרבבה.
2,990002034490205171,Mosseri,עמידה מברכת העבודה ואילך.
2,990002035290205171,Mosseri,תחנון (סוף).
2,990002035360205171,Mosseri,תוכחה בפרוזה (קטע).
2,990002081150205171,RNL,קובץ הלכות שחיטה וטרפות.
2,990002081410205171,Manchester,ברכת המזון.
2,990002084050205171,Manchester,הגדה של פסח (קטע).
2,990002087160205171,RNL,תפלות לשבת.
2,990002091430205171,Manchester,הגדה של פסח (קטע) : ; עם הוראות בערבית.
2,990002094280205171,Manchester,מחזור לראש השנה (קטע).
2,990002099200205171,JTS,קובץ בתלמוד.
2,990024965840205171,NLI,עמידה לימים נוראים (קטע).
2,990025023170205171,RNL,פרוש התורה (בראשית).
2,990025168040205171,NLI,"סדור רס""ג (קטעים)."
2,990025169440205171,NLI,סדור תפלה (קטע).
2,990025636650205171,CUL,סדור (קטעים).
2,990025772170205171,CUL,דיואן תימני.
2,990026153020205171,NLI,פיוטים ליום כפור (קטעים).
2,990026200850205171,CUL,סדור תפילה מנהג ספרד.
2,990026202260205171,CUL,הגדה של פסח : ; עם הוראות בערבית יהודית.
2,990026445670205171,UPenn,קטעי גניזה.
2,990026873740205171,RNL,"פרוש כתובים ליפת בן עלי (תהלים קד, קטע)."
2,990026875360205171,RNL,חבור קראי.
2,990026880750205171,RNL,"פרוש כתובים לסלמון בן ירוחם (איכה, קטע)."
2,990026884120205171,RNL,"פרוש כתובים לסלמון בן ירוחם (איכה, קטעים)."
2,990026884150205171,RNL,"פרוש כתובים לסלמון בן ירוחם (איכה, קטעים)."
2,990026884540205171,RNL,דיני שחיטה (קטע).
2,990029261990205171,CUL,הגדה של פסח (קטע).
2,990032406940205171,CUL,מוסף לראש השנה (קטע).
2,990034800060205171,CUL,ברכת המזון לחול ולשבת.
2,990035092700205171,NLI,הגדה של פסח (קטע).
2,990037148050205171,Manchester,פרוש התורה לבחיי בן אשר (בראשית לא:מב-לא:מו).
2,990037232900205171,Manchester,בקשה (קטע).
2,990037513750205171,Manchester,תחנון ליום כפור.
2,990037565150205171,?,"משנה תורה (ספר אהבה, הלכות תפילין, מזוזה וספר תורה ח)."
2,990038775900205171,Geneva,"משנה תורה (ספר קדושה, הלכות שחיטה ו:יב-י:ט)."
2,990038821720205171,Geneva,כתובים (תהלים קמה; קמו).
2,990039129230205171,RNL,"חמדת ימים (ליקוטים, חג הסוכות פרק א)."
2,990039294590205171,RNL,"תורה (בראשית לה-במדבר לד) : ; עם ניקוד וטעמים, מסורה קטנה וגדולה."
2,990039297040205171,RNL,חבור בפילוסופיה בערבית יהודית.
2,990039379490205171,RNL,"זהר (במדבר, קטע)."
2,990039380130205171,RNL,"זהר (ספר בראשית, פרשת לך לך)."
2,990040555290205171,RSL,מדרש דוד (בראשית ב-ג) : ; דרשות בערבית.
2,990040562500205171,RNL,תפסיר ישעיה (כב:ט-כב:יג).
2,990040913040205171,RNL,חבור בערבית יהודית (קטע). :.
2,990040913080205171,RNL,חבור מוסר : ; בערבית יהודית.
2,990040913110205171,RNL,שער של חבור בהלכה קראית (קטע) : ; בערבית יהודית.
2,990040963360205171,RNL,מאמר על הטועה בספירת העומר:.
2,990040963530205171,RNL,מאמר על מדרש (שמות רבה כג:טו). :.
2,990041016360205171,RNL,חבור על השיר והברכה במקרא (קטע) : ; בערבית יהודית.
2,990041018860205171,RNL,חבור בערבית יהודית (קטע). :.
2,990041030010205171,RNL,חיבור במוסר (קטע) : ; בערבית יהודית.
2,990041030180205171,RNL,חבור במוסר (קטע) : ; בערבית יהודית.
2,990041043460205171,RNL,חבור במוסר (קטע) : ; בערבית יהודית.
2,990041043860205171,RNL,סדור מנהג קראים (קטע).
2,990041043890205171,RNL,חבור במוסר (קטע) : ; בערבית יהודית.
2,990041044150205171,RNL,חבור במוסר (קטע) : ; בערבית יהודית.
2,990041044390205171,RNL,חבור בדיני הקרבנות (קטע) : ; בערבית יהודית.
2,990041056710205171,RNL,סדור ר' שלמה סג'למסה (כג).
2,990041069910205171,RNL,חבור בערבית יהודית (קטע). :.
2,990041076330205171,RNL,חבור בדיני עריות (קטע) : ; בערבית יהודית.
2,990043987940205171,AIU,בקשות ותוכחות (קטע).
2,990044013770205171,AIU,סדור תפלה (קטעים).
2,990044027740205171,AIU,סדור תפלה (קטעים).
2,990044028130205171,AIU,סדור תפלה (קטעים).
2,990044040740205171,AIU,סדור תפלה לשבת (קטע).
2,990044045720205171,AIU,סדור תפלה (קטעים).
2,990044046490205171,AIU,ברכות ההפטרה.
2,990044049160205171,AIU,סדור תפלה (קטעים).
2,990044050080205171,AIU,ברכת המזון (קטע).
2,990044050110205171,AIU,סדור תפלה (קטעים).
2,990044054310205171,AIU,תקון ליל שבועות (קטע).
2,990044077110205171,AIU,סדור תפלה לחגים (קטע).
2,990044083290205171,AIU,סדור תפלה ליום כפור (קטעים).
2,990044091500205171,AIU,סדור תפלה לימים נוראים (קטעים).
2,990044094060205171,AIU,סליחות (קטע).
2,990044096170205171,AIU,סדור תפלה לראש השנה.
2,990044108780205171,AIU,סדר עבודה ליום הכפורים : ; עם כוונות.
2,990044113340205171,AIU,ברכת המזון (קטע).
2,990044122490205171,AIU,ברכת המזון (קטע).
2,990044141400205171,AIU,אשמורות (קטע).
2,990044280600205171,AIU,הגדה של פסח.
2,990044324110205171,AIU,סדר קריאות התורה .
2,990047130640205171,AIU,הבקשה הראשונה : ; בעברית ובערבית בקטעים מתחלפים.
2,990047775890205171,AIU,כתאב אלמחאצרה ואלמדאכרה (קטע).
2,990047991080205171,AIU,זהר (אדרא רבא) (קטע).
2,990049152560205171,AIU,פרוש מלים בתורה (בראשית מא:יד-מט:ד) : ; בערבית יהודית.
2,990051073230205171,CUL,"כתאב ג'אמע אלצלואת ואלתסאביח; סדרי ברכות (ברכות הנהנין, השבח, המצוות); ספרות הלכתית ופרשנות תלמודית. ; Brakhot: Grace after meals ; סדרי ברכות: ברכת המזון"
2,990051074520205171,CUL,"פירוש יפת למקרא; פרשנות מקרא; תפסיר ערבי. ; Japhet b. Eli, Yefet's Commentary on the Bible: Proverbs 12:7 – 13:17; 19:6 – 28; 20:5 – 24:21 ; יפת בן עלי הלוי, פירוש יפת למקרא: משלי יב:ז – יג:יז; יט:ו – כח; כ:ה – כד:כא"
2,990051076020205171,CUL,"מקרא [טקסט]; תפסיר רס""ג. ; Saadiah b. Joseph al-Fayyumi (Saadiah Gaon), Tafsir Saadya Gaon: Exodus 10:7 – 21 ; סעדיה בן יוסף גאון, תפסיר רס""ג: שמות י:ז – כא"
2,990051076310205171,CUL,"מקרא [טקסט]; פרשנות מקרא; פרשנות מקרא קראית; שאלות ותשובות. ; סלמון בן ירוחם, פרשנות מקרא: תהילים סח:יט – כב; כח – ל"
2,990051076660205171,CUL,"מקרא [טקסט]; פירוש יפת למקרא; פרשנות מקרא. ; Japhet b. Eli, Biblical Exegesis: Isaiah 52:14 – 53:5 ; יפת בן עלי הלוי, פרשנות מקרא: ישעיהו נב:יד – נג:ה"
2,990051076740205171,CUL,"מקרא [טקסט]; פרשנות מקרא; פרשנות מקרא קראית. ; סלמון בן ירוחם, פרשנות מקרא: קהלת ו:ז – ז:יד; ז:יח – ח:יג"
2,990051078190205171,CUL,"תפסיר רס""ג. ; Saadiah b. Joseph al-Fayyumi (Saadiah Gaon), Tafsir Saadya Gaon: Exodus 16 – 18 ; סעדיה בן יוסף גאון, תפסיר רס""ג: שמות טז – יח"
2,990051078220205171,CUL,"תפסיר רס""ג. ; Saadiah b. Joseph al-Fayyumi (Saadiah Gaon), Tafsir Saadya Gaon: Psalms 139 ; סעדיה בן יוסף גאון, תפסיר רס""ג: תהילים קלט"
2,990051078400205171,CUL,"תפסיר ערבי; תפסיר רס""ג. ; Saadiah b. Joseph al-Fayyumi (Saadiah Gaon), Tafsir Saadya Gaon: Genesis 2 – 3 ; סעדיה בן יוסף גאון, תפסיר רס""ג: בראשית ב – ג"
2,990051079920205171,CUL,"משנה תורה. ; Moses b. Maimon, Rambam, Mishneh Torah: Tefillin Mezuzah ve-Sefer Torah 6:2 – 7:2 ; משה בן מימון, משנה תורה: תפילין מזוזה וספר תורה ו:ב – ז:ב"
2,990051080220205171,CUL,"סדרי ברכות (ברכות הנהנין, השבח, המצוות); תפילה וברכות. ; Brakhot: Grace after meals ; סדרי ברכות: ברכת המזון"
2,990051080240205171,CUL,"משנה תורה ופירושיו. ; Moses b. Maimon, Rambam, Mishneh Torah and its Commentaries: Shehitah ; משה בן מימון, משנה תורה ופירושיו: שחיטה"
2,990051080390205171,CUL,"פיוט. ; שלמה אבן גבירול, פיוט (שלמה אבן גבירול)"
2,990051085740205171,CUL,"משנה תורה; ספרות הלכתית ופרשנות תלמודית; ספרות חז""ל; פיוט; תלמוד בבלי [טקסט]. ; Moses b. Maimon, Rambam, Mishneh Torah: Introduction Shehitah 1:1 – 2 ; משה בן מימון, משנה תורה: הקדמה שחיטה א:א – ב"
2,990051086330205171,CUL,"משנה תורה; ספרות הלכתית ופרשנות תלמודית; ספרות חז""ל; תלמוד בבלי [טקסט]. ; Moses b. Maimon, Rambam, Mishneh Torah: Shehitah 1:15 – 24 ; משה בן מימון, משנה תורה: שחיטה א:טו – כד"
2,990051087830205171,CUL,"כתאב פי וג'וב אלצלוה; פיוט; תפילה וברכות. ; Piyyut ; סעדיה בן יוסף גאון, כתאב פי וג'וב אלצלוה: הבקשה הראשונה והשנייה"
2,990051087900205171,CUL,"פיוט; תוספות של סידור; תפילה וברכות; תפילות קבע. ; Liturgical text, including piyyut, with Judaeo-Arabic instructions for Yom Kippur"
2,990051088080205171,CUL,כתאב ג'אמע אלצלואת ואלתסאביח; פיוט; תוספות של סידור; תפילה וברכות. ; Liturgical additions: Haggadah (and other matters) of Pesach ; תוספות של סידור: הגדה (ועניינים אחרים) של פסח
2,990051088180205171,CUL,כתאב ג'אמע אלצלואת ואלתסאביח; פיוט. ; Piyyut ; פיוט ראש השנה
2,990051088210205171,CUL,"פיוט; תפילה וברכות. ; Piyyut ; סעדיה בן יוסף גאון, פיוט (בקשה)"
2,990051088220205171,CUL,"פיוט; תפילה וברכות. ; Piyyut ; סעדיה בן יוסף גאון, פיוט (בקשה)"
2,990051088270205171,CUL,"פיוט; תפילה וברכות. ; Piyyut ; סעדיה בן יוסף גאון, פיוט (בקשה)"
2,990051088280205171,CUL,"כתאב פי וג'וב אלצלוה; לא ניתן להכרעה מתוך הקטלוג; פיוט; תפילה וברכות. ; Piyyut ; סעדיה בן יוסף גאון, כתאב פי וג'וב אלצלוה: הבקשה הראשונה"
2,990051088380205171,CUL,"פיוט; תפילה וברכות. ; Piyyut ; סעדיה בן יוסף גאון, פיוט (בקשה)"
2,990051088460205171,CUL,"פיוט; תפילה וברכות. ; Piyyut ; סעדיה בן יוסף גאון, פיוט (בקשה)"
2,990051088540205171,CUL,"פיוט; תפילה וברכות. ; Piyyut ; סעדיה בן יוסף גאון, פיוט (בקשה)"
2,990051088550205171,CUL,"פיוט; תפילה וברכות. ; Piyyut ; סעדיה בן יוסף גאון, פיוט (בקשה)"
2,990051088610205171,CUL,"כתאב פי וג'וב אלצלוה; פיוט; תפילה וברכות. ; Piyyut ; סעדיה בן יוסף גאון, כתאב פי וג'וב אלצלוה: אוסף פסוקים; הבקשה הראשונה"
2,990051088630205171,CUL,"כתאב ג'אמע אלצלואת ואלתסאביח; סדרי ברכות (ברכות הנהנין, השבח, המצוות); פיוט; תוספות של סידור; תפילה וברכות; תפילות קבע. ; Common Prayers: Musaf Shemini Atzeret Amidah; Purim ; תפילות קבע: מוסף שמיני עצרת עמידה; פורים"
2,990051088650205171,CUL,"סדרי ברכות (ברכות הנהנין, השבח, המצוות); סידור שלמה מסיג'ילמאסה; פיוט; תפילה וברכות; תפילות קבע. ; Instructions for the havdalah and the 'amidah for weekdays"
2,990051088660205171,CUL,"פיוט; תפילה וברכות. ; Piyyut ; סעדיה בן יוסף גאון, פיוט (בקשה)"
2,990051088740205171,CUL,"פיוט; תפילה וברכות. ; Piyyut ; סעדיה בן יוסף גאון, פיוט (בקשה)"
2,990051088770205171,CUL,פיוט; תפילה וברכות. ; Liturgical texts with Judaeo-Arabic translation
2,990051088830205171,CUL,"כתאב ג'אמע אלצלואת ואלתסאביח; סדרי ברכות (ברכות הנהנין, השבח, המצוות); פיוט; תפילה וברכות; תפילות קבע. ; Liturgical; Siddur RSG, pp. (108), 98-99, 103-104."
2,990051088860205171,CUL,"פיוט; תפילה וברכות. ; Piyyut ; סעדיה בן יוסף גאון, פיוט (בקשה)"
2,990051088950205171,CUL,"פיוט; תפילה וברכות. ; Piyyut ; סעדיה בן יוסף גאון, פיוט (בקשה)"
2,990051088980205171,CUL,סידור שלמה מסיג'ילמאסה; פיוט; תפילה וברכות; תפילות קבע. ; Common Prayers: Shaharit Shabbat; Arvit Shabbat ; תפילות קבע: שחרית שבת; ערבית שבת
2,990051089000205171,CUL,"פיוט; תפילה וברכות. ; Piyyut ; סעדיה בן יוסף גאון, פיוט (בקשה)"
2,990051089040205171,CUL,"כתאב ג'אמע אלצלואת ואלתסאביח; פיוט; תפילה וברכות; תפילות קבע. ; Liturgical text, including qaddish, with Judaeo-Arabic instructions"
2,990051089090205171,CUL,"עזרי הוראה, נסיונות קולמוס, תרגילי כתיבה, שרבוטים; פיוט; תפילה וברכות. ; Piyyut ; סעדיה בן יוסף גאון, פיוט (בקשה)"
2,990051089200205171,CUL,"פיוט; תפילה וברכות. ; Piyyut ; סעדיה בן יוסף גאון, פיוט (בקשה)"
2,990051089220205171,CUL,כתאב ג'אמע אלצלואת ואלתסאביח; כתאב פי וג'וב אלצלוה; פיוט; תפילה וברכות; תפילות קבע. ; Common Prayers: Sukkot ; תפילות קבע: סוכות
2,990051089260205171,CUL,כתאב ג'אמע אלצלואת ואלתסאביח; פיוט; תפילה וברכות; תפילות קבע. ; Common Prayers: Sukkot; Musaf Simhat Torah ; תפילות קבע: סוכות; מוסף שמחת תורה
2,990051089270205171,CUL,"פיוט; תפילה וברכות. ; Piyyut ; סעדיה בן יוסף גאון, פיוט (בקשה)"
2,990051089450205171,CUL,"פיוט; תפילה וברכות. ; Piyyut ; סעדיה בן יוסף גאון, פיוט (בקשה)"
2,990051089460205171,CUL,"פיוט; תפילה וברכות. ; Piyyut ; סעדיה בן יוסף גאון, פיוט (בקשה)"
2,990051089510205171,CUL,תחינות ובקשות : ; עם הוראות בערבית יהודית.
2,990051089680205171,CUL,"פיוט; תפילה וברכות. ; Piyyut ; סעדיה בן יוסף גאון, פיוט (בקשה)"
2,990051089700205171,CUL,כתאב ג'אמע אלצלואת ואלתסאביח; פיוט; תפילה וברכות; תפילות קבע. ; Common Prayers: Shaharit Weekday ; תפילות קבע: שחרית חול
2,990051090760205171,CUL,"ספר טומאה וטהרה; פרשנות מקרא רבנית. ; Fol. 1: Bible commentary relating to 'anaw, quoting biblical sources (Proverbs 15:33; 22:4; Psalms 119:63; Isaiah 61:1; Psalms 149:4; Isaiah 66:2; Psalms 10:17; 34:19; 25:9; 37:11); fol. 2: commentary on Leviticus 15:15-18, quoting biblical (Deuteronomy 23:12) and talmudic sources (BT Ketubbot 4b)"
2,990051090930205171,CUL,פירוש יפת למקרא; פרשנות מקרא קראית. ; Biblical Exegesis - Karaite: Isaiah 43:7 – 10; 15 ; פרשנות מקרא קראית: ישעיהו מג:ז – י; טו
2,990051091100205171,CUL,"כתאב טלב אלחכמה. ; סעדיה בן יוסף גאון, כתאב טלב אלחכמה: משלי כז:יד – כז"
2,990051092190205171,CUL,"ספרות הלכתית ופרשנות תלמודית; ספרות חז""ל; פירוש אבן עזרא למקרא; פרשנות מקרא רבנית. ; Biblical Exegesis - Rabbanite: Deuteronomy 32:34 – 39[מצטט את רבינו בחיי בן אשר.] ; פרשנות מקרא רבנית: דברים לב:לד – לט[מצטט את רבינו בחיי בן אשר.]"
2,990051093080205171,CUL,"משנה תורה; ספרות הלכתית ופרשנות תלמודית; ספרות חז""ל. ; Moses b. Maimon, Rambam, Mishneh Torah: Shehitah 12:10 – 13:8 ; משה בן מימון, משנה תורה: שחיטה יב:י – יג:ח"
2,990051096270205171,CUL,"פיוט; תפילה וברכות. ; Liturgy and Brakhot ; סעדיה בן יוסף גאון, פיוט (בקשה)"
2,990051097020205171,CUL,"משנה תורה; ספרות הלכתית ופרשנות תלמודית; ספרות חז""ל. ; Moses b. Maimon, Rambam, Mishneh Torah: Shehitah 1:7 – 13 ; משה בן מימון, משנה תורה: שחיטה א:ז – יג"
2,990051098220205171,CUL,"דלאלה אלחאירין; מורה נבוכים [תרגום שמואל אבן תיבון]; ספרות הגות (פילוסופיה, תיאולוגיה, מוסר). ; Philosophy, Theology, Ethical literature ; משה בן מימון, מורה נבוכים [תרגום שמואל אבן תיבון]: הקדמה (צדר)"
2,990051098700205171,CUL,כתאב ג'אמע אלצלואת ואלתסאביח; תפילה וברכות; תפילות קבע. ; Common Prayers: Shaharit Weekday ; תפילות קבע: שחרית חול
2,990051098720205171,CUL,"סדרי ברכות (ברכות הנהנין, השבח, המצוות); סידור שלמה מסיג'ילמאסה; תפילה וברכות. ; Brakhot: Grace after meals ; סדרי ברכות: ברכת המזון"
2,990051098760205171,CUL,"כתאב ג'אמע אלצלואת ואלתסאביח; תפילה וברכות; תפילות קבע. ; Liturgical; Siddur RSG, pp. 259-60."
2,990051101840205171,CUL,"כתאב ג'אמע אלצלואת ואלתסאביח; כתאב פי וג'וב אלצלוה; פיוט; תפילה וברכות. ; Liturgical; Siddur RSG, pp. 27-28, 36-37."
2,990051102510205171,CUL,"מקרא ותרגומים; פרשנות מקרא; תפסיר רס""ג. ; Saadiah b. Joseph al-Fayyumi (Saadiah Gaon), Tafsir Saadya Gaon: Exodus 13:5 – 14:13 ; סעדיה בן יוסף גאון, תפסיר רס""ג: שמות יג:ה – יד:יג"
2,990051104480205171,CUL,"משנה תורה; ספרות חז""ל. ; Moses b. Maimon, Rambam, Mishneh Torah: Shehitah 1:8 – 11 ; משה בן מימון, משנה תורה: שחיטה א:ח – יא"
2,990051104980205171,CUL,"כתאב ג'אמע אלצלואת ואלתסאביח; פיוט; תפילה וברכות; תפילות קבע. ; Piyyut ; רס""ג, סידור - ברכות קריאת שמע בשחרית. עמ' י""ב-י""ג במהדורה."
2,990051105530205171,CUL,מקרא ותרגומים; ספר השרשים; פרשנות מקרא. ; Biblical Exegesis ; קטע מספר השרשים לר' דוד קמחי.
2,990051109230205171,CUL,"משנה תורה. ; Moses b. Maimon, Rambam, Mishneh Torah: Tefillah ve-Birkat Kohanim 4:12 ; משה בן מימון, משנה תורה: תפילה וברכת כהנים ד:יב"
2,990051111420205171,CUL,תפילה וברכות; תפילות קבע. ; Common Prayers: Shaharit Weekday; Minhah Weekday; Arvit Weekday ; תפילות קבע: שחרית חול; מנחה חול; ערבית חול
2,990051111430205171,CUL,סידור; תפילה וברכות. ; SIDDUR OF SA'ADYAH GAON (fragment)
2,990051111460205171,CUL,תפילה וברכות; תפילות קבע. ; Common Prayers: Shaharit Shabbat ; תפילות קבע: שחרית שבת
2,990051111480205171,CUL,תפילה וברכות; תפילות קבע. ; Common Prayers: Arvit Yom ha-Kippurim ; תפילות קבע: ערבית יום הכיפורים
2,990051112120205171,CUL,"סידור שלמה מסיג'ילמאסה; תעודות אישיות ושטרות. ; שלמה בן נתן מסיג'ילמאסה, סידור שלמה מסיג'ילמאסה: כז – כח"
2,990051112250205171,CUL,סיפורת וספרות יפה; פיוט; תחכמוני. ; סהר תחכמוני
2,990051114660205171,CUL,מקרא [טקסט]. ; Bible: Exodus 39:10 – 40:38; Leviticus 1:1 – 5:2 ; מקרא: שמות לט:י – מ:לח; ויקרא א:א – ה:ב
2,990051115350205171,CUL,מקרא [טקסט]. ; Bible: Numbers 22:37 – 23:24 ; מקרא: במדבר כב:לז – כג:כד
2,990051116470205171,CUL,מקרא [טקסט]. ; Bible: Psalms 79:9 – 88:10 ; מקרא: תהילים עט:ט – פח:י
2,990051118670205171,CUL,מקרא [טקסט]. ; Bible: Genesis 26:9 – 24 ; מקרא: בראשית כו:ט – כד
2,990051120090205171,CUL,מקרא [טקסט]. ; Bible: Genesis 1:24 – 28 ; מקרא: בראשית א:כד – כח
2,990051121150205171,CUL,מקרא [טקסט]. ; Bible: Genesis 2:3 – 6 ; מקרא: בראשית ב:ג – ו
2,990051124390205171,CUL,
2,990051124490205171,CUL,
2,990051125390205171,CUL,"פיוט;שירת חול. ; Judah b. Samuel ha-Levi, Piyyut, Secular Poetry, Piyyut ; יהודה בן שמואל הלוי, פיוט, שירת חול, פיוט"
2,990051125430205171,CUL,"פיוט;שירת חול. ; Judah b. Samuel ha-Levi, Secular Poetry ; יהודה בן שמואל הלוי, שירת חול"
2,990051125590205171,CUL,"פיוט;שירת חול. ; Judah b. Samuel ha-Levi, Secular Poetry ; יהודה בן שמואל הלוי, שירת חול"
2,990051126250205171,CUL,Common Prayers: Arvit ; תפילות קבע: ערבית
2,990051128660205171,CUL,מקרא [טקסט]. ; Bible: Leviticus 6:5 – 11 ; מקרא: ויקרא ו:ה – יא
2,990051129370205171,CUL,מקרא [טקסט]. ; Bible: Leviticus 6:5 – 14; 8:22 – 30 ; מקרא: ויקרא ו:ה – יד; ח:כב – ל
2,990051132530205171,CUL,מקרא [טקסט]. ; Bible: Leviticus 4:32 – 5:6 ; מקרא: ויקרא ד:לב – ה:ו
2,990051132610205171,CUL,מקרא [טקסט]. ; Bible: Leviticus 3:12 – 4:28 ; מקרא: ויקרא ג:יב – ד:כח
2,990051133140205171,CUL,מקרא [טקסט]. ; Bible: Numbers 1:34 – 2:3 ; מקרא: במדבר א:לד – ב:ג
2,990051133600205171,CUL,מקרא [טקסט]. ; Bible: Numbers 26:25 – 33 ; מקרא: במדבר כו:כה – לג
2,990051133990205171,CUL,מקרא [טקסט]. ; Bible: Numbers 4:31 – 35 ; מקרא: במדבר ד:לא – לה
2,990051137140205171,CUL,מקרא [טקסט]. ; Bible: Psalms 18:6 – 24 ; מקרא: תהילים יח:ו – כד
2,990051137380205171,CUL,מקרא [טקסט]. ; Bible: Psalms 27:6 – 14; 34:1 – 23; 42:1 – 12; 85:1 – 14; 84:1 – 13; 109:1 – 31 ; מקרא: תהילים כז:ו – יד; לד:א – כג; מב:א – יב; פה:א – יד; פד:א – יג; קט:א – לא
2,990051138000205171,CUL,"מקרא [טקסט];פיוט;תוספות של סידור;תפילה וברכות. ; Bible ; תוספות של סידור: זמירות/בקשות לשבת ולמועדים ""...ופוקיח עורים ופותיח"" (מנהג: רס""ג)"
2,990051141620205171,CUL,מקרא [טקסט];תפסיר ערבי;תרגום אונקלוס;תרגומים לשפות אחרות. ; Targum Onqelos: Genesis 41:7 – 11; 16 – 21 ; תרגום אונקלוס: בראשית מא:ז – יא; טז – כא
2,990051141850205171,CUL,מקרא [טקסט]. ; Bible: Isaiah 59:12 – 21; Leviticus 26:44 – 45; 26:42; Jeremiah 14:21; Psalms 74:21; Isaiah 65:1 – 7; Jeremiah 5:25 ; מקרא: ישעיהו נט:יב – כא; ויקרא כו:מד – מה; כו:מב; ירמיהו יד:כא; תהילים עד:כא; ישעיהו סה:א – ז; ירמיהו ה:כה
2,990051142610205171,CUL,מקרא [טקסט]. ; Bible: Leviticus 25:8 – 20 ; מקרא: ויקרא כה:ח – כ
2,990051143690205171,CUL,מזוזות;תפילה וברכות. ; Mezuzot: Deuteronomy 6:4 – 9; 11:13 – 19 ; מזוזות: דברים ו:ד – ט; יא:יג – יט
2,990051143710205171,CUL,מזוזות;תפילה וברכות. ; Mezuzot: Deuteronomy 6:4 – 9; 11:13 – 21 ; מזוזות: דברים ו:ד – ט; יא:יג – כא
2,990051143740205171,CUL,מזוזות;תפילה וברכות. ; Mezuzot: Deuteronomy 6:4 – 9; 11:13 – 21 ; מזוזות: דברים ו:ד – ט; יא:יג – כא
2,990051143910205171,CUL,מזוזות;תפילה וברכות. ; Mezuzot: Deuteronomy 6:4 – 9; 11:13 – 21 ; מזוזות: דברים ו:ד – ט; יא:יג – כא
2,990051144000205171,CUL,מזוזות;תפילה וברכות. ; Mezuzot: Deuteronomy 6:4 – 9; 11:13 – 21 ; מזוזות: דברים ו:ד – ט; יא:יג – כא
2,990051144100205171,CUL,מקרא [טקסט];תפסיר ערבי;תרגום אונקלוס;תרגומים ארמיים. ; Targum Onqelos: Numbers 15:13 – 17:2[(folios 1-10)]; 18:16 – 20[(folio 11)] ; תרגום אונקלוס: במדבר טו:יג – יז:ב[(folios 1-10)]; יח:טז – כ[(folio 11)]
2,990051144160205171,CUL,מקרא [טקסט];תפסיר ערבי;תרגום אונקלוס;תרגומים ארמיים. ; Targum Onqelos: Genesis 24:37 – 26:13 ; תרגום אונקלוס: בראשית כד:לז – כו:יג
2,990051144450205171,CUL,מקרא [טקסט];תפסיר ערבי;תרגום אונקלוס. ; Targum Onqelos: Numbers 24:22 – 35:31[(folios 1-13)]; Deuteronomy 1:1 – 10:10[(folios 14-26)] ; תרגום אונקלוס: במדבר כד:כב – לה:לא[(folios 1-13)]; דברים א:א – י:י[(folios 14-26)]
2,990051144560205171,CUL,מקרא [טקסט];תרגום אונקלוס. ; Targum Onqelos: Exodus 37:13 – 38:14 ; תרגום אונקלוס: שמות לז:יג – לח:יד
2,990051144930205171,CUL,מקרא [טקסט];תרגום אונקלוס. ; Targum Onqelos: Leviticus 23:25 – 39 ; תרגום אונקלוס: ויקרא כג:כה – לט
2,990051145270205171,CUL,"מקרא [טקסט];תרגום אונקלוס. ; Targum Onqelos: Exodus 34:35 – 35:8[(folio 2)]; 38:21 – 29[(2 additional folios, which are part of T-S B7.3, are described in the preceding entry)]; 32:10 – 19[(folio 1)]; 36:19 – 30[(folio 3)] ; תרגום אונקלוס: שמות לד:לה – לה:ח[(folio 2)]; לח:כא – כט[(2 additional folios, which are part of T-S B7.3, are described in the preceding entry)]; לב:י – יט[(folio 1)]; לו:יט – ל[(folio 3)]"
2,990051145640205171,CUL,תרגום אונקלוס;תרגומים ארמיים. ; Targum Onqelos: Exodus 12:33 – 42 ; תרגום אונקלוס: שמות יב:לג – מב
2,990051147010205171,CUL,תרגום אונקלוס;תרגומים ארמיים. ; Targum Onqelos: Genesis 32:19 – 34:23[(folios 1-2)]; Exodus 12:16 – 13:14[(folios 3-4)] ; תרגום אונקלוס: בראשית לב:יט – לד:כג[(folios 1-2)]; שמות יב:טז – יג:יד[(folios 3-4)]
2,990051172860205171,CUL,"משנה תורה;משנה תורה ופירושיו. ; Moses b. Maimon, Rambam, Mishneh Torah: Shehitah 8:15 – 22 ; משה בן מימון, משנה תורה: שחיטה ח:טו – כב"
2,990051172920205171,CUL,"משנה תורה;משנה תורה ופירושיו. ; Moses b. Maimon, Rambam, Mishneh Torah: Shehitah ; משה בן מימון, משנה תורה: שחיטה"
2,990051173130205171,CUL,"משנה תורה;משנה תורה ופירושיו. ; Moses b. Maimon, Rambam, Mishneh Torah: Shehitah 1:1 – 2 ; משה בן מימון, משנה תורה: שחיטה א:א – ב"
2,990051173230205171,CUL,"משנה תורה;משנה תורה ופירושיו. ; Moses b. Maimon, Rambam, Mishneh Torah: Tefillah ve-Birkat Kohanim 7:7 – 11; 9:10 – 13 ; משה בן מימון, משנה תורה: תפילה וברכת כהנים ז:ז – יא; ט:י – יג"
2,990051173280205171,CUL,"משנה תורה;משנה תורה ופירושיו. ; Moses b. Maimon, Rambam, Mishneh Torah: Shehitah 6:21 – 7:10 ; משה בן מימון, משנה תורה: שחיטה ו:כא – ז:י"
2,990051173520205171,CUL,"משנה תורה;משנה תורה ופירושיו. ; Moses b. Maimon, Rambam, Mishneh Torah: Shehitah 7:11 – 7:17 ; משה בן מימון, משנה תורה: שחיטה ז:יא – ז:יז"
2,990051173870205171,CUL,"משנה תורה;משנה תורה ופירושיו. ; Moses b. Maimon, Rambam, Mishneh Torah: Shehitah 3:7 – 4:7 ; משה בן מימון, משנה תורה: שחיטה ג:ז – ד:ז"
2,990051174100205171,CUL,"הלכה;משנה תורה. ; Moses b. Maimon, Rambam, Mishneh Torah: Shehitah ; משה בן מימון, משנה תורה: שחיטה"
2,990051176640205171,CUL,"הלכה;משנה תורה. ; Moses b. Maimon, Rambam, Mishneh Torah: Shehitah ; משה בן מימון, משנה תורה: שחיטה"
2,990051182870205171,CUL,פיוט;תפילה וברכות;תפילות קבע. ; Common Prayers: Shaharit Shabbat and Rosh Hodesh Amidah ; תפילות קבע: שחרית שבת וראש חודש עמידה
2,990051183040205171,CUL,"פיוט. ; Piyyut ; פיוט (פסח): ""[בשלח און קובץ]... חגרו חניתים כקרבו לממיתים"""
2,990051183510205171,CUL,פיוט. ; Piyyut ; פיוט (פורים)
2,990051183570205171,CUL,"סדרי ברכות (ברכות הנהנין, השבח, המצוות);פיוט;תפילה וברכות;תפילות קבע. ; Brakhot: Qiddush[for Passover] ; סדרי ברכות: קידוש[for Passover]"
2,990051183600205171,CUL,פיוט;תפילה וברכות;תפילות קבע. ; Piyyut ; פסוקי דזמרא והברכה האמצעית בעמידה של אחד המועדים.
2,990051183730205171,CUL,"הגדה של פסח;הלכה [הוראות והלכות];סדרי ברכות (ברכות הנהנין, השבח, המצוות);פיוט;תוספות של סידור;תפילה וברכות;תפילות קבע. ; Common Prayers: Musaf Rosh Hodesh Amidah ; תפילות קבע: מוסף ראש חודש עמידה"
2,990051183740205171,CUL,הגדה של פסח (קטע).
2,990051183790205171,CUL,"סדרי ברכות (ברכות הנהנין, השבח, המצוות);פיוט;תוספות של סידור;תפילה וברכות;תפילות קבע. ; Liturgical additions: (Ritual: Babylon) ; תוספות של סידור: (מנהג: בבל)"
2,990051183830205171,CUL,פיוט;תפילה וברכות;תפילות קבע. ; Common Prayers: Shaharit Pesah Hallel; Musaf Pesah Amidah ; תפילות קבע: שחרית פסח הלל; מוסף פסח עמידה
2,990051183890205171,CUL,הגדה של פסח;פיוט;תוספות של סידור;תפילה וברכות;תפילות קבע. ; Piyyut ; הגדה של פסח: (מנהג: בבל)
2,990051183920205171,CUL,פיוט;תוספות של סידור;תפילה וברכות;תפילות קבע. ; Passover Haggada.
2,990051184030205171,CUL,"הגדה של פסח;סדרי ברכות (ברכות הנהנין, השבח, המצוות);פיוט;תוספות של סידור;תפילה וברכות;תפילות קבע. ; Brakhot: Grace after meals ; תוספות של סידור: מזמורי תהלים (מנהג: בבל); הלל (מנהג: בבל); סדרי ברכות: ברכות הסעודה (מנהג: בבל); ברכת המזון (מנהג: בבל)"
2,990051184060205171,CUL,"הגדה של פסח;סדרי ברכות (ברכות הנהנין, השבח, המצוות);פיוט;תוספות של סידור;תפילה וברכות;תפילות קבע. ; Passover Haggada; Hallel, mealtime benedictions and Birkat ha-Mazon for Passover"
2,990051184070205171,CUL,פיוט;תוספות של סידור;תפילה וברכות;תפילות קבע. ; Liturgical additions: (Ritual: Babylon) ; תוספות של סידור: (מנהג: בבל)
2,990051184080205171,CUL,הגדה של פסח;פיוט;תוספות של סידור;תפילה וברכות;תפילות קבע. ; Common Prayers: Hallel; Brakhot: Benedictions for meals ; תפילות קבע: הלל; סדרי ברכות: ברכות הסעודה
2,990051184090205171,CUL,"הגדה של פסח;פיוט;תוספות של סידור;תפילה וברכות. ; Piyyut ; הגדה של פסח: (מנהג: א""י)"
2,990051184120205171,CUL,הגדה של פסח;פיוט;תוספות של סידור;תפילה וברכות. ; Piyyut ; הגדה של פסח: (מנהג: בבל)
2,990051184180205171,CUL,"סדרי ברכות (ברכות הנהנין, השבח, המצוות);פיוט;תוספות של סידור;תפילה וברכות;תפילות קבע. ; Piyyut ; סדרי ברכות: קידוש לפסח (מנהג: בבל)"
2,990051184240205171,CUL,הגדה של פסח;פיוט;תוספות של סידור;תפילה וברכות. ; Piyyut ; הגדה של פסח: קידוש; ברכות המצוות - שונות
2,990051184260205171,CUL,"פיוט. ; Piyyut ; פיוט (שבועות): "". . . כי מכבדיהם בשני עולמות מתכבדים"""
2,990051184330205171,CUL,פיוט. ; Piyyut
2,990051184380205171,CUL,פיוט. ; Piyyut
2,990051184740205171,CUL,פיוט. ; Piyyut
2,990051184750205171,CUL,פיוט. ; Piyyut
2,990051185110205171,CUL,"פיוט. ; Piyyut ; פיוט (מעריב לשבועות): ""[בחודש]. ...סיני עת באו שוררוהו על מכת בכורים בעילוזים"" ((גאון ?) 1))"
2,990051185160205171,CUL,פיוט. ; Piyyut
2,990051185320205171,CUL,"סדרי ברכות (ברכות הנהנין, השבח, המצוות);פיוט;תחום לא נקבע;תפילה וברכות;תפילות קבע. ; Common Prayers: Shaharit Shavu'ot Qeriat Shema and its benedictions; Shavu'ot Amidah; Musaf Shavu'ot Amidah ; תפילות קבע: שחרית שבועות קריאת שמע וברכותיה; שבועות עמידה; מוסף שבועות עמידה"
2,990051185690205171,CUL,פיוט;תוספות של סידור;תפילה וברכות;תפילות קבע. ; Piyyut ; פיוט (סליחות)
2,990051185830205171,CUL,פיוט. ; Piyyut
2,990051186990205171,CUL,פיוט;תוספות של סידור;תפילה וברכות;תפילות קבע. ; Piyyut ; תפילות קבע: יום הכיפורים עמידה וסליחות
2,990051187310205171,CUL,פיוט;תוספות של סידור;תפילה וברכות;תפילה מזדמנת. ; Occasional prayer: Baqqashot and Personal Prayers ; תפילה מזדמנת: בקשות ותפילות אישיות
2,990051187340205171,CUL,פיוט. ; Piyyut ; פיוט (סליחות)
2,990051187730205171,CUL,פיוט;תפילה וברכות;תפילות קבע. ; Common Prayers: Yom ha-Kippurim Amidah ; תפילות קבע: יום הכיפורים עמידה
2,990051187960205171,CUL,"פיוט. ; Piyyut ; פיוט: ""טפחת ורבית והשבעתה והרויתה"" (רי""ה)"
2,990051188070205171,CUL,פיוט. ; Piyyut ; פיוט (יום הכיפורים)
2,990051188090205171,CUL,"פיוט. ; Piyyut ; פיוט: ""(אזכר סלה)"" (יוחנן (?))"
2,990051188340205171,CUL,פיוט;תפילה וברכות;תפילות קבע. ; Common Prayers: Shaharit Yom ha-Kippurim Amidah; Musaf Yom ha-Kippurim Amidah ; תפילות קבע: שחרית יום הכיפורים עמידה; מוסף יום הכיפורים עמידה
2,990051188470205171,CUL,"פיוט. ; Piyyut ; פיוט (יום הכיפורים): ""יה""ר ... שתהא שנה זו הבאה עלינו... שנת אורה שנת אהבה"""
2,990051189010205171,CUL,פיוט. ; Piyyut
2,990051189450205171,CUL,"כתאב ג'אמע אלצלואת ואלתסאביח;פיוט;תפילה וברכות;תפילות קבע. ; Piyyut ; סידור רס""ג - תפילות יום כיפור. עיבוד לסידור שאופיו השמטת חלק מההערות הנוגעות לנוסח והבאת התפילה בשלמותה. עמ' רנ""ח-ר""ס במהדורה."
2,990051189460205171,CUL,פיוט;תפילה וברכות;תפילות קבע. ; Common Prayers: Yom ha-Kippurim Amidah; Arvit Sukkot ; תפילות קבע: יום הכיפורים עמידה; ערבית סוכות
2,990051189880205171,CUL,"פיוט. ; Piyyut ; פיוט (הושענות לסוכות): ""ענה ""אתויים בשמך דצים, ה""באים בסוכה נרצים"" ((רסג ?))"
2,990051190140205171,CUL,פיוט;תפילה וברכות;תפילות קבע. ; Common Prayers: Minhah Rosh ha-Shanah Amidah ; תפילות קבע: מנחה ראש השנה עמידה
2,990051190230205171,CUL,פיוט;תפילה וברכות;תפילות קבע. ; Common Prayers: Amidah ; תפילות קבע: ימים נוראים עמידה
2,990051190380205171,CUL,פיוט;תפילה וברכות;תפילות קבע. ; Common Prayers: Musaf Rosh ha-Shanah Amidah ; תפילות קבע: מוסף ראש השנה עמידה
2,990051190760205171,CUL,פיוט;תפילה וברכות;תפילות קבע. ; Common Prayers: Musaf Rosh ha-Shanah Amidah; Holidays Liturgical psalms; Shabbat Liturgical psalms; Arvit Rosh ha-Shanah Liturgical psalms ; תפילות קבע: מוסף ראש השנה עמידה; מועדים מזמורים שהם חלק מהתפילה; שבת מזמורים שהם חלק מהתפילה; ערבית ראש השנה מזמורים שהם חלק מהתפילה
2,990051190780205171,CUL,משנה תורה;פיוט;תפילה וברכות;תפילות קבע. ; Common Prayers: Musaf Rosh ha-Shanah Amidah ; תפילות קבע: מוסף ראש השנה עמידה
2,990051190820205171,CUL,פיוט;תפילה וברכות;תפילות קבע. ; Common Prayers: Shaharit Shavu'ot Qeriat Shema and its benedictions; Shavu'ot Amidah; Musaf Shavu'ot Amidah ; תפילות קבע: שחרית שבועות קריאת שמע וברכותיה; שבועות עמידה; מוסף שבועות עמידה
2,990051190920205171,CUL,הלכה [הוראות והלכות];פיוט;תפילה וברכות;תפילות קבע. ; Common Prayers: Arvit Motzei Shabbat Qeriat Shema and its benedictions; Amidah; Tahanun ; תפילות קבע: ערבית מוצאי שבת קריאת שמע וברכותיה; עמידה; תחנון
2,990051190930205171,CUL,פיוט;תפילה וברכות;תפילות קבע. ; Common Prayers: Rosh ha-Shanah Amidah ; תפילות קבע: ראש השנה עמידה
2,990051190940205171,CUL,"פיוט. ; Piyyut ; פיוט: ""יחידה שחרי בית אל וסיפיו, וכקטורת תני שירך לאפיו"" (רי""ה)"
2,990051191000205171,CUL,פיוט. ; Piyyut
2,990051191560205171,CUL,פיוט. ; Piyyut
2,990051192890205171,CUL,פיוט. ; Piyyut
2,990051192950205171,CUL,פיוט;תוספות של סידור;תפילה וברכות. ; Liturgical additions ; תוספות של סידור: אוסף פסוקים
2,990051193080205171,CUL,פיוט;תוספות של סידור;תפילה וברכות;תפילות קבע. ; Common Prayers: Shaharit Pesuqe d’zimrah ; תפילות קבע: שחרית פסוקי דזמרה
2,990051193630205171,CUL,פיוט;תוספות של סידור;תפילה וברכות. ; Liturgical additions ; תוספות של סידור: אוסף פסוקים
2,990051193660205171,CUL,"סדרי ברכות (ברכות הנהנין, השבח, המצוות);פיוט;תפילה וברכות;תפילות קבע. ; Brakhot: Grace after meals ; סדרי ברכות: ברכת המזון"
2,990051193680205171,CUL,"הלכה [הוראות והלכות];סדרי ברכות (ברכות הנהנין, השבח, המצוות);פיוט;תפילה וברכות;תפילות קבע. ; Common Prayers: Shaharit Sukkot; Musaf Sukkot; Shaharit Hanukkah Amidah; Purim Amidah ; תפילות קבע: שחרית סוכות; מוסף סוכות; שחרית חנוכה עמידה; פורים עמידה"
2,990051194130205171,CUL,"פיוט. ; Piyyut ; פיוט: ""אהלי [רון] ברעדה, בואו עם כמיהינו, ענו לד"" בתודה זמרו לאלהינו"""
2,990051194780205171,CUL,"סדרי ברכות (ברכות הנהנין, השבח, המצוות);פיוט;תפילה וברכות;תפילות קבע. ; Brakhot: Grace after meals ; סדרי ברכות: ברכת המזון"
2,990051194790205171,CUL,"סדרי ברכות (ברכות הנהנין, השבח, המצוות);פיוט;תפילה וברכות;תפילות קבע. ; Brakhot: Grace after meals ; סדרי ברכות: ברכת המזון"
2,990051194980205171,CUL,"סדרי ברכות (ברכות הנהנין, השבח, המצוות);פיוט;תפילה וברכות;תפילות קבע. ; Brakhot: Grace after meals ; סדרי ברכות: ברכת המזון פיוט (שבת)"
2,990051195160205171,CUL,פיוט. ; Piyyut
2,990051195700205171,CUL,פיוט;תפילה וברכות;תפילות קבע. ; Piyyut ; פיוט (סליחות לתשעה באב)
2,990051196680205171,CUL,פיוט. ; Piyyut
2,990051197080205171,CUL,"פיוט. ; Piyyut ; פיוט: ""[בשם ד"" אדמות ומרומות נקראו] - - - בשם ד"" צפירת מצרים וכשדים ראיתי"" (יהודה הלוי)"
2,990051197350205171,CUL,פיוט. ; Piyyut
2,990051197560205171,CUL,"פיוט. ; Piyyut ; פיוט (סליחות): ""אגיד עוני הרחיק פדיום לפני אדוני נורא ואיום"""
2,990051198500205171,CUL,פיוט;תפילה וברכות;תפילות קבע. ; Common Prayers: Shaharit Qeriat Shema and its benedictions ; תפילות קבע: שחרית קריאת שמע וברכותיה
2,990051198510205171,CUL,"סדרי ברכות (ברכות הנהנין, השבח, המצוות);פיוט;תפילה וברכות;תפילות קבע. ; Piyyut ; סדרי ברכות: ברכת המזון פיוט (שבת פסח)"
2,990051198620205171,CUL,"כתאב ג'אמע אלצלואת ואלתסאביח;כתאב פי וג'וב אלצלוה;פיוט;תפילה וברכות. ; Piyyut ; סידור רס""ג - הלכות ותפילות שבת עמ' קט""ו- קכ""ט."
2,990051198640205171,CUL,"כתאב ג'אמע אלצלואת ואלתסאביח;כתאב פי וג'וב אלצלוה;פיוט;תפילה וברכות. ; Piyyut ; סידור רס""ג - שחרית לחול וקריאה בתורה. עמ' ל""ג-מ""ה, שס""ג-שס""ח. טופס זה מצרף את חלק הקריאה בתורה לשחרית ולא כמו הסדר הרגיל שבסידור שמופיע בסוף החיבור."
2,990051198750205171,CUL,הלכה [הוראות והלכות];פיוט;תפילה וברכות;תפילות קבע. ; Common Prayers: Shaharit Rosh ha-Shanah Amidah; Musaf Yom ha-Kippurim Seder ha'Avoda ; תפילות קבע: שחרית ראש השנה עמידה; מוסף יום הכיפורים סדר העבודה
2,990051198780205171,CUL,"כתאב ג'אמע אלצלואת ואלתסאביח;סדרי ברכות (ברכות הנהנין, השבח, המצוות);פיוט;תפילה וברכות;תפילות קבע. ; Piyyut ; עיבוד לחלק הברכות בסידור רס""ג. עמ' צ""ח-ק במהדורה."
2,990051198870205171,CUL,"סדרי ברכות (ברכות הנהנין, השבח, המצוות);פיוט;תפילה וברכות;תפילות קבע. ; Common Prayers: Shaharit Qeriat Shema and its benedictions; Amidah ; תפילות קבע: שחרית קריאת שמע וברכותיה; עמידה"
2,990051198940205171,CUL,"כתאב ג'אמע אלצלואת ואלתסאביח;כתאב פי וג'וב אלצלוה;פיוט;תפילה וברכות. ; Piyyut ; סידור רס""ג - תפילה לפסח עמ' ק""נ-קנ""ב במהדורה."
2,990051204360205171,CUL,מחברת תלמיד.
2,990051205330205171,CUL,"טעמי המקרא;סדרי ברכות (ברכות הנהנין, השבח, המצוות);פיוט;קולופון;תחום לא מזוהה;תפילה וברכות;תפילות קבע. ; Brakhot: Grace after meals ; סדרי ברכות: ברכת המזון פיוט (פסח)"
2,990051205450205171,CUL,שיר הספד.
2,990051205580205171,CUL,"ברכת המזון, קדיש."
2,990051207940205171,CUL,"ספר השרשים (הקדמה-או; אזן-איש). ; David b. Joseph Kimchi, Colophons ; דוד בן יוסף קמחי, קולופון"
2,990051208060205171,CUL,"הלכה;הלכה [הוראות והלכות];סדרי ברכות (ברכות הנהנין, השבח, המצוות);פיוט;שירת חול;תפילה וברכות;תפילות קבע. ; Brakhot: Grace after meals Piyyut (Shabbat) ; סדרי ברכות: ברכת המזון פיוט (שבת)"
2,990051208140205171,CUL,"מפתחות;פיוט;פירוש יפת למקרא;שירת חול. ; Japhet b. Eli, Yefet's Commentary on the Bible: Introduction Daniel ; יפת בן עלי הלוי, פירוש יפת למקרא: הקדמה דניאל"
2,990051209720205171,CUL,נביאים (יהושע יא:יא-יא:יז). ; Bible: Psalms 1:1 – 3; Joshua 1:11 – 17 ; מקרא: תהילים א:א – ג; יהושע א:יא – יז
2,990051210150205171,CUL,סדור ר' שלמה סג'למסה (א). ; Bible: Psalms 147:14 – 148:4 ; מקרא: תהילים קמז:יד – קמח:ד
2,990051210420205171,CUL,סליחות ליום כפור. ; Piyyut ; פיוט
2,990051210530205171,CUL,תפלות ופיוטים. ; Piyyut
2,990051211030205171,CUL,"כונות (פסח, ספירת העומר)."
2,990051213110205171,CUL,פיוט;שירת חול. ; Piyyut ; פיוט
2,990051213360205171,CUL,"פיוט;שירת חול. ; Secular Poetry ; פיוט: ""יעידוני (ספק: יעירוני) בני ימים חלומות"" (רי""ה)"
2,990051217040205171,CUL,מאמר על מצוות בני נח : ; בערבית יהודית. ; שבע מצות בני נח.
2,990051220200205171,CUL,"סדרי ברכות (ברכות הנהנין, השבח, המצוות);פיוט;תפילה וברכות;תפילות קבע. ; Common Prayers: Musaf Shabbat and Rosh Hodesh Amidah (Ritual: Eretz Israel) ; תפילות קבע: מוסף שבת וראש חודש עמידה (מנהג: א""י)"
2,990051220350205171,CUL,"סדרי ברכות (ברכות הנהנין, השבח, המצוות);תפילה וברכות;תפילות קבע. ; Common Prayers: Arvit Weekday Qeriat Shema and its benedictions (Ritual: Eretz Israel) ; תפילות קבע: ערבית חול קריאת שמע וברכותיה (מנהג: א""י)"
2,990051220610205171,CUL,
2,990051220840205171,CUL,"כתאב פי וג'וב אלצלוה;תחום לא מזוהה;תפילה וברכות;תפילות קבע. ; סעדיה בן יוסף גאון, כתאב פי וג'וב אלצלוה: הבקשה הראשונה"
2,990051221050205171,CUL,פיוט;תפילה וברכות;תפילות קבע. ; תפילות קבע: ערבית סוף התפילה
2,990051221110205171,CUL,פיוט;תפילה וברכות;תפילות קבע. ; Common Prayers: Shaharit Weekday Early morning benedictions ; תפילות קבע: שחרית חול ברכות השחר
2,990051221150205171,CUL,פיוט;תפילה וברכות;תפילות קבע. ; Common Prayers: Shaharit Weekday Pesuqe d’zimrah; Qeriat Shema and its benedictions ; תפילות קבע: שחרית חול פסוקי דזמרה; קריאת שמע וברכותיה
2,990051221170205171,CUL,פיוט;תפילה וברכות;תפילות קבע. ; Common Prayers: Weekday Amidah; Arvit Qeriat Shema and its benedictions ; תפילות קבע: חול עמידה; ערבית קריאת שמע וברכותיה
2,990051221550205171,CUL,
2,990051221600205171,CUL,"סדרי ברכות (ברכות הנהנין, השבח, המצוות);פיוט;תפילה וברכות. ; Brakhot: Qiddush; Grace after meals Piyyut (Shabbat) ; סדרי ברכות: קידוש; ברכת המזון פיוט (שבת)"
2,990051221660205171,CUL,"סדרי ברכות (ברכות הנהנין, השבח, המצוות);פיוט;תפילה וברכות. ; סדרי ברכות: קידוש לשבת"
2,990051221770205171,CUL,"סדרי ברכות (ברכות הנהנין, השבח, המצוות);פיוט;תפילה וברכות;תפילות קבע. ; סדרי ברכות: קידוש לשבת; ברכת המזון לחול"
2,990051222810205171,CUL,"סדרי ברכות (ברכות הנהנין, השבח, המצוות);פיוט;תפילה וברכות;תפילות קבע. ; Common Prayers: Arvit Motzei Shabbat Qeriat Shema and its benedictions ; תפילות קבע: ערבית מוצאי שבת קריאת שמע וברכותיה"
2,990051222840205171,CUL,"סדרי ברכות (ברכות הנהנין, השבח, המצוות);פיוט;תפילה וברכות;תפילות קבע. ; Brakhot: Grace after meals ; סדרי ברכות: ברכות חנוכה; ברכת המזון לחנוכה"
2,990051222910205171,CUL,פיוט;תפילה וברכות;תפילות קבע. ; Common Prayers: Shaharit Shabbat Pesuqe d’zimrah; Qeriat Shema and its benedictions ; תפילות קבע: שחרית שבת פסוקי דזמרה; קריאת שמע וברכותיה
2,990051222960205171,CUL,"סדרי ברכות (ברכות הנהנין, השבח, המצוות);פיוט;תפילה וברכות;תפילות קבע. ; Common Prayers: Shaharit Weekday Amidah; Qeriat Shema and its benedictions ; תפילות קבע: שחרית חול עמידה; קריאת שמע וברכותיה"
2,990051222970205171,CUL,"סדרי ברכות (ברכות הנהנין, השבח, המצוות);פיוט;תפילה וברכות;תפילות קבע. ; Common Prayers: Arvit Qeriat Shema and its benedictions; Shaharit Amidah ; תפילות קבע: ערבית קריאת שמע וברכותיה; שחרית עמידה"
2,990051223100205171,CUL,פיוט;תוספות של סידור;תפילה וברכות;תפילות קבע. ; Liturgical additions ; תוספות של סידור: אוסף פסוקים
2,990051223410205171,CUL,"פיוט;תוספות של סידור. ; תוספות של סידור: סליחות ""חמול עלי ולקול... תחת כס מכונו"" (שם בן ארבע: שתי יודין;נקודה אחת מלמעלה)"
2,990051223840205171,CUL,פיוט;תפילה וברכות;תפילות קבע. ; Common Prayers: Musaf Shabbat Amidah; Minhah Shabbat Amidah; Arvit Motzei Shabbat Qeriat Shema and its benedictions ; תפילות קבע: מוסף שבת עמידה; מנחה שבת עמידה; ערבית מוצאי שבת קריאת שמע וברכותיה
2,990051224420205171,CUL,"סדרי ברכות (ברכות הנהנין, השבח, המצוות);פיוט;תפילות קבע. ; Brakhot: Grace after meals ; סדרי ברכות: ברכת המזון"
2,990051224480205171,CUL,פיוט;תפילה וברכות;תפילות קבע. ; תפילות קבע: ערבית ראש השנה עמידה; מוסף ראש השנה עמידה; סדרי ברכות: קידוש לראש השנה
2,990051224560205171,CUL,"סדרי ברכות (ברכות הנהנין, השבח, המצוות);פיוט;תפילה וברכות;תפילות קבע. ; Common Prayers: Arvit Shabbat Qeriat Shema and its benedictions; Shabbat Amidah; Shaharit Shabbat Amidah ; תפילות קבע: ערבית שבת קריאת שמע וברכותיה; שבת עמידה; שחרית שבת עמידה"
2,990051224650205171,CUL,פיוט;תוספות של סידור;תפילה וברכות;תפילות קבע. ; Common Prayers: Shaharit Early morning benedictions ; תפילות קבע: שחרית ברכות השחר
2,990051229200205171,CUL,מכתבים;פיוט. ; Recto: qaddis. Verso: letter to the Nagid.
2,990051234140205171,CUL,"עזרי הוראה, נסיונות קולמוס, תרגילי כתיבה, שרבוטים;פיוט;תפילה וברכות;תפילות קבע. ; Common Prayers: Arvit Weekday Amidah; Weekday Tahanun; Motzei Shabbat Amidah; Shaharit Rosh Hodesh Qeriat Shema and its benedictions; Rosh Hodesh Amidah ; תפילות קבע: ערבית חול עמידה; חול תחנון; מוצאי שבת עמידה; שחרית ראש חודש קריאת שמע וברכותיה; ראש חודש עמידה"
2,990051234160205171,CUL,"סדרי ברכות (ברכות הנהנין, השבח, המצוות);תפילה וברכות;תפילות קבע. ; Common Prayers: Shaharit Weekday ; תפילות קבע: שחרית חול"
2,990051234170205171,CUL,פיוט;תפילה וברכות;תפילות קבע. ; Common Prayers: Shaharit Weekday Amidah; Tahanun ; תפילות קבע: שחרית חול עמידה; תחנון
2,990051234210205171,CUL,תפילה וברכות;תפילות קבע. ; Common Prayers: Arvit Weekday Liturgical psalms ; תפילות קבע: ערבית חול מזמורים שהם חלק מהתפילה
2,990051234270205171,CUL,פיוט;תפילה וברכות;תפילות קבע. ; Common Prayers: Shaharit Early morning benedictions; Pesuqe d’zimrah ; תפילות קבע: שחרית ברכות השחר; פסוקי דזמרה
2,990051234350205171,CUL,"סדרי ברכות (ברכות הנהנין, השבח, המצוות);פיוט;תפילה וברכות;תפילות קבע. ; Brakhot: Grace after meals ; סדרי ברכות: ברכת המזון"
2,990051234920205171,CUL,פיוט;תפילה וברכות;תפילות קבע. ; Common Prayers: Shaharit Shabbat Pesuqe d’zimrah; Shabbat Qeriat Shema and its benedictions; Shabbat Amidah; Musaf Shabbat Amidah; Minhah Shabbat Amidah; Arvit Motzei Shabbat Qeriat Shema and its benedictions ; תפילות קבע: שחרית שבת פסוקי דזמרה; שבת קריאת שמע וברכותיה; שבת עמידה; מוסף שבת עמידה; מנחה שבת עמידה; ערבית מוצאי שבת קריאת שמע וברכותיה
2,990051235160205171,CUL,הגדה של פסח;פיוט;תפילה וברכות;תפילות קבע. ; Common Prayers: Holidays Amidah; Arvit Motzei Shabbat; Musaf Shabbat and Rosh Hodesh ; תפילות קבע: מועדים עמידה; ערבית מוצאי שבת; מוסף שבת וראש חודש
2,990051235170205171,CUL,"סדרי ברכות (ברכות הנהנין, השבח, המצוות);פיוט;תפילה וברכות;תפילות קבע. ; Common Prayers: Shaharit Shabbat Pesuqe d’zimrah; Amidah; Musaf; Weekday ; תפילות קבע: שחרית שבת פסוקי דזמרה; עמידה; מוסף; חול"
2,990051235260205171,CUL,פיוט;תוספות של סידור;תפילה וברכות;תפילות קבע. ; Passover Haggada.
2,990051235280205171,CUL,"פיוט;תפילה וברכות;תפילות קבע. ; תפילת שחרית לשבועות ובתוכה פיוט העוסק בתרי""ג מצוות."
2,990051242900205171,CUL,פיוט;תפילה וברכות;תפילות קבע. ; סידור. בגוף הטקסט פסוקי דזמרא וחלק מפסוקי הקרבנות והבקשות הנאמרים בשחרית. בשולי הדפים הלכות הקשורות לסעודה.
2,990051253040205171,CUL,"מקרא [טקסט];פרשנות מקרא;שרח אל תורה [רס""ג];תפסיר ערבי;תפסיר רס""ג. ; Saadiah b. Joseph al-Fayyumi (Saadiah Gaon), Tafsir Saadya Gaon: Exodus 21:1 – 6 ; סעדיה בן יוסף גאון, תפסיר רס""ג: שמות כא:א – ו"
2,990051253650205171,CUL,מקרא [טקסט];פרשנות מקרא;תפסיר ערבי. ; Biblical Exegesis: Leviticus 19:33 – 34 ; פרשנות מקרא: ויקרא יט:לג – לד
2,990051254280205171,CUL,"מקרא [טקסט];פירוש חמש מגילות [רס""ג];תפסיר ערבי. ; Arabic Tafsir ; סעדיה בן יוסף גאון, פירוש חמש מגילות [רס""ג]: איכה א:ד – יא"
2,990051254420205171,CUL,"כתאב טלב אלחכמה;מקרא [טקסט];תפסיר ערבי;תפסיר רס""ג. ; Arabic Tafsir ; סעדיה בן יוסף גאון, כתאב טלב אלחכמה: משלי א:כט – לג; ב:יב – כ"
2,990051254510205171,CUL,מקרא [טקסט];תפסיר ערבי. ; Arabic Tafsir: Jeremiah 8:17 – 9:23 ; תפסיר ערבי: ירמיהו ח:יז – ט:כג
2,990051254930205171,CUL,"כתאב אלאסתצלאח;מקרא [טקסט];תפסיר ערבי. ; Arabic Tafsir ; סעדיה בן יוסף גאון, כתאב אלאסתצלאח: ישעיהו יא:יד – יג:ה; יט:ט – כב"
2,990051255330205171,CUL,"כתאב אלתסאביח;מקרא [טקסט];תפסיר ערבי;תרגומים לשפות אחרות. ; Arabic Tafsir ; סעדיה בן יוסף גאון, כתאב אלתסאביח: תהילים עח:א – י; פ:יג – פא:ד; פא:יד – פז:ז; קה:מ – קמט:א"
2,990051255580205171,CUL,מקרא [טקסט];פרשנות מקרא;תפסיר ערבי. ; Biblical Exegesis: Psalms 140 – 143 ; פרשנות מקרא: תהילים קמ – קמג
2,990051256300205171,CUL,דקדוק;חכמת הלשון;כתאב אלאפעאל ד'ואת חרוף אללין;קבלה. ; Philology ; Text on Hebrew grammar
2,990051256470205171,CUL,גלוסאר למקרא;חכמת הלשון. ; Philology ; Translation glossary to various biblical phrases including etymological explanations and and exemplifications from other biblical contexts
2,990051257780205171,CUL,הפטרות;פיוט;שירת חול. ; 1. Haftarah for the morning of the 9th of Av 2. Poem on the binding of Isaac
2,990051259500205171,CUL,מדרש;מדרש דוד הנגיד. ; Midrash ; Midrash David ha-Nagid
2,990051259640205171,CUL,"מדרש;מדרש דוד הנגיד;מדרשים מאוחרים. ; David b. Abraham b. Maimon, Midrash David ha-Nagid: Numbers Naso; Qorah ; דוד בן אברהם הנגיד, מדרש דוד הנגיד: במדבר נשא; קרח"
2,990051259870205171,CUL,מדרש;מדרש דוד הנגיד. ; Midrash ; Midrash David ha-Nagid
2,990051260280205171,CUL,כתאב ג'אמע אלצלואת ואלתסאביח;ספרות הלכתית ופרשנות תלמודית;תפילה וברכות. ; Saadiahs Siddur
2,990051264960205171,CUL,"פירוש חמש מגילות [רס""ג]. ; סעדיה בן יוסף גאון, פירוש חמש מגילות [רס""ג]: איכה א:ד – ב:ט"
2,990051265430205171,CUL,"תפסיר רס""ג. ; Saadiah b. Joseph al-Fayyumi (Saadiah Gaon), Tafsir Saadya Gaon: Genesis 9:10 – 10:25 ; סעדיה בן יוסף גאון, תפסיר רס""ג: בראשית ט:י – י:כה"
2,990051265490205171,CUL,"תפסיר רס""ג. ; Saadiah b. Joseph al-Fayyumi (Saadiah Gaon), Tafsir Saadya Gaon: Exodus 10:6 – 10 ; סעדיה בן יוסף גאון, תפסיר רס""ג: שמות י:ו – י"
2,990051265920205171,CUL,"פירוש יפת למקרא;פרשנות מקרא;תפסיר ערבי. ; Japhet b. Eli, Yefet's Commentary on the Bible: Hosea 7:1 – 5 ; יפת בן עלי הלוי, פירוש יפת למקרא: הושע ז:א – ה"
2,990051266600205171,CUL,פרשנות מקרא;תפסיר ערבי. ; Arabic Tafsir: Jeremiah 8 – 9 ; תפסיר ערבי: ירמיהו ח – ט
2,990051268490205171,CUL,"פירוש יפת למקרא;פרשנות מקרא;תפסיר ערבי. ; Japhet b. Eli, Yefet's Commentary on the Bible: Psalms 68:4 – 26 ; יפת בן עלי הלוי, פירוש יפת למקרא: תהילים סח:ד – כו"
2,990051269180205171,CUL,"פירוש חמש מגילות [רס""ג]. ; סעדיה בן יוסף גאון, פירוש חמש מגילות [רס""ג]: איכה א:יט – ה:ו"
2,990051269190205171,CUL,פרשנות מקרא. ; Biblical Exegesis: Deuteronomy 1:1 – 3:18 ; פרשנות מקרא: דברים א:א – ג:יח
2,990051269220205171,CUL,פרשנות מקרא. ; Biblical Exegesis: Hosea 10 ; פרשנות מקרא: הושע י
2,990051270270205171,CUL,"תפסיר רס""ג. ; Saadiah b. Joseph al-Fayyumi (Saadiah Gaon), Tafsir Saadya Gaon: Numbers 15:23 – 39 ; סעדיה בן יוסף גאון, תפסיר רס""ג: במדבר טו:כג – לט"
2,990051270360205171,CUL,"תפסיר רס""ג. ; Saadiah b. Joseph al-Fayyumi (Saadiah Gaon), Tafsir Saadya Gaon: Esther 7:2 – 8; 9:19 – 24 ; סעדיה בן יוסף גאון, תפסיר רס""ג: אסתר ז:ב – ח; ט:יט – כד"
2,990051270870205171,CUL,"פירוש חמש מגילות [רס""ג]. ; סעדיה בן יוסף גאון, פירוש חמש מגילות [רס""ג]: איכה ד:ו – יב"
2,990051271960205171,CUL,"פירוש יפת למקרא;פרשנות מקרא;תפסיר ערבי. ; Japhet b. Eli, Yefet's Commentary on the Bible: Psalms 45:14 – 46:3 ; יפת בן עלי הלוי, פירוש יפת למקרא: תהילים מה:יד – מו:ג"
2,990051271990205171,CUL,פרשנות מקרא;תפסיר ערבי. ; Arabic Tafsir: II Samuel 22:1 – 23:1 ; תפסיר ערבי: שמואל ב כב:א – כג:א
2,990051272190205171,CUL,"עזרי הוראה, נסיונות קולמוס, תרגילי כתיבה, שרבוטים;תפסיר רס""ג. ; Saadiah b. Joseph al-Fayyumi (Saadiah Gaon), Tafsir Saadya Gaon: Exodus 1:10 – 15 ; סעדיה בן יוסף גאון, תפסיר רס""ג: שמות א:י – טו"
2,990051272340205171,CUL,"דקדוק;כתאב אלמשתמל עלי אלאצול ואלפצול פי אללגה אלעבראניה. ; Grammatical text, possibly part of a Bible commentary, discussing the different categories of nouns which are treated as masculine"
2,990051272570205171,CUL,"פירוש יפת למקרא;פרשנות מקרא. ; Japhet b. Eli, Yefet's Commentary on the Bible: II Chronicles 19:8 – 11 ; יפת בן עלי הלוי, פירוש יפת למקרא: דברי הימים ב יט:ח – יא"
2,990051272680205171,CUL,"פרשנות מקרא. ; Saadiah b. Joseph al-Fayyumi (Saadiah Gaon), Biblical Exegesis: Isaiah 40:24 – 26 ; סעדיה בן יוסף גאון, פרשנות מקרא: ישעיהו מ:כד – כו"
2,990051272850205171,CUL,פרשנות מקרא. ; Biblical Exegesis: Deuteronomy 22:9 – 11 ; פרשנות מקרא: דברים כב:ט – יא
2,990051273000205171,CUL,דרשות;מדרש דוד הנגיד. ; Midrash David ha-Nagid
2,990051273270205171,CUL,פרשנות מקרא. ; Biblical Exegesis: Isaiah 50:2 – 3 ; פרשנות מקרא: ישעיהו נ:ב – ג
2,990051275560205171,CUL,פרשנות מקרא. ; Biblical Exegesis: I Samuel 12 – 13 ; פרשנות מקרא: שמואל א יב – יג
2,990051278180205171,CUL,אסטרולוגיה;אסטרונומיה;דקדוק;לוח שנה;מדעים;פילוסופיה. ; Grammar; philosophy; Jewish calendar
2,990051282550205171,CUL,דקדוק;חכמת הלשון;כתאב אלאפעאל ד'ואת חרוף אללין. ; Judah Hayyu js Kitab al-'afal dhawat huru f al-layn
2,990051283030205171,CUL,חכמת הלשון;כתאב אלתנקיט. ; Judah Hayyu js Kitab al-tanqi t
2,990051283270205171,CUL,חכמת הלשון;כתאב אלכאפי. ; Abu al-Faraj Haru ns al-kitab al-kafi
2,990051283790205171,CUL,דקדוק;חכמת הלשון;כתאב אלמשתמל עלי אלאצול ואלפצול פי אללגה אלעבראניה. ; Grammatical work (on the conjugations of the Hebrew verb)
2,990051284670205171,CUL,חכמת הלשון;כתאב אפעאל דואת אלמתלין. ; Judah Hayyu js Kitab al-'afal dhawat al-mithlayn
2,990051292810205171,CUL,"סדרי ברכות (ברכות הנהנין, השבח, המצוות);פיוט;שירת חול;תפילה וברכות;תפילות קבע. ; Liturgical texts and instructions related to eating and drinking"
2,990051292870205171,CUL,פיוט;שירת חול;תפילה וברכות;תפילות קבע. ; Common Prayers: Arvit Shabbat ; תפילות קבע: ערבית שבת
2,990051292880205171,CUL,הלכה;פיוט;שירת חול;תפילה וברכות;תפילות קבע. ; Discussion on the insertion of the phrase ותן טל ומטר into the 'amidah prayer
2,990051292890205171,CUL,"סדרי ברכות (ברכות הנהנין, השבח, המצוות);פיוט;שירת חול;תפילה וברכות;תפילות קבע. ; Common Prayers: Musaf Shemini Atzeret ; תפילות קבע: מוסף שמיני עצרת"
2,990051292910205171,CUL,כתאב ג'אמע אלצלואת ואלתסאביח;כתאב פי וג'וב אלצלוה;פיוט;שירת חול;תפילה וברכות. ; Saadiahs Siddur including material missing from the printed edition
2,990051292920205171,CUL,פיוט;שירת חול;תפילה וברכות;תפילות קבע. ; 'Amidah prayer ; Amidah prayer
2,990051292960205171,CUL,סידור שלמה מסיג'ילמאסה;פיוט;שירת חול;תפילה וברכות;תפילות קבע. ; Possibly Siddur of Solomon ben Nathan of Sijilmasa
2,990051292980205171,CUL,הגדה של פסח;פיוט;שירת חול;תוספות של סידור;תפילה וברכות. ; Liturgical additions: Haggadah (and other matters) of Pesach ; תוספות של סידור: הגדה (ועניינים אחרים) של פסח
2,990051293020205171,CUL,פיוט;שירת חול;תוספות של סידור;תפילה וברכות. ; Liturgical additions: Haggadah (and other matters) of Pesach ; תוספות של סידור: הגדה (ועניינים אחרים) של פסח
2,990051293910205171,CUL,"סדרי ברכות (ברכות הנהנין, השבח, המצוות);פיוט;שירת חול;תפילה וברכות;תפילות קבע. ; Liturgical instructions for Yom Kippur"
2,990051293970205171,CUL,פיוט;שירת חול;תפילה וברכות;תפילות קבע. ; Secular Poetry ; Translation of the liturgy for Yom Kippur
2,990051294060205171,CUL,כתאב ג'אמע אלצלואת ואלתסאביח;כתאב פי וג'וב אלצלוה;פיוט;שירת חול;תוספות של סידור;תפילה וברכות;תפילות קבע. ; Bifolium: Saadiahs Siddur; Passover Haggadah and Passover liturgy Leaf: Discussion of the musaf prayer
2,990051294150205171,CUL,הגדה של פסח;פיוט;שירת חול;תוספות של סידור;תפילה וברכות. ; Liturgical additions: Haggadah (and other matters) of Pesach[Philosophical commentary] ; תוספות של סידור: הגדה (ועניינים אחרים) של פסח[Philosophical commentary]
2,990051294230205171,CUL,"סדרי ברכות (ברכות הנהנין, השבח, המצוות);סידור שלמה מסיג'ילמאסה;פיוט;שירת חול;תפילה וברכות;תפילות קבע. ; Secular Poetry ; Solomon ben Nathans Siddur"
2,990051294320205171,CUL,כתאב ג'אמע אלצלואת ואלתסאביח;פיוט;שירת חול;תפילה וברכות;תפילות קבע. ; Discussion of the 'amidah prayer
2,990051295870205171,CUL,כתאב ג'אמע אלצלואת ואלתסאביח;פיוט;שירת חול;תפילה וברכות;תפילות קבע. ; Saadiahs Siddur
2,990051295960205171,CUL,"הלכה;כתאב ג'אמע אלצלואת ואלתסאביח;סדרי ברכות (ברכות הנהנין, השבח, המצוות);פיוט;שירת חול;תפילה וברכות. ; Rules concerning benedictions before and after eating"
2,990051296000205171,CUL,"הלכה;פיוט;שירת חול;תפילה וברכות;תפילות קבע. ; Secular Poetry ; Siddur, Sabbath prayers including halakhic material"
2,990051296690205171,CUL,פיוט;שירת חול;תפילה וברכות;תפילות קבע. ; Discussion of 'amidah for festivals and including Passover
2,990051296720205171,CUL,פיוט;שירת חול;תפילה וברכות;תפילות קבע. ; Common Prayers: Minhah Shabbat ; תפילות קבע: מנחה שבת
2,990051296810205171,CUL,פיוט;שירת חול;תפילה וברכות;תפילות קבע. ; Liturgy for festivals
2,990051296830205171,CUL,"כתאב ג'אמע אלצלואת ואלתסאביח;סדרי ברכות (ברכות הנהנין, השבח, המצוות);פיוט;שירת חול;תפילה וברכות. ; Saadiahs Siddur"
2,990051310530205171,CUL,חכמת הנסתר;כתאב אלתמייז [יוסף אלבציר];תיאולוגיה. ; Theological work
2,990051310780205171,CUL,כתאב אלהדאיה אלי פראיץ אלקלוב;תפסיר ערבי. ; Arabic Tafsir: Lamentations 4:3 – 13 ; תפסיר ערבי: איכה ד:ג – יג
2,990051314140205171,CUL,"דלאלה אלחאירין. ; משה בן מימון, דלאלה אלחאירין: הקדמה (צדר)"
2,990051314280205171,CUL,"אלרסאלה אלמנתכ'בה;מוסר. ; Ethical or Su fi work, discussing the soul"
2,990051316190205171,CUL,"דרשות;מדרש דוד הנגיד;מקרא [טקסט]. ; David b. Abraham b. Maimon, Midrash David ha-Nagid: Genesis 7:12 – 8:11 ; דוד בן אברהם הנגיד, מדרש דוד הנגיד: בראשית ז:יב – ח:יא"
2,990051316790205171,CUL,דרשות;מדרש דוד הנגיד;מדרשים מאוחרים. ; Derashot ; Midrash David ha-Nagid
2,990051317440205171,CUL,"דרשות;מדרש דוד הנגיד;מדרשים מאוחרים. ; David b. Abraham b. Maimon, Midrash David ha-Nagid: Numbers Beha‘alotekha; Qorah ; דוד בן אברהם הנגיד, מדרש דוד הנגיד: במדבר בהעלותך; קרח"
2,990051318980205171,CUL,דרשות;מדרש דוד הנגיד;ספרות הלכתית ופרשנות תלמודית;תחום לא מזוהה. ; Midrash David ha-Nagid
2,990051319850205171,CUL,הלכה;סידור שלמה מסיג'ילמאסה;ספרות הלכתית ופרשנות תלמודית;תפילה וברכות;תפילות קבע. ; Rules for public reading of Torah and haftarah
2,990051320650205171,CUL,ספרות הלכתית ופרשנות תלמודית;פרשנות מקרא;תפסיר ערבי. ; Arabic Tafsir: Exodus 34 ; תפסיר ערבי: שמות לד
2,990051323420205171,CUL,הלכה;ספרות הלכתית ופרשנות תלמודית;תפילה וברכות. ; Liturgy for Hanukhah
2,990051325690205171,CUL,"סדרי ברכות (ברכות הנהנין, השבח, המצוות); ספרות הלכתית ופרשנות תלמודית; תפילה וברכות. ; Liturgy"
2,990051334530205171,CUL,פיוטים.
2,990051344860205171,CUL,ספר תורה (סוף דברים לב:כג-לב:מו).
2,990051345120205171,CUL,פיוט;תוספות של סידור;תפילות קבע. ; תפילות קבע: מנחה או נעילה ? יום הכיפורים
2,990051345140205171,CUL,"היסטוריוגרפיה ותאורים גיאוגרפיים;סדרי ברכות (ברכות הנהנין, השבח, המצוות);פיוט;תוספות של סידור;תפילות קבע. ; Historiography and geographical descriptions ; היסטוריוגרפיה ותאורים גיאוגרפיים"
2,990051347580205171,CUL,מקרא [טקסט]. ; Bible: Numbers 3:12 – 33:19 ; מקרא: במדבר ג:יב – לג:יט
2,990051347710205171,CUL,מקרא [טקסט]. ; Bible: Psalms 78:63 – 71; 79:2 – 5; 79:8 – 80:8 ; מקרא: תהילים עח:סג – עא; עט:ב – ה; עט:ח – פ:ח
2,990051349140205171,CUL,מקרא [טקסט]. ; Bible: Numbers 29:39 – 30:3; 30:5 – 6 ; מקרא: במדבר כט:לט – ל:ג; ל:ה – ו
2,990051352690205171,CUL,"מקרא [טקסט];ספרות הגות (פילוסופיה, תיאולוגיה, מוסר). ; כנראה מתוך חיבור הגותי. הקטע מתמקד בעונש הצרעת."
2,990051353100205171,CUL,פרשנות מקרא. ; Biblical Exegesis: Jeremiah 51:33 ; פרשנות מקרא: ירמיהו נא:לג
2,990051354940205171,CUL,"סדרי ברכות (ברכות הנהנין, השבח, המצוות);תפילה וברכות. ; סדרי ברכות: קידוש ""זיו פניהם כזוהר... כל רואיהם יכירום"" (שם בן ארבע: שתי יודין;קו מלמעלה)[קידוש לפסח.]"
2,990051354970205171,CUL,פיוט. ; Piyyut (Selihot) ; פיוט (סליחות)
2,990051355080205171,CUL,"תוספות של סידור;תפילה וברכות. ; תוספות של סידור: זמירות/בקשות לשבת ולמועדים ""...וברך את נחלתיך"" (שם בן ארבע: שלושה יודין;מין ט בהמשך)"
2,990051355610205171,CUL,"פיוט;תוספות של סידור;תפילה וברכות;תפילות קבע. ; תוספות של סידור: הגדה (ועניינים אחרים) של פסח ""אעלם מן פי..."" (שם בן ארבע: שלושה יודין בסגול)"
2,990051355790205171,CUL,פיוט;תפילה וברכות;תפילות קבע. ; Liturgy and Brakhot ; תפילה וברכות
2,990051355860205171,CUL,מקרא [טקסט]. ; Bible: I Samuel 15:1 – 8; I Kings 6:7 – 13 ; מקרא: שמואל א טו:א – ח; מלכים א ו:ז – יג
2,990051356170205171,CUL,פיוט. ; Piyyut (Hoshanot for Sukkot) ; פיוט (הושענות לסוכות)
2,990051356330205171,CUL,"פיוט;תפילות קבע. ; תפילות קבע: ימים נוראים עמידה ""קדוש אתה ונורא... מלפניך עוז בידך"" (שם בן ארבע: שתי יודין;נקודה אחת מלמעלה)"
2,990051356770205171,CUL,"סדרי ברכות (ברכות הנהנין, השבח, המצוות);פיוט;תוספות של סידור;תפילה וברכות;תפילות קבע. ; Liturgical additions: Songs/baqqashot for Shabbat and Holidays[ שלוש מילים ראשונות בצד שמאל: וב""א פועל נפלאות. שלוש מילים אחרונות בצד שמאל: כי יאיר לנו.] ; תוספות של סידור: זמירות/בקשות לשבת ולמועדים[ שלוש מילים ראשונות בצד שמאל: וב""א פועל נפלאות. שלוש מילים אחרונות בצד שמאל: כי יאיר לנו.]"
2,990051357390205171,CUL,"תוספות של סידור;תפילה וברכות. ; תוספות של סידור: הגדה (ועניינים אחרים) של פסח ""מכת בכורות רבי... שום מה על"" (שם בן ארבע: שתי יודין)"
2,990051357660205171,CUL,"תפילה וברכות;תפילות קבע. ; תפילות קבע: מוסף יום הכיפורים עמידה ""וידעת היום והשבות... ונאמר כי ביום"" (שם בן ארבע: שלושה יודין בסגול;מין ט בהמשך)[צד ימין. שלוש מילים ראשונות בצד שמאל: את עמו ישראל. שלוש מילים אחרונות בצד שמאל: נאמר לפניך יושב.]"
2,990051357880205171,CUL,"סדרי ברכות (ברכות הנהנין, השבח, המצוות);פיוט;תפילה וברכות;תפילות קבע. ; Liturgy and Brakhot ; תפילה וברכות"
2,990051357890205171,CUL,"פיוט;תוספות של סידור;תפילה וברכות. ; תוספות של סידור: זמירות/בקשות לשבת ולמועדים ""אמרי האזינה יי... ויבינך ומפיך הדעת"" (שם בן ארבע: שלושה יודין בסגול)"
2,990051360680205171,CUL,תלמוד בבלי [טקסט]. ; Talmud Bavli: Ketubbot 27; Aramaic Targumim: Exodus ; תלמוד בבלי: כתובות כז; תרגומים ארמיים: שמות
2,990051361640205171,CUL,תפילה וברכות. ; סידור. דפוס.
2,990051361680205171,CUL,תפילה וברכות;תפילות קבע. ; סידור. סליחות. דפוס.
2,990051361730205171,CUL,תוספות של סידור;תפילה וברכות. ; Liturgical additions: Haggadah (and other matters) of Pesach ; תוספות של סידור: הגדה (ועניינים אחרים) של פסח
2,990051361760205171,CUL,תפילה וברכות;תפילות קבע. ; Common Prayers: Sukkot ; תפילות קבע: סוכות
2,990051361790205171,CUL,
2,990051361910205171,CUL,תפילה וברכות;תפילות קבע. ; סידור. דפוס.
2,990051361940205171,CUL,תוספות של סידור;תפילה וברכות. ; Liturgical additions: Haggadah (and other matters) of Pesach ; תוספות של סידור: הגדה (ועניינים אחרים) של פסח
2,990051361960205171,CUL,תפילה וברכות;תפילות קבע. ; סידור. דפוס.
2,990051361990205171,CUL,תפילה וברכות;תפילות קבע. ; סידור. דפוס.
2,990051362080205171,CUL,תפילה וברכות;תפילות קבע. ; Common Prayers: Rosh ha-Shanah ; תפילות קבע: ראש השנה
2,990051362130205171,CUL,תפילה וברכות;תפילות קבע. ; סידור. דפוס.
2,990051362180205171,CUL,תפילה וברכות;תפילות קבע. ; סידור. דפוס.
2,990051362220205171,CUL,תפילה וברכות;תפילות קבע. ; Common Prayers: Yom ha-Kippurim ; תפילות קבע: יום הכיפורים
2,990051362250205171,CUL,תפילה וברכות;תפילות קבע. ; סידור. דפוס.
2,990051362290205171,CUL,תוספות של סידור;תפילה וברכות. ; Liturgical additions: Haggadah (and other matters) of Pesach ; תוספות של סידור: הגדה (ועניינים אחרים) של פסח
2,990051362520205171,CUL,תפילה וברכות;תפילות קבע. ; סידור. דפוס.
2,990051364960205171,CUL,תפילה וברכות. ; סידור. דפוס.
2,990051365130205171,CUL,תפילה וברכות. ; סידור. דפוס.
2,990051365470205171,CUL,תפילות קבע. ; סידור. דפוס.
2,990051366880205171,CUL,תוספות של סידור;תפילה וברכות. ; Liturgy and Brakhot ; תפילה וברכות
2,990051367120205171,CUL,תפילות קבע. ; ברכות השחר וקרבנות.
2,990051367450205171,CUL,מקרא [טקסט]. ; Bible: Genesis 1:8 – 4:20 ; מקרא: בראשית א:ח – ד:כ
2,990051368170205171,CUL,תוספות של סידור. ; Liturgical additions: Haggadah (and other matters) of Pesach ; תוספות של סידור: הגדה (ועניינים אחרים) של פסח
2,990051368480205171,CUL,גם קטע קצר בערבית
2,990051369230205171,CUL,פיוט. ; Piyyut
2,990051370200205171,CUL,מסמכים; פיוט. ; פיוט ומכתב (או תעודה אחרת) בכתיבה ערבית.
2,990051371500205171,CUL,
2,990051371770205171,CUL,היסטוריוגרפיה ותאורים גיאוגרפיים. ; קצת אסתר
2,990051372580205171,CUL,מקרא [טקסט];נספחות לחיבור;פיוט;תפילה וברכות;תפילות קבע. ; Bible: Numbers 35:34 – 36:3; 36:10 – 13 ; מקרא: במדבר לה:לד – לו:ג; לו:י – יג
2,990051372630205171,CUL,מקרא [טקסט];נספחות לחיבור;פיוט;תפילה וברכות;תפילות קבע. ; Bible: Numbers 35:34 – 36:3; 36:10 – 13 ; מקרא: במדבר לה:לד – לו:ג; לו:י – יג
2,990051373200205171,CUL,פיוט. ; Piyyut Dirges? ; פיוט קינות?
2,990051374430205171,CUL,פיוט;תוספות של סידור;תפילה וברכות;תפילות קבע. ; Liturgy and Brakhot ; תפילה וברכות
2,990051374510205171,CUL,תפילה וברכות;תפילות קבע. ; Liturgy and Brakhot ; תפילה וברכות
2,990051374550205171,CUL,זוהר.
2,990051374870205171,CUL,"פיוט;תפילה וברכות;תפילות קבע. ; Piyyut, Common Prayers ; תפילות קבע: חול עמידה ""יי שפתי תפתח... לבני בניהם מלך"" (שם בן ארבע: שלושה יודין בסגול;מין ט בהמשך)[צד ימין. מידע מצרוף. שלוש מילים ראשונות בצד שמאל: אתכם היום לאהבה. שלוש מילים אחרונות בצד שמאל: ועבדתם אלהים אחרים.]"
2,990051376050205171,CUL,הגדה של פסח. ; הגדה של פסח: הגדה (ועניינים אחרים) של פסח
2,990051378790205171,CUL,הגדה של פסח. ; הגדה של פסח: הגדה (ועניינים אחרים) של פסח
2,990051379690205171,CUL,תפילות קבע. ; דפוס. סידור תפילה- קטע מהסליחות לימים נוראים. (נוסח עדות המזרח).
2,990051380380205171,CUL,
2,990051380480205171,CUL,
2,990051381870205171,CUL,"משנה [טקסט];פיוט;תפסיר ערבי. ; תפסיר ערבי: במדבר, דברים"
2,990051381880205171,CUL,פיוט;שירת חול;תפילה וברכות. ; Liturgy and Brakhot ; תפילה וברכות
2,990051381910205171,CUL,"פיוט;תפילה וברכות;תפילות קבע. ; תפילות קבע: מוסף ראש השנה עמידה ""תם יתקע תשרת... לישראל הוא משפט"" (שם בן ארבע: יוד אחת;מין ט בהמשך)[ שלוש מילים ראשונות בצד שמאל: יי אלהינו לראות. שלוש מילים אחרונות בצד שמאל: ראשי עם יחד.]"
2,990051381920205171,CUL,תפילה וברכות;תפילות קבע. ; Common Prayers: Yom ha-Kippurim ; תפילות קבע: יום הכיפורים
2,990051382070205171,CUL,פיוט;שירת חול. ; Piyyut ; פיוט
2,990051384750205171,CUL,מקרא;מקרא [טקסט]. ; Bible: Exodus 17:5 – 15; 20:19 – 21:4 ; מקרא: שמות יז:ה – טו; כ:יט – כא:ד
2,990051385160205171,CUL,מקרא;מקרא [טקסט]. ; Bible: Exodus 36:8 – 24; 30 – 33 ; מקרא: שמות לו:ח – כד; ל – לג
2,990051386620205171,CUL,מקרא;מקרא [טקסט]. ; Bible: Leviticus 13:20 – 37 ; מקרא: ויקרא יג:כ – לז
2,990051387140205171,CUL,מקרא;מקרא [טקסט]. ; Bible: Leviticus 16:13 – 18:17 ; מקרא: ויקרא טז:יג – יח:יז
2,990051388040205171,CUL,מקרא;מקרא [טקסט]. ; Bible: Exodus 29:2 – 9; 21 – 27 ; מקרא: שמות כט:ב – ט; כא – כז
2,990051388940205171,CUL,מקרא;מקרא [טקסט]. ; Bible: Numbers 29:33 – 38; 30:8 – 12 ; מקרא: במדבר כט:לג – לח; ל:ח – יב
2,990051391720205171,CUL,
2,990051391820205171,CUL,
2,990051391890205171,CUL,
2,990051391910205171,CUL,
2,990051392710205171,CUL,
2,990051392910205171,CUL,
2,990051392950205171,CUL,
2,990051393030205171,CUL,
2,990051393090205171,CUL,
2,990051393130205171,CUL,
2,990051393180205171,CUL,
2,990051393190205171,CUL,
2,990051393200205171,CUL,
2,990051393250205171,CUL,
2,990051393480205171,CUL,
2,990051393550205171,CUL,
2,990051393770205171,CUL,
2,990051393790205171,CUL,
2,990051393820205171,CUL,
2,990051394360205171,CUL,
2,990051394370205171,CUL,
2,990051394400205171,CUL,
2,990051394420205171,CUL,
2,990051394450205171,CUL,
2,990051394530205171,CUL,
2,990051394570205171,CUL,
2,990051394870205171,CUL,גלוסאר לפיוט. ; דפוס. גלוסר לפיוטים ליום הכיפור מתוך מחזור.
2,990051394970205171,CUL,גלוסאר לפיוט. ; דפוס. גלוסר לפיוטים ליום הכיפור מתוך מחזור.
2,990051394990205171,CUL,גלוסאר לפיוט. ; דפוס. גלוסר לפיוטים ליום הכיפור מתוך מחזור.
2,990051395620205171,CUL,גלוסאר לפיוט. ; דפוס. גלוסר לפיוטים ליום הכיפור מתוך מחזור.
2,990051395760205171,CUL,גלוסאר לפיוט. ; דפוס. גלוסר לפיוטים ליום הכיפור מתוך מחזור.
2,990051396100205171,CUL,גלוסאר לפיוט. ; דפוס. גלוסר לפיוטים ליום הכיפור מתוך מחזור.
2,990051396300205171,CUL,
2,990051396320205171,CUL,
2,990051396630205171,CUL,
2,990051396640205171,CUL,
2,990051396820205171,CUL,
2,990051396960205171,CUL,
2,990051397010205171,CUL,
2,990051397030205171,CUL,
2,990051397170205171,CUL,
2,990051397520205171,CUL,
2,990051397650205171,CUL,
2,990051397670205171,CUL,
2,990051397700205171,CUL,
2,990051397760205171,CUL,
2,990051397780205171,CUL,
2,990051397790205171,CUL,
2,990051397930205171,CUL,
2,990051398000205171,CUL,
2,990051398040205171,CUL,
2,990051398150205171,CUL,
2,990051398200205171,CUL,
2,990051398550205171,CUL,
2,990051398740205171,CUL,
2,990051398820205171,CUL,Common Prayers: Shaharit Weekday Qeriat Shema and its benedictions ; תפילות קבע: שחרית חול קריאת שמע וברכותיה
2,990051398890205171,CUL,Liturgical additions: Songs/baqqashot for Shabbat and Holidays ; תוספות של סידור: זמירות/בקשות לשבת ולמועדים
2,990051399200205171,CUL,הגדה של פסח
2,990051399470205171,CUL,
2,990051399520205171,CUL,
2,990051399720205171,CUL,
2,990051399790205171,CUL,
2,990051399830205171,CUL,
2,990051400240205171,CUL,
2,990051400360205171,CUL,
2,990051400440205171,CUL,
2,990051400450205171,CUL,
2,990051400870205171,CUL,
2,990051401100205171,CUL,
2,990051401450205171,CUL,
2,990051401490205171,CUL,
2,990051401720205171,CUL,
2,990051401850205171,CUL,
2,990051401860205171,CUL,
2,990051401880205171,CUL,
2,990051401890205171,CUL,
2,990051401900205171,CUL,
2,990051401970205171,CUL,
2,990051402370205171,CUL,Common Prayers: Shaharit Rosh ha-Shanah Amidah ; תפילות קבע: שחרית ראש השנה עמידה; תקיעת שופר (סדר/ברכות/תחינות)
2,990051402720205171,CUL,Common Prayers: Shaharit; Early morning benedictions ; תפילות קבע: שחרית קודם התפילה; ברכות השחר
2,990051402910205171,CUL,Liturgical additions: Selichot ; תוספות של סידור: סליחות
2,990051403000205171,CUL,Common Prayers: Musaf Shabbat and Rosh Hodesh Amidah ; תפילות קבע: מוסף שבת וראש חודש עמידה
2,990051403300205171,CUL,Common Prayers: Shaharit Weekday Amidah ; תפילות קבע: שחרית חול עמידה
2,990051403440205171,CUL,Liturgical additions ; תוספות של סידור: מזמורים לאחר הדלקת נר חנוכה
2,990051403520205171,CUL,Common Prayers: Shaharit Shabbat Nishmat; Qeriat Shema and its benedictions ; תפילות קבע: שחרית שבת נשמת; קריאת שמע וברכותיה
2,990051403930205171,CUL,Brakhot: Redemption of a firstborn; Grace after meals ; סדרי ברכות: פדיון הבן; ברכת המזון
2,990051404020205171,CUL,עם פירוש כנראה בלאדינו
2,990051404270205171,CUL,Liturgical additions ; תוספות של סידור: תקון לפורים
2,990051404280205171,CUL,משוער
2,990051404350205171,CUL,
2,990051404580205171,CUL,
2,990051404730205171,CUL,
2,990051404770205171,CUL,
2,990051404820205171,CUL,
2,990051404930205171,CUL,
2,990051405020205171,CUL,
2,990051405040205171,CUL,
2,990051405310205171,CUL,
2,990051405410205171,CUL,Common Prayers: Yom ha-Kippurim Amidah ; תפילות קבע: יום הכיפורים עמידה
2,990051405480205171,CUL,
2,990051405750205171,CUL,Common Prayers: Shaharit Weekday Tahanun ; תפילות קבע: שחרית חול תחנון
2,990051406270205171,CUL,Bible: Joshua 12:5 – 13:30 ; מקרא: יהושע יב:ה – יג:ל
2,990051406710205171,CUL,
2,990051407150205171,CUL,
2,990051407520205171,CUL,
2,990051407550205171,CUL,
2,990051407610205171,CUL,
2,990051407720205171,CUL,
2,990051407750205171,CUL,
2,990051407770205171,CUL,
2,990051408060205171,CUL,
2,990051408110205171,CUL,
2,990051408320205171,CUL,
2,990051408390205171,CUL,Common Prayers: Shaharit Weekday Tahanun ; תפילות קבע: שחרית חול תחנון
2,990051408690205171,CUL,Common Prayers: Shaharit Shabbat Amidah; Qeriat Shema and its benedictions ; תפילות קבע: שחרית שבת עמידה; קריאת שמע וברכותיה
2,990051408730205171,CUL,Liturgical additions: Selichot ; תוספות של סידור: סליחות
2,990051408810205171,CUL,Piyyut Yom Ha-Kippurim ; פיוט יום הכיפורים
2,990051408940205171,CUL,עם פירוש כנראה בלאדינו
2,990051409060205171,CUL,
2,990051409270205171,CUL,
2,990051409530205171,CUL,
2,990051409750205171,CUL,
2,990051409860205171,CUL,
2,990051409880205171,CUL,
2,990051412570205171,CUL,מקרא [טקסט];מקרא ותרגומים;פרשנות מקרא;שירת חול. ; Secular Poetry: Maqamot ; שירת חול: מקאמות
2,990051415270205171,CUL,פיוט;שירת חול;תפילה וברכות;תפילות קבע. ; Common Prayers: Yom ha-Kippurim Amidah ; תפילות קבע: יום הכיפורים עמידה
2,990051415340205171,CUL,"פיוט;שירת חול;תפילות קבע. ; Piyyut, Common Prayers ; פיוט, תפילות קבע"
2,990051415850205171,CUL,"ספרות הלכתית ופרשנות תלמודית; ספרות חז""ל; תוספות של סידור; תלמוד בבלי [טקסט]. ; Liturgical additions: Haggadah (and other matters) of Pesach ; תוספות של סידור: הגדה (ועניינים אחרים) של פסח"
2,990051418490205171,CUL,"מקרא ותרגומים;עזרי הוראה, נסיונות קולמוס, תרגילי כתיבה, שרבוטים;פיוט;פרשנות מקרא;שירת חול;תפילה וברכות;תפילות קבע. ; Biblical Exegesis ; Hebrew: the prayer 'aleynu; note in the margin: we-khatav Eleazar b. R. Halfon; Arabic: pen-exercise; date in the margin: 'and he wrote (it) on Tuesday 27th in the month Safar of the year 537 (?)"
2,990051419980205171,CUL,מקרא;מקרא [טקסט]. ; Bible: Psalms 115:11 – 118:12 ; מקרא: תהילים קטו:יא – קיח:יב
2,990051428840205171,CUL,מקרא;מקרא [טקסט]. ; Bible: Psalms 100:3 – 5; 119:160; 119:4; Numbers 28:1 – 4; 28:8 ; מקרא: תהילים ק:ג – ה; קיט:קס; קיט:ד; במדבר כח:א – ד; כח:ח
2,990051429460205171,CUL,מקרא;מקרא [טקסט]. ; Bible: Exodus 36:35 – 38:9; 38:18; 39:14 ; מקרא: שמות לו:לה – לח:ט; לח:יח; לט:יד
2,990051430880205171,CUL,מקרא;מקרא [טקסט]. ; Bible: I Samuel 25:11 – 19 ; מקרא: שמואל א כה:יא – יט
2,990051434030205171,CUL,מקרא;מקרא [טקסט]. ; Bible: Texts ; מקרא
2,990051437640205171,CUL,פיוט;תפילה וברכות. ; Piyyut ; פיוט
2,990051439230205171,CUL,"פיוט;שירת חול;תפילה וברכות;תפילות קבע. ; Common Prayers: Pesah Amidah (Ritual: Eretz Israel) ; תפילות קבע: פסח עמידה (מנהג: א""י)"
2,990051440370205171,CUL,פיוט;שירת חול;תפילה וברכות. ; Piyyut ; פיוט
2,990051440400205171,CUL,זוהר;פיוט;שירת חול;תפילה וברכות. ; Secular Poetry ; זוהר
2,990051443980205171,CUL,
2,990051444290205171,CUL,
2,990051446630205171,CUL,מקרא;מקרא [טקסט]. ; Bible: Esther 8:6 – 9:1 ; מקרא: אסתר ח:ו – ט:א
2,990051447530205171,CUL,
2,990051447720205171,CUL,
2,990051447750205171,CUL,
2,990051447850205171,CUL,
2,990051447950205171,CUL,
2,990051448370205171,CUL,
2,990051448450205171,CUL,
2,990051448650205171,CUL,
2,990051448930205171,CUL,
2,990051449320205171,CUL,
2,990051449370205171,CUL,
2,990051449380205171,CUL,
2,990051449390205171,CUL,
2,990051449810205171,CUL,
2,990051450020205171,CUL,
2,990051451480205171,CUL,פיוט;שירת חול;תפילה וברכות;תפילות קבע. ; Common Prayers: Yom ha-Kippurim Amidah ; תפילות קבע: יום הכיפורים עמידה
2,990051453860205171,CUL,"פיוט;שירת חול. ; Secular Poetry ; פיוט (ראש השנה, משה אבן עזרא)"
2,990051454200205171,CUL,"פיוט;שירת חול;תפילות קבע. ; Piyyut, Common Prayers ; פיוט, תפילות קבע"
2,990051455570205171,CUL,פיוט;שירת חול. ; Piyyut ; פיוט
2,990051455700205171,CUL,פיוט;שירת חול;תפילות קבע. ; Common Prayers: Yom ha-Kippurim ; תפילות קבע: יום הכיפורים
2,990051456060205171,CUL,פיוט;שירת חול. ; Secular Poetry ; שירת חול
2,990051458760205171,CUL,פיוט. ; Piyyut
2,990051459850205171,CUL,"פיוט;תפילות קבע. ; Piyyut ; פיוט, תפילות קבע"
2,990051460390205171,CUL,פיוט. ; Piyyut ; פיוט (קדושתא ליום הכיפורים)
2,990051460520205171,CUL,פיוט;תפילה וברכות;תפילות קבע. ; Common Prayers: Yom ha-Kippurim Amidah ; תפילות קבע: יום הכיפורים עמידה
2,990051460570205171,CUL,"פיוט;תפילות קבע. ; Piyyut ; פיוט, תפילות קבע"
2,990051460770205171,CUL,פיוט. ; Piyyut
2,990051460780205171,CUL,"פיוט;תפילות קבע. ; Piyyut ; פיוט, תפילות קבע"
2,990051461100205171,CUL,פיוט. ; Piyyut
2,990051461380205171,CUL,פיוט. ; Piyyut
2,990051461550205171,CUL,פיוט. ; Piyyut
2,990051461770205171,CUL,"פיוט;תפילות קבע. ; Piyyut ; פיוט, תפילות קבע"
2,990051461890205171,CUL,פיוט;תפילות קבע. ; Brakhot: Grace after meals[ליום השבת] ; סדרי ברכות: ברכת המזון[ליום השבת]
2,990051461980205171,CUL,"פיוט;תפילות קבע. ; Piyyut ; פיוט, תפילות קבע"
2,990051462110205171,CUL,פיוט. ; Piyyut
2,990051462540205171,CUL,"סדרי ברכות (ברכות הנהנין, השבח, המצוות);ספרות הלכתית ופרשנות תלמודית;ספרות חז""ל. ; Brakhot: Grace after meals ; סדרי ברכות: ברכת המזון"
2,990051463470205171,CUL,מקרא. ; Bible: Texts
2,990051464030205171,CUL,מקרא;רשימות של פרשיות התורה והפטרות. ; Bible: Texts ; List of the haftarot for the parashot we-eleh to wa-era (Genesis 25:19 to Exodus 6:3)
2,990051464910205171,CUL,פיוט. ; Piyyut
2,990051465270205171,CUL,פיוט. ; Piyyut
2,990051465420205171,CUL,פיוט. ; Piyyut
2,990051465500205171,CUL,פיוט. ; Piyyut
2,990051466050205171,CUL,פיוט. ; Piyyut
2,990051467160205171,CUL,"פיוט. ; Piyyut ; סעדיה בן יוסף גאון, תפילה מזדמנת: בקשות ותפילות אישיות הבקשה הראשונה"
2,990051467350205171,CUL,פיוטים.
2,990051467990205171,CUL,"פיוט;תפילות קבע. ; Piyyut ; פיוט, תפילות קבע"
2,990051468120205171,CUL,פיוט. ; Piyyut
2,990051468620205171,CUL,פיוט;תפילה וברכות;תפילות קבע. ; Common Prayers: Musaf Pesah Amidah ; תפילות קבע: מוסף פסח עמידה
2,990051468650205171,CUL,"סדרי ברכות (ברכות הנהנין, השבח, המצוות);פיוט;תפילה וברכות;תפילות קבע. ; Common Prayers: Arvit Qeriat Shema and its benedictions ; תפילות קבע: ערבית קריאת שמע וברכותיה"
2,990051469120205171,CUL,פיוט. ; Piyyut
2,990051469630205171,CUL,פיוט. ; Piyyut
2,990051469640205171,CUL,פיוט. ; Piyyut
2,990051470100205171,CUL,פיוט. ; Piyyut
2,990051470170205171,CUL,פיוט. ; Piyyut
2,990051471400205171,CUL,"הגדה של פסח;פיוט;תפילה וברכות;תפילות קבע. ; Passover Haggada, Hallel and mealtime benedictions."
2,990051471520205171,CUL,"סדרי ברכות (ברכות הנהנין, השבח, המצוות);פיוט;תפילה וברכות;תפילות קבע. ; Brakhot: Grace after meals ; סדרי ברכות: ברכת המזון"
2,990051472060205171,CUL,פיוט;תפילה וברכות;תפילות קבע. ; Common Prayers: Yom ha-Kippurim Amidah ; תפילות קבע: יום הכיפורים עמידה
2,990051472120205171,CUL,פיוט. ; Piyyut
2,990051472270205171,CUL,פיוט. ; Piyyut
2,990051472740205171,CUL,"פיוט;תפילות קבע. ; Piyyut ; פיוט, תפילות קבע"
2,990051472940205171,CUL,"עזרי הוראה, נסיונות קולמוס, תרגילי כתיבה, שרבוטים;פיוט;תפילה וברכות. ; Hebrew: liturgical text; Arabic (in the margin): basmala (repeated)"
2,990051473170205171,CUL,פיוט. ; Piyyut
2,990051473320205171,CUL,פיוט;תוספות של סידור;תפילה וברכות;תפילות קבע. ; Liturgical texts for Yom Kippur with Judaeo-Arabic headings
2,990051473570205171,CUL,פיוט. ; Piyyut
2,990051474230205171,CUL,פיוט;תפילה וברכות;תפילות קבע. ; Liturgical text with Judaeo-Arabic instructions
2,990051474490205171,CUL,"פיוט. ; Piyyut ; סעדיה בן יוסף גאון, תפילה מזדמנת: בקשות ותפילות אישיות הבקשה השנייה"
2,990051475270205171,CUL,פיוט. ; Piyyut
2,990051475360205171,CUL,פיוט. ; Piyyut
2,990051476520205171,CUL,פיוט;תפילה וברכות;תפילות קבע. ; Common Prayers: Musaf Pesah Amidah ; תפילות קבע: מוסף פסח עמידה
2,990051477990205171,CUL,"פיוט. ; Piyyut ; סעדיה בן יוסף גאון, תפילה מזדמנת: בקשות ותפילות אישיות הבקשה הראשונה והשנייה"
2,990051479930205171,CUL,פיוט;תוספות של סידור;תפילה וברכות;תפילות קבע. ; Piyyut ; תפילות קבע: מוסף סוכות עמידה; תעניות ותשעה באב; פורים ברכת אשר הניא
2,990051480530205171,CUL,"סדרי ברכות (ברכות הנהנין, השבח, המצוות);פיוט;תפילה וברכות;תפילות קבע. ; Brakhot: Grace after meals ; סדרי ברכות: ברכת המזון לפסח; ברכת המזון רגיל"
2,990051480600205171,CUL,הגדה של פסח (קטע).
2,990051480700205171,CUL,פיוט;תפילה וברכות;תפילות קבע. ; Common Prayers: Musaf Rosh ha-Shanah Amidah ; תפילות קבע: מוסף ראש השנה עמידה
2,990051480750205171,CUL,פיוט;תפילה וברכות;תפילות קבע. ; Common Prayers: Musaf Yom ha-Kippurim Amidah ; תפילות קבע: מוסף יום הכיפורים עמידה
2,990051480860205171,CUL,פיוט;תפילה וברכות;תפילות קבע. ; Common Prayers: Pesah Hallel ; תפילות קבע: פסח הלל
2,990051480890205171,CUL,פיוט;תוספות של סידור;תפילה וברכות. ; Passover Haggada.
2,990051480900205171,CUL,פיוט;תוספות של סידור;תפילה וברכות. ; Liturgical additions: Selichot ; תוספות של סידור: סליחות
2,990051480970205171,CUL,פיוט;תפילה וברכות;תפילות קבע. ; Common Prayers: Musaf Shabbat and Rosh Hodesh Amidah ; תפילות קבע: מוסף שבת וראש חודש עמידה
2,990051480980205171,CUL,פיוט;תפילה וברכות;תפילות קבע. ; Common Prayers: Amidah ; תפילות קבע: ימים נוראים עמידה
2,990051481000205171,CUL,פיוט;תוספות של סידור;תפילה וברכות. ; Passover Haggada.
2,990051481090205171,CUL,פיוט;תפילה וברכות;תפילות קבע. ; Piyyut ; תפילות קבע: שחרית יום הכיפורים עמידה; וידוי
2,990051481140205171,CUL,פיוט;תפילה וברכות;תפילות קבע. ; Common Prayers: Yom ha-Kippurim Amidah ; תפילות קבע: יום הכיפורים עמידה
2,990051481200205171,CUL,פיוט;תפילה וברכות;תפילות קבע. ; Common Prayers: Amidah ; תפילות קבע: עמידה
2,990051481360205171,CUL,פיוט;תפילה וברכות;תפילות קבע. ; Common Prayers: Shaharit Shabbat Nishmat; Shabbat Amidah; Minhah Shabbat Amidah ; תפילות קבע: שחרית שבת נשמת; שבת עמידה; מנחה שבת עמידה
2,990051481370205171,CUL,פיוט;תוספות של סידור;תפילה וברכות. ; Passover Haggada.
2,990051481390205171,CUL,פיוט;תפילה וברכות;תפילות קבע. ; Piyyut ; תפילות קבע: ערבית קריאת שמע וברכותיה; ובא לציון גואל
2,990051481510205171,CUL,"סדרי ברכות (ברכות הנהנין, השבח, המצוות);פיוט;תפילה וברכות;תפילות קבע. ; Common Prayers: Shaharit Shabbat Qeriat Shema and its benedictions ; תפילות קבע: שחרית שבת קריאת שמע וברכותיה"
2,990051481640205171,CUL,פיוט;תפילה וברכות;תפילות קבע. ; Common Prayers: Shaharit Qeriat Shema and its benedictions ; תפילות קבע: שחרית קריאת שמע וברכותיה
2,990051481810205171,CUL,"סדרי ברכות (ברכות הנהנין, השבח, המצוות);פיוט;תפילה וברכות. ; Liturgical text with Judaeo-Arabic instructions"
2,990051481900205171,CUL,פיוט;תפילה וברכות;תפילות קבע. ; Common Prayers: Shaharit Rosh ha-Shanah; Musaf Rosh ha-Shanah ; תפילות קבע: שחרית ראש השנה; מוסף ראש השנה
2,990051481940205171,CUL,פיוט;תפילה וברכות;תפילות קבע. ; Common Prayers: Shabbat and Rosh Hodesh Amidah; Rosh ha-Shanah Amidah ; תפילות קבע: שבת וראש חודש עמידה; ראש השנה עמידה
2,990051482000205171,CUL,פיוט;תפילה וברכות;תפילות קבע. ; Common Prayers: Arvit Shabbat[גם קריאת התורה ומוסף] ; תפילות קבע: ערבית שבת[גם קריאת התורה ומוסף]
2,990051482030205171,CUL,פיוט;תוספות של סידור;תפילה וברכות. ; Passover Haggada.
2,990051482140205171,CUL,פיוט;תפילה וברכות;תפילות קבע. ; Common Prayers: Rosh Hodesh Amidah; Pesah Amidah; Shavu'ot Amidah ; תפילות קבע: ראש חודש עמידה; פסח עמידה; שבועות עמידה
2,990051482170205171,CUL,פיוט;תוספות של סידור;תפילה וברכות. ; Passover Haggada and Hallel.
2,990051482220205171,CUL,פיוט;תפילה וברכות;תפילות קבע. ; Common Prayers: Shaharit Fasts ; תפילות קבע: שחרית תעניות
2,990051482340205171,CUL,פיוט;תוספות של סידור;תפילה וברכות. ; Liturgical additions: Haggadah (and other matters) of Pesach ; תוספות של סידור: הגדה (ועניינים אחרים) של פסח
2,990051482600205171,CUL,משנה [טקסט];פיוט;תפילה וברכות;תפילות קבע. ; Common Prayers: Shaharit Qeriat Shema and its benedictions ; תפילות קבע: שחרית קריאת שמע וברכותיה
2,990051482720205171,CUL,"סדרי ברכות (ברכות הנהנין, השבח, המצוות);פיוט;תחום לא מזוהה;תפילה וברכות. ; Brakhot: Grace after meals ; סדרי ברכות: ברכת המזון"
2,990051482750205171,CUL,"סדרי ברכות (ברכות הנהנין, השבח, המצוות);פיוט;תפילה וברכות;תפילות קבע. ; Common Prayers: Musaf Rosh Hodesh Amidah ; תפילות קבע: מוסף ראש חודש עמידה"
2,990051482790205171,CUL,פיוט;תפילה וברכות;תפילות קבע. ; Common Prayers: Arvit Weekday Qeriat Shema and its benedictions ; תפילות קבע: ערבית חול קריאת שמע וברכותיה
2,990051482850205171,CUL,"סדרי ברכות (ברכות הנהנין, השבח, המצוות);פיוט;תפילה וברכות;תפילות קבע. ; Common Prayers: Musaf Shemini Atzeret Amidah (Ritual: Eretz Israel) ; תפילות קבע: מוסף שמיני עצרת עמידה (מנהג: א""י)"
2,990051482910205171,CUL,"סדרי ברכות (ברכות הנהנין, השבח, המצוות);פיוט;תפילה וברכות;תפילות קבע. ; Brakhot: Grace after meals ; סדרי ברכות: ברכת המזון"
2,990051482940205171,CUL,פיוט;תוספות של סידור;תפילה וברכות. ; Passover Haggada.
2,990051483120205171,CUL,פיוט;תפילה וברכות;תפילות קבע. ; Common Prayers: Shaharit Qeriat Shema and its benedictions ; תפילות קבע: שחרית קריאת שמע וברכותיה
2,990051483310205171,CUL,לא קריא;פיוט;תפילה וברכות;תפילות קבע. ; Common Prayers: Shaharit Pesuqe d’zimrah ; תפילות קבע: שחרית פסוקי דזמרה
2,990051483420205171,CUL,פיוט. ; Piyyut
2,990051483570205171,CUL,פיוט;תפילה וברכות;תפילות קבע. ; Common Prayers: Shaharit Weekday Amidah (Ritual: Babylon); Tahanun (Ritual: Babylon); Seder hayyom (Ritual: Babylon) ; תפילות קבע: שחרית חול עמידה (מנהג: בבל); תחנון (מנהג: בבל); סדר היום (מנהג: בבל)
2,990051483590205171,CUL,פיוט;תפילה וברכות;תפילות קבע. ; Common Prayers: Yom ha-Kippurim Amidah ; תפילות קבע: יום הכיפורים עמידה
2,990051483690205171,CUL,פיוט;תפילה וברכות;תפילות קבע. ; Piyyut ; תפילות קבע: מוסף חול המועד סוכות עמידה
2,990051483700205171,CUL,"פיוט. ; Piyyut ; פיוט (הושענות לסוכות): ""איומה נועדה שופכת""[לשבת]"
2,990051483730205171,CUL,פיוט;תפילה וברכות;תפילות קבע. ; Common Prayers: Yom ha-Kippurim Amidah; Sukkot Amidah ; תפילות קבע: יום הכיפורים עמידה; סוכות עמידה
2,990051483860205171,CUL,פיוט;תפילה וברכות;תפילות קבע. ; Common Prayers: Musaf Shavu'ot Amidah; Shaharit Shavu'ot Amidah ; תפילות קבע: מוסף שבועות עמידה; שחרית שבועות עמידה
2,990051484040205171,CUL,פיוט;תפילה וברכות;תפילות קבע. ; Common Prayers: Minhah Shabbat Amidah ; תפילות קבע: מנחה שבת עמידה
2,990051484070205171,CUL,פיוט;תפילה וברכות;תפילות קבע. ; Common Prayers: Musaf Rosh Hodesh Amidah ; תפילות קבע: מוסף ראש חודש עמידה
2,990051484160205171,CUL,פיוט;תפילות קבע. ; Common Prayers: Arvit Shabbat[עם קידוש ליל שבת] ; תפילות קבע: ערבית שבת[עם קידוש ליל שבת]
2,990051484310205171,CUL,פיוט;תפילה וברכות;תפילות קבע. ; Common Prayers: Arvit Shabbat Qeriat Shema and its benedictions; Amidah ; תפילות קבע: ערבית שבת קריאת שמע וברכותיה; עמידה
2,990051484350205171,CUL,פיוט;תוספות של סידור;תפילה וברכות;תפילות קבע. ; Liturgical additions: Haggadah (and other matters) of Pesach ; תוספות של סידור: הגדה (ועניינים אחרים) של פסח
2,990051484620205171,CUL,פיוט;תפילה וברכות;תפילות קבע. ; Common Prayers: Shaharit Weekday Pesuqe d’zimrah; Qeriat Shema and its benedictions ; תפילות קבע: שחרית חול פסוקי דזמרה; קריאת שמע וברכותיה
2,990051484910205171,CUL,פיוט;תפילה וברכות;תפילות קבע. ; Common Prayers: Shaharit Qeriat Shema and its benedictions; Amidah ; תפילות קבע: שחרית קריאת שמע וברכותיה; עמידה
2,990051484970205171,CUL,פיוט;תפילה וברכות;תפילות קבע. ; Common Prayers: Musaf Rosh ha-Shanah Amidah ; תפילות קבע: מוסף ראש השנה עמידה
2,990051485380205171,CUL,"פיוט;תפילות קבע. ; Piyyut ; פיוט, תפילות קבע"
2,990051485800205171,CUL,פיוט. ; Piyyut
2,990051486290205171,CUL,"פיוט. ; Piyyut ; סעדיה בן יוסף גאון, תפילה מזדמנת: בקשות ותפילות אישיות הבקשה הראשונה"
2,990051487140205171,CUL,פיוט. ; Piyyut
2,990051487340205171,CUL,פיוט. ; Piyyut
2,990051487600205171,CUL,"פיוט;תפילות קבע. ; Piyyut ; פיוט, תפילות קבע"
2,990051487980205171,CUL,פיוט. ; Piyyut
2,990051488260205171,CUL,"פיוט;תפילות קבע. ; Piyyut ; פיוט, תפילות קבע"
2,990051488460205171,CUL,פיוט. ; Piyyut
2,990051489940205171,CUL,פיוט. ; Piyyut
2,990051490430205171,CUL,פיוט;פתקים/רישומים. ; Piyyut ; פיוט
2,990051490770205171,CUL,פיוט. ; Piyyut
2,990051491670205171,CUL,"פיוט. ; Piyyut ; שלמה אבן גבירול, כתר מלכות"
2,990051492730205171,CUL,פיוט. ; Piyyut
2,990051493560205171,CUL,"עזרי הוראה, נסיונות קולמוס, תרגילי כתיבה, שרבוטים;פיוט. ; Hebrew: piyyut; Hebrew/Arabic: writing practice in the margin and between the lines"
2,990051493750205171,CUL,פיוט. ; Piyyut
2,990051494610205171,CUL,פיוט. ; Piyyut
2,990051495070205171,CUL,פיוט. ; Piyyut
2,990051496250205171,CUL,פיוט;תוספות של סידור;תפילה וברכות. ; Hallel for Passover.
2,990051497250205171,CUL,פיוט;תפילה וברכות;תפילות קבע. ; Common Prayers: Musaf Yom ha-Kippurim Amidah ; תפילות קבע: מוסף יום הכיפורים עמידה
2,990051497960205171,CUL,פיוט. ; Piyyut
2,990051498380205171,CUL,פיוט. ; Piyyut
2,990051498440205171,CUL,פיוט. ; Piyyut
2,990051498780205171,CUL,"פיוט;תפילות קבע. ; Piyyut ; פיוט, תפילות קבע"
2,990051499210205171,CUL,"סדרי ברכות (ברכות הנהנין, השבח, המצוות);פיוט;תפילה וברכות;תפילות קבע. ; Common Prayers: Arvit Yom ha-Kippurim Amidah; Ne'ilah Yom ha-Kippurim Amidah ; תפילות קבע: ערבית יום הכיפורים עמידה; נעילה יום הכיפורים עמידה"
2,990051499230205171,CUL,פיוט;תוספות של סידור;תפילה וברכות;תפילות קבע. ; Passover Haggada.
2,990051501000205171,CUL,"סדרי ברכות (ברכות הנהנין, השבח, המצוות);פיוט;תפילה וברכות. ; Brakhot: Benedictions for the reading of the Torah and the Haftarah ; סדרי ברכות: ברכות התורה וההפטרות"
2,990051501620205171,CUL,פיוט. ; Piyyut
2,990051501640205171,CUL,פיוט. ; Piyyut
2,990051502120205171,CUL,פיוט. ; Piyyut
2,990051502410205171,CUL,פיוט. ; Piyyut
2,990051502540205171,CUL,פיוט. ; Piyyut
2,990051502630205171,CUL,פיוט. ; Piyyut
2,990051502910205171,CUL,פיוט. ; Piyyut
2,990051503440205171,CUL,"מרשמים מאגיים;עזרי הוראה, נסיונות קולמוס, תרגילי כתיבה, שרבוטים;פיוט;פתקים/רישומים. ; Piyyut ; פיוט"
2,990051503570205171,CUL,"פיוט;תפילות קבע. ; Piyyut ; פיוט, תפילות קבע"
2,990051503670205171,CUL,פיוט. ; Piyyut
2,990051503870205171,CUL,פיוט. ; Piyyut
2,990051504480205171,CUL,"פיוט. ; Piyyut ; סעדיה בן יוסף גאון, תפילה מזדמנת: בקשות ותפילות אישיות הבקשה הראשונה"
2,990051505220205171,CUL,פיוט;תפילה וברכות;תפילות קבע. ; Piyyut ; תפילות קבע: מוסף ראש השנה או יום כיפור עמידה
2,990051505720205171,CUL,פיוט;רשימות. ; Piyyut ; פיוט
2,990051505940205171,CUL,פיוט. ; Piyyut
2,990051507100205171,CUL,פיוט;תפילה וברכות;תפילות קבע. ; Piyyut ; תפילות קבע: יום הכיפורים סליחות; וידוי
2,990051507170205171,CUL,פיוט;תפילה וברכות;תפילות קבע. ; Common Prayers: Musaf Rosh ha-Shanah Amidah ; תפילות קבע: מוסף ראש השנה עמידה
2,990051508160205171,CUL,פיוט;תפילה וברכות;תפילות קבע. ; Common Prayers: Weekday Amidah ; תפילות קבע: חול עמידה
2,990051508510205171,CUL,"פיוט. ; Piyyut ; פיוט (ראש השנה, משה אבן עזרא)"
2,990051508740205171,CUL,פיוט. ; Piyyut
2,990051511130205171,CUL,"פיוט. ; Piyyut ; פיוט (בקשה ליום הכיפורים): ""אשמינו תבלע במצולות שועל"""
2,990051511720205171,CUL,פיוט. ; Piyyut
2,990051512140205171,CUL,"פיוט. ; Piyyut ; סעדיה בן יוסף גאון, תפילה מזדמנת: בקשות ותפילות אישיות הבקשה הראשונה"
2,990051513090205171,CUL,"פיוט;תפילות קבע. ; Piyyut ; פיוט, תפילות קבע"
2,990051513220205171,CUL,פיוט. ; Piyyut
2,990051513450205171,CUL,פיוט. ; Piyyut
2,990051513590205171,CUL,פיוט. ; Piyyut
2,990051514410205171,CUL,פיוט. ; Piyyut
2,990051515080205171,CUL,פיוט. ; Piyyut
2,990051515340205171,CUL,פיוט. ; Piyyut
2,990051515620205171,CUL,נושאים כספיים;פיוט. ; Piyyut ; פיוט
2,990051515750205171,CUL,פיוט;תפילה וברכות;תפילות קבע. ; Common Prayers: Yom ha-Kippurim ; תפילות קבע: יום הכיפורים
2,990051516140205171,CUL,פיוט. ; Piyyut
2,990051516740205171,CUL,פיוט. ; Piyyut
2,990051516860205171,CUL,פיוט. ; Piyyut
2,990051516970205171,CUL,"פיוט;תפילות קבע. ; Piyyut ; פיוט, תפילות קבע"
2,990051516980205171,CUL,"פיוט;תפילות קבע. ; Piyyut ; פיוט, תפילות קבע"
2,990051517190205171,CUL,מקרא [טקסט];פיוט. ; Bible: Leviticus 5:2 – 7 ; מקרא: ויקרא ה:ב – ז
2,990051517530205171,CUL,פיוט. ; Piyyut
2,990051517680205171,CUL,פיוט;תוספות של סידור;תפילה וברכות. ; Liturgical additions: Selichot ; תוספות של סידור: סליחות
2,990051517840205171,CUL,פיוט;תפילה וברכות;תפילות קבע. ; Common Prayers: Yom ha-Kippurim Amidah (Ritual: Babylon) ; תפילות קבע: יום הכיפורים עמידה (מנהג: בבל)
2,990051518090205171,CUL,פיוט. ; Piyyut
2,990051518130205171,CUL,הגדה של פסח;פיוט;תוספות של סידור;תפילה וברכות. ; Liturgical additions: Haggadah (and other matters) of Pesach ; תוספות של סידור: הגדה (ועניינים אחרים) של פסח
2,990051518170205171,CUL,פיוט;תוספות של סידור;תפילה וברכות;תפילות קבע. ; Passover Haggada.
2,990051518190205171,CUL,פיוט;תפילה וברכות;תפילה קראית;תפילות קבע. ; Piyyut ; Prayers with Judaeo-Arabic heading and instructions
2,990051518330205171,CUL,פיוט;פתקים/רישומים. ; Piyyut ; פיוט
2,990051518480205171,CUL,פיוט;תפילה וברכות;תפילות קבע. ; Piyyut ; פיוט (סליחות ליום הכיפורים); תפילות קבע: מנחה
2,990051518510205171,CUL,"סדרי ברכות (ברכות הנהנין, השבח, המצוות);עזרי הוראה, נסיונות קולמוס, תרגילי כתיבה, שרבוטים;פיוט;תפילה וברכות;תפילות קבע. ; Brakhot: Grace after meals ; סדרי ברכות: ברכת המזון"
2,990051518520205171,CUL,"סדרי ברכות (ברכות הנהנין, השבח, המצוות);פיוט;תפילה וברכות;תפילות קבע. ; Brakhot: Grace after meals ; סדרי ברכות: ברכת המזון"
2,990051518840205171,CUL,"סדרי ברכות (ברכות הנהנין, השבח, המצוות);פיוט;תפילה וברכות;תפילות קבע. ; Brakhot: Grace after meals[for Sabbat] ; סדרי ברכות: ברכת המזון[for Sabbat]"
2,990051519290205171,CUL,"פיוט;תפילות קבע. ; Piyyut ; פיוט, תפילות קבע"
2,990051519500205171,CUL,"עזרי הוראה, נסיונות קולמוס, תרגילי כתיבה, שרבוטים;פיוט. ; Piyyut ; פיוט"
2,990051520670205171,CUL,"פיוט;תפילות קבע. ; Common Prayers, Piyyut ; תפילות קבע, פיוט"
2,990051520680205171,CUL,"סדרי ברכות (ברכות הנהנין, השבח, המצוות);פיוט;תפילה וברכות;תפילות קבע. ; Brakhot: Grace after meals ; סדרי ברכות: ברכת המזון"
2,990051520830205171,CUL,פיוט;תוספות של סידור;תפילה וברכות;תפילות קבע. ; Passover Haggada.
2,990051520840205171,CUL,הגדה של פסח;פיוט;תוספות של סידור;תפילה וברכות;תפילות קבע. ; Liturgical additions: Haggadah (and other matters) of Pesach ; תוספות של סידור: הגדה (ועניינים אחרים) של פסח
2,990051520850205171,CUL,"סדרי ברכות (ברכות הנהנין, השבח, המצוות);פיוט;תפילה וברכות;תפילות קבע. ; Piyyut ; סדרי ברכות: ברכת המזון לחול; ברכת הלבנה; קידוש לפסח ולשבת; קריאת שמע על המטה"
2,990051520860205171,CUL,פיוט;תפילה וברכות;תפילות קבע. ; Common Prayers: Musaf Rosh ha-Shanah Amidah ; תפילות קבע: מוסף ראש השנה עמידה
2,990051520970205171,CUL,פיוט;תוספות של סידור;תפילה וברכות;תפילות קבע. ; Passover Haggada.
2,990051521020205171,CUL,מקרא [טקסט];פיוט;תפילה וברכות;תפילות קבע. ; Common Prayers: Yom ha-Kippurim ; תפילות קבע: יום הכיפורים
2,990051521150205171,CUL,פיוט;תוספות של סידור;תפילה וברכות;תפילות קבע. ; Passover Haggada.
2,990051521160205171,CUL,פיוט;תפילה וברכות;תפילות קבע. ; Common Prayers: Musaf Shabbat and Rosh Hodesh Amidah ; תפילות קבע: מוסף שבת וראש חודש עמידה
2,990051521180205171,CUL,פיוט;תוספות של סידור;תפילה וברכות;תפילות קבע. ; Liturgical additions: Selichot ; תוספות של סידור: סליחות
2,990051521220205171,CUL,פיוט;תוספות של סידור;תפילה וברכות;תפילות קבע. ; Passover Haggada.
2,990051521540205171,CUL,פיוט;תוספות של סידור;תפילה וברכות;תפילות קבע. ; Liturgical additions: Haggadah (and other matters) of Pesach ; תוספות של סידור: הגדה (ועניינים אחרים) של פסח
2,990051521570205171,CUL,פיוט;תוספות של סידור;תפילה וברכות;תפילות קבע. ; Passover Haggada and Qiddus.
2,990051521630205171,CUL,פיוט;תוספות של סידור;תפילה וברכות;תפילות קבע. ; Liturgical additions: Haggadah (and other matters) of Pesach ; תוספות של סידור: הגדה (ועניינים אחרים) של פסח
2,990051521890205171,CUL,פיוט;תוספות של סידור;תפילה וברכות;תפילות קבע. ; Passover Haggada.
2,990051522210205171,CUL,פיוט;תפילה וברכות;תפילות קבע. ; Common Prayers: Seder hayyom ; תפילות קבע: סדר היום
2,990051522310205171,CUL,פיוט; תפילה וברכות; תפילות קבע. ; Common Prayers: Rosh ha-Shanah; Yom ha-Kippurim ; תפילות קבע: ראש השנה; יום הכיפורים
2,990051522410205171,CUL,פיוט;תוספות של סידור;תפילה וברכות;תפילות קבע. ; Passover Haggada.
2,990051522450205171,CUL,"סדרי ברכות (ברכות הנהנין, השבח, המצוות);פיוט;תוספות של סידור;תפילה וברכות;תפילות קבע. ; Liturgical additions: Haggadah (and other matters) of Pesach ; תוספות של סידור: הגדה (ועניינים אחרים) של פסח"
2,990051522520205171,CUL,פיוט;תפילה וברכות;תפילות קבע. ; Common Prayers: Musaf Rosh ha-Shanah ; תפילות קבע: מוסף ראש השנה
2,990051523030205171,CUL,פיוט;תפילה וברכות;תפילות קבע. ; Common Prayers: Shaharit Pesuqe d’zimrah ; תפילות קבע: שחרית פסוקי דזמרה
2,990051523050205171,CUL,פיוט;תפילה וברכות;תפילות קבע. ; Common Prayers: Minhah Yom ha-Kippurim Amidah ; תפילות קבע: מנחה יום הכיפורים עמידה
2,990051523120205171,CUL,"סדרי ברכות (ברכות הנהנין, השבח, המצוות);פיוט;תפילה וברכות;תפילות קבע. ; Brakhot: Grace after meals ; סדרי ברכות: ברכת המזון"
2,990051523130205171,CUL,פיוט;תפילה וברכות;תפילות קבע. ; Common Prayers: Shaharit Shabbat Qeriat Shema and its benedictions ; תפילות קבע: שחרית שבת קריאת שמע וברכותיה
2,990051523310205171,CUL,פיוט;תפילה וברכות;תפילות קבע. ; Piyyut ; תפילות קבע: ערבית מוצאי שבת סוף התפילה
2,990051523320205171,CUL,"סדרי ברכות (ברכות הנהנין, השבח, המצוות);פיוט;תפילה וברכות;תפילות קבע. ; Brakhot: Qiddush[for Passover] ; סדרי ברכות: קידוש[for Passover]"
2,990051523370205171,CUL,פיוט;תפילה וברכות;תפילות קבע. ; Piyyut ; Service for Yom Kippur with Judaeo-Arabic instructions
2,990051523590205171,CUL,פיוט. ; Piyyut
2,990051523730205171,CUL,פיוט;תפילה וברכות;תפילות קבע. ; Common Prayers: Arvit ; תפילות קבע: ערבית
2,990051523760205171,CUL,פיוט;תפילה וברכות;תפילות קבע. ; Common Prayers: Shaharit Qeriat Shema and its benedictions ; תפילות קבע: שחרית קריאת שמע וברכותיה
2,990051523770205171,CUL,"סדרי ברכות (ברכות הנהנין, השבח, המצוות);פיוט;תוספות של סידור;תפילה וברכות;תפילות קבע. ; Liturgical additions: Haggadah (and other matters) of Pesach ; תוספות של סידור: הגדה (ועניינים אחרים) של פסח"
2,990051523850205171,CUL,פיוט;תפילה וברכות;תפילות קבע. ; Piyyut ; Service for Yom Kippur with Judaeo-Arabic instructions
2,990051523930205171,CUL,פיוט;תפילה וברכות;תפילות קבע. ; Common Prayers: Arvit Shabbat ; תפילות קבע: ערבית שבת
2,990051524270205171,CUL,הגדה של פסח;פיוט;תפילה וברכות. ; Passover Haggada and Birkat ha-Mazon.
2,990051524570205171,CUL,פיוט;תפילה וברכות;תפילה קראית. ; Karaite prayers.
2,990051525030205171,CUL,פיוט;תפילה וברכות;תפילות קבע. ; Common Prayers: Minhah Shabbat ; תפילות קבע: מנחה שבת
2,990051525050205171,CUL,פיוט;תפילה וברכות;תפילות קבע. ; Piyyut ; תפילות קבע: ובא לציון גואל
2,990051525060205171,CUL,"פיוט;תפילה וברכות;תפילות קבע. ; Ninth of Av: prayers with Judaeo-Arabic instructions, Tefillah time : Fasts"
2,990051525090205171,CUL,פיוט;תפילה וברכות;תפילות קבע. ; Common Prayers: Yom ha-Kippurim Amidah ; תפילות קבע: יום הכיפורים עמידה
2,990051525150205171,CUL,פיוט. ; Piyyut
2,990051525170205171,CUL,פיוט;תפילה וברכות;תפילות קבע. ; Common Prayers: Shaharit Pesuqe d’zimrah ; תפילות קבע: שחרית פסוקי דזמרה
2,990051525190205171,CUL,"סדרי ברכות (ברכות הנהנין, השבח, המצוות);פיוט;תפילה וברכות;תפילות קבע. ; Pesah and Shavu'ot: prayers with Judaeo-Arabic heading and instructions"
2,990051525200205171,CUL,פיוט;תוספות של סידור;תפילה וברכות. ; Passover Haggada and Qiddus.
2,990051525270205171,CUL,פיוט;פתקים/רישומים;תחום לא מזוהה;תפילה וברכות;תפילות קבע. ; Hebrew: liturgical text and piyyut; Arabic: notes
2,990051525320205171,CUL,פיוט;תפילה וברכות;תפילות קבע. ; Common Prayers: Shaharit Qeriat Shema and its benedictions ; תפילות קבע: שחרית קריאת שמע וברכותיה
2,990051525420205171,CUL,פיוט;תפילה וברכות;תפילות קבע. ; Common Prayers: Shaharit Yom ha-Kippurim Pesuqe d’zimrah; Amidah ; תפילות קבע: שחרית יום הכיפורים פסוקי דזמרה; עמידה
2,990051525460205171,CUL,"סדרי ברכות (ברכות הנהנין, השבח, המצוות);פיוט;תפילה וברכות;תפילות קבע. ; Common Prayers: Shaharit Weekday Tahanun; Seder hayyom ; תפילות קבע: שחרית חול תחנון; סדר היום"
2,990051525860205171,CUL,"סדרי ברכות (ברכות הנהנין, השבח, המצוות);פיוט;תוספות של סידור;תפילה וברכות. ; Liturgical additions: Haggadah (and other matters) of Pesach ; תוספות של סידור: הגדה (ועניינים אחרים) של פסח"
2,990051525940205171,CUL,"סדרי ברכות (ברכות הנהנין, השבח, המצוות);פיוט;תפילה וברכות;תפילות קבע. ; Piyyut ; תפילות קבע: ערבית שבת סוף התפילה"
2,990051526130205171,CUL,פיוט;תפילה וברכות;תפילות קבע. ; Piyyut ; תפילות קבע: מנחה יום הכיפורים סליחות; נעילה יום הכיפורים עמידה
2,990051526280205171,CUL,פיוט;תוספות של סידור;תפילה וברכות. ; Passover Haggada.
2,990051526520205171,CUL,פיוט;תפילה וברכות;תפילות קבע. ; Common Prayers: Early morning benedictions ; תפילות קבע: ברכות השחר
2,990051527000205171,CUL,פיוט;תפילה וברכות;תפילות קבע. ; Pesah: prayers with Judaeo-Arabic instructions
2,990051527050205171,CUL,פיוט. ; Piyyut
2,990051527540205171,CUL,פיוט;תוספות של סידור;תפילה וברכות. ; Passover Haggada.
2,990051527550205171,CUL,פיוט;תוספות של סידור;תפילה וברכות. ; Passover Haggada.
2,990051527580205171,CUL,פיוט;תוספות של סידור;תפילה וברכות;תפילות קבע. ; Birkat ha-Mazon and Hallel for Passover.
2,990051527620205171,CUL,פיוט;תפילה וברכות;תפילות קבע. ; Common Prayers: Shaharit Early morning benedictions; Pesuqe d’zimrah ; תפילות קבע: שחרית ברכות השחר; פסוקי דזמרה
2,990051527700205171,CUL,פיוט;תפילה וברכות;תפילות קבע. ; Common Prayers: Arvit Shabbat Amidah; Shaharit Shabbat Amidah ; תפילות קבע: ערבית שבת עמידה; שחרית שבת עמידה
2,990051527710205171,CUL,פיוט;תפילה וברכות;תפילות קבע. ; Common Prayers: Arvit Qeriat Shema and its benedictions; Shaharit Shabbat Amidah ; תפילות קבע: ערבית קריאת שמע וברכותיה; שחרית שבת עמידה
2,990051527760205171,CUL,פיוט;תפילה וברכות;תפילות קבע. ; Common Prayers: Shaharit Shavu'ot Amidah; Musaf Shavu'ot Amidah ; תפילות קבע: שחרית שבועות עמידה; מוסף שבועות עמידה
2,990051527820205171,CUL,"סדרי ברכות (ברכות הנהנין, השבח, המצוות);פיוט;תפילה וברכות;תפילות קבע. ; Brakhot: Qiddush[for Passover] ; סדרי ברכות: קידוש[for Passover]"
2,990051527860205171,CUL,פיוט;תפילה וברכות;תפילות קבע. ; Common Prayers: Early morning benedictions ; תפילות קבע: ברכות השחר
2,990051528040205171,CUL,פיוט. ; Piyyut
2,990051528070205171,CUL,מרשמים מאגיים;פיוט;תפילה וברכות;תפילה מזדמנת;תפילות קבע. ; Piyyut ; תפילה מזדמנת: בקשות ותפילות אישיות תפילה על פי הקבלה
2,990051528100205171,CUL,פיוט;תפילה וברכות;תפילות קבע. ; Common Prayers: Yom ha-Kippurim; Sukkot ; תפילות קבע: יום הכיפורים; סוכות
2,990051528140205171,CUL,פיוט;תפילה וברכות;תפילות קבע. ; Liturgical text with Judaeo-Arabic instructions
2,990051528180205171,CUL,פיוט;תפילה וברכות;תפילות קבע. ; Common Prayers: Arvit Qeriat Shema and its benedictions ; תפילות קבע: ערבית קריאת שמע וברכותיה
2,990051528190205171,CUL,"סדרי ברכות (ברכות הנהנין, השבח, המצוות);פיוט;תפילה וברכות;תפילות קבע. ; Brakhot: Grace after meals ; סדרי ברכות: ברכת המזון"
2,990051528200205171,CUL,"עזרי הוראה, נסיונות קולמוס, תרגילי כתיבה, שרבוטים;פיוט;תוספות של סידור;תפילה וברכות. ; Liturgical additions: Haggadah (and other matters) of Pesach ; תוספות של סידור: הגדה (ועניינים אחרים) של פסח"
2,990051528210205171,CUL,"סדרי ברכות (ברכות הנהנין, השבח, המצוות);פיוט;תפילה וברכות;תפילות קבע. ; Common Prayers: Shabbat ; תפילות קבע: שבת"
2,990051528250205171,CUL,פיוט;תוספות של סידור;תפילה וברכות. ; Passover Haggada and Hallel.
2,990051528420205171,CUL,"סדרי ברכות (ברכות הנהנין, השבח, המצוות);פיוט;תפילה וברכות. ; Brakhot: Grace after meals[for Sabbat] ; סדרי ברכות: ברכת המזון[for Sabbat]"
2,990051528550205171,CUL,פיוט;תפילה וברכות;תפילות קבע. ; Common Prayers: Shaharit Pesuqe d’zimrah ; תפילות קבע: שחרית פסוקי דזמרה
2,990051528670205171,CUL,"סדרי ברכות (ברכות הנהנין, השבח, המצוות);פיוט;תפילה וברכות. ; Piyyut ; סדרי ברכות: ברכת המזון לשבת ראש חודש"
2,990051528760205171,CUL,"סדרי ברכות (ברכות הנהנין, השבח, המצוות);פיוט;תפילה וברכות. ; Brakhot: Grace after meals ; סדרי ברכות: ברכת המזון"
2,990051528860205171,CUL,פיוט;תוספות של סידור;תפילה וברכות;תפילות קבע. ; Liturgical additions: Haggadah (and other matters) of Pesach ; תוספות של סידור: הגדה (ועניינים אחרים) של פסח
2,990051528900205171,CUL,פיוט;תוספות של סידור;תפילה וברכות;תפילות קבע. ; Liturgical additions: Haggadah (and other matters) of Pesach ; תוספות של סידור: הגדה (ועניינים אחרים) של פסח
2,990051529250205171,CUL,פיוט;תפילה וברכות;תפילות קבע. ; Common Prayers: Alenu l’shabeah ; תפילות קבע: עלינו לשבח
2,990051529490205171,CUL,"סדרי ברכות (ברכות הנהנין, השבח, המצוות);פיוט;תפילה וברכות. ; Brakhot: Grace after meals ; סדרי ברכות: ברכת המזון"
2,990051529590205171,CUL,פיוט;תפילה וברכות;תפילות קבע. ; Common Prayers: Shabbat ; תפילות קבע: שבת
2,990051529600205171,CUL,פיוט;תפילה וברכות;תפילות קבע. ; Common Prayers: Arvit Shabbat Qeriat Shema and its benedictions ; תפילות קבע: ערבית שבת קריאת שמע וברכותיה
2,990051529770205171,CUL,פיוט;תפילה וברכות;תפילות קבע. ; Piyyut ; תפילות קבע: מוסף שבת וסוכות עמידה
2,990051529900205171,CUL,פיוט;תפילה וברכות;תפילות קבע. ; Piyyut ; תפילות קבע: ערבית פסח ומוצאי שבת עמידה
2,990051529950205171,CUL,"סדרי ברכות (ברכות הנהנין, השבח, המצוות);פיוט;תפילה וברכות. ; Brakhot: Grace after meals ; סדרי ברכות: ברכת המזון"
2,990051530070205171,CUL,פיוט;תפילה וברכות;תפילות קבע. ; Common Prayers: Pesah Hallel ; תפילות קבע: פסח הלל
2,990051530140205171,CUL,"סדרי ברכות (ברכות הנהנין, השבח, המצוות);פיוט;תפילה וברכות. ; Brakhot: Grace after meals ; סדרי ברכות: ברכת המזון"
2,990051530190205171,CUL,פיוט;תוספות של סידור;תפילה וברכות. ; Liturgical additions ; תוספות של סידור: אוסף פסוקים
2,990051530310205171,CUL,פיוט;תפילה וברכות;תפילות קבע. ; Common Prayers: Amidah ; תפילות קבע: עמידה
2,990051530430205171,CUL,פיוט;תוספות של סידור;תפילה וברכות. ; Liturgical additions: Mourning ; תוספות של סידור: אבילות
2,990051531000205171,CUL,פיוט;תפילה וברכות;תפילות קבע. ; Common Prayers: Yom ha-Kippurim Amidah ; תפילות קבע: יום הכיפורים עמידה
2,990051531010205171,CUL,"סדרי ברכות (ברכות הנהנין, השבח, המצוות);פיוט;תפילה וברכות. ; Brakhot: Grace after meals ; סדרי ברכות: ברכת המזון"
2,990051531060205171,CUL,פיוט;תפילה וברכות;תפילות קבע. ; Common Prayers: Yom ha-Kippurim ; תפילות קבע: יום הכיפורים
2,990051531170205171,CUL,פיוט;תפילה וברכות;תפילות קבע. ; Common Prayers: Shaharit Pesuqe d’zimrah ; תפילות קבע: שחרית פסוקי דזמרה
2,990051531180205171,CUL,פיוט;תוספות של סידור;תפילה וברכות. ; Passover Haggada.
2,990051531440205171,CUL,פיוט;תוספות של סידור;תפילה וברכות. ; Passover Haggada.
2,990051531580205171,CUL,"סדרי ברכות (ברכות הנהנין, השבח, המצוות);פיוט;תפילה וברכות. ; Brakhot: Grace after meals ; סדרי ברכות: ברכת המזון"
2,990051531660205171,CUL,"מכתבים;סדרי ברכות (ברכות הנהנין, השבח, המצוות);פיוט;תפילה וברכות. ; Letters: Business ; מכתבים: עסקים"
2,990051531690205171,CUL,"סדרי ברכות (ברכות הנהנין, השבח, המצוות);פיוט;תפילה וברכות. ; Brakhot: Grace after meals ; פיוט (ברכת המזון מפויטת לפסח)"
2,990051531780205171,CUL,פיוט. ; Piyyut
2,990051531790205171,CUL,הגדה של פסח;פיוט;תוספות של סידור;תפילה וברכות. ; Liturgical additions: Haggadah (and other matters) of Pesach ; תוספות של סידור: הגדה (ועניינים אחרים) של פסח
2,990051531820205171,CUL,פיוט;תפילה וברכות;תפילות קבע. ; Common Prayers: Torah Reading ; תפילות קבע: קריאת התורה
2,990051531880205171,CUL,"סדרי ברכות (ברכות הנהנין, השבח, המצוות);פיוט;תוספות של סידור;תפילה וברכות;תפילות קבע. ; Piyyut ; Qiddush with Judaeo-Arabic instructions and subscript kumila al-qiddush wa-huwa bi-rasm Ya'qub"
2,990051531940205171,CUL,פיוט;תפילה וברכות. ; Birkat ha-Mazon for Passover.
2,990051532060205171,CUL,"סדרי ברכות (ברכות הנהנין, השבח, המצוות);פיוט;תפילה וברכות;תפילות קבע. ; Brakhot: Grace after meals[for Sabbat] ; סדרי ברכות: ברכת המזון[for Sabbat]"
2,990051532230205171,CUL,הגדה של פסח;פיוט;תפילה וברכות;תפילות קבע. ; Common Prayers: Shaharit Pesuqe d’zimrah; Qeriat Shema and its benedictions; Musaf Shabbat Amidah ; תפילות קבע: שחרית פסוקי דזמרה; קריאת שמע וברכותיה; מוסף שבת עמידה
2,990051532390205171,CUL,פיוט;תוספות של סידור;תפילה וברכות. ; Passover Haggada.
2,990051532670205171,CUL,הגדה של פסח;פיוט;תוספות של סידור;תפילה וברכות. ; Liturgical additions: Haggadah (and other matters) of Pesach ; תוספות של סידור: הגדה (ועניינים אחרים) של פסח
2,990051532720205171,CUL,"עזרי הוראה, נסיונות קולמוס, תרגילי כתיבה, שרבוטים;פיוט;תפילה וברכות;תפילות קבע. ; Common Prayers: Shaharit Weekday ; תפילות קבע: שחרית חול"
2,990051532740205171,CUL,פיוט;תפילה וברכות;תפילות קבע. ; Common Prayers: Shaharit Qeriat Shema and its benedictions ; תפילות קבע: שחרית קריאת שמע וברכותיה
2,990051532750205171,CUL,"סדרי ברכות (ברכות הנהנין, השבח, המצוות);פיוט;תפילה וברכות;תפילות קבע. ; Brakhot: Grace after meals[for Sabbat] ; סדרי ברכות: ברכת המזון[for Sabbat]"
2,990051532760205171,CUL,"מקרא [טקסט];סדרי ברכות (ברכות הנהנין, השבח, המצוות);פיוט;תוספות של סידור;תפילה וברכות. ; Brakhot: Grace after meals ; סדרי ברכות: ברכת המזון"
2,990051532790205171,CUL,פיוט;תפילה וברכות;תפילות קבע. ; Common Prayers: Yom ha-Kippurim Amidah (Ritual: Babylon) Piyyut (Selihot for Yom Ha-Kippurim) ; תפילות קבע: יום הכיפורים עמידה (מנהג: בבל) פיוט (סליחות ליום הכיפורים)
2,990051532830205171,CUL,פיוט;תפילה וברכות;תפילה קראית. ; Karaite Prayers:; Psalms ; תפילה קראית: אוסף פסוקים; מזמורי תהלים
2,990051532910205171,CUL,פיוט;תפילה וברכות;תפילות קבע. ; Common Prayers: Shaharit Weekday Qeriat Shema and its benedictions; Amidah ; תפילות קבע: שחרית חול קריאת שמע וברכותיה; עמידה
2,990051532960205171,CUL,"סדרי ברכות (ברכות הנהנין, השבח, המצוות);פיוט;תוספות של סידור;תפילה וברכות. ; Liturgical additions: Haggadah (and other matters) of Pesach ; תוספות של סידור: הגדה (ועניינים אחרים) של פסח"
2,990051533310205171,CUL,פיוט;תוספות של סידור;תפילה וברכות. ; Liturgical additions: Haggadah (and other matters) of Pesach ; תוספות של סידור: הגדה (ועניינים אחרים) של פסח
2,990051533430205171,CUL,פיוט;תפילה וברכות;תפילות קבע. ; Common Prayers: Yom ha-Kippurim Amidah ; תפילות קבע: יום הכיפורים עמידה
2,990051533450205171,CUL,פיוט;תפילה וברכות;תפילה קראית;תפילות קבע. ; Common Prayers: Rosh Hodesh[מנהגי ראש חודש ניסן] ; תפילות קבע: ראש חודש[מנהגי ראש חודש ניסן]
2,990051533460205171,CUL,פיוט;תוספות של סידור;תפילה וברכות. ; Birkat ha-Mazon and Hallel for Passover.
2,990051533570205171,CUL,"סדרי ברכות (ברכות הנהנין, השבח, המצוות);פיוט;תפילה וברכות. ; Brakhot: Grace after meals ; סדרי ברכות: ברכת המזון"
2,990051533660205171,CUL,פיוט;תפילה וברכות;תפילות קבע. ; Common Prayers: Amidah ; תפילות קבע: ימים נוראים עמידה
2,990051533780205171,CUL,"סדרי ברכות (ברכות הנהנין, השבח, המצוות);פיוט;תפילה וברכות. ; Brakhot: Qiddush[for Passover] ; סדרי ברכות: קידוש[for Passover]"
2,990051533810205171,CUL,פיוט;תפילה וברכות;תפילות קבע. ; Common Prayers: Shaharit Pesuqe d’zimrah ; תפילות קבע: שחרית פסוקי דזמרה
2,990051533850205171,CUL,פיוט;תוספות של סידור;תפילה וברכות. ; Liturgical additions ; תוספות של סידור: אוסף פסוקים
2,990051533900205171,CUL,פיוט;תפילה וברכות;תפילות קבע. ; Common Prayers: Rosh ha-Shanah Amidah ; תפילות קבע: ראש השנה עמידה
2,990051533910205171,CUL,פיוט;תפילה וברכות;תפילות קבע. ; Common Prayers: Amidah ; תפילות קבע: ימים נוראים עמידה
2,990051533970205171,CUL,פיוט;תפילה וברכות;תפילות קבע. ; Common Prayers: Shaharit Qeriat Shema and its benedictions; Amidah ; תפילות קבע: שחרית קריאת שמע וברכותיה; עמידה
2,990051534090205171,CUL,פיוט;תפילה וברכות;תפילות קבע. ; Common Prayers: Musaf Rosh ha-Shanah Amidah ; תפילות קבע: מוסף ראש השנה עמידה
2,990051534150205171,CUL,"סדרי ברכות (ברכות הנהנין, השבח, המצוות);פיוט;תפילה וברכות;תפילות קבע. ; Brakhot: Grace after meals (Ritual: Eretz Israel) ; סדרי ברכות: ברכת המזון (מנהג: א""י)"
2,990051534230205171,CUL,פיוט;תפילה וברכות;תפילות קבע. ; Common Prayers: Musaf Yom ha-Kippurim Amidah ; תפילות קבע: מוסף יום הכיפורים עמידה
2,990051534330205171,CUL,פיוט;תפילה וברכות;תפילות קבע. ; Common Prayers: Shaharit Weekday Tahanun; Seder hayyom ; תפילות קבע: שחרית חול תחנון; סדר היום
2,990051534400205171,CUL,פיוט;תוספות של סידור;תפילה וברכות. ; Liturgical additions: Haggadah (and other matters) of Pesach ; תוספות של סידור: הגדה (ועניינים אחרים) של פסח
2,990051534430205171,CUL,פיוט;תפילה וברכות;תפילות קבע. ; Common Prayers: Shaharit Early morning benedictions; Pesuqe d’zimrah ; תפילות קבע: שחרית ברכות השחר; פסוקי דזמרה
2,990051534460205171,CUL,"סדרי ברכות (ברכות הנהנין, השבח, המצוות);פיוט;תפילה וברכות;תפילות קבע. ; Brakhot: Grace after meals ; סדרי ברכות: ברכת המזון"
2,990051534520205171,CUL,"סדרי ברכות (ברכות הנהנין, השבח, המצוות);פיוט;תוספות של סידור;תפילה וברכות;תפילות קבע. ; Liturgical additions: Haggadah (and other matters) of Pesach ; תוספות של סידור: הגדה (ועניינים אחרים) של פסח"
2,990051534550205171,CUL,"הגדה של פסח;סדרי ברכות (ברכות הנהנין, השבח, המצוות);פיוט;תוספות של סידור;תפילה וברכות. ; Liturgical additions: Haggadah (and other matters) of Pesach ; תוספות של סידור: הגדה (ועניינים אחרים) של פסח"
2,990051534580205171,CUL,פיוט;תפילה וברכות;תפילות קבע. ; Common Prayers: Shabbat ; תפילות קבע: שבת
2,990051534660205171,CUL,פיוט;תפילה וברכות;תפילות קבע. ; Common Prayers: Minhah ; תפילות קבע: מנחה ערב יום כיפור
2,990051534690205171,CUL,פיוט;תפילה וברכות;תפילות קבע. ; Common Prayers: Amidah ; תפילות קבע: ימים נוראים עמידה
2,990051534710205171,CUL,פיוט;תפילה וברכות;תפילות קבע. ; Common Prayers: Musaf Rosh ha-Shanah Amidah ; תפילות קבע: מוסף ראש השנה עמידה
2,990051534730205171,CUL,פיוט;תפילה וברכות;תפילות קבע. ; Common Prayers: Qaddish ; תפילות קבע: קדיש
2,990051534770205171,CUL,פיוט;תוספות של סידור;תפילה וברכות. ; Liturgical additions: Haggadah (and other matters) of Pesach? ; תוספות של סידור: הגדה (ועניינים אחרים) של פסח?
2,990051534810205171,CUL,פיוט;תוספות של סידור;תפילה וברכות. ; Passover Haggada.
2,990051534970205171,CUL,פיוט;תפילה וברכות;תפילות קבע. ; Common Prayers: Yom ha-Kippurim ; תפילות קבע: יום הכיפורים
2,990051535010205171,CUL,פיוט;תפילה וברכות;תפילות קבע. ; Common Prayers: Weekday Amidah ; תפילות קבע: חול עמידה
2,990051535210205171,CUL,"מרשמים מאגיים;סדרי ברכות (ברכות הנהנין, השבח, המצוות);פיוט;תפילה וברכות;תפילות קבע. ; Common Prayers: Shaharit Weekday ; תפילות קבע: שחרית חול"
2,990051535280205171,CUL,פיוט;תפילה וברכות;תפילות קבע. ; Piyyut ; תפילות קבע: מוסף סוכות עמידה; סוכות ושבת עמידה
2,990051535300205171,CUL,פיוט;תפילה וברכות;תפילות קבע. ; Common Prayers: Musaf Rosh ha-Shanah Amidah ; תפילות קבע: מוסף ראש השנה עמידה
2,990051535570205171,CUL,הגדה של פסח;פיוט;תוספות של סידור;תפילה וברכות. ; Liturgical additions: Haggadah (and other matters) of Pesach? ; תוספות של סידור: הגדה (ועניינים אחרים) של פסח?
2,990051535580205171,CUL,פיוט;תוספות של סידור;תפילה וברכות. ; Passover Haggada.
2,990051535720205171,CUL,פיוט;תפילה וברכות;תפילות קבע. ; Common Prayers: Yom ha-Kippurim ; תפילות קבע: יום הכיפורים
2,990051535810205171,CUL,פיוט;תפילה וברכות;תפילות קבע. ; Common Prayers: Musaf Rosh ha-Shanah ; תפילות קבע: מוסף ראש השנה
2,990051536060205171,CUL,"הגדה של פסח;סדרי ברכות (ברכות הנהנין, השבח, המצוות);פיוט;תוספות של סידור;תפילה וברכות;תפילות קבע. ; Common Prayers: Hanukkah ; תפילות קבע: חנוכה"
2,990051536230205171,CUL,"סדרי ברכות (ברכות הנהנין, השבח, המצוות);פיוט;תפילה וברכות. ; Brakhot: Grace after meals ; סדרי ברכות: ברכת המזון"
2,990051536250205171,CUL,פיוט;תפילה וברכות;תפילות קבע. ; Common Prayers: Shaharit Weekday ; תפילות קבע: שחרית חול
2,990051536380205171,CUL,פיוט;תפילה וברכות;תפילות קבע. ; Common Prayers: Shaharit Shabbat Pesuqe d’zimrah ; תפילות קבע: שחרית שבת פסוקי דזמרה
2,990051536470205171,CUL,פיוט;תוספות של סידור;תפילה וברכות. ; Liturgical additions: Haggadah (and other matters) of Pesach? ; תוספות של סידור: הגדה (ועניינים אחרים) של פסח?
2,990051536620205171,CUL,הגדה של פסח;פיוט;תוספות של סידור;תפילה וברכות. ; Liturgical additions: Haggadah (and other matters) of Pesach? ; תוספות של סידור: הגדה (ועניינים אחרים) של פסח?
2,990051536690205171,CUL,פיוט;תפילה וברכות;תפילה קראית. ; Karaite prayers.
2,990051536830205171,CUL,פיוט;תפילה וברכות;תפילות קבע. ; Common Prayers: Sukkot; Yom ha-Kippurim ; תפילות קבע: סוכות; יום הכיפורים
2,990051536950205171,CUL,פיוט;תוספות של סידור;תפילה וברכות. ; Passover Haggada.
2,990051536970205171,CUL,פיוט. ; Piyyut
2,990051537070205171,CUL,פיוט;תפילה וברכות;תפילות קבע. ; Common Prayers: Qeriat Shema and its benedictions ; תפילות קבע: קריאת שמע וברכותיה
2,990051537140205171,CUL,"סדרי ברכות (ברכות הנהנין, השבח, המצוות);עזרי הוראה, נסיונות קולמוס, תרגילי כתיבה, שרבוטים;פיוט;תוספות של סידור;תפילה וברכות. ; Liturgical additions: Ma’amadot? ; תוספות של סידור: מעמדות?"
2,990051537210205171,CUL,"עזרי הוראה, נסיונות קולמוס, תרגילי כתיבה, שרבוטים;פיוט;תפילה וברכות;תפילות קבע. ; Common Prayers: Weekday Amidah ; תפילות קבע: חול עמידה"
2,990051537220205171,CUL,פיוט;תפילה וברכות;תפילות קבע. ; Common Prayers: Musaf Yom ha-Kippurim Amidah ; תפילות קבע: מוסף יום הכיפורים עמידה
2,990051537250205171,CUL,"עזרי הוראה, נסיונות קולמוס, תרגילי כתיבה, שרבוטים;פיוט;תפילה וברכות;תפילה קראית. ; Liturgical text with excerpts from Psalms (Psalms 147:16; 9:12; 30:5; 98:5) with Judaeo-Arabic instructions"
2,990051537260205171,CUL,פיוט;תפילה וברכות;תפילות קבע. ; Common Prayers: Yom ha-Kippurim ; תפילות קבע: יום הכיפורים
2,990051537290205171,CUL,פיוט;תפילה וברכות;תפילה קראית. ; Karaite prayers.
2,990051537450205171,CUL,"מקרא ותרגומים;סדרי ברכות (ברכות הנהנין, השבח, המצוות);פיוט;תפילה וברכות;תפילות קבע. ; Brakhot: Grace after meals ; סדרי ברכות: ברכת המזון"
2,990051537510205171,CUL,"מקרא ותרגומים;סדרי ברכות (ברכות הנהנין, השבח, המצוות);פיוט;תפילה וברכות. ; Brakhot: Grace after meals ; סדרי ברכות: ברכת המזון"
2,990051537520205171,CUL,מקרא ותרגומים;פיוט;תוספות של סידור;תפילה וברכות. ; Passover Haggada.
2,990051537530205171,CUL,מקרא ותרגומים;פיוט;תפילה וברכות;תפילות קבע. ; Common Prayers: Pesah Amidah; Common Prayers: Pesah Amidah ; תפילות קבע: פסח עמידה; תפילות קבע: פסח עמידה
2,990051537610205171,CUL,מקרא ותרגומים;פיוט;תוספות של סידור;תפילה וברכות. ; Liturgical additions: Haggadah (and other matters) of Pesach ; תוספות של סידור: הגדה (ועניינים אחרים) של פסח
2,990051537740205171,CUL,מקרא ותרגומים;פיוט;תפילה וברכות;תפילות קבע. ; Common Prayers: Shaharit Qeriat Shema and its benedictions ; תפילות קבע: שחרית קריאת שמע וברכותיה
2,990051537830205171,CUL,מקרא ותרגומים;פיוט;תפילה וברכות;תפילות קבע. ; Common Prayers: Arvit Qeriat Shema and its benedictions ; תפילות קבע: ערבית קריאת שמע וברכותיה
2,990051537930205171,CUL,מקרא ותרגומים;פיוט;תוספות של סידור;תפילה וברכות;תפילות קבע. ; Common Prayers: Shabbat Amidah ; תפילות קבע: שבת עמידה
2,990051538500205171,CUL,"מקרא ותרגומים;סדרי ברכות (ברכות הנהנין, השבח, המצוות);פיוט;תפילה וברכות. ; Brakhot: Grace after meals ; סדרי ברכות: ברכת המזון"
2,990051538570205171,CUL,מקרא ותרגומים;פיוט;תפילה וברכות;תפילות קבע. ; Common Prayers: Arvit Qeriat Shema and its benedictions ; תפילות קבע: ערבית קריאת שמע וברכותיה
2,990051538840205171,CUL,מקרא ותרגומים;פיוט;תוספות של סידור;תפילה וברכות. ; Passover Haggada.
2,990051538890205171,CUL,מקרא ותרגומים;פיוט;תפילה וברכות;תפילות קבע. ; Common Prayers: Pesah Amidah; Common Prayers: Pesah Amidah ; תפילות קבע: פסח עמידה; תפילות קבע: פסח עמידה
2,990051538920205171,CUL,מקרא ותרגומים;פיוט;תוספות של סידור;תפילה וברכות. ; Passover Haggada.
2,990051538980205171,CUL,מקרא ותרגומים;פיוט;תוספות של סידור;תפילה וברכות. ; Passover Haggada.
2,990051539000205171,CUL,מקרא ותרגומים;פיוט;תפילה וברכות;תפילות קבע. ; Common Prayers: Musaf Rosh ha-Shanah Amidah ; תפילות קבע: מוסף ראש השנה עמידה
2,990051539130205171,CUL,מקרא ותרגומים;פיוט;תוספות של סידור;תפילה וברכות. ; Passover Haggada.
2,990051539250205171,CUL,מקרא ותרגומים;פיוט;תפילה וברכות;תפילות קבע. ; Common Prayers: Musaf Rosh ha-Shanah ; תפילות קבע: מוסף ראש השנה
2,990051539410205171,CUL,מקרא ותרגומים;פיוט;תוספות של סידור;תפילה וברכות. ; Passover Haggada.
2,990051539580205171,CUL,"מקרא ותרגומים;סדרי ברכות (ברכות הנהנין, השבח, המצוות);פיוט;תפילה וברכות;תפילות קבע. ; Common Prayers: Shabbat Amidah; Arvit Bamme Madlikin ; תפילות קבע: שבת עמידה; ערבית במה מדליקין"
2,990051539790205171,CUL,הגדה של פסח;מקרא ותרגומים;פיוט;תוספות של סידור;תפילה וברכות;תפילות קבע. ; Common Prayers: Shaharit Shabbat; Musaf Shabbat ; תפילות קבע: שחרית שבת; מוסף שבת
2,990051539830205171,CUL,מקרא ותרגומים;פיוט;תוספות של סידור;תפילה וברכות. ; Liturgical additions: Haggadah (and other matters) of Pesach ; תוספות של סידור: הגדה (ועניינים אחרים) של פסח
2,990051539840205171,CUL,מקרא ותרגומים;פיוט;תוספות של סידור;תפילה וברכות. ; Passover Haggada.
2,990051539860205171,CUL,"מקרא ותרגומים;סדרי ברכות (ברכות הנהנין, השבח, המצוות);פיוט;תפילה וברכות;תפילות קבע. ; Common Prayers: Holidays Amidah ; תפילות קבע: מועדים עמידה"
2,990051539870205171,CUL,מקרא ותרגומים;פיוט;תוספות של סידור;תפילה וברכות. ; Liturgical additions: Haggadah (and other matters) of Pesach ; תוספות של סידור: הגדה (ועניינים אחרים) של פסח
2,990051539880205171,CUL,מקרא ותרגומים;פיוט;תוספות של סידור;תפילה וברכות. ; Passover Haggada.
2,990051539970205171,CUL,"הגדה של פסח;מקרא ותרגומים;פיוט;פילוסופיה;תוספות של סידור;תחום לא מזוהה;תפילה וברכות. ; Philosophical text referring to the four components of knowledge and the four states (hot, cold, dry, wet)"
2,990051540000205171,CUL,"מקרא ותרגומים;סדרי ברכות (ברכות הנהנין, השבח, המצוות);פיוט;תפילה וברכות;תפילות קבע. ; Brakhot: Grace after meals ; סדרי ברכות: ברכת המזון"
2,990051542120205171,CUL,מקרא;מקרא [טקסט]. ; Bible: Texts ; מקרא
2,990051542410205171,CUL,מקרא;מקרא [טקסט]. ; Bible: Leviticus 13:33 – 38; 13:56 – 14:1 ; מקרא: ויקרא יג:לג – לח; יג:נו – יד:א
2,990051542970205171,CUL,מקרא;מקרא [טקסט]. ; Bible: Texts ; מקרא
2,990051545070205171,CUL,Brakhot: Grace after meals ; סדרי ברכות: ברכת המזון
2,990051548170205171,CUL,
2,990051548630205171,CUL,
2,990051549060205171,CUL,
2,990051549080205171,CUL,
2,990051549120205171,CUL,
2,990051549440205171,CUL,
2,990051549500205171,CUL,
2,990051549530205171,CUL,
2,990051549550205171,CUL,
2,990051549590205171,CUL,
2,990051549820205171,CUL,
2,990051550210205171,CUL,
2,990051550470205171,CUL,
2,990051550990205171,CUL,
2,990051551160205171,CUL,
2,990051551470205171,CUL,
2,990051551600205171,CUL,
2,990051551840205171,CUL,
2,990051551940205171,CUL,
2,990051553700205171,CUL,
2,990051554240205171,CUL,
2,990051554250205171,CUL,
2,990051554720205171,CUL,"סדרי ברכות (ברכות הנהנין, השבח, המצוות). ; Brakhot: Grace after meals ; סדרי ברכות: ברכת המזון"
2,990051558630205171,CUL,"ספרות הלכתית ופרשנות תלמודית;ספרות חז""ל;תפילות קבע. ; Common Prayers: Hanukkah[על הניסים]; Purim[על הניסים]; Rosh Hodesh[יעלה ויבוא]; Pesah[יעלה ויבוא]; Shavu'ot[יעלה ויבוא]; Sukkot[יעלה ויבוא]; Rosh ha-Shanah[יעלה ויבוא]; Yom ha-Kippurim[יעלה ויבוא]; Hol ha-Moed[יעלה ויבוא] ; תפילות קבע: חנוכה[על הניסים]; פורים[על הניסים]; ראש חודש[יעלה ויבוא]; פסח[יעלה ויבוא]; שבועות[יעלה ויבוא]; סוכות[יעלה ויבוא]; ראש השנה[יעלה ויבוא]; יום הכיפורים[יעלה ויבוא]; חול המועד[יעלה ויבוא]"
2,990051566250205171,CUL,
2,990051566340205171,CUL,
2,990051567210205171,CUL,
2,990051567390205171,CUL,
2,990051567400205171,CUL,
2,990051567770205171,CUL,
2,990051567960205171,CUL,
2,990051568080205171,CUL,
2,990051569200205171,CUL,פיוט;שירת חול. ; Piyyut ; פיוט
2,990051569360205171,CUL,"עזרי הוראה, נסיונות קולמוס, תרגילי כתיבה, שרבוטים;פיוט;שירת חול. ; Hebrew: poem/piyyut; Arabic: writing practice, including basmala"
2,990051570480205171,CUL,"עזרי הוראה, נסיונות קולמוס, תרגילי כתיבה, שרבוטים;פיוט;שירת חול. ; Poem with Judaeo-Arabic heading and Arabic writing practice"
2,990051570730205171,CUL,תפילה וברכות;תפילות קבע. ; Common Prayers: Musaf Rosh ha-Shanah ; תפילות קבע: מוסף ראש השנה
2,990051570840205171,CUL,"סדרי ברכות (ברכות הנהנין, השבח, המצוות);תפילה וברכות. ; Brakhot: Grace after meals ; סדרי ברכות: ברכת המזון"
2,990051570890205171,CUL,תפילה וברכות;תפילות קבע. ; Common Prayers: Shaharit Weekday Qeriat Shema and its benedictions; Amidah ; תפילות קבע: שחרית חול קריאת שמע וברכותיה; עמידה
2,990051570910205171,CUL,הגדה של פסח;תוספות של סידור;תפילה וברכות. ; Liturgical additions: Haggadah (and other matters) of Pesach ; תוספות של סידור: הגדה (ועניינים אחרים) של פסח
2,990051570970205171,CUL,תוספות של סידור;תפילה וברכות. ; Liturgy and Brakhot ; Passover Haggada.
2,990051571210205171,CUL,תפילה וברכות;תפילות קבע. ; Common Prayers: Weekday ; תפילות קבע: חול
2,990051571290205171,CUL,תפילה וברכות;תפילות קבע. ; Common Prayers: Rosh ha-Shanah[כולל עשרת ימי תשובה] ; תפילות קבע: ראש השנה[כולל עשרת ימי תשובה]
2,990051571800205171,CUL,תוספות של סידור;תפילה וברכות. ; Liturgy and Brakhot ; Passover Haggada.
2,990051571840205171,CUL,תפילה וברכות;תפילות קבע. ; Common Prayers: Shaharit Weekday Qeriat Shema and its benedictions; Amidah ; תפילות קבע: שחרית חול קריאת שמע וברכותיה; עמידה
2,990051571850205171,CUL,תפילה וברכות. ; Common Prayers: Shaharit Shabbat Qeriat Shema and its benedictions ; תפילות קבע: שחרית שבת קריאת שמע וברכותיה
2,990051571910205171,CUL,תוספות של סידור;תפילה וברכות. ; Liturgical additions: Haggadah (and other matters) of Pesach ; תוספות של סידור: הגדה (ועניינים אחרים) של פסח
2,990051571990205171,CUL,"סדרי ברכות (ברכות הנהנין, השבח, המצוות);תפילה וברכות. ; Brakhot: Grace after meals ; סדרי ברכות: ברכת המזון"
2,990051572000205171,CUL,תפילה וברכות;תפילות קבע. ; Common Prayers: Musaf Rosh ha-Shanah; Yom ha-Kippurim; Sukkot ; תפילות קבע: מוסף ראש השנה; יום הכיפורים; סוכות
2,990051572050205171,CUL,תפילה וברכות;תפילות קבע. ; Common Prayers: Musaf Rosh ha-Shanah ; תפילות קבע: מוסף ראש השנה
2,990051572100205171,CUL,"סדרי ברכות (ברכות הנהנין, השבח, המצוות);תפילה וברכות. ; Brakhot: Grace after meals ; סדרי ברכות: ברכת המזון"
2,990051572240205171,CUL,הגדה של פסח;נושאים כספיים;תוספות של סידור;תחום לא מזוהה;תפילה וברכות. ; Liturgical additions: Haggadah (and other matters) of Pesach ; תוספות של סידור: הגדה (ועניינים אחרים) של פסח
2,990051572330205171,CUL,תפילה וברכות;תפילות קבע. ; Common Prayers: Early morning benedictions ; תפילות קבע: ברכות השחר
2,990051572380205171,CUL,תוספות של סידור;תפילה וברכות. ; Liturgy and Brakhot ; Passover Haggada.
2,990051572620205171,CUL,"פיוט;תפילה וברכות;תפילות קבע. ; Liturgy and Brakhot ; פיוט (מעריב לראש השנה): ""חון תחון על בניך"""
2,990051572710205171,CUL,"הגדה של פסח;עזרי הוראה, נסיונות קולמוס, תרגילי כתיבה, שרבוטים;תוספות של סידור;תחום לא מזוהה;תפילה וברכות. ; Liturgical additions: Haggadah (and other matters) of Pesach ; תוספות של סידור: הגדה (ועניינים אחרים) של פסח"
2,990051572860205171,CUL,תפילה וברכות;תפילות קבע. ; Liturgical texts with Judaeo-Arabic instructions
2,990051572930205171,CUL,תפילה וברכות;תפילות קבע. ; Common Prayers: Musaf Rosh Hodesh Amidah ; תפילות קבע: מוסף ראש חודש עמידה
2,990051573210205171,CUL,תפילה וברכות;תפילות קבע. ; Liturgy and Brakhot ; תפילות קבע: תחנון; סליחות
2,990051573230205171,CUL,"סדרי ברכות (ברכות הנהנין, השבח, המצוות);תפילה וברכות;תפילות קבע. ; Liturgy and Brakhot ; Pesah: qiddush; Hanukkah: prayers, with Judaeo-Arabic instructions"
2,990051573310205171,CUL,"סדרי ברכות (ברכות הנהנין, השבח, המצוות);תפילה וברכות. ; Brakhot: Grace after meals? ; סדרי ברכות: ברכת המזון?"
2,990051573330205171,CUL,תפילה וברכות;תפילות קבע. ; Common Prayers: Amidah ; תפילות קבע: ימים נוראים עמידה
2,990051573500205171,CUL,תפילה וברכות. ; Liturgy and Brakhot
2,990051573600205171,CUL,תפילה וברכות;תפילות קבע. ; Common Prayers: Shaharit Qeriat Shema and its benedictions ; תפילות קבע: שחרית קריאת שמע וברכותיה
2,990051573700205171,CUL,תוספות של סידור;תפילה וברכות. ; Liturgical additions: Haggadah (and other matters) of Pesach? ; תוספות של סידור: הגדה (ועניינים אחרים) של פסח?
2,990051573840205171,CUL,תפילה וברכות;תפילות קבע. ; Common Prayers: Qeriat Shema and its benedictions ; תפילות קבע: קריאת שמע וברכותיה
2,990051574200205171,CUL,"פיוט;שירת חול. ; Secular Poetry ; סעדיה בן יוסף גאון, תפילה מזדמנת: בקשות ותפילות אישיות הבקשה השנייה"
2,990051574730205171,CUL,"פיוט;שירת חול. ; Secular Poetry ; סעדיה בן יוסף גאון, תפילה מזדמנת: בקשות ותפילות אישיות הבקשה השנייה"
2,990051575690205171,CUL,פיוט;שירת חול. ; Piyyut ; פיוט
2,990051577340205171,CUL,פיוט;שירת חול. ; Piyyut ; פיוט
2,990051577500205171,CUL,פיוט;שירת חול. ; Piyyut ; פיוט
2,990051577600205171,CUL,"פיוט;שירת חול;תפילות קבע. ; Common Prayers, Piyyut ; תפילות קבע, פיוט"
2,990051577820205171,CUL,פיוט;שירת חול;תפילה וברכות;תפילות קבע. ; Secular Poetry ; Yom Kippur: service with Judaeo-Arabic instructions
2,990051578060205171,CUL,פיוט;שירת חול. ; Piyyut ; פיוט
2,990051578530205171,CUL,פיוט;שירת חול. ; Piyyut ; פיוט
2,990051580540205171,CUL,"פיוט;שירת חול;תפילות קבע. ; Piyyut, Common Prayers ; פיוט, תפילות קבע"
2,990051581720205171,CUL,"פיוט;שירת חול;תפילות קבע. ; Secular Poetry ; פיוט (סליחות ליום הכיפורים): ""יום איחרתי לכפר מעות שושנה"" (ר' יוסף אבן אביתור)"
2,990051582170205171,CUL,"פיוט;פתקים/רישומים;שירת חול;תפילה וברכות;תפילות קבע. ; Hebrew/Aramaic: various sections of liturgy, including Yom Kippur; Arabic: note, כולל גם עיתוים אחרים."
2,990051582780205171,CUL,"פיוט;שירת חול;תפילות קבע. ; Piyyut, Common Prayers ; פיוט, תפילות קבע"
2,990051583580205171,CUL,פיוט;שירת חול. ; Piyyut ; פיוט
2,990051583720205171,CUL,פיוט;שירת חול. ; Piyyut ; פיוט
2,990051583980205171,CUL,פיוט;שירת חול. ; Piyyut ; פיוט
2,990051584110205171,CUL,פיוט;שירת חול. ; Piyyut ; פיוט
2,990051586150205171,CUL,פיוט;שירת חול. ; Piyyut ; פיוט
2,990051587160205171,CUL,
2,990051587210205171,CUL,
2,990051587660205171,CUL,
2,990051587710205171,CUL,
2,990051588200205171,CUL,
2,990051588280205171,CUL,
2,990051588460205171,CUL,
2,990051590640205171,CUL,"דקדוק;מילונים;ספרות הלכתית ופרשנות תלמודית;ספרות חז""ל. ; Halakhic Literature and Talmudic Commentaries ; Linguistics; biblical lexicography, entries שמם to תמם (all with final radical doubled)."
2,990051599810205171,CUL,מקרא ותרגומים;פרשנות מקרא;תפסיר ערבי. ; Arabic Tafsir: Daniel 2:29 – 33 ; תפסיר ערבי: דניאל ב:כט – לג
2,990051600880205171,CUL,תוספות של סידור;תפילה וברכות. ; Liturgical additions: Haggadah (and other matters) of Pesach ; תוספות של סידור: הגדה (ועניינים אחרים) של פסח
2,990051601180205171,CUL,"סדרי ברכות (ברכות הנהנין, השבח, המצוות);תפילה וברכות. ; Brakhot: Grace after meals ; סדרי ברכות: ברכת המזון"
2,990051601250205171,CUL,תפילה וברכות. ; Liturgy and Brakhot ; Vidduy for Yom Kippur.
2,990051601300205171,CUL,"סדרי ברכות (ברכות הנהנין, השבח, המצוות);תפילה וברכות. ; Brakhot: Grace after meals ; סדרי ברכות: ברכת המזון"
2,990051601310205171,CUL,תוספות של סידור;תפילה וברכות. ; Liturgical additions: Haggadah (and other matters) of Pesach ; תוספות של סידור: הגדה (ועניינים אחרים) של פסח
2,990051601350205171,CUL,ערבית לשבת. ; Common Prayers: Arvit Shabbat ; תפילות קבע: ערבית שבת
2,990051601360205171,CUL,תפילה וברכות;תפילות קבע. ; Common Prayers: Shaharit Qeriat Shema and its benedictions; Amidah ; תפילות קבע: שחרית קריאת שמע וברכותיה; עמידה
2,990051601410205171,CUL,"סדרי ברכות (ברכות הנהנין, השבח, המצוות);תפילה וברכות. ; Brakhot: Benedictions for the reading of the Torah and the Haftarah Piyyut (Yom Ha-Kippurim) ; סדרי ברכות: ברכות התורה וההפטרות פיוט (יום הכיפורים)"
2,990051601440205171,CUL,תפילה וברכות;תפילות קבע. ; Liturgy and Brakhot ; Yom Kippur: liturgy with Judaeo-Arabic headings and instructions
2,990051601480205171,CUL,"סדרי ברכות (ברכות הנהנין, השבח, המצוות);תפילה וברכות. ; Brakhot: Grace after meals[for Sabbat] ; סדרי ברכות: ברכת המזון[for Sabbat]"
2,990051601540205171,CUL,"עזרי הוראה, נסיונות קולמוס, תרגילי כתיבה, שרבוטים;תפילה וברכות;תפילות קבע. ; Common Prayers: Shaharit Qeriat Shema and its benedictions ; תפילות קבע: שחרית קריאת שמע וברכותיה"
2,990051601590205171,CUL,"סדרי ברכות (ברכות הנהנין, השבח, המצוות);תפילה וברכות. ; Brakhot: Grace after meals[for Sabbat] ; סדרי ברכות: ברכת המזון[for Sabbat]"
2,990051601620205171,CUL,תפילה וברכות;תפילות קבע. ; Common Prayers: Musaf Rosh ha-Shanah ; תפילות קבע: מוסף ראש השנה
2,990051601720205171,CUL,תפילה וברכות. ; Birkat ha-Mazon for Passover.
2,990051601900205171,CUL,תפילה וברכות;תפילות קבע. ; Common Prayers: Weekday Amidah ; תפילות קבע: חול עמידה
2,990051603060205171,CUL,פיוט;שירת חול. ; Piyyut ; פיוט
2,990051603940205171,CUL,"פיוט;שירת חול;תפילות קבע. ; Common Prayers, Piyyut ; תפילות קבע, פיוט"
2,990051604610205171,CUL,פיוט;שירת חול. ; Piyyut ; פיוט
2,990051606430205171,CUL,פיוט;שירת חול;תפילה וברכות;תפילות קבע. ; Common Prayers: Musaf Rosh ha-Shanah Amidah ; תפילות קבע: מוסף ראש השנה עמידה
2,990051606710205171,CUL,"פיוט;שירת חול;תפילות קבע. ; Piyyut, Common Prayers ; פיוט, תפילות קבע"
2,990051606720205171,CUL,"פיוט;שירת חול;תפילות קבע. ; Common Prayers, Piyyut ; תפילות קבע, פיוט"
2,990051606890205171,CUL,פיוט;שירת חול;תפילה וברכות;תפילות קבע. ; Common Prayers: Musaf Shabbat[לשבת ראש חודש] ; תפילות קבע: מוסף שבת[לשבת ראש חודש]
2,990051606900205171,CUL,פיוט;שירת חול;תפילה וברכות;תפילות קבע. ; Common Prayers: Shaharit Weekday ; תפילות קבע: שחרית חול
2,990051606910205171,CUL,"סדרי ברכות (ברכות הנהנין, השבח, המצוות);פיוט;שירת חול;תפילה וברכות;תפילות קבע. ; Common Prayers: Liturgical psalms; Musaf Rosh Hodesh Amidah ; תפילות קבע: מזמורים שהם חלק מהתפילה; מוסף ראש חודש עמידה"
2,990051606980205171,CUL,פיוט;שירת חול. ; Piyyut ; פיוט
2,990051607160205171,CUL,פיוט;שירת חול;תפילה וברכות;תפילות קבע. ; Common Prayers: Shaharit Pesuqe d’zimrah; Arvit Weekday Qeriat Shema and its benedictions ; תפילות קבע: שחרית פסוקי דזמרה; ערבית חול קריאת שמע וברכותיה
2,990051607520205171,CUL,פיוט;שירת חול. ; Piyyut ; פיוט
2,990051607750205171,CUL,"פיוט;שירת חול;תפילות קבע. ; Piyyut, Common Prayers ; פיוט, תפילות קבע"
2,990051608660205171,CUL,"פיוט;שירת חול. ; Secular Poetry ; סעדיה בן יוסף גאון, תפילה מזדמנת: בקשות ותפילות אישיות הבקשה השנייה"
2,990051608740205171,CUL,חכמת הנסתר;מרשמים מאגיים;נספחות לחיבור;פיוט;שירת חול. ; Piyyut (Sukkot) ; פיוט (סוכות)
2,990051609010205171,CUL,פיוט;שירת חול. ; Piyyut ; פיוט
2,990051609200205171,CUL,פיוט;שירת חול. ; Piyyut ; פיוט
2,990051610330205171,CUL,פיוט;שירת חול. ; Piyyut ; פיוט
2,990051618710205171,CUL,מקרא;מקרא [טקסט]. ; Bible: Psalms 119:160 – 123:1; 146:8 – 149:8 ; מקרא: תהילים קיט:קס – קכג:א; קמו:ח – קמט:ח
2,990051620840205171,CUL,"ספרות הלכתית ופרשנות תלמודית;ספרות חז""ל;תפילה וברכות. ; Halakhic Literature and Talmudic Commentaries ; Liturgical; from a prayer-book: instructions for inserting havdalah into the evening prayer when a festival precedes the Sabbath, followed by instructions for recitation of hallel."
2,990051625860205171,CUL,"מקרא ותרגומים;פרשנות מקרא;תיאולוגיה. ; Biblical Exegesis ; Treatise on Gods creation, partly with end rhyme"
2,990051628930205171,CUL,מקרא ותרגומים;פרשנות מקרא;תפילה וברכות. ; Biblical Exegesis ; Biblical verses (including Psalms 113:3-4; 135:13; 103:19; 1 Chronicles 16:31) with translation
2,990051632180205171,CUL,
2,990051632660205171,CUL,
2,990051632690205171,CUL,
2,990051632770205171,CUL,
2,990051632810205171,CUL,
2,990051632990205171,CUL,
2,990051633010205171,CUL,
2,990051633280205171,CUL,
2,990051633450205171,CUL,
2,990051633470205171,CUL,
2,990051633900205171,CUL,
2,990051633960205171,CUL,
2,990051634290205171,CUL,
2,990051634680205171,CUL,
2,990051635010205171,CUL,
2,990051635440205171,CUL,
2,990051635500205171,CUL,
2,990051635680205171,CUL,
2,990051635690205171,CUL,
2,990051635820205171,CUL,
2,990051636080205171,CUL,
2,990051637050205171,CUL,
2,990051637200205171,CUL,
2,990051638360205171,CUL,
2,990051639400205171,CUL,
2,990051639410205171,CUL,
2,990051639550205171,CUL,גלוסארים. ; תרגום ללאדינו (?) של מילים מסוימות בתהלים קו-קז.
2,990051640990205171,CUL,
2,990051642100205171,CUL,Liturgical additions ; תוספות של סידור: וידוי הגדול לרבינו ניסים
2,990051642370205171,CUL,Piyyut (Hoshanot for Hol ha-Moed) ; פיוט (הושענות לחול המועד)
2,990051642510205171,CUL,
2,990051642580205171,CUL,
2,990051643230205171,CUL,
2,990051643410205171,CUL,תפילה וברכות;תפילות קבע. ; Common Prayers: Musaf Pesah; Minhah Hanukkah ; תפילות קבע: מוסף פסח; מנחה חנוכה
2,990051643450205171,CUL,תפילה וברכות;תפילות קבע. ; Common Prayers: Musaf Rosh ha-Shanah ; תפילות קבע: מוסף ראש השנה
2,990051643470205171,CUL,תפילה וברכות;תפילות קבע. ; Common Prayers: Shaharit Shabbat Qeriat Shema and its benedictions; Shabbat Amidah; Musaf Shabbat Amidah ; תפילות קבע: שחרית שבת קריאת שמע וברכותיה; שבת עמידה; מוסף שבת עמידה
2,990051643480205171,CUL,תפילה וברכות;תפילות קבע. ; 'Amidah with Judaeo-Arabic instructions ; Amidah with Judaeo-Arabic instructions
2,990051643510205171,CUL,"סדרי ברכות (ברכות הנהנין, השבח, המצוות);תפילה וברכות. ; Brakhot: Grace after meals ; סדרי ברכות: ברכת המזון"
2,990051643520205171,CUL,"סדרי ברכות (ברכות הנהנין, השבח, המצוות);פיוט;תפילה וברכות;תפילות קבע. ; Liturgy and Brakhot ; Prayer-book for various occasions with Judaeo-Arabic instructions"
2,990051643540205171,CUL,תפילה וברכות;תפילות קבע. ; Common Prayers: Rosh ha-Shanah ; תפילות קבע: ראש השנה
2,990051643750205171,CUL,תוספות של סידור;תפילה וברכות. ; Liturgy and Brakhot ; Passover Haggada.
2,990051643790205171,CUL,הגדה של פסח;תוספות של סידור;תפילה וברכות. ; Liturgical additions: Haggadah (and other matters) of Pesach? ; תוספות של סידור: הגדה (ועניינים אחרים) של פסח?
2,990051643810205171,CUL,תפילה וברכות;תפילות קבע. ; Common Prayers: Weekday Amidah ; תפילות קבע: חול עמידה
2,990051643830205171,CUL,תפילה וברכות;תפילות קבע. ; Common Prayers: Shabbat[שבת ראש חודש] ; תפילות קבע: שבת[שבת ראש חודש]
2,990051643890205171,CUL,תפילה וברכות;תפילות קבע. ; Common Prayers: Early morning benedictions ; תפילות קבע: ברכות השחר
2,990051643970205171,CUL,תוספות של סידור;תפילה וברכות. ; Liturgy and Brakhot ; Passover Haggada.
2,990051644000205171,CUL,תפילה וברכות. ; Birkat ha-Mazon for Passover.
2,990051644040205171,CUL,תפילה וברכות;תפילות קבע. ; Common Prayers: Musaf Rosh ha-Shanah ; תפילות קבע: מוסף ראש השנה
2,990051644050205171,CUL,תפילה וברכות. ; Birkat ha-Mazon for Passover.
2,990051644100205171,CUL,תפילה וברכות;תפילות קבע. ; Liturgy and Brakhot ; Yom Kippur: service with Judaeo-Arabic instructions
2,990051644120205171,CUL,תוספות של סידור;תפילה וברכות. ; Liturgical additions: Haggadah (and other matters) of Pesach? ; תוספות של סידור: הגדה (ועניינים אחרים) של פסח?
2,990051644150205171,CUL,תפילה וברכות;תפילות קבע. ; Liturgy and Brakhot ; Shema' with Judaeo-Arabic instruction
2,990051644170205171,CUL,"סדרי ברכות (ברכות הנהנין, השבח, המצוות);תפילה וברכות;תפילות קבע. ; Common Prayers: Pesah ; תפילות קבע: פסח"
2,990051644190205171,CUL,"סדרי ברכות (ברכות הנהנין, השבח, המצוות);תפילה וברכות. ; Liturgy and Brakhot ; סדרי ברכות: ברכת המזון לחול ולשבת"
2,990051644220205171,CUL,תפילה וברכות;תפילות קבע. ; Common Prayers: Shaharit Qeriat Shema and its benedictions ; תפילות קבע: שחרית קריאת שמע וברכותיה
2,990051644260205171,CUL,"סדרי ברכות (ברכות הנהנין, השבח, המצוות);תפילה וברכות. ; Brakhot: Grace after meals ; סדרי ברכות: ברכת המזון"
2,990051644370205171,CUL,"סדרי ברכות (ברכות הנהנין, השבח, המצוות);תפילה וברכות. ; Brakhot: Qiddush[for Passover] ; סדרי ברכות: קידוש[for Passover]"
2,990051644390205171,CUL,תוספות של סידור;תפילה וברכות. ; Liturgical additions: Haggadah (and other matters) of Pesach? ; תוספות של סידור: הגדה (ועניינים אחרים) של פסח?
2,990051644430205171,CUL,תוספות של סידור;תפילה וברכות. ; Birkat ha-Mazon and Hallel for Passover.
2,990051644440205171,CUL,תוספות של סידור;תפילה וברכות. ; Liturgical additions: Haggadah (and other matters) of Pesach? ; תוספות של סידור: הגדה (ועניינים אחרים) של פסח?
2,990051644520205171,CUL,תפילה וברכות. ; Liturgy and Brakhot
2,990051644640205171,CUL,תפילה וברכות;תפילות קבע. ; Common Prayers: Shaharit Pesuqe d’zimrah ; תפילות קבע: שחרית פסוקי דזמרה
2,990051644660205171,CUL,"סדרי ברכות (ברכות הנהנין, השבח, המצוות);תפילה וברכות. ; Brakhot: Grace after meals ; סדרי ברכות: ברכת המזון"
2,990051644840205171,CUL,תפילה וברכות. ; Liturgy and Brakhot
2,990051644910205171,CUL,תפילה וברכות;תפילות קבע. ; Common Prayers: Shabbat ; תפילות קבע: שבת
2,990051644940205171,CUL,"סדרי ברכות (ברכות הנהנין, השבח, המצוות);תפילה וברכות;תפילות קבע. ; Common Prayers: Arvit Qeriat Shema and its benedictions ; תפילות קבע: ערבית קריאת שמע וברכותיה"
2,990051645030205171,CUL,תפילה וברכות. ; Birkat ha-Mazon for Passover.
2,990051645090205171,CUL,תפילה וברכות;תפילות קבע. ; Liturgy and Brakhot ; תפילות קבע: תחנון; סליחות
2,990051645240205171,CUL,תוספות של סידור;תפילה וברכות. ; Birkat ha-Mazon and Hallel for Passover.
2,990051645330205171,CUL,"סדרי ברכות (ברכות הנהנין, השבח, המצוות);תפילה וברכות. ; Brakhot: Grace after meals ; סדרי ברכות: ברכת המזון"
2,990051645360205171,CUL,תוספות של סידור;תפילה וברכות. ; Liturgy and Brakhot ; Passover Haggada and Hallel.
2,990051645420205171,CUL,תפילה וברכות;תפילות קבע. ; Common Prayers: Shaharit Weekday Seder hayyom ; תפילות קבע: שחרית חול סדר היום
2,990051645430205171,CUL,"סדרי ברכות (ברכות הנהנין, השבח, המצוות);פיוט;תפילה וברכות. ; Brakhot: Grace after meals ; סדרי ברכות: ברכת המזון"
2,990051645480205171,CUL,"עזרי הוראה, נסיונות קולמוס, תרגילי כתיבה, שרבוטים;תפילה וברכות;תפילות קבע. ; Common Prayers: Musaf Rosh ha-Shanah Amidah ; תפילות קבע: מוסף ראש השנה עמידה"
2,990051645540205171,CUL,תוספות של סידור;תפילה וברכות. ; Liturgy and Brakhot ; Passover Haggada.
2,990051646290205171,CUL,פיוט;תפילה וברכות;תפילות קבע. ; Common Prayers: Arvit Shabbat Liturgical psalms ; תפילות קבע: ערבית שבת מזמורים שהם חלק מהתפילה
2,990051646530205171,CUL,פיוט;תפילה וברכות;תפילות קבע. ; Common Prayers: Weekday Amidah ; תפילות קבע: חול עמידה
2,990051646910205171,CUL,פיוט;תפילה וברכות;תפילות קבע. ; Common Prayers: Shaharit Early morning benedictions; Pesuqe d’zimrah ; תפילות קבע: שחרית ברכות השחר; פסוקי דזמרה
2,990051646980205171,CUL,פיוט;תפילה וברכות;תפילות קבע. ; Common Prayers: Yom ha-Kippurim Amidah ; תפילות קבע: יום הכיפורים עמידה
2,990051647480205171,CUL,"סדרי ברכות (ברכות הנהנין, השבח, המצוות);פיוט;שירת חול;תפילות קבע. ; Benedictions, birkat ha-mazon, biblical quotations with Judaeo-Arabic instructions, similar to Seder Rav 'Amram Gaon, Tefillah and Nefilat appayim u-qedusha de-sidra"
2,990051647500205171,CUL,פיוט;שירת חול. ; Piyyut ; פיוט
2,990051647550205171,CUL,פיוט;שירת חול;תפילה וברכות;תפילות קבע. ; Common Prayers: Musaf Rosh ha-Shanah ; תפילות קבע: מוסף ראש השנה
2,990051647560205171,CUL,פיוט;שירת חול;תפילות קבע. ; Common Prayers: Shaharit ; תפילות קבע: שחרית
2,990051647840205171,CUL,פיוט;שירת חול;תפילה וברכות;תפילות קבע. ; Common Prayers: Weekday Amidah ; תפילות קבע: חול עמידה
2,990051647990205171,CUL,פיוט;שירת חול. ; Piyyut ; פיוט
2,990051648190205171,CUL,פיוט;שירת חול. ; Piyyut ; פיוט
2,990051649110205171,CUL,פיוט;שירת חול;תפילות קבע. ; Common Prayers: Shaharit Qeriat Shema and its benedictions ; תפילות קבע: שחרית קריאת שמע וברכותיה
2,990051649200205171,CUL,פיוט;שירת חול. ; Piyyut ; פיוט
2,990051650400205171,CUL,פיוט;שירת חול. ; Piyyut ; פיוט
2,990051650730205171,CUL,פיוט;שירת חול. ; Piyyut ; פיוט
2,990051651580205171,CUL,פיוט;שירת חול. ; Piyyut ; פיוט
2,990051651670205171,CUL,"פיוט;שירת חול. ; Secular Poetry ; סעדיה בן יוסף גאון, תפילה מזדמנת: בקשות ותפילות אישיות הבקשה הראשונה"
2,990051653680205171,CUL,פיוט;שירת חול;תוספות של סידור;תפילות קבע. ; Liturgical additions: Haggadah (and other matters) of Pesach? ; תוספות של סידור: הגדה (ועניינים אחרים) של פסח?
2,990051655210205171,CUL,פיוט;שירת חול. ; Piyyut ; פיוט
2,990051655410205171,CUL,פיוט;שירת חול. ; Piyyut ; פיוט
2,990051657350205171,CUL,פיוט;שירת חול. ; Piyyut ; פיוט
2,990051658010205171,CUL,פיוט;שירת חול. ; Piyyut ; פיוט
2,990051658580205171,CUL,פיוט;שירת חול. ; Piyyut ; פיוט
2,990051658950205171,CUL,פיוט;שירת חול. ; Piyyut ; פיוט
2,990051659160205171,CUL,פיוט;שירת חול;תפילה וברכות;תפילות קבע. ; Common Prayers: Shaharit Weekday Qeriat Shema and its benedictions; Amidah ; תפילות קבע: שחרית חול קריאת שמע וברכותיה; עמידה
2,990051659210205171,CUL,"פיוט;שירת חול;תפילות קבע. ; Piyyut, Common Prayers ; פיוט, תפילות קבע"
2,990051659320205171,CUL,פיוט;שירת חול. ; Piyyut ; פיוט
2,990051659630205171,CUL,"פיוט;שירת חול;תפילות קבע. ; Piyyut, Common Prayers ; פיוט, תפילות קבע"
2,990051660020205171,CUL,פיוט;שירת חול;תפילות קבע. ; Secular Poetry
2,990051660060205171,CUL,פיוט;שירת חול. ; Piyyut ; פיוט
2,990051660400205171,CUL,"פיוט;שירת חול. ; Secular Poetry ; סעדיה בן יוסף גאון, תפילה מזדמנת: בקשות ותפילות אישיות הבקשה השנייה"
2,990051661280205171,CUL,"פיוט;שירת חול;תפילות קבע. ; Piyyut, Common Prayers ; פיוט, תפילות קבע"
2,990051662910205171,CUL,מקרא. ; Bible: Texts
2,990051663510205171,CUL,מקרא;מקרא [טקסט]. ; Bible: Leviticus 14:41; 45 – 47; 14:49 – 15:3 ; מקרא: ויקרא יד:מא; מה – מז; יד:מט – טו:ג
2,990051667360205171,CUL,מקרא;מקרא [טקסט]. ; Bible: Psalms 136:11 – 18; 136:25 – 137:6 ; מקרא: תהילים קלו:יא – יח; קלו:כה – קלז:ו
2,990051669450205171,CUL,מקרא;מקרא [טקסט]. ; Bible: Numbers 33:8 – 11; 22 – 26 ; מקרא: במדבר לג:ח – יא; כב – כו
2,990051674270205171,CUL,פיוט;תפילה וברכות;תפילות קבע. ; Common Prayers: Shaharit Sukkot Amidah; Musaf Sukkot Amidah ; תפילות קבע: שחרית סוכות עמידה; מוסף סוכות עמידה
2,990051674680205171,CUL,פיוט;תפילה וברכות;תפילות קבע. ; Common Prayers: Musaf Yom ha-Kippurim Amidah ; תפילות קבע: מוסף יום הכיפורים עמידה
2,990051675240205171,CUL,פיוט;תפילות קבע. ; Brakhot: Grace after meals ; סדרי ברכות: ברכת המזון
2,990051675730205171,CUL,"פיוט;תפילות קבע. ; Piyyut ; פיוט, תפילות קבע"
2,990051675740205171,CUL,"פיוט;תפילות קבע. ; Piyyut ; פיוט, תפילות קבע"
2,990051675770205171,CUL,פיוט;תפילות קבע. ; Brakhot: Grace after meals ; סדרי ברכות: ברכת המזון
2,990051676630205171,CUL,מקרא;מקרא [טקסט]. ; Bible: Texts ; Catena of Biblical passages
2,990051679380205171,CUL,הגדה של פסח
2,990051679390205171,CUL,הגדה של פסח
2,990051679480205171,CUL,הגדה של פסח
2,990051680600205171,CUL,Common Prayers: Arvit Shabbat Qabbalat shabbat; Qeriat Shema and its benedictions ; תפילות קבע: ערבית שבת קבלת שבת; קריאת שמע וברכותיה
2,990051680800205171,CUL,Brakhot: Qiddush ; סדרי ברכות: קידוש
2,990051680940205171,CUL,Liturgical additions:; Other ; תוספות של סידור: מזמורים לאחר הדלקת נר חנוכה; אחר
2,990051680990205171,CUL,Common Prayers: Musaf Shabbat Amidah ; תפילות קבע: מוסף שבת עמידה
2,990051681240205171,CUL,Bible: Numbers Mas‘ei 33:7 – 34:2 ; מקרא: במדבר מסעי לג:ז – לד:ב
2,990051681400205171,CUL,Liturgical additions: Songs/baqqashot for Shabbat and Holidays; Other ; תוספות של סידור: זמירות/בקשות לשבת ולמועדים; אחר
2,990051681890205171,CUL,"שלמה בן יצחק, פירוש רש""י למקרא: בראשית וירא יח:לג – יט:ד"
2,990051682730205171,CUL,Common Prayers: Musaf Yom ha-Kippurim Amidah; Other ; תפילות קבע: מוסף יום הכיפורים עמידה; אחר
2,990051683120205171,CUL,Common Prayers: Musaf Yom ha-Kippurim Amidah ; תפילות קבע: מוסף יום הכיפורים עמידה
2,990051683510205171,CUL,Piyyut (Hoshanot for Sukkot) ; פיוט (הושענות לסוכות)
2,990051683910205171,CUL,Common Prayers: Rosh ha-Shanah Amidah ; תפילות קבע: ראש השנה עמידה
2,990051684000205171,CUL,הגדה של פסח
2,990051684060205171,CUL,הגדה של פסח
2,990051684340205171,CUL,Common Prayers: Shaharit Qeriat Shema and its benedictions ; תפילות קבע: שחרית קריאת שמע וברכותיה
2,990051685160205171,CUL,Common Prayers: Shabbat Qabbalat shabbat ; תפילות קבע: שבת קבלת שבת
2,990051686090205171,CUL,Common Prayers: Seder hayyom ; תפילות קבע: סדר היום
2,990051690810205171,CUL,סיפורת וספרות יפה; שירת חול. ; קצת אסתר
2,990051691110205171,CUL,פיוט. ; Piyyut
2,990051691450205171,CUL,פיוט. ; Piyyut
2,990051691810205171,CUL,פיוט. ; Piyyut
2,990051692430205171,CUL,פיוט. ; Piyyut
2,990051694030205171,CUL,דקדוק. ; Grammar ; Grammatical work concerning the lamed he verbs
2,990051694730205171,CUL,"גלוסאר למקרא;מילונים. ; Dictionaries ; Vocabulary list from Numbers 24:7-30:6, quoting biblical sources"
2,990051694780205171,CUL,"גלוסאר למקרא;מילונים. ; Dictionaries ; Vocabulary list from Exodus 28:30-30:32, quoting biblical sources"
2,990051701800205171,CUL,"ספרות הלכתית ופרשנות תלמודית;ספרות חז""ל;שאלות ותשובות;שאלות ותשובות- ראשונים ואחרונים. ; Halakhic Literature and Talmudic Commentaries ; Responsum concerning a dispute between a widow and her children"
2,990051706630205171,CUL,"פיוט. ; Piyyut ; סעדיה בן יוסף גאון, תפילה מזדמנת: בקשות ותפילות אישיות הבקשה השנייה"
2,990051707700205171,CUL,"פיוט;תפילות קבע. ; Piyyut ; פיוט, תפילות קבע"
2,990051708530205171,CUL,פיוט. ; Piyyut
2,990051709830205171,CUL,
2,990051709840205171,CUL,
2,990051710210205171,CUL,
2,990051710250205171,CUL,
2,990051719370205171,CUL,"משנה תורה;פיוט. ; Moses b. Maimon, Rambam, Mishneh Torah: Qeri'at Shema 2:4 – 7; 2:12 – 15; Berakhot 8:14 – 9:1; 9:4 – 8; 8:16 – 9:4; 9:8 – 10:3; Milah 2:6 – 3:9; Tefillah ve-Birkat Kohanim 9:9 – 13; 10:1 – 7 ; משה בן מימון, משנה תורה: קריאת שמע ב:ד – ז; ב:יב – טו; ברכות ח:יד – ט:א; ט:ד – ח; ח:טז – ט:ד; ט:ח – י:ג; מילה ב:ו – ג:ט; תפילה וברכת כהנים ט:ט – יג; י:א – ז"
2,990051719950205171,CUL,"פיוט;תפילות קבע. ; Piyyut ; פיוט, תפילות קבע"
2,990051720310205171,CUL,פיוט;תוספות של סידור;תפילות קבע. ; Liturgical additions: Haggadah (and other matters) of Pesach? ; תוספות של סידור: הגדה (ועניינים אחרים) של פסח?
2,990051720800205171,CUL,פיוט. ; Piyyut
2,990051721790205171,CUL,פיוט;תפילה וברכות;תפילות קבע. ; Common Prayers: Musaf Rosh ha-Shanah Amidah ; תפילות קבע: מוסף ראש השנה עמידה
2,990051722290205171,CUL,פיוט. ; Piyyut
2,990051722440205171,CUL,פיוט. ; Piyyut
2,990051725420205171,CUL,"סדרי ברכות (ברכות הנהנין, השבח, המצוות);פיוט. ; Brakhot: Grace after meals ; סדרי ברכות: ברכת המזון"
2,990051725560205171,CUL,פיוט. ; Piyyut
2,990051728820205171,CUL,"משנה [טקסט];ספרות הלכתית ופרשנות תלמודית;ספרות חז""ל;ריק;רשימות;תוספות של סידור;תפילה וברכות. ; Liturgical additions: Haggadah (and other matters) of Pesach ; תוספות של סידור: הגדה (ועניינים אחרים) של פסח"
2,990051731700205171,CUL,"הלכות הרי""ף;ספרות הלכתית ופרשנות תלמודית;ספרות חז""ל. ; Isaac Al-Fasi, Hilkhot ha-Rif: Yevamot 1 – 2 ; יצחק אלפסי, הלכות הרי""ף: יבמות א – ב"
2,990051733150205171,CUL,
2,990051733800205171,CUL,
2,990051733820205171,CUL,
2,990051733910205171,CUL,
2,990051734050205171,CUL,
2,990051734100205171,CUL,
2,990051734110205171,CUL,"הלכה;תורת הבית (הקצר). ; Codification; laws concerning Gentile wine, including the beginning of השער החמישי בביאור דיני תערובת יין נסך ..."
2,990051734580205171,CUL,
2,990051734830205171,CUL,
2,990051736270205171,CUL,
2,990051736440205171,CUL,
2,990051736460205171,CUL,
2,990051739770205171,CUL,מקרא [טקסט]. ; Bible: Exodus 39:2 – 5; 8 – 11; 30 – 34; 39 – 43 ; מקרא: שמות לט:ב – ה; ח – יא; ל – לד; לט – מג
2,990051754460205171,CUL,"סדר רב עמרם גאון. ; Rabbinica, (Liturgical); modified version of Seder Rav Amram; published by Abramson (cf. Bibliography, p. 392)."
2,990051754470205171,CUL,"סדר רב עמרם גאון. ; Rabbinica, (Liturgical); modified version of Seder Rav Amram; published by Abramson (cf. Bibliography, p. 392)."
2,990051754480205171,CUL,"סדר רב עמרם גאון. ; Rabbinica, (Liturgical); modified version of Seder Rav Amram; published by Abramson (cf. Bibliography, p. 392)."
2,990051754490205171,CUL,הגדה של פסח (קטע) .
2,990051756550205171,CUL,
2,990051756750205171,CUL,
2,990051756910205171,CUL,
2,990051756970205171,CUL,
2,990051757050205171,CUL,
2,990051757090205171,CUL,
2,990051757190205171,CUL,
2,990051757290205171,CUL,
2,990051757370205171,CUL,
2,990051757410205171,CUL,
2,990051762180205171,CUL,
2,990051766580205171,CUL,מקרא [טקסט]. ; Bible: Leviticus 4:31 – 5:2 ; מקרא: ויקרא ד:לא – ה:ב
2,990051769720205171,CUL,מקרא [טקסט]. ; Bible: Leviticus 1:12 – 15; 2:1 – 4 ; מקרא: ויקרא א:יב – טו; ב:א – ד
2,990051770100205171,CUL,מקרא [טקסט]. ; Bible: Deuteronomy 11:18 – 27; 12:18 – 26 ; מקרא: דברים יא:יח – כז; יב:יח – כו
2,990051772150205171,CUL,מקרא [טקסט]. ; Bible: Psalms 114:2 – 115:16 ; מקרא: תהילים קיד:ב – קטו:טז
2,990051777430205171,CUL,"מזוזות;מקרא [טקסט]. ; Deuteronomy 6:4-911:13-21, a mezuzah"
2,990051778590205171,CUL,"מזוזות;מקרא [טקסט]. ; Deuteronomy 6:4-911:13-21, a mezuzah"
2,990051778630205171,CUL,מקרא [טקסט]. ; Bible: Leviticus 26:27 – 31; 33 – 36; 39 – 42; 44 – 46 ; מקרא: ויקרא כו:כז – לא; לג – לו; לט – מב; מד – מו
2,990051796430205171,CUL,"מזוזות;מקרא [טקסט]. ; Deuteronomy 6:4-911:13-21, a mezuzah"
2,990051796530205171,CUL,"מזוזות;מקרא [טקסט]. ; Deuteronomy 6:4-911:13-21, a mezuzah"
2,990051813350205171,CUL,מקרא [טקסט]. ; Bible: Exodus 25:10 – 11; 15 – 31; 33 – 34 ; מקרא: שמות כה:י – יא; טו – לא; לג – לד
2,990051820970205171,CUL,מקרא [טקסט]. ; Bible: Isaiah 2:7 – 15; 3:2 – 9; 18 – 25; 4:5 – 5:4 ; מקרא: ישעיהו ב:ז – טו; ג:ב – ט; יח – כה; ד:ה – ה:ד
2,990051823810205171,CUL,מקרא [טקסט]. ; Bible: Psalms 3:1 – 4:4; 8:5 – 9:9 ; מקרא: תהילים ג:א – ד:ד; ח:ה – ט:ט
2,990051835380205171,CUL,מקרא;מקרא [טקסט]. ; Exodus 37:12-15; 38:11-28; 39:14-27
2,990051837240205171,CUL,מקרא [טקסט]. ; Leviticus 6:5-8; 6:10-13
2,990051841020205171,CUL,מקרא [טקסט]. ; Leviticus 1:13-2:3
2,990051843680205171,CUL,מקרא [טקסט]. ; Lamentations 1:18-21; 2:1-4
2,990051848780205171,CUL,מקרא [טקסט]. ; Psalms 27:8-28:5
2,990051851870205171,CUL,"מקרא [טקסט];תפילה וברכות. ; Hebrew fragment, festival liturgy, including parts of biblical verses; paper. Holidays"
2,990051852020205171,CUL,מקרא [טקסט]. ; Psalms 5:3-7; 5:10-13
2,990051853940205171,CUL,מקרא [טקסט]. ; Psalms 147:18; 148:6
2,990051854760205171,CUL,מקרא [טקסט]. ; Deuteronomy 8:6-9; 8:13-16
2,990051860320205171,CUL,מקרא [טקסט]. ; Exodus 14:13-15; 14:18-20
2,990051861510205171,CUL,מקרא [טקסט]. ; Leviticus 11:32-38
2,990051867470205171,CUL,מקרא [טקסט]. ; Numbers 33:15-21; 33:28-34
2,990051870070205171,CUL,מקרא [טקסט]. ; Psalms 116:4-19; 118:8-23
2,990051876730205171,CUL,מקרא [טקסט];תפילה וברכות. ; Liturgy followed by Deuteronomy 6:5-9; 11:13-21; Numbers 15:37-39
2,990051878810205171,CUL,מקרא [טקסט]. ; Numbers 26:19-37
2,990051879460205171,CUL,מקרא [טקסט]. ; Genesis 1:31-2:7
2,990051879810205171,CUL,מקרא [טקסט]. ; Daniel 12:3; Psalms 128:1; 1:1; Joshua 24:2-4; Genesis 12:1-3; Isaiah 51:1-2; Psalms 47:10; Isaiah 41:4; 41:2
2,990051880530205171,CUL,מקרא [טקסט]. ; Numbers 1:45-49; 1:51-53
2,990051882500205171,CUL,"מקרא [טקסט];תוספות של סידור;תפילה וברכות. ; Catena of biblical verses for liturgical use, probably for the Ninth of Av; Fasts"
2,990051885450205171,CUL,מקרא [טקסט]. ; Psalms 135:13; Proverbs 3:19; Psalms 36:6; 103:19; 8:2 or 10
2,990051888910205171,CUL,"מקרא [טקסט]. ; Psalms 148:4-149:1; 149:6-150:6, followed by liturgy"
2,990051920110205171,CUL,מקרא ותרגומים;פרשנות מקרא;תרגומים ארמיים. ; Biblical Exegesis: I Kings 7:5 – 8 ; פרשנות מקרא: מלכים א ז:ה – ח
2,990051922960205171,CUL,מקרא [טקסט];תרגום אונקלוס;תרגומים ארמיים. ; Targum Onqelos: Numbers 7:13 – 17 ; תרגום אונקלוס: במדבר ז:יג – יז
2,990051928040205171,CUL,"מדרשי אגדה;משנה תורה. ; Moses b. Maimon, Rambam, Mishneh Torah: Shehitah 7 – 8 ; משה בן מימון, משנה תורה: שחיטה ז – ח"
2,990051934540205171,CUL,"הלכות הרי""ף. ; Isaac Al-Fasi, Hilkhot ha-Rif: Ketubbot 48 b – 49 a[1 - 28] ; יצחק אלפסי, הלכות הרי""ף: כתובות מח ע""ב – מט ע""א[1 - 28]"
2,990051940600205171,CUL,משנה [טקסט]. ; Mishnah: Shabbat 2:1 ; משנה: שבת ב:א
2,990051947090205171,CUL,"משנה תורה;ספרות חז""ל. ; רמב""ם הלכות תפילין"
2,990051965480205171,CUL,"ארבעה טורים;ספרות חז""ל. ; Jacob b. Asher, Sefer ha-Turim: Orah Hayyim 220 – 221; 230 – 231 ; יעקב בן אשר, ארבעה טורים: אורח חיים רכ – רכא; רל – רלא"
2,990051975300205171,CUL,"משנה תורה;ספרות חז""ל. ; Moses b. Maimon, Rambam, Mishneh Torah: Tefillin Mezuzah ve-Sefer Torah 6:13 – 7:3 ; משה בן מימון, משנה תורה: תפילין מזוזה וספר תורה ו:יג – ז:ג"
2,990051992380205171,CUL,"ספרות חז""ל;פירוש אבן עזרא למקרא;תחום לא מזוהה. ; אברהם אבן עזרא, פירוש אבן עזרא למקרא: ויקרא צו ז:יח – לג"
2,990051995640205171,CUL,"משנה תורה;ספרות חז""ל. ; רמב""ם שחיטה פ""א"
2,990051998480205171,CUL,משנה תורה.
2,990051998670205171,CUL,משנה תורה.
2,990051998740205171,CUL,משנה תורה.
2,990051998800205171,CUL,משנה תורה.
2,990051998960205171,CUL,משנה תורה.
2,990052000610205171,CUL,משנה תורה.
2,990052001050205171,CUL,משנה תורה.
2,990052001690205171,CUL,"משנה תורה. ; Moses b. Maimon, Rambam, Mishneh Torah: Hametz u-Matztzah 32 ; משה בן מימון, משנה תורה: חמץ ומצה לב"
2,990052002860205171,CUL,תפילה וברכות. ; Liturgy and Brakhot
2,990052003150205171,CUL,תפילה וברכות;תפילות קבע. ; Common Prayers: Arvit Qeriat Shema and its benedictions ; תפילות קבע: ערבית קריאת שמע וברכותיה
2,990052003440205171,CUL,תוספות של סידור;תפילה וברכות. ; Liturgical additions: Psalms (Tetragrammaton: Three Yods with segol) ; תוספות של סידור: מזמורי תהלים (שם בן ארבע: שלושה יודין בסגול)
2,990052003550205171,CUL,תוספות של סידור;תפילה וברכות. ; Passover Haggada.
2,990052003620205171,CUL,"תפילה וברכות;תפילות קבע. ; תפילות קבע: תחנון ""שיתגדל ויתקדש בעולם..."""
2,990052004460205171,CUL,תפילה וברכות;תפילות קבע. ; Common Prayers: Shaharit Pesuqe d’zimrah ; תפילות קבע: שחרית פסוקי דזמרה
2,990052006640205171,CUL,"סדרי ברכות (ברכות הנהנין, השבח, המצוות);תוספות של סידור;תפילה וברכות. ; Birkat ha-Mazon and Hallel for Passover."
2,990052007240205171,CUL,"תפילה וברכות;תפילות קבע. ; Common Prayers: Arvit Pesah Liturgical psalms (Ritual: Eretz Israel); Amidah (Ritual: Eretz Israel) ; תפילות קבע: ערבית פסח מזמורים שהם חלק מהתפילה (מנהג: א""י); עמידה (מנהג: א""י)"
2,990052007330205171,CUL,"תפילה וברכות;תפילות קבע. ; תפילות קבע: עמידה ""...טוביך שבכל"""
2,990052007360205171,CUL,תפילה וברכות;תפילות קבע. ; Common Prayers: Alenu l’shabeah ; תפילות קבע: עלינו לשבח
2,990052007500205171,CUL,תפילה וברכות;תפילות קבע. ; Common Prayers: Hallel ; תפילות קבע: הלל
2,990052007540205171,CUL,תפילה וברכות;תפילות קבע. ; Common Prayers: Shaharit Qeriat Shema and its benedictions ; תפילות קבע: שחרית קריאת שמע וברכותיה
2,990052007550205171,CUL,תפילה וברכות;תפילות קבע. ; Common Prayers: Musaf Rosh ha-Shanah Amidah ; תפילות קבע: מוסף ראש השנה עמידה
2,990052009260205171,CUL,"סדרי ברכות (ברכות הנהנין, השבח, המצוות);תפילה וברכות. ; Brakhot: Grace after meals ; סדרי ברכות: ברכת המזון"
2,990052009520205171,CUL,"סדרי ברכות (ברכות הנהנין, השבח, המצוות);תפילה וברכות. ; Birkat ha-Mazon for Passover."
2,990052009620205171,CUL,תפילה וברכות. ; Liturgy and Brakhot
2,990052009960205171,CUL,תוספות של סידור;תפילה וברכות. ; Passover Haggada.
2,990052010720205171,CUL,תוספות של סידור;תפילה וברכות. ; Liturgical additions: Haggadah (and other matters) of Pesach[ שלוש מילים ראשונות בצד שמאל: על מלאך לא. שלוש מילים אחרונות בצד שמאל: על המצרים במצרים.] ; תוספות של סידור: הגדה (ועניינים אחרים) של פסח[ שלוש מילים ראשונות בצד שמאל: על מלאך לא. שלוש מילים אחרונות בצד שמאל: על המצרים במצרים.]
2,990052010860205171,CUL,"סדרי ברכות (ברכות הנהנין, השבח, המצוות);תפילה וברכות. ; סדרי ברכות: ברכת המזון ""את ידיך ומשביע... תורתך שלמדתנו ועל"" (שם בן ארבע: שלושה יודין בסגול;מין ט בהמשך)"
2,990052010870205171,CUL,פיוט;תפילה וברכות. ; Piyyut ; פיוט
2,990052011830205171,CUL,"תוספות של סידור;תפילה וברכות. ; תוספות של סידור: הגדה (ועניינים אחרים) של פסח ""...אין מפטירין אחר"" (שם בן ארבע: שלושה יודין;נקודה אחת מלמעלה)"
2,990052012210205171,CUL,תוספות של סידור;תפילה וברכות. ; Passover Haggada.
2,990052012410205171,CUL,תוספות של סידור;תפילה וברכות. ; Passover Haggada.
2,990052012460205171,CUL,תפילה וברכות;תפילות קבע. ; Common Prayers: Yom ha-Kippurim Amidah ; תפילות קבע: יום הכיפורים עמידה
2,990052012510205171,CUL,תפילה וברכות. ; Liturgy and Brakhot
2,990052012550205171,CUL,תפילה וברכות. ; Liturgy and Brakhot
2,990052013070205171,CUL,תפילה וברכות. ; Liturgy and Brakhot
2,990052013870205171,CUL,"הלכה [הוראות והלכות];סדרי ברכות (ברכות הנהנין, השבח, המצוות);תפילה וברכות. ; Brakhot: Benedictions for meals; Brakhot: Benedictions for meals ; סדרי ברכות: ברכות הסעודה; סדרי ברכות: ברכות הסעודה"
2,990052014270205171,CUL,תוספות של סידור;תפילה וברכות. ; Passover Haggada.
2,990052014910205171,CUL,תוספות של סידור;תפילה וברכות. ; Passover Haggada.
2,990052015530205171,CUL,הלכה [הוראות והלכות];תפילה וברכות;תפילות קבע. ; Common Prayers: Amidah; Shabbat ; תפילות קבע: עמידה; שבת
2,990052016560205171,CUL,"סדרי ברכות (ברכות הנהנין, השבח, המצוות);קולופון;תוספות של סידור;תפילה וברכות. ; Prayers for Passover with Judaeo-Arabic colophon; mentions the name אהרון מלמד ב ר יצחק and the date 12th Nisan 1785 according to (the era of) documents (= 1474 CE)."
2,990052016700205171,CUL,"סדרי ברכות (ברכות הנהנין, השבח, המצוות);תפילה וברכות. ; Brakhot: Grace after meals ; סדרי ברכות: ברכת המזון"
2,990052017460205171,CUL,"סדרי ברכות (ברכות הנהנין, השבח, המצוות);תפילה וברכות. ; Brakhot: Grace after meals ; סדרי ברכות: ברכת המזון"
2,990052017470205171,CUL,תפילה וברכות;תפילות קבע. ; Common Prayers: Shaharit Seder hayyom ; תפילות קבע: שחרית סדר היום
2,990052017550205171,CUL,"סדרי ברכות (ברכות הנהנין, השבח, המצוות);תפילה וברכות. ; Brakhot: Grace after meals[ שלוש מילים אחרונות בצד שמאל: ועל ארץ חמדה.] ; סדרי ברכות: ברכת המזון[ שלוש מילים אחרונות בצד שמאל: ועל ארץ חמדה.]"
2,990052018880205171,CUL,"תפילה וברכות;תפילות קבע. ; תפילות קבע: שחרית שבת עמידה ""יי שפתי תפתח... שבת וינפש אלהינו"" (שם בן ארבע: שלושה יודין בסגול)"
2,990052019220205171,CUL,"סדרי ברכות (ברכות הנהנין, השבח, המצוות);תפילה וברכות;תפילות קבע. ; תפילות קבע: הלל ""קדוש יעקב רועינו... עלינו ברכה ושלום"" (שם בן ארבע: שלושה יודין בסגול)[ שלוש מילים ראשונות בצד שמאל: כי הטה אזנו. שלוש מילים אחרונות בצד שמאל: ליי כל תגמלוהי.]; סדרי ברכות: ברכת המזון ""קדוש יעקב רועינו... עלינו ברכה ושלום"" (שם בן ארבע: שלושה יודין בסגול)[ שלוש מילים ראשונות בצד שמאל: כי הטה אזנו. שלוש מילים אחרונות בצד שמאל: ליי כל תגמלוהי.]"
2,990052019840205171,CUL,"סדרי ברכות (ברכות הנהנין, השבח, המצוות);תפילה וברכות. ; Brakhot: Qiddush (Tetragrammaton: Three Yods)[קידוש לפסח.] ; סדרי ברכות: קידוש (שם בן ארבע: שלושה יודין)[קידוש לפסח.]"
2,990052020020205171,CUL,"תוספות של סידור;תפילה וברכות. ; תוספות של סידור: הגדה (ועניינים אחרים) של פסח ""שבכל הלילות אנו..."" (שם בן ארבע: שלושה יודין בסגול;מין ט בהמשך)"
2,990052020530205171,CUL,תוספות של סידור;תפילה וברכות;תפילות קבע. ; Common Prayers: Musaf Shabbat Amidah; Shaharit Pesuqe d’zimrah; Qabbalat shabbat ; תפילות קבע: מוסף שבת עמידה; שחרית פסוקי דזמרה; קבלת שבת
2,990052020590205171,CUL,תוספות של סידור;תפילה וברכות. ; Passover Haggada.
2,990052020890205171,CUL,"סדרי ברכות (ברכות הנהנין, השבח, המצוות);תפילה וברכות. ; Brakhot: Grace after meals ; סדרי ברכות: ברכת המזון"
2,990052021000205171,CUL,תפילה וברכות;תפילות קבע. ; Common Prayers: Weekday Amidah ; תפילות קבע: חול עמידה
2,990052021080205171,CUL,תוספות של סידור;תפילה וברכות. ; Passover Haggada.
2,990052021290205171,CUL,"סדרי ברכות (ברכות הנהנין, השבח, המצוות);תפילה וברכות. ; Brakhot: Grace after meals ; סדרי ברכות: ברכת המזון"
2,990052021350205171,CUL,תוספות של סידור;תפילה וברכות;תפילות קבע. ; תפילות קבע: ערבית שבת במה מדליקין; אין כאלהינו
2,990052021410205171,CUL,תוספות של סידור;תפילה וברכות. ; Passover Haggada.
2,990052023650205171,CUL,"סדרי ברכות (ברכות הנהנין, השבח, המצוות);תפילה וברכות. ; סדרי ברכות: ברכת המזון ""שמו הגדול כי..."" (שם בן ארבע: שלושה יודין בסגול)"
2,990052024120205171,CUL,"תפילה וברכות;תפילות קבע. ; תפילות קבע: מוסף יום הכיפורים קריאת שמע וברכותיה ""...על כל עונותינו"""
2,990052024390205171,CUL,תוספות של סידור;תפילה וברכות;תפילות קבע. ; Common Prayers: Weekday Amidah (Tetragrammaton: Three Yods with segol)[צד שמאל.]; Liturgical additions: Selichot (Tetragrammaton: Three Yods with segol)[צד ימין.] ; תפילות קבע: חול עמידה (שם בן ארבע: שלושה יודין בסגול)[צד שמאל.]; תוספות של סידור: סליחות (שם בן ארבע: שלושה יודין בסגול)[צד ימין.]
2,990052025420205171,CUL,"סדרי ברכות (ברכות הנהנין, השבח, המצוות);תפילה וברכות. ; Brakhot: Qiddush[for Passover] ; סדרי ברכות: קידוש[for Passover]"
2,990052025480205171,CUL,"סדרי ברכות (ברכות הנהנין, השבח, המצוות);תפילה וברכות. ; Brakhot: Grace after meals ; סדרי ברכות: ברכת המזון"
2,990052026120205171,CUL,"סדרי ברכות (ברכות הנהנין, השבח, המצוות);תפילה וברכות. ; Brakhot: Benedictions of Hanukkah ; סדרי ברכות: ברכות חנוכה"
2,990052026220205171,CUL,תוספות של סידור;תפילה וברכות. ; Passover Haggada.
2,990052026260205171,CUL,תפילה וברכות;תפילות קבע. ; Common Prayers: Amidah ; תפילות קבע: עמידה
2,990052026380205171,CUL,תפילה וברכות. ; Liturgy and Brakhot
2,990052026790205171,CUL,"סדרי ברכות (ברכות הנהנין, השבח, המצוות);תפילה וברכות. ; Brakhot: Grace after meals ; סדרי ברכות: ברכת המזון"
2,990052026800205171,CUL,תפילה וברכות;תפילות קבע. ; Common Prayers: Musaf Rosh ha-Shanah Amidah ; תפילות קבע: מוסף ראש השנה עמידה
2,990052026880205171,CUL,"סדרי ברכות (ברכות הנהנין, השבח, המצוות);תפילה וברכות. ; Brakhot: Grace after meals ; סדרי ברכות: ברכת המזון"
2,990052027240205171,CUL,תפילה וברכות. ; Liturgy and Brakhot
2,990052027360205171,CUL,תוספות של סידור;תפילה וברכות. ; Passover Haggada.
2,990052028430205171,CUL,תפילה וברכות;תפילות קבע. ; Common Prayers: Weekday Amidah ; תפילות קבע: חול עמידה
2,990052028740205171,CUL,תוספות של סידור;תפילה וברכות. ; Passover Haggada.
2,990052028850205171,CUL,"סדרי ברכות (ברכות הנהנין, השבח, המצוות);עזרי הוראה, נסיונות קולמוס, תרגילי כתיבה, שרבוטים;תפילה וברכות. ; סדרי ברכות: ברכת המזון לראש השנה[הוראות]; תפילות קבע: קדיש לראש השנה[הוראות]"
2,990052033100205171,CUL,"תפילה וברכות;תפילות קבע. ; תפילות קבע: שחרית שבת קריאת שמע וברכותיה ""כל בית ישראל... על המרכבה זכות"""
2,990052033310205171,CUL,תפילה וברכות. ; Liturgy and Brakhot
2,990052033420205171,CUL,תפילה וברכות.
2,990052033800205171,CUL,"פיוט;תפילה וברכות. ; Saadiah b. Joseph al-Fayyumi (Saadiah Gaon), Piyyut (Baqqashah) ; סעדיה בן יוסף גאון, פיוט (בקשה)"
2,990052034110205171,CUL,תפילה וברכות;תפילות קבע. ; Common Prayers: Musaf Rosh ha-Shanah Amidah ; תפילות קבע: מוסף ראש השנה עמידה
2,990052034120205171,CUL,תפילה וברכות;תפילות קבע. ; Common Prayers: Musaf Rosh ha-Shanah Amidah ; תפילות קבע: מוסף ראש השנה עמידה
2,990052034140205171,CUL,תוספות של סידור;תפילה וברכות. ; Passover Haggada.
2,990052034440205171,CUL,תפילה וברכות;תפילות קבע. ; Common Prayers: Rosh ha-Shanah Amidah ; תפילות קבע: ראש השנה עמידה
2,990052034480205171,CUL,תוספות של סידור;תפילה וברכות. ; Passover Haggada.
2,990052035610205171,CUL,"סדרי ברכות (ברכות הנהנין, השבח, המצוות);תפילה וברכות. ; סדרי ברכות: ברכת המזון ""...ואלהי אבותינו יעלה"" (שם בן ארבע: שלושה יודין בסגול)"
2,990052036250205171,CUL,תוספות של סידור;תפילה וברכות;תפילות קבע. ; Liturgical additions: Selichot ; תוספות של סידור: סליחות
2,990052036700205171,CUL,תפילה וברכות. ; Liturgy and Brakhot
2,990052037030205171,CUL,"סדרי ברכות (ברכות הנהנין, השבח, המצוות);תפילה וברכות. ; סדרי ברכות: ברכות המצוות - שונות ""ברוך אתה יי... העולם בורא פרי"" (שם בן ארבע: שלושה יודין;נקודה אחת מלמעלה); ברכות הנהנין - שונות ""ברוך אתה יי... העולם בורא פרי"" (שם בן ארבע: שלושה יודין;נקודה אחת מלמעלה)"
2,990052037240205171,CUL,"תפילה וברכות;תפילות קבע. ; תפילות קבע: מוסף ראש השנה עמידה ""ואת יעקב וכתוב... זכרתי לך חסד"" (שם בן ארבע: שלושה יודין בסגול)"
2,990052045240205171,CUL,פיוט.
2,990052046030205171,CUL,פיוט.
2,990052051330205171,CUL,פיוט.
2,990052056190205171,CUL,פיוט.
2,990052066020205171,CUL,פיוט.
2,990052078110205171,CUL,פיוט.
2,990052078190205171,CUL,פיוט.
2,990052084540205171,CUL,פיוט.
2,990052090050205171,CUL,פיוט.
2,990052090660205171,CUL,פיוט.
2,990052091390205171,CUL,פיוט.
2,990052091590205171,CUL,פיוט.
2,990052097250205171,CUL,פיוט.
2,990052098460205171,CUL,פיוט.
2,990052108650205171,CUL,פיוט.
2,990052108670205171,CUL,פיוט.
2,990052109300205171,CUL,פיוט.
2,990052111390205171,CUL,פיוט.
2,990052127350205171,CUL,פיוט.
2,990052134240205171,CUL,"גלוסאר למקרא;גלוסארים;דקדוק. ; Vocabulary list from Ezekiel 13:10–22, quoting Job 6:6; Genesis 31:6; Ezekiel 38:22; Leviticus 14:42; Psalms 48:8; Isaiah 40:12; Leviticus 2:6; Psalms 109:16; 39:3"
2,990052208030205171,CUL,תפסיר ערבי. ; Numbers 8:1–3 and 8:7–9 with Sahadya's translation after each verse.
2,990052222150205171,CUL,מילונים. ; Dictionaries
2,990052300880205171,CUL,
2,990052301070205171,CUL,
2,990052301280205171,CUL,
2,990052301430205171,CUL,
2,990052301560205171,CUL,
2,990052301740205171,CUL,
2,990052302090205171,CUL,
2,990052302850205171,CUL,
2,990052303060205171,CUL,
2,990052303110205171,CUL,
2,990052303440205171,CUL,
2,990052304770205171,CUL,
2,990052305780205171,CUL,
2,990052306070205171,CUL,
2,990052306210205171,CUL,
2,990052307710205171,CUL,
2,990052308010205171,CUL,
2,990052308600205171,CUL,
2,990052309320205171,CUL,
2,990052309660205171,CUL,
2,990052309790205171,CUL,
2,990052309970205171,CUL,
2,990052310450205171,CUL,
2,990052311500205171,CUL,
2,990052312570205171,CUL,
2,990052312670205171,CUL,
2,990052313180205171,CUL,
2,990052313260205171,CUL,
2,990052314120205171,CUL,
2,990052314600205171,CUL,
2,990052314730205171,CUL,
2,990052314750205171,CUL,
2,990052314800205171,CUL,
2,990052315020205171,CUL,
2,990052315300205171,CUL,
2,990052315400205171,CUL,
2,990052315540205171,CUL,
2,990052315590205171,CUL,
2,990052315690205171,CUL,
2,990052315710205171,CUL,
2,990052315730205171,CUL,
2,990052315820205171,CUL,
2,990052315860205171,CUL,
2,990052316080205171,CUL,
2,990052316130205171,CUL,
2,990052317620205171,CUL,
2,990052318290205171,CUL,
2,990052318350205171,CUL,
2,990052318420205171,CUL,
2,990052318460205171,CUL,
2,990052318820205171,CUL,
2,990052319760205171,CUL,
2,990052320500205171,CUL,
2,990052321290205171,CUL,
2,990052322020205171,CUL,
2,990052322550205171,CUL,
2,990052322860205171,CUL,
2,990052323360205171,CUL,
2,990052323470205171,CUL,
2,990052323500205171,CUL,
2,990052323530205171,CUL,
2,990052323550205171,CUL,
2,990052325110205171,CUL,
2,990052325840205171,CUL,
2,990052325910205171,CUL,
2,990052326720205171,CUL,
2,990052326910205171,CUL,
2,990052326940205171,CUL,
2,990052327030205171,CUL,
2,990052327040205171,CUL,
2,990052327070205171,CUL,
2,990052327080205171,CUL,
2,990052327220205171,CUL,
2,990052327470205171,CUL,
2,990052327790205171,CUL,
2,990052327880205171,CUL,
2,990052327990205171,CUL,
2,990052328320205171,CUL,
2,990052328480205171,CUL,
2,990052328990205171,CUL,
2,990052329010205171,CUL,
2,990052329730205171,CUL,
2,990052330410205171,CUL,
2,990052330570205171,CUL,
2,990052331150205171,CUL,
2,990052331190205171,CUL,
2,990052332150205171,CUL,
2,990052332220205171,CUL,
2,990052332750205171,CUL,
2,990052332880205171,CUL,
2,990052333780205171,CUL,
2,990052335080205171,CUL,
2,990052336950205171,CUL,
2,990052337030205171,CUL,
2,990052337140205171,CUL,
2,990052337850205171,CUL,
2,990052337990205171,CUL,
2,990052338070205171,CUL,
2,990052338320205171,CUL,
2,990052338480205171,CUL,
2,990052338760205171,CUL,
2,990052338810205171,CUL,
2,990052338870205171,CUL,
2,990052338940205171,CUL,
2,990052338960205171,CUL,
2,990052340230205171,CUL,
2,990052341670205171,CUL,
2,990052341780205171,CUL,
2,990052341900205171,CUL,
2,990052341910205171,CUL,
2,990052342110205171,CUL,
2,990052342800205171,CUL,
2,990052342860205171,CUL,
2,990052343560205171,CUL,
2,990052343740205171,CUL,
2,990052344330205171,CUL,
2,990052345040205171,CUL,
2,990052345940205171,CUL,
2,990052345960205171,CUL,
2,990052346420205171,CUL,
2,990052346480205171,CUL,
2,990052346630205171,CUL,
2,990052346790205171,CUL,
2,990052346850205171,CUL,
2,990052347240205171,CUL,
2,990052347640205171,CUL,
2,990052347710205171,CUL,
2,990052347850205171,CUL,
2,990052350900205171,CUL,
2,990052359900205171,CUL,
2,990052430380205171,CUL,תפילה וברכות;תפילות קבע. ; Common Prayers: Musaf Rosh ha-Shanah ; תפילות קבע: מוסף ראש השנה
2,990052432700205171,CUL,"תלמוד בבלי [טקסט]. ; Talmud Bavli: Pesahim 15 b – 18 b ; תלמוד בבלי: פסחים טו ע""ב – יח ע""ב"
2,990052436270205171,CUL,פיוט;תוספות של סידור;תפילה וברכות;תפילות קבע. ; Passover Haggada.
2,990052442690205171,CUL,פיוט;תוספות של סידור;תפילות קבע. ; Common Prayers: Musaf Rosh ha-Shanah Amidah ; תפילות קבע: מוסף ראש השנה עמידה
2,990052443480205171,CUL,פיוט;תפילה וברכות;תפילות קבע. ; Common Prayers: Shaharit Pesuqe d’zimrah ; תפילות קבע: שחרית פסוקי דזמרה
2,990052443580205171,CUL,פיוט;תפילה וברכות;תפילות קבע. ; 'Amida and Qedusa de-Sidra for the weekday morning service.
2,990052443600205171,CUL,"עזרי הוראה, נסיונות קולמוס, תרגילי כתיבה, שרבוטים. ; נסוי קולמוס."
2,990052443610205171,CUL,"סדרי ברכות (ברכות הנהנין, השבח, המצוות);פיוט;תפילה וברכות;תפילות קבע. ; Liturgy and Brakhot: Shavu'ot Amidah; Holidays Amidah; Shabbat Amidah; Motzei Shabbat Amidah ; תפילה וברכות: שבועות עמידה; מועדים עמידה; שבת עמידה; מוצאי שבת עמידה"
2,990052444060205171,CUL,פיוט;תפילה וברכות;תפילות קבע. ; Common Prayers: Shaharit Weekday; Minhah Weekday; Arvit Weekday ; תפילות קבע: שחרית חול; מנחה חול; ערבית חול
2,990052445120205171,CUL,משנה [טקסט];תוספות של סידור;תפילה וברכות. ; Liturgical additions: Haggadah (and other matters) of Pesach ; תוספות של סידור: הגדה (ועניינים אחרים) של פסח
2,990052445130205171,CUL,משנה [טקסט];תוספות של סידור;תפילה וברכות. ; Liturgical additions: Haggadah (and other matters) of Pesach ; תוספות של סידור: הגדה (ועניינים אחרים) של פסח
2,990052445140205171,CUL,"משנה [טקסט];עזרי הוראה, נסיונות קולמוס, תרגילי כתיבה, שרבוטים;תוספות של סידור;תפילה וברכות. ; Teaching Aids,Pen Trials,Writing Exercises,Scribblings,Jotting ; עזרי הוראה, נסיונות קולמוס, תרגילי כתיבה, שרבוטים"
2,990053004550205171,JTS,
2,990053004630205171,JTS,
2,990053004690205171,JTS,Elijah ha-Kohen ; אליהו הכהן
2,990053004790205171,JTS,
2,990053004810205171,JTS,
2,990053006460205171,JTS,
2,990053006480205171,JTS,
2,990053006560205171,JTS,
2,990053007680205171,JTS,
2,990053007840205171,JTS,
2,990053007860205171,JTS,
2,990053011850205171,JTS,"מכתבים;נספחות לחיבור;פיוט;תפילה וברכות. ; Letter, in which the ""head of the row,"" possibly Elhanan b. Shemarya, gives the recipient, a cantor named Abraham, instructions about leading the mourning prayers for a deceased person, and getting paid."
2,990053015130205171,JTS,"פיוט. ; פיוטי הושענא: איומה אמרתך (סידור רס""ג עמ' רמו); [א]זכור [אב] כרתה לו ברית (סידור רס""ג עמ' רמט). קשקושים קשקטשים בגליון"
2,990053019980205171,JTS,פיוט. ; Piyyut
2,990053020690205171,JTS,"הלכה;מקרא [טקסט];פירושי תלמוד בבלי. ; פירושים לביטויים מבבלי חולין, בערבית-יהודית ערבית"
2,990053020920205171,JTS,תפילה וברכות. ; Liturgy and Brakhot
2,990053026300205171,JTS,תפילה וברכות. ; Liturgy and Brakhot
2,990053037370205171,JTS,"תוספות של סידור;תפילה וברכות. ; תוספות של סידור: הגדה (ועניינים אחרים) של פסח ""ואת בתינו הציל... יכלו להתמהמה וגם"""
2,990053038850205171,JTS,דברי הימים של משה רבינו;מדרשי אגדה. ; דברי הימים של משה רבינו
2,990053041360205171,JTS,"פיוט;תפילה וברכות. ; בקשות שונות (או תפילות קראיות ?), עם הוראות בערבית-יהודית"
2,990053043280205171,JTS,"סדרי ברכות (ברכות הנהנין, השבח, המצוות);פיוט;תפילה וברכות;תפילות קבע. ; Piyyut ; סדרי ברכות: קידוש ""קדשנו במצותיו ויתן... מקדש ישראל והזמנים"" (שם בן ארבע: יוי)[קידוש לפסח.]"
2,990053044640205171,JTS,"תפילה וברכות;תפילות קבע. ; תפילות קבע: ערבית קריאת שמע וברכותיה ""וחרה אף יי... לציצית וראיתם אותו"" (שם בן ארבע: שלושה יודין בסגול)"
2,990053045080205171,JTS,"תפילה וברכות;תפילות קבע. ; תפילות קבע: מוסף ראש השנה עמידה ""יי אדיר המלוכה... לא נפקד ביום"" (שם בן ארבע: שלושה יודין בסגול)"
2,990053045790205171,JTS,תפילה וברכות. ; Liturgy and Brakhot
2,990053045870205171,JTS,"תפילה וברכות;תפילות קבע. ; תפילות קבע: שחרית פסוקי דזמרה ""והעושר והכבוד מלפניך... וממשלה נצח וגבורה"" (שם בן ארבע: שלושה יודין בסגול)"
2,990053045890205171,JTS,תפילה וברכות. ; Liturgy and Brakhot
2,990053048660205171,JTS,פיוט;תפילה וברכות. ; Liturgy and Brakhot ; תפילה וברכות
2,990053050790205171,JTS,"תפילה וברכות;תפילות קבע. ; תפילות קבע: מוסף ראש השנה עמידה ""כזאת הודעתה ומלפנים... ישכחך ובן אדם"""
2,990053050810205171,JTS,תפילה וברכות. ; Liturgy and Brakhot
2,990053050830205171,JTS,פיוט;תפילה וברכות;תפילות קבע. ; Liturgy and Brakhot ; תפילה וברכות
2,990053054080205171,JTS,"פיוט;תפילה וברכות;תפילות קבע. ; תפילות קבע: שחרית קריאת שמע וברכותיה ""לאמר דבר אל... שמך ועלינו נקרא"" (שם בן ארבע: שתי יודין;מין ט בהמשך)"
2,990053054690205171,JTS,"פיוט;תוספות של סידור;תפילה וברכות;תפילות קבע. ; תוספות של סידור: הגדה (ועניינים אחרים) של פסח ""אבותינו יעלה ויבא..."" (שם בן ארבע: שלושה יודין בסגול)[מידע מצרוף.]"
2,990053054810205171,JTS,פיוט;תפילה וברכות;תפילות קבע. ; Liturgy and Brakhot ; תפילה וברכות
2,990053054850205171,JTS,"פיוט;תוספות של סידור;תפילה וברכות. ; תוספות של סידור: הגדה (ועניינים אחרים) של פסח ""...על השמים כבודו"" (שם בן ארבע: שלושה יודין בסגול)"
2,990053056870205171,JTS,תפילה וברכות. ; Liturgy and Brakhot
2,990053057000205171,JTS,"פיוט;תפילה וברכות;תפילות קבע. ; תפילות קבע: שחרית ברכות השחר ""מעפעפי יהי רצון... אשר קדשנו במצותיו"" (שם בן ארבע: יוי)"
2,990053058050205171,JTS,"פיוט;תפילה וברכות;תפילות קבע. ; תפילות קבע: שחרית קודם התפילה ""אתכם ובעת קבצי... ליריאיו ברוך שאין"" (שם בן ארבע: שלושה יודין בסגול)"
2,990053058160205171,JTS,פיוט;תפילה וברכות;תפילות קבע. ; Liturgy and Brakhot ; תפילה וברכות
2,990053058220205171,JTS,פיוט;תפילה וברכות;תפילות קבע. ; Liturgy and Brakhot ; תפילה וברכות
2,990053058300205171,JTS,"פיוט;תפילה וברכות;תפילות קבע. ; תפילות קבע: מנחה שבת עמידה ""...אלהינו בעמך ישראל"" (שם בן ארבע: שלושה יודין)"
2,990053061510205171,JTS,"הלכה;הלכה [הוראות והלכות];תפילה וברכות;תפילות קבע. ; תפילות קבע: מוסף שבועות עמידה ""יום המנוח הזה..."" (שם בן ארבע: שלושה יודין בסגול;נקודה אחת מלמעלה); תשעה באב נחם; תעניות עננו"
2,990053061590205171,JTS,"פיוט;תפילה וברכות;תפילות קבע. ; תפילות קבע: חול עמידה ""לדביר ביתך ואשי... עמו ישראל בשלום"" (שם בן ארבע: שלושה יודין בסגול)"
2,990053061730205171,JTS,"סדרי ברכות (ברכות הנהנין, השבח, המצוות);תפילה וברכות. ; סדרי ברכות: ברכת המזון ""על ארצינו ועל... טוב הרחמן ימלוך"" (שם בן ארבע: שתי יודין)"
2,990053061750205171,JTS,"סדרי ברכות (ברכות הנהנין, השבח, המצוות);תפילה וברכות. ; סדרי ברכות: ברכת המזון ""ונודה לך על..."" (שם בן ארבע: שלושה יודין בסגול)"
2,990053061810205171,JTS,"סדרי ברכות (ברכות הנהנין, השבח, המצוות);תפילה וברכות. ; סדרי ברכות: ברכת המזון ""ועל ירושלם עירך... למקומה בימינו אלהינו"""
2,990053061870205171,JTS,"מקרא [טקסט]. ; אוסף פסוקים מלוקטים, עם הוראות מעטות בערבית-יהודית"
2,990053064060205171,JTS,תפילה וברכות. ; הגדה של פסח עם הוראות בערבית-יהודית
2,990053064280205171,JTS,"תפילה וברכות;תפילה קראית. ; סעדיה בן יוסף גאון, תפילה מזדמנת: בקשות ותפילות אישיות הבקשה השנייה"
2,990053071370205171,JTS,פיוט;תפילה וברכות. ; Liturgy and Brakhot ; תפילה וברכות
2,990053073690205171,JTS,"תפילה וברכות. ; עמידה פסח, סוכות, עם הוראות בערבית-יהודית תפילות שונות נוספו בגליון"
2,990053073710205171,JTS,"תפילה וברכות. ; עמידה פסח, סוכות, עם הוראות בערבית-יהודית תפילות שונות נוספו בגליון"
2,990053075180205171,JTS,פיוט;תפילה וברכות;תפילות קבע. ; Liturgy and Brakhot ; תפילה וברכות
2,990053077710205171,JTS,תפילה וברכות. ; Liturgy and Brakhot
2,990053078140205171,JTS,פיוט. ; בקשה ושירים
2,990053079030205171,JTS,פיוט. ; סליחה
2,990053081010205171,JTS,"תפילה וברכות;תפילות קבע. ; Common Prayers: Shaharit Weekday ; תפילות קבע: שחרית חול עמידה ""ברוך הוא ומבורך... ופי יגיד תהלתיך"" (שם בן ארבע: יוי;נקודה אחת מלמעלה)[מידע מצרוף.]"
2,990053081050205171,JTS,"תפילה וברכות;תפילות קבע. ; Common Prayers: Shaharit Weekday ; תפילות קבע: שחרית חול עמידה ""קדוש קדוש קדוש... לאנוש בינה וחנינו"" (שם בן ארבע: יוי;נקודה אחת מלמעלה)[מידע מצרוף.]"
2,990053081150205171,JTS,פיוט;תפילה וברכות;תפילות קבע. ; Liturgy and Brakhot ; תפילה וברכות
2,990053081250205171,JTS,פיוט;תפילה וברכות. ; Liturgy and Brakhot ; תפילה וברכות
2,990053081270205171,JTS,"פיוט;תפילה וברכות;תפילות קבע. ; תפילות קבע: ערבית ראש השנה ""מעריב לראש השנה... נצח כנם לצרוף"" (שם בן ארבע: שתי יודין;קו מלמעלה)"
2,990053093380205171,JTS,"פיוט;תפילה וברכות;תפילות קבע. ; תפילות קבע: חול עמידה ""רחם יי אלהינו... יי בונה ירושלים"" (שם בן ארבע: שלושה יודין בסגול)"
2,990053093910205171,JTS,פיוט;תפילה וברכות. ; Liturgy and Brakhot ; תפילה וברכות
2,990053095470205171,JTS,"תפילה וברכות. ; הגדה של פסח עם הוראות בערבית-יהודית נטילה ראשונה, עד ""ברוך שומר הבטחתו לישראל"""
2,990053096050205171,JTS,פיוט;תפילה וברכות;תפילות קבע. ; Liturgy and Brakhot ; תפילה וברכות
2,990053098350205171,JTS,"סדרי ברכות (ברכות הנהנין, השבח, המצוות);פיוט;תפילה וברכות;תפילות קבע. ; סדרי ברכות: ברכת המזון ""רופע אלטעאם יברך... ועל מלכות בית"" (שם בן ארבע: שלושה יודין בסגול;נקודה אחת מלמעלה)"
2,990053098370205171,JTS,"הלכה [הוראות והלכות];סדרי ברכות (ברכות הנהנין, השבח, המצוות);פיוט;תפילה וברכות;תפילות קבע. ; סדרי ברכות: ברכת המזון ""הרחמן יזרע שלום... קדשך מהרה בימינקט"" (שם בן ארבע: שלושה יודין בסגול;נקודה אחת מלמעלה); ברכות הנהנין - שונות ""הרחמן יזרע שלום... קדשך מהרה בימינקט"" (שם בן ארבע: שלושה יודין בסגול;נקודה אחת מלמעלה)"
2,990053098390205171,JTS,"הלכה [הוראות והלכות];סדרי ברכות (ברכות הנהנין, השבח, המצוות);פיוט;תפילה וברכות;תפילות קבע. ; סדרי ברכות: ברכות הנהנין - שונות ""את יי אלה... ויגון ביום מנוחתינו"" (שם בן ארבע: שלושה יודין בסגול); ברכת המזון ""את יי אלה... ויגון ביום מנוחתינו"" (שם בן ארבע: שלושה יודין בסגול)[ברכת המזון - שבת.]"
2,990053098410205171,JTS,"הלכה [הוראות והלכות];סדרי ברכות (ברכות הנהנין, השבח, המצוות);פיוט;תפילה וברכות;תפילות קבע. ; סדרי ברכות: יעלה ויבא ""ובנה את ירושלם... אסם אלעיד פי"" (שם בן ארבע: שלושה יודין בסגול;נקודה אחת מלמעלה)"
2,990053098430205171,JTS,"תפילה וברכות;תפילות קבע. ; תפילות קבע: מוסף ראש חודש עמידה ""שירי דוד נשמע... בני בקר שנים"" (שם בן ארבע: שלושה יודין בסגול)"
2,990053098450205171,JTS,"פיוט;תפילה וברכות;תפילות קבע. ; תפילות קבע: מוסף ראש חודש עמידה ""כי בעמך ישראל... שחטאנו לפניך"" (שם בן ארבע: שלושה יודין בסגול); שבת וראש חודש עמידה ""כי בעמך ישראל... שחטאנו לפניך"" (שם בן ארבע: שלושה יודין בסגול)"
2,990053098470205171,JTS,"תפילה וברכות;תפילות קבע. ; תפילות קבע: מוסף שבת וראש חודש ""ולרחמים לששון ולשמחה... ואדא נטרת אלהאלי"" (שם בן ארבע: שלושה יודין בסגול;נקודה אחת מלמעלה)"
2,990053110570205171,JTS,תפילה וברכות. ; Liturgy and Brakhot
2,990053110810205171,JTS,תפילה וברכות. ; Liturgy and Brakhot
2,990053110870205171,JTS,תפילה וברכות. ; Liturgy and Brakhot
2,990053110890205171,JTS,תפילה וברכות. ; Liturgy and Brakhot
2,990053110950205171,JTS,"תפילה וברכות;תפילות קבע. ; תפילות קבע: מוסף ראש השנה עמידה ""אתה זכור מעשה..."" (קו מלמעלה)"
2,990053114130205171,JTS,תפילה וברכות. ; Liturgy and Brakhot
2,990053114690205171,JTS,"פיוט;תוספות של סידור;תפילה וברכות. ; תוספות של סידור: זמירות/בקשות לשבת ולמועדים ""לפניך ונעימות בימינך... לעולם אמן ואמן"""
2,990053114990205171,JTS,"תוספות של סידור;תפילה וברכות;תפילות קבע. ; תפילות קבע: שחרית פסוקי דזמרה ""ברוך שאמר והיה... ובמעשיי כי אתה""; תוספות של סידור: זמירות/בקשות לשבת ולמועדים ""ברוך שאמר והיה... ובמעשיי כי אתה"""
2,990053115230205171,JTS,"תפילה וברכות;תפילות קבע. ; תפילות קבע: ערבית קריאת שמע וברכותיה ""לילה ומבדיל בין..."" (שם בן ארבע: יוד אחת;מין ט בהמשך)"
2,990053115270205171,JTS,"תפילה וברכות;תפילות קבע. ; תפילות קבע: ערבית קריאת שמע וברכותיה ""ואין זולתו הפודינו... המליכו ואמרו יי"" (שם בן ארבע: שתי יודין;נקודה אחת מלמעלה)"
2,990053116590205171,JTS,"פיוט. ; יוצר, קדושתא"
2,990053117070205171,JTS,פיוט. ; עבודה ליום כיפור
2,990053117110205171,JTS,פיוט;תפילה וברכות;תפילות קבע. ; Liturgy and Brakhot ; תפילה וברכות
2,990053117170205171,JTS,פיוט;תפילה וברכות;תפילות קבע. ; Liturgy and Brakhot ; תפילה וברכות
2,990053117250205171,JTS,"תוספות של סידור;תפילה וברכות. ; תוספות של סידור: אוסף פסוקים ""עשה יי את... תעבד ועשית כל"" (שם בן ארבע: הוי""ה)"
2,990053117390205171,JTS,פיוט;תפילה וברכות;תפילות קבע. ; Common Prayers: Musaf Rosh ha-Shanah Amidah (Tetragrammaton: Three Yods with segol)[ שלוש מילים ראשונות בצד שמאל: עלינו לשבח לאדון. שלוש מילים אחרונות בצד שמאל: גילולים מן הארץ.] ; תפילות קבע: מוסף ראש השנה עמידה (שם בן ארבע: שלושה יודין בסגול)[ שלוש מילים ראשונות בצד שמאל: עלינו לשבח לאדון. שלוש מילים אחרונות בצד שמאל: גילולים מן הארץ.]
2,990053117560205171,JTS,פיוט;תפילה וברכות;תפילות קבע. ; Liturgy and Brakhot ; תפילה וברכות
2,990053117600205171,JTS,"סדרי ברכות (ברכות הנהנין, השבח, המצוות);פיוט;תפילה וברכות;תפילות קבע. ; Brakhot: Grace after meals ; תפילות קבע: שירת הים ""מכון לשבתך פעלת... אבותינו ברוך אתה"" (שם בן ארבע: שתי יודין); סדרי ברכות: ברכת המזון ""מכון לשבתך פעלת... אבותינו ברוך אתה"" (שם בן ארבע: שתי יודין)"
2,990053117700205171,JTS,"הלכה [הוראות והלכות];פיוט;תפילה וברכות;תפילות קבע. ; תפילות קבע: שחרית הוצאת/הכנסת ספר תורה ""על עמך והושיענו..."" (שם בן ארבע: שלושה יודין בסגול)"
2,990053117720205171,JTS,פיוט;תפילה וברכות;תפילות קבע. ; תפילת שחרית
2,990053117800205171,JTS,"סדרי ברכות (ברכות הנהנין, השבח, המצוות);פיוט;תפילה וברכות;תפילות קבע. ; תפילות קבע: עמידה ""נושע ביי תשועת... לחם מן הארץ"" (שם בן ארבע: שתי יודין;נקודה אחת מלמעלה); סדרי ברכות: ברכות הנהנין - שונות ""נושע ביי תשועת... לחם מן הארץ"" (שם בן ארבע: שתי יודין;נקודה אחת מלמעלה)"
2,990053117920205171,JTS,פיוט;תפילה וברכות;תפילות קבע. ; Liturgy and Brakhot ; תפילה וברכות
2,990053119110205171,JTS,תפילה וברכות. ; Liturgy and Brakhot
2,990053119150205171,JTS,"תפילה וברכות;תפילות קבע. ; תפילות קבע: ראש השנה עמידה ""לסליחת חטא ולמחילת... תנון ורחום אתה"" (שם בן ארבע: יוי)"
2,990053119350205171,JTS,"תפילה וברכות;תפילות קבע. ; תפילות קבע: ערבית שמיני עצרת עמידה ""לציון עירך ברנה... אתה לבדך נקראתה"" (שם בן ארבע: יוד אחת;מין ט בהמשך)[מידע מצרוף.]"
2,990053119430205171,JTS,"תפילה וברכות;תפילות קבע. ; תפילות קבע: מוסף שמיני עצרת עמידה ""ארץ והביאנו יי... רצונך בנה ביתך"" (שם בן ארבע: שתי יודין;מין ט בהמשך)"
2,990053119470205171,JTS,תפילה וברכות. ; Liturgy and Brakhot
2,990053120560205171,JTS,"פיוט;תוספות של סידור;תפילה וברכות. ; תוספות של סידור: סליחות ""איש חסידך זכור... עשית ואנחנו הרשענו"" (שם בן ארבע: שתי יודין)"
2,990053120780205171,JTS,"פיוט;תוספות של סידור;תפילה וברכות;תפילות קבע. ; תוספות של סידור: הגדה (ועניינים אחרים) של פסח ""בין קדושת שבת... אל כאס וינשף"" (שם בן ארבע: שלושה יודין בסגול)"
2,990053127730205171,JTS,תפילה וברכות;תפילות קבע. ; Common Prayers: Shaharit (Tetragrammaton: Three Yods with segol)[צד שמאל. שלוש מילים ראשונות בצד שמאל: בעליונים ובתחתונים אתה. שלוש מילים אחרונות בצד שמאל: או בעליונים או.] ; תפילות קבע: שחרית קודם התפילה (שם בן ארבע: שלושה יודין בסגול)[צד שמאל. שלוש מילים ראשונות בצד שמאל: בעליונים ובתחתונים אתה. שלוש מילים אחרונות בצד שמאל: או בעליונים או.]
2,990053127790205171,JTS,תפילה וברכות. ; Liturgy and Brakhot
2,990053128080205171,JTS,"תפילה וברכות;תפילות קבע. ; תפילות קבע: ערבית מוצאי שבת עמידה ""...ימי המעשה אבינו"" (שם בן ארבע: שלושה יודין בסגול)[צד ימין. מידע מצרוף.]; מוסף שבת עמידה ""...ימי המעשה אבינו"" (שם בן ארבע: שלושה יודין בסגול)[צד שמאל. מידע מצרוף.]"
2,990053128120205171,JTS,"תפילה וברכות;תפילות קבע. ; תפילות קבע: מוסף ראש חודש עמידה ""אחד כבשים בני... בישראל עמך בחרתה"""
2,990053128220205171,JTS,"תפילה וברכות;תפילות קבע. ; תפילות קבע: יום הכיפורים וידוי ונפילת אפיים ""את שגלוין לנו... דור ודור ומעביר"" (שם בן ארבע: שלושה יודין בסגול)"
2,990053128420205171,JTS,תפילה וברכות. ; תפילות סוכות עם הוראות בערבית-יהודית
2,990053132810205171,JTS,תחום לא מזוהה;תרגומים ארמיים. ; במדבר ז:ג-יח עם תרגום ערבי-יהודי פרשת הנשיאים
2,990053133410205171,JTS,"פיוט. ; פיוט: ""יח דראש חודש. חדש אור ליפה וברה"""
2,990053134300205171,JTS,"סדרי ברכות (ברכות הנהנין, השבח, המצוות);פיוט;תפילה וברכות;תפילות קבע. ; Piyyut ; סדרי ברכות: ברכת המזון ""אדם הזדים הרחמן... כל מיני תענוגים"""
2,990053134340205171,JTS,"סדרי ברכות (ברכות הנהנין, השבח, המצוות);פיוט;תפילה וברכות;תפילות קבע. ; Piyyut ; סדרי ברכות: ברכת המזון ""...ישתבח לדור דור"""
2,990053134440205171,JTS,"סדרי ברכות (ברכות הנהנין, השבח, המצוות);פיוט;תפילה וברכות;תפילות קבע. ; Piyyut ; סדרי ברכות: ברכת המזון ""ומזידים ביד עושקי... בלבינו הרחמן יצליח"" (שם בן ארבע: שתי יודין;נקודה אחת מלמעלה)"
2,990053135380205171,JTS,"מקרא [טקסט];תפילה וברכות;תפילות קבע. ; תפילות קבע: מוסף שבת עמידה ""רציתה קרבנותיה ציויתה... לבינו בישועתיך והנח"" (שם בן ארבע: שתי יודין;מין ט בהמשך)"
2,990053137800205171,JTS,פיוט;תפילה וברכות. ; Liturgy and Brakhot ; תפילה וברכות
2,990053139780205171,JTS,תפילה וברכות. ; Liturgy and Brakhot
2,990053139840205171,JTS,"תוספות של סידור;תפילה וברכות. ; תוספות של סידור: הגדה (ועניינים אחרים) של פסח ""עבודתם אשר עבדו... מעבדות לחירות ונאמר"""
2,990053139920205171,JTS,"תוספות של סידור;תפילה וברכות. ; תוספות של סידור: הגדה (ועניינים אחרים) של פסח ""לפרעה את פיתום... את נאקתם ויזכור"" (שם בן ארבע: יוי)"
2,990053140240205171,JTS,"תוספות של סידור;תפילה וברכות. ; תוספות של סידור: הגדה (ועניינים אחרים) של פסח ""וכל הבת תחיון... דבר כבד מאד"" (שם בן ארבע: שלושה יודין בסגול)"
2,990053140480205171,JTS,"תוספות של סידור;תפילה וברכות. ; תוספות של סידור: הגדה (ועניינים אחרים) של פסח ""אתה אמור לו... הוציאנו יי ממצרים"" (שם בן ארבע: שלושה יודין בסגול)"
2,990053140540205171,JTS,"תוספות של סידור;תפילה וברכות. ; תוספות של סידור: הגדה (ועניינים אחרים) של פסח ""אפיקומן: רשע מה..."" (שם בן ארבע: שלושה יודין בסגול)"
2,990053140560205171,JTS,"תוספות של סידור;תפילה וברכות. ; תוספות של סידור: הגדה (ועניינים אחרים) של פסח ""ליציאת מצרים: ויבחר... ולעבדו בלבב שלם"" (שם בן ארבע: שלושה יודין בסגול)"
2,990053140660205171,JTS,"סדרי ברכות (ברכות הנהנין, השבח, המצוות);תפילה וברכות. ; סדרי ברכות: ברכת המזון ""הגדול והקדוש שנקרא... לידך המליאה והרחבה"" (שם בן ארבע: שלושה יודין בסגול;מין ט בהמשך)"
2,990053140680205171,JTS,פיוט;תפילה וברכות. ; Liturgy and Brakhot ; תפילה וברכות
2,990053141860205171,JTS,תפילה וברכות;תפילות קבע. ; Liturgy and Brakhot ; תפילה וברכות
2,990053142000205171,JTS,"תפילה וברכות;תפילות קבע. ; תפילות קבע: שחרית חול וידוי ונפילת אפיים ""ותכניעהו ליצר הרע... הרבים ושים אחריתי"" (שם בן ארבע: שתי יודין;קו מלמעלה)[מידע מצרוף.]"
2,990053142810205171,JTS,פיוט;תפילה וברכות. ; Liturgy and Brakhot ; תפילה וברכות
2,990053144110205171,JTS,הלכה;פיוט;תפילה וברכות. ; Liturgy and Brakhot ; תפילה וברכות
2,990053146140205171,JTS,פיוט. ; פיוט על עקדת יצחק לר' יהודה בן ... עת שערי רצון להפתח ליל
2,990053146600205171,JTS,פיוט. ; Piyyut
2,990053147500205171,JTS,פיוט. ; הושענות
2,990053149560205171,JTS,פיוט. ; Piyyut
2,990053150220205171,JTS,פיוט;תפילה וברכות. ; Liturgy and Brakhot ; תפילה וברכות
2,990053150260205171,JTS,"פיוט;תפילה וברכות;תפילות קבע. ; תפילות קבע: מוסף פסח עמידה ""על מכונו הראנו... בשמחה מועדי קדשך"" (שם בן ארבע: שלושה יודין;נקודה אחת מלמעלה)[מידע מצרוף.]"
2,990053150730205171,JTS,תפילה וברכות. ; Liturgy and Brakhot
2,990053150790205171,JTS,פיוט;תפילה וברכות;תפילות קבע. ; Liturgy and Brakhot ; תפילה וברכות
2,990053151060205171,JTS,
2,990053151610205171,JTS,"פיוט;תפילה וברכות;תפילות קבע. ; תפילות קבע: שחרית קורבנות ""בסתר ומודה על... הבל לפניך שכן"" (שם בן ארבע: שתי יודין)"
2,990053151890205171,JTS,"פיוט;תפילה וברכות;תפילות קבע. ; תפילות קבע: שחרית פסוקי דזמרה ""ומביא אורה ברוך... מלך מהולל בתושבחות"" (מין ט בהמשך)"
2,990053151910205171,JTS,פיוט;תפילה וברכות;תפילות קבע. ; Liturgy and Brakhot ; תפילה וברכות
2,990053152090205171,JTS,"פיוט;תפילה וברכות;תפילות קבע. ; תפילות קבע: עמידה ""הגדול הגבור והנורא... בניהם זכרנו לחיים"""
2,990053154310205171,JTS,פיוט. ; Piyyut
2,990053154880205171,JTS,פיוט;תפילה וברכות;תפילות קבע. ; Liturgy and Brakhot ; תפילה וברכות
2,990053155390205171,JTS,"לא ניתן להכרעה מתוך הקטלוג;פילוסופיה;תחום לא מזוהה. ; כולל בעיקר שבחים לאל. יש ציטוטים של פסוקי מקרא. משבח את ""אלחאכם באמר אללה"". אופי החיבור אינו ברור."
2,990053156340205171,JTS,פיוט;תפילה וברכות. ; Liturgy and Brakhot ; תפילה וברכות
2,990053157040205171,JTS,"פיוט;תוספות של סידור;תפילה וברכות. ; תוספות של סידור: סליחות ""ריקם מרוב עונינו... מעולם סליחה עמך"""
2,990053158180205171,JTS,"פיוט. ; יוצר לחתן אופן לר' שלמה נ""ע: ... שחקים ושיחו לאדמת לבם ?"
2,990053159170205171,JTS,"סדרי ברכות (ברכות הנהנין, השבח, המצוות);תפילה וברכות. ; סדרי ברכות: ברכות התורה וההפטרות ""...כי אתה אבינו וגמ'"" (שם בן ארבע: יוד אחת;מין ט בהמשך)"
2,990053159490205171,JTS,תפילה וברכות. ; Liturgy and Brakhot
2,990053160760205171,JTS,"פיוט;תפילה וברכות;תפילות קבע. ; תפילות קבע: מוסף ראש השנה עמידה ""ליראות להשתחוות לפניך... מלכותך עלינו מהרה"""
2,990053160790205171,JTS,תפילה וברכות. ; בקשות עם תרגום בערבית-יהודית סעיף סעיף בעברית ואחרי כל סעיף תרגום ערבי
2,990053160810205171,JTS,תפילה וברכות. ; תפילה (וידוי?)
2,990053160920205171,JTS,"פיוט;תפילה וברכות;תפילות קבע. ; תפילות קבע: שחרית ימים נוראים עמידה ""שלום לעולם ועד... ברוך אתה יי"" (שם בן ארבע: שלושה יודין בסגול); מוסף ימים נוראים עמידה ""שלום לעולם ועד... ברוך אתה יי"" (שם בן ארבע: שלושה יודין בסגול)"
2,990053160950205171,JTS,תפילה וברכות. ; Liturgy and Brakhot
2,990053161520205171,JTS,תפילה וברכות. ; הגדה של פסח. סוף ההלל. ברכת יהללוך. הוראה בערבית-יהודית לשתות כוס יין
2,990053162540205171,JTS,פיוט. ; Piyyut
2,990053163500205171,JTS,תפילה וברכות. ; Liturgy and Brakhot
2,990053163530205171,JTS,תפילה וברכות. ; Liturgy and Brakhot
2,990053163560205171,JTS,תפילה וברכות. ; Liturgy and Brakhot
2,990053163710205171,JTS,פיוט;תפילה וברכות. ; Piyyut ; פיוט
2,990053163720205171,JTS,פיוט;תפילה וברכות. ; Piyyut ; פיוט
2,990053164110205171,JTS,פיוט;תפילה וברכות. ; Liturgy and Brakhot ; תפילה וברכות
2,990053166140205171,JTS,"משנה תורה;תפילה וברכות. ; Moses b. Maimon, Rambam, Mishneh Torah: Hametz u-Matztzah 34 – 39 ; משה בן מימון, משנה תורה: חמץ ומצה לד – לט"
2,990053166190205171,JTS,"תפילה וברכות;תפילות קבע. ; תפילות קבע: שחרית קריאת שמע וברכותיה ""...ברוך אתה יי"" (שם בן ארבע: שתי יודין;נקודה אחת מלמעלה)"
2,990053166220205171,JTS,"תוספות של סידור;תפילה וברכות. ; תוספות של סידור: הגדה (ועניינים אחרים) של פסח ""ויתנו עלינו עבודה... מצרים לוחצים אותם"" (שם בן ארבע: שלושה יודין בסגול)"
2,990053166310205171,JTS,תפילה וברכות. ; Liturgy and Brakhot
2,990053166400205171,JTS,"פיוט;תוספות של סידור;תפילה וברכות. ; תוספות של סידור: הגדה (ועניינים אחרים) של פסח ""...בחרבה דיינו אלו"""
2,990053167210205171,JTS,"תפילה וברכות;תפילות קבע. ; תפילות קבע: ימים נוראים עמידה ""יי שפתי תפתח... לבני בניהם זכרינו"" (שם בן ארבע: יוי)"
2,990053167230205171,JTS,
2,990053168800205171,JTS,"הלכה. ; הלכות שחיטה בדיקה וניקור (חיבורים שונים) דיני שחיטה והמעכבין את השחיטה; שו""ת בדיני שחיטה וטריפות (ללימוד); הלכות בדיקה וניקור, וכדומה. מהווה אוסף של ליקוטים שונים."
2,990053170680205171,JTS,פיוט;תפילה וברכות;תפילות קבע. ; Liturgy and Brakhot ; תפילה וברכות
2,990053171370205171,JTS,פיוט. ; פיוטים עם הוראות בערבית-יהודית
2,990053171760205171,JTS,"סדרי ברכות (ברכות הנהנין, השבח, המצוות);פיוט;תפילה וברכות;תפילות קבע. ; Liturgy and Brakhot ; תפילה וברכות"
2,990053172770205171,JTS,פיוט;תפילה וברכות;תפילות קבע. ; Liturgy and Brakhot ; תפילה וברכות
2,990053173000205171,JTS,"תפילה וברכות. ; קריאת שמע וברכותיה, עמידה ערבית, פסח הגהה בגליון"
2,990053173060205171,JTS,תפילה וברכות. ; Liturgy and Brakhot
2,990053173100205171,JTS,תפילה וברכות. ; Liturgy and Brakhot
2,990053175790205171,JTS,"פרשנות מקרא. ; פירוש על ויקרא, פרשת תזריע"
2,990053183010205171,JTS,"תוספות של סידור;תפילה קראית. ; תוספות של סידור: אוסף פסוקים ""מצרים לאמר ברעה... חטאה גדולה ויעשו"" (שם בן ארבע: שתי יודין;נקודה אחת מלמעלה)"
2,990053183210205171,JTS,"תוספות של סידור;תפילה וברכות. ; תוספות של סידור: הגדה (ועניינים אחרים) של פסח ""אבינו שפרעה לא..."""
2,990053183570205171,JTS,פיוט. ; סליחות: מה אדם ותדעהו בן אנוש...; אל ארך אפים מיוחד לעולמים
2,990053183660205171,JTS,"פיוט. ; סעדיה בן יוסף גאון, תפילה מזדמנת: בקשות ותפילות אישיות הבקשה השנייה"
2,990053184400205171,JTS,פיוט. ; Piyyut
2,990053188640205171,JTS,פיוט. ; Piyyut
2,990053189400205171,JTS,פיוט. ; סליחות
2,990053190430205171,JTS,דקדוק;פרשנות מקרא;תפסיר ערבי. ; Biblical Exegesis: Genesis Hayyei Sarah 23:6 – 19[סדר הדפים: דף 27 קודם לדף 26] ; פרשנות מקרא: בראשית חיי שרה כג:ו – יט[סדר הדפים: דף 27 קודם לדף 26]
2,990053192480205171,JTS,פיוט;תפילה וברכות. ; Liturgy and Brakhot ; תפילה וברכות
2,990053192490205171,JTS,תפילה וברכות. ; Liturgy and Brakhot
2,990053193130205171,JTS,"סדרי ברכות (ברכות הנהנין, השבח, המצוות);פיוט;תפילה וברכות. ; סדרי ברכות: ברכת המזון ""שאתה חונן ומלוה... מכל צרותינו ועל"" (שם בן ארבע: שלושה יודין בסגול)"
2,990053193260205171,JTS,זוהר;פיוט;תפילה וברכות;תפילות קבע. ; Liturgy and Brakhot ; תפילה וברכות
2,990053194420205171,JTS,"פילוסופיה. ; חיבור פילוסופי, בערבית-יהודית בעניין המקריות (אלחדות')"
2,990053199980205171,JTS,"פיוט. ; עבודה יום כפור, סליחות"
2,990053200980205171,JTS,"סדרי ברכות (ברכות הנהנין, השבח, המצוות);פיוט;תפילה וברכות. ; סדרי ברכות: רצה והחליצינו ""רצה והחליצנו יי... אל עיד אלהינו"" (שם בן ארבע: שלושה יודין בסגול)"
2,990053201020205171,JTS,"פיוט;תוספות של סידור;תפילה וברכות. ; תוספות של סידור: סליחות ""אל מלך יושב... וירד יי בענן"" (שם בן ארבע: שלושה יודין בסגול;מין ט בהמשך)"
2,990053201910205171,JTS,מקרא [טקסט];תפילה וברכות. ; Liturgy and Brakhot ; תפילה וברכות
2,990053202360205171,JTS,הלכה;פיוט. ; אזהרות ?
2,990053205360205171,JTS,פרשנות מקרא;תחום לא מזוהה. ; Biblical Exegesis: Psalms 3:9 – 4:9 ; פרשנות מקרא: תהילים ג:ט – ד:ט
2,990053205630205171,JTS,"פיוט;תוספות של סידור. ; תוספות של סידור: זמירות/בקשות לשבת ולמועדים ""מבינתך יאבר נץ... עור ובשר הלבשתו"" (מנהג: רס""ג;שם בן ארבע: שתי יודין)"
2,990053205850205171,JTS,"פיוט;תפילה וברכות;תפילות קבע. ; תפילות קבע: חול עמידה ""הקדוש חנינו דעה... יי אלהינו ממכאוב"""
2,990053206290205171,JTS,פיוט;תפסיר ערבי. ; Piyyut ; פיוט
2,990053206560205171,JTS,פיוט. ; Piyyut
2,990053207080205171,JTS,"סדרי ברכות (ברכות הנהנין, השבח, המצוות);פיוט;תפילה וברכות;תפילות קבע. ; Liturgy and Brakhot ; תפילה וברכות"
2,990053207090205171,JTS,"סדרי ברכות (ברכות הנהנין, השבח, המצוות);תפילה וברכות. ; Liturgy and Brakhot ; תפילה וברכות"
2,990053207810205171,JTS,"פיוט;תפילה וברכות;תפילות קבע. ; תפילות קבע: ראש השנה עמידה ""כבודיך ועד זקיניך... יי אלהינו את"" (שם בן ארבע: שלושה יודין בסגול)"
2,990053207870205171,JTS,פיוט. ; Piyyut
2,990053207890205171,JTS,פיוט;תפילה וברכות;תפילות קבע. ; Liturgy and Brakhot ; תפילה וברכות
2,990053208100205171,JTS,"סדרי ברכות (ברכות הנהנין, השבח, המצוות);פיוט. ; Brakhot ; סדרי ברכות (ברכות הנהנין, השבח, המצוות)"
2,990053208450205171,JTS,"סדרי ברכות (ברכות הנהנין, השבח, המצוות);תפילה וברכות. ; סדרי ברכות: ברכת המזון ""כלו בטובו בחין... ועל נחלת אבתינו"" (שם בן ארבע: יוי)"
2,990053208790205171,JTS,פיוט;תפילה וברכות;תפילות קבע. ; Liturgy and Brakhot ; תפילה וברכות
2,990053208800205171,JTS,פיוט;תפילה וברכות. ; Liturgy and Brakhot ; תפילה וברכות
2,990053208810205171,JTS,פיוט;תפילה וברכות. ; Liturgy and Brakhot ; תפילה וברכות
2,990053209210205171,JTS,פיוט;תפילה וברכות. ; Liturgy and Brakhot ; תפילה וברכות
2,990053210740205171,JTS,"תפילה וברכות. ; ברכת המזון, עם תרגום ערבי-יהודי"
2,990053214230205171,JTS,פיוט;תפילה וברכות;תפילות קבע. ; Liturgy and Brakhot ; תפילה וברכות
2,990053214430205171,JTS,שירת חול. ; שיר ויען ויאמר על הנמלה
2,990053214660205171,JTS,תפילה וברכות. ; Liturgy and Brakhot
2,990053214680205171,JTS,"פיוט. ; פיוט ""היה עם פיפיות שלוחי עמק"", ועוד"
2,990053215870205171,JTS,פיוט. ; Piyyut
2,990053216230205171,JTS,מוסר;פיוט. ; פיוט על עבודת השם
2,990053216300205171,JTS,הלכה;פיוט. ; אזהרה
2,990053216420205171,JTS,פיוט. ; פיוט: ד' מה אדם
2,990053217030205171,JTS,תפילה וברכות. ; Liturgy and Brakhot
2,990053217560205171,JTS,פיוט. ; סליחות
2,990053218400205171,JTS,פיוט. ; ספר פזמונים (קטע)
2,990053218980205171,JTS,"פיוט;תוספות של סידור;תפילה וברכות;תפילות קבע. ; תפילות קבע: מוסף שבועות עמידה ""...ומורא למקדש תקם"" (שם בן ארבע: שלושה יודין); תוספות של סידור: אזהרות ""...ומורא למקדש תקם"" (שם בן ארבע: שלושה יודין)"
2,990053219470205171,JTS,"פיוט. ; סעדיה בן יוסף גאון, תפילה מזדמנת: בקשות ותפילות אישיות הבקשה הראשונה"
2,990053219690205171,JTS,פיוט. ; Piyyut
2,990053219820205171,JTS,"תפילה וברכות;תפילות קבע. ; תפילות קבע: שחרית חול פסוקי דזמרה ""המעשים הבוחר בשירי... אלהינו מלך העולם"" (שם בן ארבע: שלושה יודין;מין ט בהמשך)[מידע מצרוף.]; קריאת שמע וברכותיה ""המעשים הבוחר בשירי... אלהינו מלך העולם"" (שם בן ארבע: שלושה יודין;מין ט בהמשך)[מידע מצרוף.]"
2,990053220450205171,JTS,תפילה וברכות. ; Liturgy and Brakhot
2,990053220480205171,JTS,"תפילה וברכות;תפילות קבע. ; תפילות קבע: עמידה ""אלהי נצור לשוני... לשמך הגדול סלה"" (שם בן ארבע: שתי יודין;מין ט בהמשך); חנוכה על הניסים"
2,990053220830205171,JTS,פיוט. ; הושענא
2,990053221730205171,JTS,"פיוט;תפילה וברכות;תפילות קבע. ; תפילות קבע: פסח עמידה ""ובחג השבועות ובחג... ישראל עמיך בימינו"" (שם בן ארבע: שלושה יודין;מין ט בהמשך)[מידע מצרוף.]"
2,990053221790205171,JTS,פיוט;תפילה וברכות;תפילות קבע. ; Liturgy and Brakhot ; תפילה וברכות
2,990053222090205171,JTS,פיוט. ; Piyyut
2,990053222260205171,JTS,"תפילה וברכות;תפילות קבע. ; תפילות קבע: ערבית קריאת שמע וברכותיה ""ברוך הוא וברוך... הר עשו והיתה"" (שם בן ארבע: שלושה יודין בסגול)"
2,990053222290205171,JTS,"תפילה וברכות;תפילות קבע. ; תפילות קבע: פסח עמידה ""...אלהינו באהבה מועדים"" (שם בן ארבע: שלושה יודין בסגול;מין ט בהמשך)[מידע מצרוף.]"
2,990053222750205171,JTS,"סדרי ברכות (ברכות הנהנין, השבח, המצוות);פיוט;תוספות של סידור;תפילה וברכות;תפילות קבע. ; Brakhot: Grace after meals ; תוספות של סידור: הגדה (ועניינים אחרים) של פסח ""ואתן לו את... עצמו כאילו הוא"" (שם בן ארבע: שלושה יודין;שלוש נקודות מלמעלה)"
2,990053222760205171,JTS,"סדרי ברכות (ברכות הנהנין, השבח, המצוות);פיוט;תפילה וברכות;תפילות קבע. ; Brakhot: Grace after meals ; הגדה של פסח"
2,990053222880205171,JTS,
2,990053223240205171,JTS,פיוט. ; Piyyut
2,990053223270205171,JTS,פיוט. ; Piyyut
2,990053223400205171,JTS,פיוט. ; Piyyut
2,990053223950205171,JTS,פיוט. ; Piyyut
2,990053224550205171,JTS,תפילה וברכות. ; Liturgy and Brakhot
2,990053226810205171,JTS,"סדרי ברכות (ברכות הנהנין, השבח, המצוות);פיוט;תפילה וברכות;תפילות קבע. ; סדרי ברכות: קידוש ""ישראל וראשי חדשים... חדשה ככתוב חדשה"" (שם בן ארבע: שתי יודין;קו מלמעלה); ברכת המזון ""ישראל וראשי חדשים... חדשה ככתוב חדשה"" (שם בן ארבע: שתי יודין;קו מלמעלה)"
2,990053226860205171,JTS,"תרגומים ארמיים. ; תרגום ערבי-יהודי במדבר כט:טז-כט, ל:יד - לא:ח"
2,990053227200205171,JTS,תוספות של סידור;תפילה וברכות. ; Liturgy and Brakhot ; תפילה וברכות
2,990053227360205171,JTS,"תפילה וברכות;תפילות קבע. ; Common Prayers: Arvit Weekday ; תפילות קבע: ערבית ""...יי מגן אברהם"" (שם בן ארבע: שלושה יודין בסגול)"
2,990053227370205171,JTS,תפילה וברכות;תפילות קבע. ; Common Prayers: Arvit Weekday ; תפילות קבע: ערבית חול
2,990053227390205171,JTS,תפילה וברכות. ; Liturgy and Brakhot
2,990053227400205171,JTS,"תפילה וברכות;תפילות קבע. ; תפילות קבע: יום הכיפורים עמידה ""קדשתנו במצותיך קרבתנו... אנכי הוא מוחה"" (שם בן ארבע: שלושה יודין בסגול)"
2,990053227420205171,JTS,תפילה וברכות. ; Liturgy and Brakhot
2,990053227430205171,JTS,תפילה וברכות. ; Liturgy and Brakhot
2,990053227460205171,JTS,תפילה וברכות. ; Liturgy and Brakhot
2,990053227820205171,JTS,"סדרי ברכות (ברכות הנהנין, השבח, המצוות);תפילה וברכות. ; סדרי ברכות: ברכת המזון ""חוקי רצונך שהודעתנו... והחליצנו יי אלהינו"" (שם בן ארבע: שלושה יודין בסגול)"
2,990053229150205171,JTS,"סדרי ברכות (ברכות הנהנין, השבח, המצוות);תפילה וברכות. ; סדרי ברכות: קידוש ""...להודיע כי בנו"" (שם בן ארבע: שלושה יודין)[קידוש לפסח.]"
2,990053229160205171,JTS,פיוט. ; Piyyut
2,990053229400205171,JTS,"פיוט. ; סעדיה בן יוסף גאון, תפילה מזדמנת: בקשות ותפילות אישיות הבקשה הראשונה"
2,990053229470205171,JTS,תפילה וברכות. ; Liturgy and Brakhot
2,990053229660205171,JTS,"פיוט. ; פיוטי יוצר, אופן, אהבה"
2,990053230720205171,JTS,"תפילה וברכות;תפילות קבע. ; תפילות קבע: מוסף מועדים עמידה ""שכינה לתוכו והשב... פני יי אלהיך"" (שם בן ארבע: שלושה יודין בסגול)"
2,990053230930205171,JTS,הלכה;פיוט. ; אזהרה לפ' בראשית
2,990053231280205171,JTS,פיוט. ; פיוטי הושענא להושענא רבא
2,990053231530205171,JTS,פיוט. ; סליחות
2,990053232660205171,JTS,גלוסארים;תרגומים ארמיים. ; אלפאט' דברים פירושי מלים בודדות מספר דברים
2,990053234940205171,JTS,תפילה וברכות. ; Liturgy and Brakhot
2,990053234950205171,JTS,"סדרי ברכות (ברכות הנהנין, השבח, המצוות);תפילה וברכות. ; סדרי ברכות: ברכת המזון ""הרחמן הוא יחיינו... עושה שמים וארץ"" (שם בן ארבע: שתי יודין)"
2,990053235200205171,JTS,פיוט. ; סליחות
2,990053236900205171,JTS,"תפילה וברכות;תפילות קבע. ; תפילות קבע: מוסף ראש השנה עמידה ""להזכירם לחיים ולמות... נאם יי אלהינו"" (שם בן ארבע: שלושה יודין בסגול)"
2,990053237080205171,JTS,פיוט. ; פיוט פורים הגהה בגליון
2,990053237500205171,JTS,פיוט;תפילה וברכות. ; Liturgy and Brakhot ; תפילה וברכות
2,990053237510205171,JTS,תפילה וברכות. ; Liturgy and Brakhot
2,990053238160205171,JTS,פיוט. ; סליחות
2,990053238400205171,JTS,תפילה וברכות. ; Liturgy and Brakhot
2,990053238690205171,JTS,תפילה וברכות;תפילות קבע. ; Liturgy and Brakhot ; תפילה וברכות
2,990053238740205171,JTS,"תוספות של סידור;תפילה וברכות. ; תוספות של סידור: הגדה (ועניינים אחרים) של פסח ""לזמן הזה ויתכי... בורא פרי הגפן"" (שם בן ארבע: שלושה יודין בסגול)"
2,990053239490205171,JTS,"מוסר;פיוט. ; פיוטים פיוטי וידוי, תשובה"
2,990053239870205171,JTS,פילוסופיה. ; קטע ערבי-יהודי בענייני אמונה נבואת משה רבינו הגהות בין השיטין ובגליונות
2,990053240470205171,JTS,פיוט. ; Piyyut
2,990053241770205171,JTS,"פיוט;תפילות קבע. ; תפילות קבע: ימים נוראים ""ונאמר ויצוינו יי... ישראל ברוב עוז"" (שם בן ארבע: שלושה יודין בסגול)"
2,990053241960205171,JTS,פיוט. ; Piyyut
2,990053242050205171,JTS,מקרא [טקסט]. ; Bible: Numbers 31:13 – 21 ; מקרא: במדבר לא:יג – כא
2,990053242680205171,JTS,"תפילה וברכות;תפילות קבע. ; תפילות קבע: הלל ""הללויה הללו עבדי... עמו מושיבי עקרת"" (שם בן ארבע: יוי)"
2,990053245140205171,JTS,פיוט. ; Piyyut
2,990053245750205171,JTS,פיוט;תפילה וברכות. ; Liturgy and Brakhot ; תפילה וברכות
2,990053246850205171,JTS,"תפילה וברכות;תפילות קבע. ; תפילות קבע: חול עמידה ""ותחזינה עינינו בשובך... וחסדיך וטובותיך אשר"" (שם בן ארבע: יוי)[מידע מצרוף.]"
2,990053246900205171,JTS,פיוט. ; סליחות
2,990053247290205171,JTS,"סדרי ברכות (ברכות הנהנין, השבח, המצוות);תפילה וברכות. ; סדרי ברכות: ברכת המזון ""...ויגון ביום מנוחתינו""[ברכת המזון - שבת.]"
2,990053247640205171,JTS,"תפילה וברכות;תפילות קבע. ; תפילות קבע: שחרית קודם התפילה ""לשמך חייבין אנו... שמע ישראל יי"" (שם בן ארבע: שתי יודין;נקודה אחת מלמעלה)"
2,990053247950205171,JTS,פיוט;תפילה וברכות. ; Piyyut ; פיוט
2,990053251530205171,JTS,"פיוט;תפילה וברכות;תפילות קבע. ; תפילות קבע: שחרית קריאת שמע וברכותיה ""...יעזבונו נצח סלה"" (שם בן ארבע: שלושה יודין בסגול)"
2,990053252060205171,JTS,סיפורת וספרות יפה;פרשנות מקרא;תחום לא מזוהה. ; Biblical Exegesis: Leviticus 1:8 – 12 ; פרשנות מקרא: ויקרא א:ח – יב
2,990053252870205171,JTS,תפילה וברכות. ; Liturgy and Brakhot
2,990053254750205171,JTS,"מקרא [טקסט];תפילה וברכות;תפילות קבע. ; תפילות קבע: מוסף ראש השנה עמידה ""...לא זרועה וכתוב"" (שם בן ארבע: יוי;קו מלמעלה)"
2,990053255380205171,JTS,פיוט. ; Piyyut
2,990053255620205171,JTS,פרשנות מקרא. ; Biblical Exegesis: Deuteronomy 26 – 27 ; פרשנות מקרא: דברים כו – כז
2,990053256220205171,JTS,"תפילה וברכות;תפילות קבע. ; תפילות קבע: יום הכיפורים עמידה ""מיתה בידי שמים... אתה סלחן לישראל"" (שם בן ארבע: שלושה יודין;קו מלמעלה)"
2,990053256980205171,JTS,"תוספות של סידור;תפילה וברכות. ; תוספות של סידור: סליחות ""אלהינו שבשמים נחמנו... יקדמו רוגזיך דלות"" (שם בן ארבע: שלושה יודין בסגול;מין ט בהמשך)"
2,990053258350205171,JTS,פיוט;תפילה וברכות;תפילות קבע. ; Liturgy and Brakhot ; תפילה וברכות
2,990053259540205171,JTS,
2,990053261290205171,JTS,"סדרי ברכות (ברכות הנהנין, השבח, המצוות);פיוט;תפילה וברכות;תפילות קבע. ; סדרי ברכות: ברכת המזון ""הרחמן יברך כל..."" (שם בן ארבע: שלושה יודין בסגול)"
2,990053261300205171,JTS,"סדרי ברכות (ברכות הנהנין, השבח, המצוות);תפילה וברכות. ; סדרי ברכות: ברכת המזון ""טובה ורחבה ברית..."" (שם בן ארבע: שלושה יודין בסגול)[ברכת המזון - פסח.]"
2,990053262240205171,JTS,פיוט;תפילה וברכות;תפילות קבע. ; Liturgy and Brakhot ; תפילה וברכות
2,990053262820205171,JTS,"תפילה וברכות;תפילות קבע. ; תפילות קבע: הלל ""ותהי לי לישועה..."" (שם בן ארבע: שלושה יודין בסגול)"
2,990053263650205171,JTS,"תפילה וברכות;תפילות קבע. ; תפילות קבע: שחרית חול סדר היום ""זכור כי עפר... נלד לבהלה כן"""
2,990053265520205171,JTS,תרגומים ארמיים. ; תרגום ערבי-יהודי שמות א:י-כב
2,990053265920205171,JTS,פיוט;תפילה וברכות;תפילות קבע. ; Piyyut ; פיוט
2,990053265940205171,JTS,"תפילה וברכות;תפילות קבע. ; תפילות קבע: עלינו לשבח ""...כל רשעי ארץ"" (שם בן ארבע: שלושה יודין בסגול)"
2,990053266590205171,JTS,"תוספות של סידור;תפילה וברכות. ; תוספות של סידור: הגדה (ועניינים אחרים) של פסח ""בית יעקב מעם... אשר גאלנו וגאל"" (שם בן ארבע: שתי יודין;קו מלמעלה)"
2,990053270600205171,JTS,פיוט. ; Piyyut
2,990053273290205171,JTS,פיוט;תפילה וברכות. ; עמידה יום כיפור; פיוטים
2,990053274480205171,JTS,"תוספות של סידור;תפילה וברכות. ; תוספות של סידור: הגדה (ועניינים אחרים) של פסח ""אילו הייתה שם... שמצה ומרור לפניך"" (שם בן ארבע: שלושה יודין בסגול)"
2,990053274910205171,JTS,פיוט. ; Piyyut
2,990053275880205171,JTS,"תוספות של סידור;תפילה וברכות. ; תוספות של סידור: אוסף פסוקים ""בצום נפשי ותפילתי... כמו הגה כי"" (שם בן ארבע: שלושה יודין בסגול)"
2,990053276480205171,JTS,פיוט. ; Piyyut
2,990053276890205171,JTS,"פיוט. ; סעדיה בן יוסף גאון, תפילה מזדמנת: בקשות ותפילות אישיות הבקשה הראשונה"
2,990053279100205171,JTS,"מקרא [טקסט];פיוט;שירת חול;תוספות של סידור;תפילה וברכות. ; תוספות של סידור: אוסף פסוקים ""דרשו יי בהמצאו..."" (שם בן ארבע: שתי יודין;נקודה אחת מלמעלה)"
2,990053279200205171,JTS,"פיוט;תפילה וברכות;תפילות קבע. ; תפילות קבע: שבועות עמידה ""...ופקדינו בו לברכה"" (שם בן ארבע: שלושה יודין בסגול)"
2,990053279210205171,JTS,פיוט. ; Piyyut
2,990053288930205171,JTS,פיוט;תפילה וברכות;תפילות קבע. ; Liturgy and Brakhot ; תפילה וברכות
2,990053292630205171,JTS,פיוט;תפילה וברכות;תפילות קבע. ; Common Prayers: Musaf Rosh ha-Shanah ; תפילות קבע: מוסף ראש השנה
2,990053292910205171,JTS,"מקרא [טקסט];סדרי ברכות (ברכות הנהנין, השבח, המצוות);פיוט;תפילות קבע. ; Brakhot: Grace after meals ; פיוט ברכת המזון פסח, תהילים כט:א-יא"
2,990053297060205171,JTS,"תפילה קראית;תפילות קבע. ; תפילות קבע: יום הכיפורים ""אמן ואמן אני..."" (שם בן ארבע: יוי)[מידע מצרוף.]"
2,990053298960205171,JTS,"סדרי ברכות (ברכות הנהנין, השבח, המצוות);פיוט;תפילה וברכות;תפילות קבע. ; סדרי ברכות: ברכת המזון ""ברוך שאכלנו משלו..."" (שם בן ארבע: שתי יודין;קו מלמעלה)"
2,990053302980205171,JTS,"פיוט;תוספות של סידור;תפילה וברכות. ; תוספות של סידור: סליחות ""כלה נא מיאדום... נא אל אלהי"""
2,990053307180205171,JTS,"פיוט;שירת חול. ; פיוט: יפתה עלמת חן, בת הנדיבים קוטב כסף יבדיל הא-לקים כתם מחול"
2,990053309010205171,JTS,"פיוט;תפילה וברכות;תפילות קבע. ; תפילות קבע: מוסף ראש השנה עמידה ""...ויום הזכרון תשרת"" (שם בן ארבע: שלושה יודין בסגול)"
2,990053336170205171,JTS,
2,990053336200205171,JTS,
2,990053336250205171,JTS,
2,990053336280205171,JTS,
2,990053336330205171,JTS,
2,990053336390205171,JTS,
2,990053336460205171,JTS,
2,990053336540205171,JTS,
2,990053336590205171,JTS,
2,990053336620205171,JTS,
2,990053336730205171,JTS,
2,990053336750205171,JTS,
2,990053344850205171,JTS,
2,990053350700205171,JTS,מקרא [טקסט]. ; Bible: Leviticus 14:57 – 16:2 Parva Massora; 18:20 – 19:32 Parva Massora ; מקרא: ויקרא יד:נז – טז:ב מסורה קטנה; יח:כ – יט:לב מסורה קטנה
2,990053352500205171,JTS,
2,990053355660205171,JTS,מקרא [טקסט]. ; Bible: Deuteronomy 24:11 – 28:65 ; מקרא: דברים כד:יא – כח:סה
2,990053356930205171,JTS,מקרא [טקסט];תרגומים ארמיים. ; Bible: Deuteronomy 1:17 – 3:24 ; מקרא: דברים א:יז – ג:כד
2,990053357040205171,JTS,שירת חול;תרגומים ארמיים. ; Aramaic Targumim: Exodus 12:12 – 51 ; תרגומים ארמיים: שמות יב:יב – נא
2,990053363490205171,JTS,
2,990053364590205171,JTS,מקרא [טקסט]. ; מקרא: יהושע; שופטים; שמואל א; שמואל ב; מלכים א; מלכים ב; ישעיהו; ירמיהו; יחזקאל; תהילים; משלי; איוב; תרי עשר; חמש מגילות; דניאל; עזרא; נחמיה; דברי הימים א; דברי הימים ב
2,990053365310205171,JTS,מקרא [טקסט]. ; Bible ; מקרא
2,990053366510205171,JTS,מקרא [טקסט].
2,990053366680205171,JTS,מקרא [טקסט]. ; Bible ; מקרא
2,990053372670205171,JTS,הלכה.
2,990053373570205171,JTS,תפילה וברכות. ; Liturgy and Brakhot
2,990053373590205171,JTS,"תפילה וברכות;תפילות קבע. ; תפילות קבע: ערבית קריאת שמע וברכותיה ""לבבינו אליו ללכת... שמו תמיד ימלוך"""
2,990053374240205171,JTS,"תפילה וברכות;תפילות קבע. ; תפילות קבע: חול עמידה ""ועננו יהיו לרצון... והנורא שיתקדש בעולם"" (שם בן ארבע: שלושה יודין בסגול); תחנון ""ועננו יהיו לרצון... והנורא שיתקדש בעולם"" (שם בן ארבע: שלושה יודין בסגול)"
2,990053374310205171,JTS,"תפילה וברכות;תפילות קבע. ; תפילות קבע: עמידה ""...עמו ישראל בשלום"""
2,990053374320205171,JTS,"תפילה וברכות;תפילות קבע. ; תפילות קבע: ערבית חול קריאת שמע וברכותיה ""ואמן וברוך שם... תמיד לעולם ועד"" (שם בן ארבע: שלושה יודין)"
2,990053374430205171,JTS,תפילה וברכות. ; Liturgy and Brakhot
2,990053376490205171,JTS,מקרא [טקסט]. ; Bible ; מקרא
2,990053381320205171,JTS,
2,990053383770205171,JTS,
2,990053384760205171,JTS,
2,990053384950205171,JTS,
2,990053388680205171,Oxford,מקרא [טקסט]. ; Bible: Numbers 20:10 – 21:15; 26:16 – 59 ; מקרא: במדבר כ:י – כא:טו; כו:טז – נט
2,990053392850205171,Oxford,"Doubtful if genizah, Identifications' details are currently unavailable ; ספק גניזה, אין בידנו לעת עתה פרטים על תוכנו של הקטע"
2,990053393250205171,Oxford,"Doubtful if genizah, Identifications' details are currently unavailable ; ספק גניזה, אין בידנו לעת עתה פרטים על תוכנו של הקטע"
2,990053393260205171,Oxford,"Doubtful if genizah, Identifications' details are currently unavailable ; ספק גניזה, אין בידנו לעת עתה פרטים על תוכנו של הקטע"
2,990053393270205171,Oxford,"Doubtful if genizah, Identifications' details are currently unavailable ; ספק גניזה, אין בידנו לעת עתה פרטים על תוכנו של הקטע"
2,990053393440205171,Oxford,"פיוט. ; Piyyut (Shevu'ot): ""אז ילידי ביתו. הם יאכלו בלחמו. ואם יגע בטומאה מן הקודש הוא יכרת. את שם המיוחד שלא לקלל"" ; פיוט (שבועות): ""אז ילידי ביתו. הם יאכלו בלחמו. ואם יגע בטומאה מן הקודש הוא יכרת. את שם המיוחד שלא לקלל"""
2,990053395940205171,Oxford,פרשנות מקרא;תפסיר ערבי. ; Biblical Exegesis ; פרשנות מקרא
2,990053402000205171,Oxford,"פיוט;תפילה וברכות;תפילות קבע. ; תפילה וברכות: מ לסכוי בינה עד הללויה; שחרית שבע ברכות[for שחרית, מוסף, מנחה]; ברכות[headed:ואגבאת אלטעאם; incomplete, only a part of ברכת מזון]; נשמת[with following remaek:אלי ההונא אנתהת אלזואיד פי אלצלואת אלדי יטלבהא מן אראד אלכמאל]"
2,990053403260205171,Oxford,"חכמת הלשון. ; . Fragment of a grammatical treatise on the plural and dual, on the particles, their use and meaning, on the gender of the substantive, and on the numerals"
2,990053405670205171,Oxford,"Doubtful if genizah, Identifications' details are currently unavailable ; ספק גניזה, אין בידנו לעת עתה פרטים על תוכנו של הקטע"
2,990053405690205171,Oxford,"Doubtful if genizah, Identifications' details are currently unavailable ; ספק גניזה, אין בידנו לעת עתה פרטים על תוכנו של הקטע"
2,990053405750205171,Oxford,"Doubtful if genizah, Identifications' details are currently unavailable ; ספק גניזה, אין בידנו לעת עתה פרטים על תוכנו של הקטע"
2,990053405790205171,Oxford,"Doubtful if genizah, Identifications' details are currently unavailable ; ספק גניזה, אין בידנו לעת עתה פרטים על תוכנו של הקטע"
2,990053405810205171,Oxford,"Doubtful if genizah, Identifications' details are currently unavailable ; ספק גניזה, אין בידנו לעת עתה פרטים על תוכנו של הקטע"
2,990053405850205171,Oxford,"Doubtful if genizah, Identifications' details are currently unavailable ; ספק גניזה, אין בידנו לעת עתה פרטים על תוכנו של הקטע"
2,990053405880205171,Oxford,"Doubtful if genizah, Identifications' details are currently unavailable ; ספק גניזה, אין בידנו לעת עתה פרטים על תוכנו של הקטע"
2,990053405950205171,Oxford,"Doubtful if genizah, Identifications' details are currently unavailable ; ספק גניזה, אין בידנו לעת עתה פרטים על תוכנו של הקטע"
2,990053405980205171,Oxford,"Doubtful if genizah, Identifications' details are currently unavailable ; ספק גניזה, אין בידנו לעת עתה פרטים על תוכנו של הקטע"
2,990053405990205171,Oxford,"Doubtful if genizah, Identifications' details are currently unavailable ; ספק גניזה, אין בידנו לעת עתה פרטים על תוכנו של הקטע"
2,990053406040205171,Oxford,"Doubtful if genizah, Identifications' details are currently unavailable ; ספק גניזה, אין בידנו לעת עתה פרטים על תוכנו של הקטע"
2,990053406050205171,Oxford,"Doubtful if genizah, Identifications' details are currently unavailable ; ספק גניזה, אין בידנו לעת עתה פרטים על תוכנו של הקטע"
2,990053406510205171,Oxford,סדור תפלה (קטע).
2,990053407700205171,Oxford,"פיוט. ; Piyyut (Selihot) (Selihot): ""תחינת מתודים ותהיה למנחה חשובה. אמורה בקול מחמדים ובעט אהבה כתובה""[marked on the margin קקה] (Selihot): ""רחמיך שאלתי וכלו לישעך עיני""[marked ק'ק'ו']""הבצר הרחיבה. לעד הלך בקרובה לבה""[marked ק'ק'ז'] (Selihot): ""אוכיח בפי רוחי הזכרתי מרי שיחי""[marked ק'ק'ח'] (Selihot): ""את רוחי אוכיחה בלבבי אשיחה""[marked ק'ק'ט'] (Selihot): ""אני בחפשי את רוחי. הביעי מה שיחי""[marked ק'ק'י']""אשרי איש שם לבו. בין יבין סוד חובו. רואה מעשים בקרבו""[marked קקי'א] (Selihot): ""אלה כוכבי מרום. גם בצפון גם בדרום""[marked ק'ק'י'ב] (Selihot): ""ממרום קול עובר. באזני לילה וחובר""[marked ק'ק'י'ג] (Selihot): ""שטר עלי בעדים""[marked ק'ק'י'ד] (Qedushta): ""בשם יֿיֿ אדמות ומרומות נקראו אורות""[marked ק'ק'ט'ו] (Selihot): ""מרום וקדוש שעה שועת""[marked ק'ק'י'ו] (Selihot): ""חרדים לבית תפלתם""[marked ק'ק'י'ז] ; פיוט (סליחות) (סליחות): ""תחינת מתודים ותהיה למנחה חשובה. אמורה בקול מחמדים ובעט אהבה כתובה""[marked on the margin קקה] (סליחות): ""רחמיך שאלתי וכלו לישעך עיני""[marked ק'ק'ו']""הבצר הרחיבה. לעד הלך בקרובה לבה""[marked ק'ק'ז'] (סליחות): ""אוכיח בפי רוחי הזכרתי מרי שיחי""[marked ק'ק'ח'] (סליחות): ""את רוחי אוכיחה בלבבי אשיחה""[marked ק'ק'ט'] (סליחות): ""אני בחפשי את רוחי. הביעי מה שיחי""[marked ק'ק'י']""אשרי איש שם לבו. בין יבין סוד חובו. רואה מעשים בקרבו""[marked קקי'א] (סליחות): ""אלה כוכבי מרום. גם בצפון גם בדרום""[marked ק'ק'י'ב] (סליחות): ""ממרום קול עובר. באזני לילה וחובר""[marked ק'ק'י'ג] (סליחות): ""שטר עלי בעדים""[marked ק'ק'י'ד] (קדושתא): ""בשם יֿיֿ אדמות ומרומות נקראו אורות""[marked ק'ק'ט'ו] (סליחות): ""מרום וקדוש שעה שועת""[marked ק'ק'י'ו] (סליחות): ""חרדים לבית תפלתם""[marked ק'ק'י'ז]"
2,990053409740205171,Oxford,
2,990053411410205171,Oxford,פיוט;תפילה וברכות;תפילות קבע. ; תפילה: ואתה עתיד להחזירה לי כל זמן-נזכיר שמך מלכינו אלהינו יחד
2,990053411630205171,Oxford,"פיוט;תפילות קבע. ; Piyyut: ""תודה ומנחה כשבה ושעירה""[incomplete]""ותודיענו משפטי צדקך""[rules followed by] (Shevu'ot)[headed: צלאת ליום שבועות] ; פיוט: ""תודה ומנחה כשבה ושעירה""[incomplete]""ותודיענו משפטי צדקך""[rules followed by] (שבועות)[headed: צלאת ליום שבועות]"
2,990053411640205171,Oxford,"פיוט;תפילות קבע. ; Piyyut: ""תודה ומנחה כשבה ושעירה""[incomplete]""ותודיענו משפטי צדקך""[rules followed by] (Shevu'ot)[headed: צלאת ליום שבועות] ; פיוט: ""תודה ומנחה כשבה ושעירה""[incomplete]""ותודיענו משפטי צדקך""[rules followed by] (שבועות)[headed: צלאת ליום שבועות]"
2,990053411790205171,Oxford,"מקרא [טקסט];עזרי הוראה, נסיונות קולמוס, תרגילי כתיבה, שרבוטים;פיוט;תפילה וברכות;תפילות קבע. ; scribbling in Arabic characters"
2,990053411980205171,Oxford,"פיוט;תפילה וברכות;תפילות קבע. ; מועד התפילה: יום הכיפורים, מועד התפילה: ראש השנה, מספר הקטע: 19b, מספר הקטע: 34b"
2,990053412020205171,Oxford,"פיוט;תפילה וברכות;תפילות קבע. ; מועד התפילה: יום הכיפורים, מועד התפילה: ראש השנה, מספר הקטע: 19b, מספר הקטע: 34b"
2,990053412050205171,Oxford,"פיוט;תפילה וברכות;תפילות קבע. ; מועד התפילה: יום הכיפורים, מועד התפילה: ראש השנה, מספר הקטע: 19b, מספר הקטע: 34b"
2,990053412070205171,Oxford,"פיוט;תפילה וברכות;תפילות קבע. ; מועד התפילה: יום הכיפורים, מועד התפילה: ראש השנה, מספר הקטע: 19b, מספר הקטע: 34b"
2,990053412080205171,Oxford,"פיוט;תפילה וברכות;תפילות קבע. ; מועד התפילה: יום הכיפורים, מועד התפילה: ראש השנה, מספר הקטע: 19b, מספר הקטע: 34b"
2,990053412120205171,Oxford,"פיוט;תפילה וברכות;תפילות קבע. ; מועד התפילה: יום הכיפורים, מועד התפילה: ראש השנה, מספר הקטע: 19b, מספר הקטע: 34b"
2,990053412170205171,Oxford,"פיוט;תפילה וברכות;תפילות קבע. ; מועד התפילה: יום הכיפורים, מועד התפילה: ראש השנה, מספר הקטע: 19b, מספר הקטע: 34b"
2,990053412220205171,Oxford,פיוט;תוספות של סידור;תפילות קבע. ; Liturgical additions: Haggadah (and other matters) of Pesach ; תוספות של סידור: הגדה (ועניינים אחרים) של פסח
2,990053412240205171,Oxford,פיוט;תוספות של סידור;תפילות קבע. ; Liturgical additions: Haggadah (and other matters) of Pesach ; תוספות של סידור: הגדה (ועניינים אחרים) של פסח
2,990053412250205171,Oxford,פיוט;תוספות של סידור;תפילות קבע. ; Liturgical additions: Haggadah (and other matters) of Pesach ; תוספות של סידור: הגדה (ועניינים אחרים) של פסח
2,990053412320205171,Oxford,"פיוט. ; Piyyut: ""[אזהרת ראשית]... וכתוביו משולשים אחת עשרה-חקרי הלכות וסדרים ששה"" ; פיוט: ""[אזהרת ראשית]... וכתוביו משולשים אחת עשרה-חקרי הלכות וסדרים ששה"""
2,990053412360205171,Oxford,"פיוט. ; פיוט (שבועות): ""אנכי יצאתי לישעך בארץ מעבידים"" (סולימן)"
2,990053412420205171,Oxford,"פיוט;תפילה וברכות. ; Fragments of prayer-books, with Arabic rules"
2,990053412430205171,Oxford,"פיוט;תפילה וברכות. ; Fragments of prayer-books, with Arabic rules"
2,990053412540205171,Oxford,"פיוט;תפילה וברכות. ; Fragments of prayer-books, with Arabic rules"
2,990053412550205171,Oxford,"פיוט;תפילה וברכות. ; Fragments of prayer-books, with Arabic rules"
2,990053412620205171,Oxford,"פיוט;תפילה וברכות. ; Fragments of prayer-books, with Arabic rules"
2,990053413580205171,Oxford,פרשנות מקרא קראית;תפסיר ערבי. ; Biblical Exegesis - Karaite: Leviticus ; פרשנות מקרא קראית: ויקרא
2,990053413780205171,Oxford,פיוט;תפילה וברכות;תפילות קבע. ; A fragment of a prayer-book with Arabic rules
2,990053413790205171,Oxford,פיוט;תפילה וברכות;תפילות קבע. ; תפילה: שמונה עשרה
2,990053414010205171,Oxford,"פיוט;תפילה וברכות. ; Saadiah b. Joseph al-Fayyumi (Saadiah Gaon), Occasional prayer: Baqqashot and Personal Prayers ; סעדיה בן יוסף גאון, תפילה מזדמנת: בקשות ותפילות אישיות"
2,990053414390205171,Oxford,A fragment of an Arabic vocabulary to Judges
2,990053414730205171,Oxford,פיוט;תפילות קבע. ; Piyyut (Rosh ha-Shanah) ; פיוט (ראש השנה)
2,990053416550205171,Oxford,"פיוט. ; Fragment of the divan of Judah ha-Levi, as in No. 1970, ii, 39 and 40"
2,990053416670205171,Oxford,"פיוט. ; Piyyut: ""אלהי יגורתי מרוב זדונותי""[י' begins]""אבן בוחן פינה"" (Qedushta: ""אזי בהר המר"" (Qedushta: ""איש תם יושב אהלי"" for Yom Ha-Kippurim): ""אתויים בחילה בבית התפלה"" for Yom Ha-Kippurim): ""אתה אל אלוה אדיר"" for Yom Ha-Kippurim): ""היושב באדר מרומים"" for Yom Ha-Kippurim): ""אשורינו (אל נא) לא תמעד"" (Qedushta for Yom Ha-Kippurim): ""איש קורא בגרון"" (Qedushta for Yom Ha-Kippurim): ""אולף ראש כהניי"" for Yom Ha-Kippurim): ""אין ערוך אליך"" for Yom Ha-Kippurim): ""אלה אזכרה ותדמע עיני"" for Yom Ha-Kippurim): ""אידת קטורה בכף""אמרו לאלוהים מה נורה"" for Yom Ha-Kippurim): ""אשרי תקרב ומבחר"" for Yom Ha-Kippurim): ""אפר ועפר אבק מעופר"" for Yom Ha-Kippurim): ""אל שת מאז מעונו""מעשה אלהינו... אדיר בויעודו ברום"" for Yom Ha-Kippurim): ""ברכי אברת ואמצת"" for Yom Ha-Kippurim): ""גדלת מואד מכל התוכפים"" for Yom Ha-Kippurim): ""ואישך הדולקת מבלתי עצים"" for Yom Ha-Kippurim): ""תבונתך גבהה מכל התבונות"" for Yom Ha-Kippurim): ""כאוהל מתחתה תקרא"" for Yom Ha-Kippurim): ""האוצר ים המים העליונים""[incomplete] for Yom Ha-Kippurim): ""עו' מל רו הרועץ סולם מוצב""[based on עושה מלאכיו רוחות; ר' beg. :] for Yom Ha-Kippurim): ""אורחיו למו כי המה"" for Yom Ha-Kippurim): ""אילי מרום אומרים הלולו"" for Yom Ha-Kippurim): ""האימה תתכבד"" for Yom Ha-Kippurim): ""היודעים סוחו המכירה חילו"" for Yom Ha-Kippurim): ""אל כרוב עצות""[incomplete] for Yom Ha-Kippurim) for Yom Ha-Kippurim): ""מר וקד תולה ארץ על בלימה יתקדש"" for Yom Ha-Kippurim): ""האחד בעולמו ואין שני לו"" (Qalir) for Yom Ha-Kippurim): ""האוחז ביד מידת משפט"" for Yom Ha-Kippurim): ""התומכים ממזר לאליל השוחחים"" for Yom Ha-Kippurim): ""תולה ארץ על בלימה"" for Yom Ha-Kippurim): ""האומרים אב ובן ורוח שליש"" for Yom Ha-Kippurim): ""אאשרה חזום (?) אלהי עולם"" for Yom Ha-Kippurim): ""ימלוך איום באימה"" for Yom Ha-Kippurim): ""היה עם פיפיות"" for Yom Ha-Kippurim): ""אזרתה עוז מלפנים"" for Yom Ha-Kippurim): ""אילי אילי אזון תחן פלולי"" for Yom Ha-Kippurim): ""אזכיר גבורות""[incomplete, ends with part of ה]"
2,990053424450205171,Oxford,"עזרי הוראה, נסיונות קולמוס, תרגילי כתיבה, שרבוטים;פרשנות מקרא. ; Biblical Exegesis: Psalms 19 ; פרשנות מקרא: תהילים יט"
2,990053426770205171,Oxford,"פיוט. ; Piyyut: ""יי מה אדם הלא בשר ודם"" ; פיוט: ""יי מה אדם הלא בשר ודם"""
2,990053426890205171,Oxford,"פיוט;תפילה וברכות;תפילות קבע. ; מספר הקטע: 56, תפילה: כאזרח זרח והאיר עולם"
2,990053426980205171,Oxford,"פיוט;תפילות קבע. ; Piyyut: ""אשנן הלכות מפי אל סדורים""[followed by targhum:אזל משה וקום על ימה]""אישרתה בנות"" for Shabbat) (Selihot[introduction to] ; פיוט: ""אשנן הלכות מפי אל סדורים""[followed by targhum:אזל משה וקום על ימה]""אישרתה בנות"" לשבת) (סליחות[introduction to]"
2,990053429650205171,Oxford,"פיוט. ; Piyyut (Pesah): ""לנבואה זימנתיך"" (Pesah): ""היתה עלי אימת צורי"" (Pesah): ""אהוב נולד לשמח""אזכיר נעמיך"" (Pesah)""מי כמוך דובר מישרים"" (Pesah)""וארץ אמרה""[incomplete]""ל' תקיל, ל' הנה מטהו. ל' מגביהי, שלוש חקות מגייר ל' אמנם בעבור"" ; פיוט (פסח): ""לנבואה זימנתיך"" (פסח): ""היתה עלי אימת צורי"" (פסח): ""אהוב נולד לשמח""אזכיר נעמיך"" (פסח)""מי כמוך דובר מישרים"" (פסח)""וארץ אמרה""[incomplete]""ל' תקיל, ל' הנה מטהו. ל' מגביהי, שלוש חקות מגייר ל' אמנם בעבור"""
2,990053430090205171,Oxford,פיוט. ; Piyyut
2,990053430120205171,Oxford,פיוט. ; Piyyut
2,990053430130205171,Oxford,פיוט. ; Piyyut
2,990053430560205171,Oxford,"פיוט. ; Piyyut: ""ניצחו למאתים ארבע מאות שה המסוכך""קיחת עליית עקד""(אל נא) רבות עשית וחשבת וסיפרת; אבי כל חוזה חלבו במחזה""אדון מקדם תיכנו ראש""חודש אשר אומץ אגן""ראשון לתיקון תקופות מפעלות אים הוא"" (Qedushta): ""חוא נקרא ראש וראשון"" (Qalir)"
2,990053430590205171,Oxford,"סדרי ברכות (ברכות הנהנין, השבח, המצוות);פיוט;תפילות קבע. ; Brakhot: Grace after meals ; פיוט (יוצר לשמיני עצרת): ""ביום שע' אדרו בעוז ותפארת"" (ברכת המזון מפויטת לחנוכה) לפורים)[incomplete]; תפילות קבע: מוסף[incomplete]"
2,990053430730205171,Oxford,"סדרי ברכות (ברכות הנהנין, השבח, המצוות);פיוט;תפילות קבע. ; Brakhot: Grace after meals ; פיוט (יוצר לראש השנה): ""בסוכות תשב שבעה""עשר גרנך""מיום הראשון"" לחנוכה)""אהוביך לטובה תדרוש""אז בפסח גאלת""[incomplete]"
2,990053432080205171,Oxford,"פיוט. ; Piyyut: ""מוסד מכיל עולם ומקום לא יכילנו"" ; פיוט: ""מוסד מכיל עולם ומקום לא יכילנו"""
2,990053432280205171,Oxford,"פיוט. ; Piyyut: ""ואל תחקור אותי ואל תנסה. ובמי דמעי פשעי תמסה. ולקול שועי הקשיבה ועשה. ואל תאחר למענך אלהי""[letter ו reads as follows]""אבן בוחן פנה מיוקרת איתן משכיל בחכמה נחקרת""אזי בהר מור רץ יונת אלם""איש תם יושב אהלי תושיה"" ; פיוט: ""ואל תחקור אותי ואל תנסה. ובמי דמעי פשעי תמסה. ולקול שועי הקשיבה ועשה. ואל תאחר למענך אלהי""[letter ו reads as follows]""אבן בוחן פנה מיוקרת איתן משכיל בחכמה נחקרת""אזי בהר מור רץ יונת אלם""איש תם יושב אהלי תושיה"""
2,990053433100205171,Oxford,"פיוט. ; פיוט (בקשה ליום הכיפורים): ""שמע קולי""[withהעונה] (פזמון: ""זמן הזה צור הגיענו"" לראש השנה): ""שירו ילדי אמוני"" (מעמד לראש השנה): ""שלח מלאך מליץ"" (פזמון לראש השנה): ""דלתיך הלילה"" לראש השנה): "".בינו אל ארך אפים"" לראש השנה): ""אל חסדך יחלנו"" (קדושתא לראש השנה): ""ובכן... אריד בשיחי ואהמה""[מסתגאב] לראש השנה): ""אנא בקראנו לקול שוענו"" (סליחות לראש השנה): ""שטר עלי"" לראש השנה): ""משתחוים"" (סליחות ליום הכיפורים): ""שומע תפילה""[with רחמנא] (סליחות ליום הכיפורים): ""אנשי אמונה""[with תמהנו; אל מלך; חטאים] (סליחות ליום הכיפורים): ""אדיר ונאור"" ליום הכיפורים): ""רומם לאל המפליא""תהלים""יה צורי ואור נירי""ברוך אל אדיר במרומים""[לברוך שאמר]""אשתחוה אפים ארצה""בקראי ענני אלהי צדקי""אלהי אל תדינני במעלי"" (רשות: ""אלהים אלי אתה אשחרך""נשמת אסירי עונות""יה שמך ארוממך""[פזמון לישתבח]""יסוד היסוד וסוד הסוד""[לקדיש]""ידי רשים נחלשים""[לקדיש]""ברכי אצולה מרוח הקודש""[לברכו]""יוצר רוח אדם""[אל אדון]""שני פעמים מקוימים""תפילת יוצר""ליושב תהלות""אלהים אל מי אמשילך""יי צבאות שם כבוד מלכותך""ראש הממשלה הראשונה""אין קדוש כיי כי אין בלתו""רשע יגוני ממך לא נעלם""אדיר ונאור""שחר קמתי להודות""[מעמד לשחרית פזמון שלמה]""היום תישע שוחריך""למענך אלהי""יענה כבוד אבות""יום צעקו שבים""יצו האל לדל שואל""אל בית המלך לבוא נקראתי"" (סליחות: ""תקרב ותרצה ותבחר""[with רחמנא to אלהינו שבשמים]""עת שערי רצון להפתח""ארץ התמוטטה, במרומי ערץ""אערוך מדברי דתי"" (רשות: ""ארוממך חזקי"" (Gabirol)""אתה כוננת""רשע צופה כל נעלם""[וידוי גדול]""נאור מקור... אין מטיב בלתך""שמם הר ציון""יה להלל ביום ובליל""אל מעמדי שבתי""יערב לפניך כמו קרבן"" (קדושתא: ""ובכן הוא רחום... והוא ידין""[מסתגאב] (סליחות: ""יוספים שנית"" (סליחות: ""שעה קולי בהתעטפי""ישראל עבדיך לפניך נאספים"" (סליחות: ""עת שערי רצון: מנחה""[cf folio 74]""ובכן ...גבהי שמים""ובכן... אנשי חסד הנושאים""מעמד: קראתי מצרה""יחיד אלהי אמן"" (סליחות: ""רצה רנת מתודים"" (קדושתא: ""אסיר בכלי מצוקה""[מסתגאב]""אימות עלי נפלו""עינינו צופיה""שכחי יגונך""יה שמע אביונך""אנא כעב זדוני"" (סליחות: ""מרום וקדוש שעה"" (סליחות: ""זכור נא אלוהינו""בן אדמה יזכור""שוכני בתי חמר""; תפילות קבע: מוסף"
2,990053433110205171,Oxford,"פיוט. ; פיוט (בקשה ליום הכיפורים): ""שמע קולי""[withהעונה] (פזמון: ""זמן הזה צור הגיענו"" לראש השנה): ""שירו ילדי אמוני"" (מעמד לראש השנה): ""שלח מלאך מליץ"" (פזמון לראש השנה): ""דלתיך הלילה"" לראש השנה): "".בינו אל ארך אפים"" לראש השנה): ""אל חסדך יחלנו"" (קדושתא לראש השנה): ""ובכן... אריד בשיחי ואהמה""[מסתגאב] לראש השנה): ""אנא בקראנו לקול שוענו"" (סליחות לראש השנה): ""שטר עלי"" לראש השנה): ""משתחוים"" (סליחות ליום הכיפורים): ""שומע תפילה""[with רחמנא] (סליחות ליום הכיפורים): ""אנשי אמונה""[with תמהנו; אל מלך; חטאים] (סליחות ליום הכיפורים): ""אדיר ונאור"" ליום הכיפורים): ""רומם לאל המפליא""תהלים""יה צורי ואור נירי""ברוך אל אדיר במרומים""[לברוך שאמר]""אשתחוה אפים ארצה""בקראי ענני אלהי צדקי""אלהי אל תדינני במעלי"" (רשות: ""אלהים אלי אתה אשחרך""נשמת אסירי עונות""יה שמך ארוממך""[פזמון לישתבח]""יסוד היסוד וסוד הסוד""[לקדיש]""ידי רשים נחלשים""[לקדיש]""ברכי אצולה מרוח הקודש""[לברכו]""יוצר רוח אדם""[אל אדון]""שני פעמים מקוימים""תפילת יוצר""ליושב תהלות""אלהים אל מי אמשילך""יי צבאות שם כבוד מלכותך""ראש הממשלה הראשונה""אין קדוש כיי כי אין בלתו""רשע יגוני ממך לא נעלם""אדיר ונאור""שחר קמתי להודות""[מעמד לשחרית פזמון שלמה]""היום תישע שוחריך""למענך אלהי""יענה כבוד אבות""יום צעקו שבים""יצו האל לדל שואל""אל בית המלך לבוא נקראתי"" (סליחות: ""תקרב ותרצה ותבחר""[with רחמנא to אלהינו שבשמים]""עת שערי רצון להפתח""ארץ התמוטטה, במרומי ערץ""אערוך מדברי דתי"" (רשות: ""ארוממך חזקי"" (Gabirol)""אתה כוננת""רשע צופה כל נעלם""[וידוי גדול]""נאור מקור... אין מטיב בלתך""שמם הר ציון""יה להלל ביום ובליל""אל מעמדי שבתי""יערב לפניך כמו קרבן"" (קדושתא: ""ובכן הוא רחום... והוא ידין""[מסתגאב] (סליחות: ""יוספים שנית"" (סליחות: ""שעה קולי בהתעטפי""ישראל עבדיך לפניך נאספים"" (סליחות: ""עת שערי רצון: מנחה""[cf folio 74]""ובכן ...גבהי שמים""ובכן... אנשי חסד הנושאים""מעמד: קראתי מצרה""יחיד אלהי אמן"" (סליחות: ""רצה רנת מתודים"" (קדושתא: ""אסיר בכלי מצוקה""[מסתגאב]""אימות עלי נפלו""עינינו צופיה""שכחי יגונך""יה שמע אביונך""אנא כעב זדוני"" (סליחות: ""מרום וקדוש שעה"" (סליחות: ""זכור נא אלוהינו""בן אדמה יזכור""שוכני בתי חמר""; תפילות קבע: מוסף"
2,990053433180205171,Oxford,"פיוט. ; פיוט (בקשה ליום הכיפורים): ""שמע קולי""[withהעונה] (פזמון: ""זמן הזה צור הגיענו"" לראש השנה): ""שירו ילדי אמוני"" (מעמד לראש השנה): ""שלח מלאך מליץ"" (פזמון לראש השנה): ""דלתיך הלילה"" לראש השנה): "".בינו אל ארך אפים"" לראש השנה): ""אל חסדך יחלנו"" (קדושתא לראש השנה): ""ובכן... אריד בשיחי ואהמה""[מסתגאב] לראש השנה): ""אנא בקראנו לקול שוענו"" (סליחות לראש השנה): ""שטר עלי"" לראש השנה): ""משתחוים"" (סליחות ליום הכיפורים): ""שומע תפילה""[with רחמנא] (סליחות ליום הכיפורים): ""אנשי אמונה""[with תמהנו; אל מלך; חטאים] (סליחות ליום הכיפורים): ""אדיר ונאור"" ליום הכיפורים): ""רומם לאל המפליא""תהלים""יה צורי ואור נירי""ברוך אל אדיר במרומים""[לברוך שאמר]""אשתחוה אפים ארצה""בקראי ענני אלהי צדקי""אלהי אל תדינני במעלי"" (רשות: ""אלהים אלי אתה אשחרך""נשמת אסירי עונות""יה שמך ארוממך""[פזמון לישתבח]""יסוד היסוד וסוד הסוד""[לקדיש]""ידי רשים נחלשים""[לקדיש]""ברכי אצולה מרוח הקודש""[לברכו]""יוצר רוח אדם""[אל אדון]""שני פעמים מקוימים""תפילת יוצר""ליושב תהלות""אלהים אל מי אמשילך""יי צבאות שם כבוד מלכותך""ראש הממשלה הראשונה""אין קדוש כיי כי אין בלתו""רשע יגוני ממך לא נעלם""אדיר ונאור""שחר קמתי להודות""[מעמד לשחרית פזמון שלמה]""היום תישע שוחריך""למענך אלהי""יענה כבוד אבות""יום צעקו שבים""יצו האל לדל שואל""אל בית המלך לבוא נקראתי"" (סליחות: ""תקרב ותרצה ותבחר""[with רחמנא to אלהינו שבשמים]""עת שערי רצון להפתח""ארץ התמוטטה, במרומי ערץ""אערוך מדברי דתי"" (רשות: ""ארוממך חזקי"" (Gabirol)""אתה כוננת""רשע צופה כל נעלם""[וידוי גדול]""נאור מקור... אין מטיב בלתך""שמם הר ציון""יה להלל ביום ובליל""אל מעמדי שבתי""יערב לפניך כמו קרבן"" (קדושתא: ""ובכן הוא רחום... והוא ידין""[מסתגאב] (סליחות: ""יוספים שנית"" (סליחות: ""שעה קולי בהתעטפי""ישראל עבדיך לפניך נאספים"" (סליחות: ""עת שערי רצון: מנחה""[cf folio 74]""ובכן ...גבהי שמים""ובכן... אנשי חסד הנושאים""מעמד: קראתי מצרה""יחיד אלהי אמן"" (סליחות: ""רצה רנת מתודים"" (קדושתא: ""אסיר בכלי מצוקה""[מסתגאב]""אימות עלי נפלו""עינינו צופיה""שכחי יגונך""יה שמע אביונך""אנא כעב זדוני"" (סליחות: ""מרום וקדוש שעה"" (סליחות: ""זכור נא אלוהינו""בן אדמה יזכור""שוכני בתי חמר""; תפילות קבע: מוסף"
2,990053433400205171,Oxford,"פיוט. ; פיוט (בקשה ליום הכיפורים): ""שמע קולי""[withהעונה] (פזמון: ""זמן הזה צור הגיענו"" לראש השנה): ""שירו ילדי אמוני"" (מעמד לראש השנה): ""שלח מלאך מליץ"" (פזמון לראש השנה): ""דלתיך הלילה"" לראש השנה): "".בינו אל ארך אפים"" לראש השנה): ""אל חסדך יחלנו"" (קדושתא לראש השנה): ""ובכן... אריד בשיחי ואהמה""[מסתגאב] לראש השנה): ""אנא בקראנו לקול שוענו"" (סליחות לראש השנה): ""שטר עלי"" לראש השנה): ""משתחוים"" (סליחות ליום הכיפורים): ""שומע תפילה""[with רחמנא] (סליחות ליום הכיפורים): ""אנשי אמונה""[with תמהנו; אל מלך; חטאים] (סליחות ליום הכיפורים): ""אדיר ונאור"" ליום הכיפורים): ""רומם לאל המפליא""תהלים""יה צורי ואור נירי""ברוך אל אדיר במרומים""[לברוך שאמר]""אשתחוה אפים ארצה""בקראי ענני אלהי צדקי""אלהי אל תדינני במעלי"" (רשות: ""אלהים אלי אתה אשחרך""נשמת אסירי עונות""יה שמך ארוממך""[פזמון לישתבח]""יסוד היסוד וסוד הסוד""[לקדיש]""ידי רשים נחלשים""[לקדיש]""ברכי אצולה מרוח הקודש""[לברכו]""יוצר רוח אדם""[אל אדון]""שני פעמים מקוימים""תפילת יוצר""ליושב תהלות""אלהים אל מי אמשילך""יי צבאות שם כבוד מלכותך""ראש הממשלה הראשונה""אין קדוש כיי כי אין בלתו""רשע יגוני ממך לא נעלם""אדיר ונאור""שחר קמתי להודות""[מעמד לשחרית פזמון שלמה]""היום תישע שוחריך""למענך אלהי""יענה כבוד אבות""יום צעקו שבים""יצו האל לדל שואל""אל בית המלך לבוא נקראתי"" (סליחות: ""תקרב ותרצה ותבחר""[with רחמנא to אלהינו שבשמים]""עת שערי רצון להפתח""ארץ התמוטטה, במרומי ערץ""אערוך מדברי דתי"" (רשות: ""ארוממך חזקי"" (Gabirol)""אתה כוננת""רשע צופה כל נעלם""[וידוי גדול]""נאור מקור... אין מטיב בלתך""שמם הר ציון""יה להלל ביום ובליל""אל מעמדי שבתי""יערב לפניך כמו קרבן"" (קדושתא: ""ובכן הוא רחום... והוא ידין""[מסתגאב] (סליחות: ""יוספים שנית"" (סליחות: ""שעה קולי בהתעטפי""ישראל עבדיך לפניך נאספים"" (סליחות: ""עת שערי רצון: מנחה""[cf folio 74]""ובכן ...גבהי שמים""ובכן... אנשי חסד הנושאים""מעמד: קראתי מצרה""יחיד אלהי אמן"" (סליחות: ""רצה רנת מתודים"" (קדושתא: ""אסיר בכלי מצוקה""[מסתגאב]""אימות עלי נפלו""עינינו צופיה""שכחי יגונך""יה שמע אביונך""אנא כעב זדוני"" (סליחות: ""מרום וקדוש שעה"" (סליחות: ""זכור נא אלוהינו""בן אדמה יזכור""שוכני בתי חמר""; תפילות קבע: מוסף"
2,990053433460205171,Oxford,"פיוט. ; פיוט (בקשה ליום הכיפורים): ""שמע קולי""[withהעונה] (פזמון: ""זמן הזה צור הגיענו"" לראש השנה): ""שירו ילדי אמוני"" (מעמד לראש השנה): ""שלח מלאך מליץ"" (פזמון לראש השנה): ""דלתיך הלילה"" לראש השנה): "".בינו אל ארך אפים"" לראש השנה): ""אל חסדך יחלנו"" (קדושתא לראש השנה): ""ובכן... אריד בשיחי ואהמה""[מסתגאב] לראש השנה): ""אנא בקראנו לקול שוענו"" (סליחות לראש השנה): ""שטר עלי"" לראש השנה): ""משתחוים"" (סליחות ליום הכיפורים): ""שומע תפילה""[with רחמנא] (סליחות ליום הכיפורים): ""אנשי אמונה""[with תמהנו; אל מלך; חטאים] (סליחות ליום הכיפורים): ""אדיר ונאור"" ליום הכיפורים): ""רומם לאל המפליא""תהלים""יה צורי ואור נירי""ברוך אל אדיר במרומים""[לברוך שאמר]""אשתחוה אפים ארצה""בקראי ענני אלהי צדקי""אלהי אל תדינני במעלי"" (רשות: ""אלהים אלי אתה אשחרך""נשמת אסירי עונות""יה שמך ארוממך""[פזמון לישתבח]""יסוד היסוד וסוד הסוד""[לקדיש]""ידי רשים נחלשים""[לקדיש]""ברכי אצולה מרוח הקודש""[לברכו]""יוצר רוח אדם""[אל אדון]""שני פעמים מקוימים""תפילת יוצר""ליושב תהלות""אלהים אל מי אמשילך""יי צבאות שם כבוד מלכותך""ראש הממשלה הראשונה""אין קדוש כיי כי אין בלתו""רשע יגוני ממך לא נעלם""אדיר ונאור""שחר קמתי להודות""[מעמד לשחרית פזמון שלמה]""היום תישע שוחריך""למענך אלהי""יענה כבוד אבות""יום צעקו שבים""יצו האל לדל שואל""אל בית המלך לבוא נקראתי"" (סליחות: ""תקרב ותרצה ותבחר""[with רחמנא to אלהינו שבשמים]""עת שערי רצון להפתח""ארץ התמוטטה, במרומי ערץ""אערוך מדברי דתי"" (רשות: ""ארוממך חזקי"" (Gabirol)""אתה כוננת""רשע צופה כל נעלם""[וידוי גדול]""נאור מקור... אין מטיב בלתך""שמם הר ציון""יה להלל ביום ובליל""אל מעמדי שבתי""יערב לפניך כמו קרבן"" (קדושתא: ""ובכן הוא רחום... והוא ידין""[מסתגאב] (סליחות: ""יוספים שנית"" (סליחות: ""שעה קולי בהתעטפי""ישראל עבדיך לפניך נאספים"" (סליחות: ""עת שערי רצון: מנחה""[cf folio 74]""ובכן ...גבהי שמים""ובכן... אנשי חסד הנושאים""מעמד: קראתי מצרה""יחיד אלהי אמן"" (סליחות: ""רצה רנת מתודים"" (קדושתא: ""אסיר בכלי מצוקה""[מסתגאב]""אימות עלי נפלו""עינינו צופיה""שכחי יגונך""יה שמע אביונך""אנא כעב זדוני"" (סליחות: ""מרום וקדוש שעה"" (סליחות: ""זכור נא אלוהינו""בן אדמה יזכור""שוכני בתי חמר""; תפילות קבע: מוסף"
2,990053433490205171,Oxford,"פיוט. ; פיוט (בקשה ליום הכיפורים): ""שמע קולי""[withהעונה] (פזמון: ""זמן הזה צור הגיענו"" לראש השנה): ""שירו ילדי אמוני"" (מעמד לראש השנה): ""שלח מלאך מליץ"" (פזמון לראש השנה): ""דלתיך הלילה"" לראש השנה): "".בינו אל ארך אפים"" לראש השנה): ""אל חסדך יחלנו"" (קדושתא לראש השנה): ""ובכן... אריד בשיחי ואהמה""[מסתגאב] לראש השנה): ""אנא בקראנו לקול שוענו"" (סליחות לראש השנה): ""שטר עלי"" לראש השנה): ""משתחוים"" (סליחות ליום הכיפורים): ""שומע תפילה""[with רחמנא] (סליחות ליום הכיפורים): ""אנשי אמונה""[with תמהנו; אל מלך; חטאים] (סליחות ליום הכיפורים): ""אדיר ונאור"" ליום הכיפורים): ""רומם לאל המפליא""תהלים""יה צורי ואור נירי""ברוך אל אדיר במרומים""[לברוך שאמר]""אשתחוה אפים ארצה""בקראי ענני אלהי צדקי""אלהי אל תדינני במעלי"" (רשות: ""אלהים אלי אתה אשחרך""נשמת אסירי עונות""יה שמך ארוממך""[פזמון לישתבח]""יסוד היסוד וסוד הסוד""[לקדיש]""ידי רשים נחלשים""[לקדיש]""ברכי אצולה מרוח הקודש""[לברכו]""יוצר רוח אדם""[אל אדון]""שני פעמים מקוימים""תפילת יוצר""ליושב תהלות""אלהים אל מי אמשילך""יי צבאות שם כבוד מלכותך""ראש הממשלה הראשונה""אין קדוש כיי כי אין בלתו""רשע יגוני ממך לא נעלם""אדיר ונאור""שחר קמתי להודות""[מעמד לשחרית פזמון שלמה]""היום תישע שוחריך""למענך אלהי""יענה כבוד אבות""יום צעקו שבים""יצו האל לדל שואל""אל בית המלך לבוא נקראתי"" (סליחות: ""תקרב ותרצה ותבחר""[with רחמנא to אלהינו שבשמים]""עת שערי רצון להפתח""ארץ התמוטטה, במרומי ערץ""אערוך מדברי דתי"" (רשות: ""ארוממך חזקי"" (Gabirol)""אתה כוננת""רשע צופה כל נעלם""[וידוי גדול]""נאור מקור... אין מטיב בלתך""שמם הר ציון""יה להלל ביום ובליל""אל מעמדי שבתי""יערב לפניך כמו קרבן"" (קדושתא: ""ובכן הוא רחום... והוא ידין""[מסתגאב] (סליחות: ""יוספים שנית"" (סליחות: ""שעה קולי בהתעטפי""ישראל עבדיך לפניך נאספים"" (סליחות: ""עת שערי רצון: מנחה""[cf folio 74]""ובכן ...גבהי שמים""ובכן... אנשי חסד הנושאים""מעמד: קראתי מצרה""יחיד אלהי אמן"" (סליחות: ""רצה רנת מתודים"" (קדושתא: ""אסיר בכלי מצוקה""[מסתגאב]""אימות עלי נפלו""עינינו צופיה""שכחי יגונך""יה שמע אביונך""אנא כעב זדוני"" (סליחות: ""מרום וקדוש שעה"" (סליחות: ""זכור נא אלוהינו""בן אדמה יזכור""שוכני בתי חמר""; תפילות קבע: מוסף"
2,990053433500205171,Oxford,"פיוט. ; פיוט (בקשה ליום הכיפורים): ""שמע קולי""[withהעונה] (פזמון: ""זמן הזה צור הגיענו"" לראש השנה): ""שירו ילדי אמוני"" (מעמד לראש השנה): ""שלח מלאך מליץ"" (פזמון לראש השנה): ""דלתיך הלילה"" לראש השנה): "".בינו אל ארך אפים"" לראש השנה): ""אל חסדך יחלנו"" (קדושתא לראש השנה): ""ובכן... אריד בשיחי ואהמה""[מסתגאב] לראש השנה): ""אנא בקראנו לקול שוענו"" (סליחות לראש השנה): ""שטר עלי"" לראש השנה): ""משתחוים"" (סליחות ליום הכיפורים): ""שומע תפילה""[with רחמנא] (סליחות ליום הכיפורים): ""אנשי אמונה""[with תמהנו; אל מלך; חטאים] (סליחות ליום הכיפורים): ""אדיר ונאור"" ליום הכיפורים): ""רומם לאל המפליא""תהלים""יה צורי ואור נירי""ברוך אל אדיר במרומים""[לברוך שאמר]""אשתחוה אפים ארצה""בקראי ענני אלהי צדקי""אלהי אל תדינני במעלי"" (רשות: ""אלהים אלי אתה אשחרך""נשמת אסירי עונות""יה שמך ארוממך""[פזמון לישתבח]""יסוד היסוד וסוד הסוד""[לקדיש]""ידי רשים נחלשים""[לקדיש]""ברכי אצולה מרוח הקודש""[לברכו]""יוצר רוח אדם""[אל אדון]""שני פעמים מקוימים""תפילת יוצר""ליושב תהלות""אלהים אל מי אמשילך""יי צבאות שם כבוד מלכותך""ראש הממשלה הראשונה""אין קדוש כיי כי אין בלתו""רשע יגוני ממך לא נעלם""אדיר ונאור""שחר קמתי להודות""[מעמד לשחרית פזמון שלמה]""היום תישע שוחריך""למענך אלהי""יענה כבוד אבות""יום צעקו שבים""יצו האל לדל שואל""אל בית המלך לבוא נקראתי"" (סליחות: ""תקרב ותרצה ותבחר""[with רחמנא to אלהינו שבשמים]""עת שערי רצון להפתח""ארץ התמוטטה, במרומי ערץ""אערוך מדברי דתי"" (רשות: ""ארוממך חזקי"" (Gabirol)""אתה כוננת""רשע צופה כל נעלם""[וידוי גדול]""נאור מקור... אין מטיב בלתך""שמם הר ציון""יה להלל ביום ובליל""אל מעמדי שבתי""יערב לפניך כמו קרבן"" (קדושתא: ""ובכן הוא רחום... והוא ידין""[מסתגאב] (סליחות: ""יוספים שנית"" (סליחות: ""שעה קולי בהתעטפי""ישראל עבדיך לפניך נאספים"" (סליחות: ""עת שערי רצון: מנחה""[cf folio 74]""ובכן ...גבהי שמים""ובכן... אנשי חסד הנושאים""מעמד: קראתי מצרה""יחיד אלהי אמן"" (סליחות: ""רצה רנת מתודים"" (קדושתא: ""אסיר בכלי מצוקה""[מסתגאב]""אימות עלי נפלו""עינינו צופיה""שכחי יגונך""יה שמע אביונך""אנא כעב זדוני"" (סליחות: ""מרום וקדוש שעה"" (סליחות: ""זכור נא אלוהינו""בן אדמה יזכור""שוכני בתי חמר""; תפילות קבע: מוסף"
2,990053433540205171,Oxford,"פיוט. ; פיוט (בקשה ליום הכיפורים): ""שמע קולי""[withהעונה] (פזמון: ""זמן הזה צור הגיענו"" לראש השנה): ""שירו ילדי אמוני"" (מעמד לראש השנה): ""שלח מלאך מליץ"" (פזמון לראש השנה): ""דלתיך הלילה"" לראש השנה): "".בינו אל ארך אפים"" לראש השנה): ""אל חסדך יחלנו"" (קדושתא לראש השנה): ""ובכן... אריד בשיחי ואהמה""[מסתגאב] לראש השנה): ""אנא בקראנו לקול שוענו"" (סליחות לראש השנה): ""שטר עלי"" לראש השנה): ""משתחוים"" (סליחות ליום הכיפורים): ""שומע תפילה""[with רחמנא] (סליחות ליום הכיפורים): ""אנשי אמונה""[with תמהנו; אל מלך; חטאים] (סליחות ליום הכיפורים): ""אדיר ונאור"" ליום הכיפורים): ""רומם לאל המפליא""תהלים""יה צורי ואור נירי""ברוך אל אדיר במרומים""[לברוך שאמר]""אשתחוה אפים ארצה""בקראי ענני אלהי צדקי""אלהי אל תדינני במעלי"" (רשות: ""אלהים אלי אתה אשחרך""נשמת אסירי עונות""יה שמך ארוממך""[פזמון לישתבח]""יסוד היסוד וסוד הסוד""[לקדיש]""ידי רשים נחלשים""[לקדיש]""ברכי אצולה מרוח הקודש""[לברכו]""יוצר רוח אדם""[אל אדון]""שני פעמים מקוימים""תפילת יוצר""ליושב תהלות""אלהים אל מי אמשילך""יי צבאות שם כבוד מלכותך""ראש הממשלה הראשונה""אין קדוש כיי כי אין בלתו""רשע יגוני ממך לא נעלם""אדיר ונאור""שחר קמתי להודות""[מעמד לשחרית פזמון שלמה]""היום תישע שוחריך""למענך אלהי""יענה כבוד אבות""יום צעקו שבים""יצו האל לדל שואל""אל בית המלך לבוא נקראתי"" (סליחות: ""תקרב ותרצה ותבחר""[with רחמנא to אלהינו שבשמים]""עת שערי רצון להפתח""ארץ התמוטטה, במרומי ערץ""אערוך מדברי דתי"" (רשות: ""ארוממך חזקי"" (Gabirol)""אתה כוננת""רשע צופה כל נעלם""[וידוי גדול]""נאור מקור... אין מטיב בלתך""שמם הר ציון""יה להלל ביום ובליל""אל מעמדי שבתי""יערב לפניך כמו קרבן"" (קדושתא: ""ובכן הוא רחום... והוא ידין""[מסתגאב] (סליחות: ""יוספים שנית"" (סליחות: ""שעה קולי בהתעטפי""ישראל עבדיך לפניך נאספים"" (סליחות: ""עת שערי רצון: מנחה""[cf folio 74]""ובכן ...גבהי שמים""ובכן... אנשי חסד הנושאים""מעמד: קראתי מצרה""יחיד אלהי אמן"" (סליחות: ""רצה רנת מתודים"" (קדושתא: ""אסיר בכלי מצוקה""[מסתגאב]""אימות עלי נפלו""עינינו צופיה""שכחי יגונך""יה שמע אביונך""אנא כעב זדוני"" (סליחות: ""מרום וקדוש שעה"" (סליחות: ""זכור נא אלוהינו""בן אדמה יזכור""שוכני בתי חמר""; תפילות קבע: מוסף"
2,990053433680205171,Oxford,"פיוט. ; פיוט (בקשה ליום הכיפורים): ""שמע קולי""[withהעונה] (פזמון: ""זמן הזה צור הגיענו"" לראש השנה): ""שירו ילדי אמוני"" (מעמד לראש השנה): ""שלח מלאך מליץ"" (פזמון לראש השנה): ""דלתיך הלילה"" לראש השנה): "".בינו אל ארך אפים"" לראש השנה): ""אל חסדך יחלנו"" (קדושתא לראש השנה): ""ובכן... אריד בשיחי ואהמה""[מסתגאב] לראש השנה): ""אנא בקראנו לקול שוענו"" (סליחות לראש השנה): ""שטר עלי"" לראש השנה): ""משתחוים"" (סליחות ליום הכיפורים): ""שומע תפילה""[with רחמנא] (סליחות ליום הכיפורים): ""אנשי אמונה""[with תמהנו; אל מלך; חטאים] (סליחות ליום הכיפורים): ""אדיר ונאור"" ליום הכיפורים): ""רומם לאל המפליא""תהלים""יה צורי ואור נירי""ברוך אל אדיר במרומים""[לברוך שאמר]""אשתחוה אפים ארצה""בקראי ענני אלהי צדקי""אלהי אל תדינני במעלי"" (רשות: ""אלהים אלי אתה אשחרך""נשמת אסירי עונות""יה שמך ארוממך""[פזמון לישתבח]""יסוד היסוד וסוד הסוד""[לקדיש]""ידי רשים נחלשים""[לקדיש]""ברכי אצולה מרוח הקודש""[לברכו]""יוצר רוח אדם""[אל אדון]""שני פעמים מקוימים""תפילת יוצר""ליושב תהלות""אלהים אל מי אמשילך""יי צבאות שם כבוד מלכותך""ראש הממשלה הראשונה""אין קדוש כיי כי אין בלתו""רשע יגוני ממך לא נעלם""אדיר ונאור""שחר קמתי להודות""[מעמד לשחרית פזמון שלמה]""היום תישע שוחריך""למענך אלהי""יענה כבוד אבות""יום צעקו שבים""יצו האל לדל שואל""אל בית המלך לבוא נקראתי"" (סליחות: ""תקרב ותרצה ותבחר""[with רחמנא to אלהינו שבשמים]""עת שערי רצון להפתח""ארץ התמוטטה, במרומי ערץ""אערוך מדברי דתי"" (רשות: ""ארוממך חזקי"" (Gabirol)""אתה כוננת""רשע צופה כל נעלם""[וידוי גדול]""נאור מקור... אין מטיב בלתך""שמם הר ציון""יה להלל ביום ובליל""אל מעמדי שבתי""יערב לפניך כמו קרבן"" (קדושתא: ""ובכן הוא רחום... והוא ידין""[מסתגאב] (סליחות: ""יוספים שנית"" (סליחות: ""שעה קולי בהתעטפי""ישראל עבדיך לפניך נאספים"" (סליחות: ""עת שערי רצון: מנחה""[cf folio 74]""ובכן ...גבהי שמים""ובכן... אנשי חסד הנושאים""מעמד: קראתי מצרה""יחיד אלהי אמן"" (סליחות: ""רצה רנת מתודים"" (קדושתא: ""אסיר בכלי מצוקה""[מסתגאב]""אימות עלי נפלו""עינינו צופיה""שכחי יגונך""יה שמע אביונך""אנא כעב זדוני"" (סליחות: ""מרום וקדוש שעה"" (סליחות: ""זכור נא אלוהינו""בן אדמה יזכור""שוכני בתי חמר""; תפילות קבע: מוסף"
2,990053433700205171,Oxford,"פיוט. ; פיוט (בקשה ליום הכיפורים): ""שמע קולי""[withהעונה] (פזמון: ""זמן הזה צור הגיענו"" לראש השנה): ""שירו ילדי אמוני"" (מעמד לראש השנה): ""שלח מלאך מליץ"" (פזמון לראש השנה): ""דלתיך הלילה"" לראש השנה): "".בינו אל ארך אפים"" לראש השנה): ""אל חסדך יחלנו"" (קדושתא לראש השנה): ""ובכן... אריד בשיחי ואהמה""[מסתגאב] לראש השנה): ""אנא בקראנו לקול שוענו"" (סליחות לראש השנה): ""שטר עלי"" לראש השנה): ""משתחוים"" (סליחות ליום הכיפורים): ""שומע תפילה""[with רחמנא] (סליחות ליום הכיפורים): ""אנשי אמונה""[with תמהנו; אל מלך; חטאים] (סליחות ליום הכיפורים): ""אדיר ונאור"" ליום הכיפורים): ""רומם לאל המפליא""תהלים""יה צורי ואור נירי""ברוך אל אדיר במרומים""[לברוך שאמר]""אשתחוה אפים ארצה""בקראי ענני אלהי צדקי""אלהי אל תדינני במעלי"" (רשות: ""אלהים אלי אתה אשחרך""נשמת אסירי עונות""יה שמך ארוממך""[פזמון לישתבח]""יסוד היסוד וסוד הסוד""[לקדיש]""ידי רשים נחלשים""[לקדיש]""ברכי אצולה מרוח הקודש""[לברכו]""יוצר רוח אדם""[אל אדון]""שני פעמים מקוימים""תפילת יוצר""ליושב תהלות""אלהים אל מי אמשילך""יי צבאות שם כבוד מלכותך""ראש הממשלה הראשונה""אין קדוש כיי כי אין בלתו""רשע יגוני ממך לא נעלם""אדיר ונאור""שחר קמתי להודות""[מעמד לשחרית פזמון שלמה]""היום תישע שוחריך""למענך אלהי""יענה כבוד אבות""יום צעקו שבים""יצו האל לדל שואל""אל בית המלך לבוא נקראתי"" (סליחות: ""תקרב ותרצה ותבחר""[with רחמנא to אלהינו שבשמים]""עת שערי רצון להפתח""ארץ התמוטטה, במרומי ערץ""אערוך מדברי דתי"" (רשות: ""ארוממך חזקי"" (Gabirol)""אתה כוננת""רשע צופה כל נעלם""[וידוי גדול]""נאור מקור... אין מטיב בלתך""שמם הר ציון""יה להלל ביום ובליל""אל מעמדי שבתי""יערב לפניך כמו קרבן"" (קדושתא: ""ובכן הוא רחום... והוא ידין""[מסתגאב] (סליחות: ""יוספים שנית"" (סליחות: ""שעה קולי בהתעטפי""ישראל עבדיך לפניך נאספים"" (סליחות: ""עת שערי רצון: מנחה""[cf folio 74]""ובכן ...גבהי שמים""ובכן... אנשי חסד הנושאים""מעמד: קראתי מצרה""יחיד אלהי אמן"" (סליחות: ""רצה רנת מתודים"" (קדושתא: ""אסיר בכלי מצוקה""[מסתגאב]""אימות עלי נפלו""עינינו צופיה""שכחי יגונך""יה שמע אביונך""אנא כעב זדוני"" (סליחות: ""מרום וקדוש שעה"" (סליחות: ""זכור נא אלוהינו""בן אדמה יזכור""שוכני בתי חמר""; תפילות קבע: מוסף"
2,990053433780205171,Oxford,"פיוט. ; פיוט (בקשה ליום הכיפורים): ""שמע קולי""[withהעונה] (פזמון: ""זמן הזה צור הגיענו"" לראש השנה): ""שירו ילדי אמוני"" (מעמד לראש השנה): ""שלח מלאך מליץ"" (פזמון לראש השנה): ""דלתיך הלילה"" לראש השנה): "".בינו אל ארך אפים"" לראש השנה): ""אל חסדך יחלנו"" (קדושתא לראש השנה): ""ובכן... אריד בשיחי ואהמה""[מסתגאב] לראש השנה): ""אנא בקראנו לקול שוענו"" (סליחות לראש השנה): ""שטר עלי"" לראש השנה): ""משתחוים"" (סליחות ליום הכיפורים): ""שומע תפילה""[with רחמנא] (סליחות ליום הכיפורים): ""אנשי אמונה""[with תמהנו; אל מלך; חטאים] (סליחות ליום הכיפורים): ""אדיר ונאור"" ליום הכיפורים): ""רומם לאל המפליא""תהלים""יה צורי ואור נירי""ברוך אל אדיר במרומים""[לברוך שאמר]""אשתחוה אפים ארצה""בקראי ענני אלהי צדקי""אלהי אל תדינני במעלי"" (רשות: ""אלהים אלי אתה אשחרך""נשמת אסירי עונות""יה שמך ארוממך""[פזמון לישתבח]""יסוד היסוד וסוד הסוד""[לקדיש]""ידי רשים נחלשים""[לקדיש]""ברכי אצולה מרוח הקודש""[לברכו]""יוצר רוח אדם""[אל אדון]""שני פעמים מקוימים""תפילת יוצר""ליושב תהלות""אלהים אל מי אמשילך""יי צבאות שם כבוד מלכותך""ראש הממשלה הראשונה""אין קדוש כיי כי אין בלתו""רשע יגוני ממך לא נעלם""אדיר ונאור""שחר קמתי להודות""[מעמד לשחרית פזמון שלמה]""היום תישע שוחריך""למענך אלהי""יענה כבוד אבות""יום צעקו שבים""יצו האל לדל שואל""אל בית המלך לבוא נקראתי"" (סליחות: ""תקרב ותרצה ותבחר""[with רחמנא to אלהינו שבשמים]""עת שערי רצון להפתח""ארץ התמוטטה, במרומי ערץ""אערוך מדברי דתי"" (רשות: ""ארוממך חזקי"" (Gabirol)""אתה כוננת""רשע צופה כל נעלם""[וידוי גדול]""נאור מקור... אין מטיב בלתך""שמם הר ציון""יה להלל ביום ובליל""אל מעמדי שבתי""יערב לפניך כמו קרבן"" (קדושתא: ""ובכן הוא רחום... והוא ידין""[מסתגאב] (סליחות: ""יוספים שנית"" (סליחות: ""שעה קולי בהתעטפי""ישראל עבדיך לפניך נאספים"" (סליחות: ""עת שערי רצון: מנחה""[cf folio 74]""ובכן ...גבהי שמים""ובכן... אנשי חסד הנושאים""מעמד: קראתי מצרה""יחיד אלהי אמן"" (סליחות: ""רצה רנת מתודים"" (קדושתא: ""אסיר בכלי מצוקה""[מסתגאב]""אימות עלי נפלו""עינינו צופיה""שכחי יגונך""יה שמע אביונך""אנא כעב זדוני"" (סליחות: ""מרום וקדוש שעה"" (סליחות: ""זכור נא אלוהינו""בן אדמה יזכור""שוכני בתי חמר""; תפילות קבע: מוסף"
2,990053433890205171,Oxford,"פיוט. ; פיוט (בקשה ליום הכיפורים): ""שמע קולי""[withהעונה] (פזמון: ""זמן הזה צור הגיענו"" לראש השנה): ""שירו ילדי אמוני"" (מעמד לראש השנה): ""שלח מלאך מליץ"" (פזמון לראש השנה): ""דלתיך הלילה"" לראש השנה): "".בינו אל ארך אפים"" לראש השנה): ""אל חסדך יחלנו"" (קדושתא לראש השנה): ""ובכן... אריד בשיחי ואהמה""[מסתגאב] לראש השנה): ""אנא בקראנו לקול שוענו"" (סליחות לראש השנה): ""שטר עלי"" לראש השנה): ""משתחוים"" (סליחות ליום הכיפורים): ""שומע תפילה""[with רחמנא] (סליחות ליום הכיפורים): ""אנשי אמונה""[with תמהנו; אל מלך; חטאים] (סליחות ליום הכיפורים): ""אדיר ונאור"" ליום הכיפורים): ""רומם לאל המפליא""תהלים""יה צורי ואור נירי""ברוך אל אדיר במרומים""[לברוך שאמר]""אשתחוה אפים ארצה""בקראי ענני אלהי צדקי""אלהי אל תדינני במעלי"" (רשות: ""אלהים אלי אתה אשחרך""נשמת אסירי עונות""יה שמך ארוממך""[פזמון לישתבח]""יסוד היסוד וסוד הסוד""[לקדיש]""ידי רשים נחלשים""[לקדיש]""ברכי אצולה מרוח הקודש""[לברכו]""יוצר רוח אדם""[אל אדון]""שני פעמים מקוימים""תפילת יוצר""ליושב תהלות""אלהים אל מי אמשילך""יי צבאות שם כבוד מלכותך""ראש הממשלה הראשונה""אין קדוש כיי כי אין בלתו""רשע יגוני ממך לא נעלם""אדיר ונאור""שחר קמתי להודות""[מעמד לשחרית פזמון שלמה]""היום תישע שוחריך""למענך אלהי""יענה כבוד אבות""יום צעקו שבים""יצו האל לדל שואל""אל בית המלך לבוא נקראתי"" (סליחות: ""תקרב ותרצה ותבחר""[with רחמנא to אלהינו שבשמים]""עת שערי רצון להפתח""ארץ התמוטטה, במרומי ערץ""אערוך מדברי דתי"" (רשות: ""ארוממך חזקי"" (Gabirol)""אתה כוננת""רשע צופה כל נעלם""[וידוי גדול]""נאור מקור... אין מטיב בלתך""שמם הר ציון""יה להלל ביום ובליל""אל מעמדי שבתי""יערב לפניך כמו קרבן"" (קדושתא: ""ובכן הוא רחום... והוא ידין""[מסתגאב] (סליחות: ""יוספים שנית"" (סליחות: ""שעה קולי בהתעטפי""ישראל עבדיך לפניך נאספים"" (סליחות: ""עת שערי רצון: מנחה""[cf folio 74]""ובכן ...גבהי שמים""ובכן... אנשי חסד הנושאים""מעמד: קראתי מצרה""יחיד אלהי אמן"" (סליחות: ""רצה רנת מתודים"" (קדושתא: ""אסיר בכלי מצוקה""[מסתגאב]""אימות עלי נפלו""עינינו צופיה""שכחי יגונך""יה שמע אביונך""אנא כעב זדוני"" (סליחות: ""מרום וקדוש שעה"" (סליחות: ""זכור נא אלוהינו""בן אדמה יזכור""שוכני בתי חמר""; תפילות קבע: מוסף"
2,990053434080205171,Oxford,"פיוט. ; פיוט (בקשה ליום הכיפורים): ""שמע קולי""[withהעונה] (פזמון: ""זמן הזה צור הגיענו"" לראש השנה): ""שירו ילדי אמוני"" (מעמד לראש השנה): ""שלח מלאך מליץ"" (פזמון לראש השנה): ""דלתיך הלילה"" לראש השנה): "".בינו אל ארך אפים"" לראש השנה): ""אל חסדך יחלנו"" (קדושתא לראש השנה): ""ובכן... אריד בשיחי ואהמה""[מסתגאב] לראש השנה): ""אנא בקראנו לקול שוענו"" (סליחות לראש השנה): ""שטר עלי"" לראש השנה): ""משתחוים"" (סליחות ליום הכיפורים): ""שומע תפילה""[with רחמנא] (סליחות ליום הכיפורים): ""אנשי אמונה""[with תמהנו; אל מלך; חטאים] (סליחות ליום הכיפורים): ""אדיר ונאור"" ליום הכיפורים): ""רומם לאל המפליא""תהלים""יה צורי ואור נירי""ברוך אל אדיר במרומים""[לברוך שאמר]""אשתחוה אפים ארצה""בקראי ענני אלהי צדקי""אלהי אל תדינני במעלי"" (רשות: ""אלהים אלי אתה אשחרך""נשמת אסירי עונות""יה שמך ארוממך""[פזמון לישתבח]""יסוד היסוד וסוד הסוד""[לקדיש]""ידי רשים נחלשים""[לקדיש]""ברכי אצולה מרוח הקודש""[לברכו]""יוצר רוח אדם""[אל אדון]""שני פעמים מקוימים""תפילת יוצר""ליושב תהלות""אלהים אל מי אמשילך""יי צבאות שם כבוד מלכותך""ראש הממשלה הראשונה""אין קדוש כיי כי אין בלתו""רשע יגוני ממך לא נעלם""אדיר ונאור""שחר קמתי להודות""[מעמד לשחרית פזמון שלמה]""היום תישע שוחריך""למענך אלהי""יענה כבוד אבות""יום צעקו שבים""יצו האל לדל שואל""אל בית המלך לבוא נקראתי"" (סליחות: ""תקרב ותרצה ותבחר""[with רחמנא to אלהינו שבשמים]""עת שערי רצון להפתח""ארץ התמוטטה, במרומי ערץ""אערוך מדברי דתי"" (רשות: ""ארוממך חזקי"" (Gabirol)""אתה כוננת""רשע צופה כל נעלם""[וידוי גדול]""נאור מקור... אין מטיב בלתך""שמם הר ציון""יה להלל ביום ובליל""אל מעמדי שבתי""יערב לפניך כמו קרבן"" (קדושתא: ""ובכן הוא רחום... והוא ידין""[מסתגאב] (סליחות: ""יוספים שנית"" (סליחות: ""שעה קולי בהתעטפי""ישראל עבדיך לפניך נאספים"" (סליחות: ""עת שערי רצון: מנחה""[cf folio 74]""ובכן ...גבהי שמים""ובכן... אנשי חסד הנושאים""מעמד: קראתי מצרה""יחיד אלהי אמן"" (סליחות: ""רצה רנת מתודים"" (קדושתא: ""אסיר בכלי מצוקה""[מסתגאב]""אימות עלי נפלו""עינינו צופיה""שכחי יגונך""יה שמע אביונך""אנא כעב זדוני"" (סליחות: ""מרום וקדוש שעה"" (סליחות: ""זכור נא אלוהינו""בן אדמה יזכור""שוכני בתי חמר""; תפילות קבע: מוסף"
2,990053434130205171,Oxford,"פיוט. ; פיוט (בקשה ליום הכיפורים): ""שמע קולי""[withהעונה] (פזמון: ""זמן הזה צור הגיענו"" לראש השנה): ""שירו ילדי אמוני"" (מעמד לראש השנה): ""שלח מלאך מליץ"" (פזמון לראש השנה): ""דלתיך הלילה"" לראש השנה): "".בינו אל ארך אפים"" לראש השנה): ""אל חסדך יחלנו"" (קדושתא לראש השנה): ""ובכן... אריד בשיחי ואהמה""[מסתגאב] לראש השנה): ""אנא בקראנו לקול שוענו"" (סליחות לראש השנה): ""שטר עלי"" לראש השנה): ""משתחוים"" (סליחות ליום הכיפורים): ""שומע תפילה""[with רחמנא] (סליחות ליום הכיפורים): ""אנשי אמונה""[with תמהנו; אל מלך; חטאים] (סליחות ליום הכיפורים): ""אדיר ונאור"" ליום הכיפורים): ""רומם לאל המפליא""תהלים""יה צורי ואור נירי""ברוך אל אדיר במרומים""[לברוך שאמר]""אשתחוה אפים ארצה""בקראי ענני אלהי צדקי""אלהי אל תדינני במעלי"" (רשות: ""אלהים אלי אתה אשחרך""נשמת אסירי עונות""יה שמך ארוממך""[פזמון לישתבח]""יסוד היסוד וסוד הסוד""[לקדיש]""ידי רשים נחלשים""[לקדיש]""ברכי אצולה מרוח הקודש""[לברכו]""יוצר רוח אדם""[אל אדון]""שני פעמים מקוימים""תפילת יוצר""ליושב תהלות""אלהים אל מי אמשילך""יי צבאות שם כבוד מלכותך""ראש הממשלה הראשונה""אין קדוש כיי כי אין בלתו""רשע יגוני ממך לא נעלם""אדיר ונאור""שחר קמתי להודות""[מעמד לשחרית פזמון שלמה]""היום תישע שוחריך""למענך אלהי""יענה כבוד אבות""יום צעקו שבים""יצו האל לדל שואל""אל בית המלך לבוא נקראתי"" (סליחות: ""תקרב ותרצה ותבחר""[with רחמנא to אלהינו שבשמים]""עת שערי רצון להפתח""ארץ התמוטטה, במרומי ערץ""אערוך מדברי דתי"" (רשות: ""ארוממך חזקי"" (Gabirol)""אתה כוננת""רשע צופה כל נעלם""[וידוי גדול]""נאור מקור... אין מטיב בלתך""שמם הר ציון""יה להלל ביום ובליל""אל מעמדי שבתי""יערב לפניך כמו קרבן"" (קדושתא: ""ובכן הוא רחום... והוא ידין""[מסתגאב] (סליחות: ""יוספים שנית"" (סליחות: ""שעה קולי בהתעטפי""ישראל עבדיך לפניך נאספים"" (סליחות: ""עת שערי רצון: מנחה""[cf folio 74]""ובכן ...גבהי שמים""ובכן... אנשי חסד הנושאים""מעמד: קראתי מצרה""יחיד אלהי אמן"" (סליחות: ""רצה רנת מתודים"" (קדושתא: ""אסיר בכלי מצוקה""[מסתגאב]""אימות עלי נפלו""עינינו צופיה""שכחי יגונך""יה שמע אביונך""אנא כעב זדוני"" (סליחות: ""מרום וקדוש שעה"" (סליחות: ""זכור נא אלוהינו""בן אדמה יזכור""שוכני בתי חמר""; תפילות קבע: מוסף"
2,990053434210205171,Oxford,"פיוט. ; פיוט (בקשה ליום הכיפורים): ""שמע קולי""[withהעונה] (פזמון: ""זמן הזה צור הגיענו"" לראש השנה): ""שירו ילדי אמוני"" (מעמד לראש השנה): ""שלח מלאך מליץ"" (פזמון לראש השנה): ""דלתיך הלילה"" לראש השנה): "".בינו אל ארך אפים"" לראש השנה): ""אל חסדך יחלנו"" (קדושתא לראש השנה): ""ובכן... אריד בשיחי ואהמה""[מסתגאב] לראש השנה): ""אנא בקראנו לקול שוענו"" (סליחות לראש השנה): ""שטר עלי"" לראש השנה): ""משתחוים"" (סליחות ליום הכיפורים): ""שומע תפילה""[with רחמנא] (סליחות ליום הכיפורים): ""אנשי אמונה""[with תמהנו; אל מלך; חטאים] (סליחות ליום הכיפורים): ""אדיר ונאור"" ליום הכיפורים): ""רומם לאל המפליא""תהלים""יה צורי ואור נירי""ברוך אל אדיר במרומים""[לברוך שאמר]""אשתחוה אפים ארצה""בקראי ענני אלהי צדקי""אלהי אל תדינני במעלי"" (רשות: ""אלהים אלי אתה אשחרך""נשמת אסירי עונות""יה שמך ארוממך""[פזמון לישתבח]""יסוד היסוד וסוד הסוד""[לקדיש]""ידי רשים נחלשים""[לקדיש]""ברכי אצולה מרוח הקודש""[לברכו]""יוצר רוח אדם""[אל אדון]""שני פעמים מקוימים""תפילת יוצר""ליושב תהלות""אלהים אל מי אמשילך""יי צבאות שם כבוד מלכותך""ראש הממשלה הראשונה""אין קדוש כיי כי אין בלתו""רשע יגוני ממך לא נעלם""אדיר ונאור""שחר קמתי להודות""[מעמד לשחרית פזמון שלמה]""היום תישע שוחריך""למענך אלהי""יענה כבוד אבות""יום צעקו שבים""יצו האל לדל שואל""אל בית המלך לבוא נקראתי"" (סליחות: ""תקרב ותרצה ותבחר""[with רחמנא to אלהינו שבשמים]""עת שערי רצון להפתח""ארץ התמוטטה, במרומי ערץ""אערוך מדברי דתי"" (רשות: ""ארוממך חזקי"" (Gabirol)""אתה כוננת""רשע צופה כל נעלם""[וידוי גדול]""נאור מקור... אין מטיב בלתך""שמם הר ציון""יה להלל ביום ובליל""אל מעמדי שבתי""יערב לפניך כמו קרבן"" (קדושתא: ""ובכן הוא רחום... והוא ידין""[מסתגאב] (סליחות: ""יוספים שנית"" (סליחות: ""שעה קולי בהתעטפי""ישראל עבדיך לפניך נאספים"" (סליחות: ""עת שערי רצון: מנחה""[cf folio 74]""ובכן ...גבהי שמים""ובכן... אנשי חסד הנושאים""מעמד: קראתי מצרה""יחיד אלהי אמן"" (סליחות: ""רצה רנת מתודים"" (קדושתא: ""אסיר בכלי מצוקה""[מסתגאב]""אימות עלי נפלו""עינינו צופיה""שכחי יגונך""יה שמע אביונך""אנא כעב זדוני"" (סליחות: ""מרום וקדוש שעה"" (סליחות: ""זכור נא אלוהינו""בן אדמה יזכור""שוכני בתי חמר""; תפילות קבע: מוסף"
2,990053435340205171,Oxford,"פיוט. ; Piyyut: ""הכל יצר. והכל סובל. ועליו תלואים. שחק ותבל. ומדוע תלכו. אחרי הבל. אך יראו את יי""מרום יראה השה וישיב. נפש עקרת. שמחה להושיב. סוקר צפונות. שוועך יקשיב. ישלח עזרך מקדש""[beg. with מ] ; פיוט: ""הכל יצר. והכל סובל. ועליו תלואים. שחק ותבל. ומדוע תלכו. אחרי הבל. אך יראו את יי""מרום יראה השה וישיב. נפש עקרת. שמחה להושיב. סוקר צפונות. שוועך יקשיב. ישלח עזרך מקדש""[beg. with מ]"
2,990053435350205171,Oxford,"פיוט. ; Piyyut: ""הכל יצר. והכל סובל. ועליו תלואים. שחק ותבל. ומדוע תלכו. אחרי הבל. אך יראו את יי""מרום יראה השה וישיב. נפש עקרת. שמחה להושיב. סוקר צפונות. שוועך יקשיב. ישלח עזרך מקדש""[beg. with מ] ; פיוט: ""הכל יצר. והכל סובל. ועליו תלואים. שחק ותבל. ומדוע תלכו. אחרי הבל. אך יראו את יי""מרום יראה השה וישיב. נפש עקרת. שמחה להושיב. סוקר צפונות. שוועך יקשיב. ישלח עזרך מקדש""[beg. with מ]"
2,990053435610205171,Oxford,פיוט. ; Piyyut
2,990053435640205171,Oxford,"פיוט. ; Piyyut for Pesah): ""טירוף המית נושקי קשת""[beg. with ט] for Pesah): ""יד הימנית חצבה רהב"" for Pesah): ""מעת נתבע שליח להשתלח; ידיו נטה על הים"" (Qedushta for Pesah): ""איכר וצמדו כהורהו""[injured and incomplete] ; פיוט לפסח): ""טירוף המית נושקי קשת""[beg. with ט] לפסח): ""יד הימנית חצבה רהב"" לפסח): ""מעת נתבע שליח להשתלח; ידיו נטה על הים"" (קדושתא לפסח): ""איכר וצמדו כהורהו""[injured and incomplete]"
2,990053435990205171,Oxford,תפילות קבע. ; תפילות קבע: תקנת שבת; ראש חודש; מוסף
2,990053437360205171,Oxford,"פיוט. ; Piyyut (Selihot)""שדי בך מחסי""אל חי ברא מסבה""ישעי תפריח אלי""ישעי צמח והצלח""שדי בך אבטח צורי ותקותי""אבטח ביום צר לי""מהר ענה ופדה""יה בכורך ובחירך""החיש... יבא הגואל""[incomplete] ; פיוט (סליחות)""שדי בך מחסי""אל חי ברא מסבה""ישעי תפריח אלי""ישעי צמח והצלח""שדי בך אבטח צורי ותקותי""אבטח ביום צר לי""מהר ענה ופדה""יה בכורך ובחירך""החיש... יבא הגואל""[incomplete]"
2,990053437420205171,Oxford,"פיוט. ; Piyyut (Rosh ha-Shanah)""אמרו לאלהים. אל שוכן שחקים""[incomplete] ; פיוט (ראש השנה)""אמרו לאלהים. אל שוכן שחקים""[incomplete]"
2,990053437920205171,Oxford,"פיוט;תפילות קבע. ; תפילות קבע: יום הכיפורים[beg. missing, with Arabic rules]; תמהנו מרעות; אדון ביטה משמיך; מנחה[incomplete] פיוט (סליחות): ""אנשי אמונה אבדו"" (סליחות): ""אבדו מכפרי עונות"" (סליחות): ""תלאות הקיפונו"" (סליחות): ""ארשת שפתינו תאזין ותשמע""[followed by פסוקים]"
2,990053437970205171,Oxford,"פיוט;תפילות קבע. ; תפילות קבע: יום הכיפורים[beg. missing, with Arabic rules]; תמהנו מרעות; אדון ביטה משמיך; מנחה[incomplete] פיוט (סליחות): ""אנשי אמונה אבדו"" (סליחות): ""אבדו מכפרי עונות"" (סליחות): ""תלאות הקיפונו"" (סליחות): ""ארשת שפתינו תאזין ותשמע""[followed by פסוקים]"
2,990053439450205171,Oxford,"פיוט. ; פיוט: ""מי כמוכה אדיר בסוד קדושים"" (שלמה (רס""ג?))"
2,990053441700205171,Oxford,"פרשנות מקרא;תפסיר ערבי;תפסיר רס""ג. ; Biblical Exegesis ; פרשנות מקרא"
2,990053441730205171,Oxford,"פרשנות מקרא;תפסיר ערבי;תפסיר רס""ג. ; Biblical Exegesis ; פרשנות מקרא"
2,990053441830205171,Oxford,פרשנות מקרא;תפסיר ערבי. ; Biblical Exegesis ; פרשנות מקרא
2,990053442830205171,Oxford,"פיוט. ; Piyyut: ""- בשירות תשע רינן עם נושע"" ; פיוט: ""- בשירות תשע רינן עם נושע"""
2,990053442870205171,Oxford,
2,990053442880205171,Oxford,"פיוט. ; Piyyut: ""כבאו בים במיטב עדים"" ; פיוט: ""כבאו בים במיטב עדים"""
2,990053442890205171,Oxford,"פיוט. ; Piyyut: ""מה תצעק יקותיאל ומה תקרא בקול שואל"" ; פיוט: ""מה תצעק יקותיאל ומה תקרא בקול שואל"""
2,990053444270205171,Oxford,תוספות של סידור. ; Liturgical additions: Haggadah (and other matters) of Pesach ; תוספות של סידור: הגדה (ועניינים אחרים) של פסח
2,990053444280205171,Oxford,תוספות של סידור. ; Liturgical additions: Haggadah (and other matters) of Pesach ; תוספות של סידור: הגדה (ועניינים אחרים) של פסח
2,990053444890205171,Oxford,"פיוט. ; סידור רס""ג"
2,990053446080205171,Oxford,"פיוט. ; Piyyut: ""אלהי יֿגורתי. מרוב זדונותי. יֿגון יספתי. על יגונותי""אבן בוחן פינה מיוקרת""אזי בהר המור רץ יונת אלם"" ; פיוט: ""אלהי יֿגורתי. מרוב זדונותי. יֿגון יספתי. על יגונותי""אבן בוחן פינה מיוקרת""אזי בהר המור רץ יונת אלם"""
2,990053448210205171,Oxford,"פיוט. ; Piyyut (Hoshanot): ""הושענא למען תתגדל למען תתקדש"" (Hoshanot): ""הוש? למענך אֿדיר באדירים"" (Hoshanot): ""למען אֿב עקד בן"" (Hoshanot): ""למען תקיף אלהי"" (Hoshanot): ""למענך אדון כל היצורים"" (Hoshanot): ""למען אב ידעך"" (Hoshanot): ""למען איתן מושלך"" (Hoshanot): ""מארור וארפד"" (Hoshanot): ""למען תפר עלה תאנה"" (Hoshanot): ""למען אב מאם אשירים"" (Hoshanot): ""אנא אל אחד ושמו אחד"" (Hoshanot): ""אנא אל אחד ומבייש"" (Hoshanot): ""אנא האל הנקדש"" (Hoshanot): ""אנא השם בכסאו חיות"" (Hoshanot): ""אנא המיחד לכבודו"" (Hoshanot): ""אנא הבורא עולמו"" (Hoshanot): ""אנא המקדים לעולם"" (Hoshanot): ""ענה תמימים בתפלתם"" (Hoshanot): ""ענה נשואי על אבר"" (Hoshanot): ""ענה אתויים"" (Hoshanot): ""ענה תאיבי"" (Hoshanot): ""ענה אמוני חוקת"" (Hoshanot): ""ענה איומה אמרתך"" (Hoshanot): ""למענך אל שדי בררה"" (Hoshanot): ""אתה תרחם. בני אזרח"" (Hoshanot): ""אדם ובהמה""[א?ב? as above, no. 20 n, wanting ת] (Hoshanot): ""למענך אל למושעות"" (Hoshanot): ""אום ביררתה מגזע"" (Hoshanot): ""אנא... תעינו"" (Hoshanot): ""משמוע הטו אזנכם לשמוע"" (Hoshanot): ""ותישתבזון (so) ותתפרקון. מן חרבא""[incomplete] (Hoshanot): ""אנא אל אחד"" ; פיוט (הושענות): ""הושענא למען תתגדל למען תתקדש"" (הושענות): ""הוש? למענך אֿדיר באדירים"" (הושענות): ""למען אֿב עקד בן"" (הושענות): ""למען תקיף אלהי"" (הושענות): ""למענך אדון כל היצורים"" (הושענות): ""למען אב ידעך"" (הושענות): ""למען איתן מושלך"" (הושענות): ""מארור וארפד"" (הושענות): ""למען תפר עלה תאנה"" (הושענות): ""למען אב מאם אשירים"" (הושענות): ""אנא אל אחד ושמו אחד"" (הושענות): ""אנא אל אחד ומבייש"" (הושענות): ""אנא האל הנקדש"" (הושענות): ""אנא השם בכסאו חיות"" (הושענות): ""אנא המיחד לכבודו"" (הושענות): ""אנא הבורא עולמו"" (הושענות): ""אנא המקדים לעולם"" (הושענות): ""ענה תמימים בתפלתם"" (הושענות): ""ענה נשואי על אבר"" (הושענות): ""ענה אתויים"" (הושענות): ""ענה תאיבי"" (הושענות): ""ענה אמוני חוקת"" (הושענות): ""ענה איומה אמרתך"" (הושענות): ""למענך אל שדי בררה"" (הושענות): ""אתה תרחם. בני אזרח"" (הושענות): ""אדם ובהמה""[א?ב? as above, no. 20 n, wanting ת] (הושענות): ""למענך אל למושעות"" (הושענות): ""אום ביררתה מגזע"" (הושענות): ""אנא... תעינו"" (הושענות): ""משמוע הטו אזנכם לשמוע"" (הושענות): ""ותישתבזון (so) ותתפרקון. מן חרבא""[incomplete] (הושענות): ""אנא אל אחד"""
2,990053452440205171,Oxford,דרשות. ; Derashot
2,990053453040205171,Oxford,פיוט;תפילה וברכות;תפילות קבע. ; Liturgy and Brakhot ; תפילה וברכות
2,990053453330205171,Oxford,"פיוט. ; Piyyut (Aqedah): ""הנה כעיני עוקד בקחתו מאכלת כעיני נעקד בנטותו גולגולת"" ; פיוט (עקידה): ""הנה כעיני עוקד בקחתו מאכלת כעיני נעקד בנטותו גולגולת"""
2,990053453560205171,Oxford,פיוט. ; Piyyut (Shabbat) ; פיוט (שבת)
2,990053453570205171,Oxford,"פיוט. ; Piyyut (Shabbat): ""שלום על כל ישראל, ...קדוש יעקב המלך הטוב וכלכם ברוכים"" ; פיוט (שבת): ""שלום על כל ישראל, ...קדוש יעקב המלך הטוב וכלכם ברוכים"""
2,990053453600205171,Oxford,פיוט;תפילה וברכות. ; Liturgy and Brakhot ; תפילה וברכות
2,990053453710205171,Oxford,פיוט. ; Piyyut
2,990053454420205171,Oxford,"פיוט. ; Piyyut (Purim) (Purim): ""אז בהלך מלך"" (Qalir?)"
2,990053454590205171,Oxford,פיוט;תפילה וברכות. ; Liturgy and Brakhot ; תפילה וברכות
2,990053454670205171,Oxford,פיוט;תפילה וברכות;תפילות קבע. ; Liturgy and Brakhot ; תפילה וברכות
2,990053454680205171,Oxford,פיוט;תפילה וברכות;תפילות קבע. ; Liturgy and Brakhot ; תפילה וברכות
2,990053454690205171,Oxford,פיוט;תפילות קבע. ; תפילות קבע: מוסף פסח אתה בחרת בישראל[Headed: מוסף פסח]
2,990053454750205171,Oxford,פיוט;תוספות של סידור. ; Liturgical additions: Haggadah (and other matters) of Pesach ; תוספות של סידור: הגדה (ועניינים אחרים) של פסח
2,990053458500205171,Oxford,
2,990053458600205171,Oxford,
2,990053458620205171,Oxford,
2,990053458680205171,Oxford,
2,990053458840205171,Oxford,"פיוט. ; Piyyut (Selihot): ""גדול עצה תמים דעה אני רמה ותולעה""[a stanza beg.] ; פיוט (סליחות): ""גדול עצה תמים דעה אני רמה ותולעה""[a stanza beg.]"
2,990053458850205171,Oxford,"פיוט. ; Piyyut (Selihot): ""ארוממך צור חילי ונועם שבחך איפה""[on verso] ; פיוט (סליחות): ""ארוממך צור חילי ונועם שבחך איפה""[on verso]"
2,990053459010205171,Oxford,תפילה וברכות. ; Piyyut (Qinot for Tish'ah be-Av)[missing: שורה ראשונה] ; פיוט (קינות לט' באב)[missing: שורה ראשונה]
2,990053460340205171,Oxford,"פיוט. ; Piyyut: ""אותי עשק והגדיל כאבי""[the strophes ending with sentences from various books of the O.T.] ; פיוט: ""אותי עשק והגדיל כאבי""[the strophes ending with sentences from various books of the O.T.]"
2,990053460360205171,Oxford,"פיוט. ; Piyyut: ""אותי עשק והגדיל כאבי""[the strophes ending with sentences from various books of the O.T.] ; פיוט: ""אותי עשק והגדיל כאבי""[the strophes ending with sentences from various books of the O.T.]"
2,990053460750205171,Oxford,
2,990053460770205171,Oxford,
2,990053460920205171,Oxford,
2,990053461020205171,Oxford,
2,990053462960205171,Oxford,משנה [טקסט];תפילה וברכות. ; Mishnah: Makkot 3:15; Eduyyot 8:7 ; משנה: מכות ג:טו; עדיות ח:ז
2,990053462970205171,Oxford,משנה [טקסט];תפילה וברכות. ; Mishnah: Makkot 3:15; Eduyyot 8:7 ; משנה: מכות ג:טו; עדיות ח:ז
2,990053463030205171,Oxford,משנה [טקסט];פיוט;תפילה וברכות;תפילות קבע. ; Mishnah: Makkot 3:15; Eduyyot 8:7 ; משנה: מכות ג:טו; עדיות ח:ז
2,990053463820205171,Oxford,משנה [טקסט];תפילות קבע. ; Mishnah: Makkot 3:15; Eduyyot 8:7 ; משנה: מכות ג:טו; עדיות ח:ז
2,990053463870205171,Oxford,משנה [טקסט];תפילות קבע. ; Mishnah: Makkot 3:15; Eduyyot 8:7 ; משנה: מכות ג:טו; עדיות ח:ז
2,990053464480205171,Oxford,"פיוט;תפילה וברכות. ; prayers and rules, Prayer : בלחן ויעידה אלנאס ותקול ברוך יי"
2,990053464490205171,Oxford,"פיוט;תפילה וברכות. ; prayers and rules, Prayer : בלחן ויעידה אלנאס ותקול ברוך יי"
2,990053464520205171,Oxford,"פיוט;תפילה וברכות. ; prayers and rules, Prayer : בלחן ויעידה אלנאס ותקול ברוך יי"
2,990053464820205171,Oxford,פיוט;תפילה וברכות;תפילות קבע. ; some common prayers
2,990053465560205171,Oxford,
2,990053468520205171,Oxford,"פיוט. ; Piyyut (Simhat Torah) (Simhat Torah): ""אשריך הר העברים"" (Simhat Torah): ""קום ועלה משה לשם"" (Simhat Torah): ""על משה אצעק ואהים"" (Simhat Torah): ""אגירה ידידי נחלה"" (Simhat Torah): ""צעקה יוכבד מכאב מר"" (Simhat Torah): ""צבאות שחקים וחילם"" (Simhat Torah): ""אשר בגלל"" (Simhat Torah): ""שמחו אהובים"" (Simhat Torah): ""עדות יי נחלתי""אלדהר ינטק"" (Simhat Torah): ""בסם... סבחאן אלדי שהרת""[followed by other Arabic pieces incomplete and injured, as well as Hebrew hymns mutilated and much obliterated] (Simhat Torah): ""צורי לעם לך ימצא""יוצר הכל הזן את הכל""אותה... מטר להעביב""אפיק מען מעוטר""אז מאז היה""אוחילה""[much injured] ; פיוט (שמחת תורה) (שמחת תורה): ""אשריך הר העברים"" (שמחת תורה): ""קום ועלה משה לשם"" (שמחת תורה): ""על משה אצעק ואהים"" (שמחת תורה): ""אגירה ידידי נחלה"" (שמחת תורה): ""צעקה יוכבד מכאב מר"" (שמחת תורה): ""צבאות שחקים וחילם"" (שמחת תורה): ""אשר בגלל"" (שמחת תורה): ""שמחו אהובים"" (שמחת תורה): ""עדות יי נחלתי""אלדהר ינטק"" (שמחת תורה): ""בסם... סבחאן אלדי שהרת""[followed by other Arabic pieces incomplete and injured, as well as Hebrew hymns mutilated and much obliterated] (שמחת תורה): ""צורי לעם לך ימצא""יוצר הכל הזן את הכל""אותה... מטר להעביב""אפיק מען מעוטר""אז מאז היה""אוחילה""[much injured]"
2,990053468570205171,Oxford,"פיוט. ; Piyyut (Simhat Torah) (Simhat Torah): ""אשריך הר העברים"" (Simhat Torah): ""קום ועלה משה לשם"" (Simhat Torah): ""על משה אצעק ואהים"" (Simhat Torah): ""אגירה ידידי נחלה"" (Simhat Torah): ""צעקה יוכבד מכאב מר"" (Simhat Torah): ""צבאות שחקים וחילם"" (Simhat Torah): ""אשר בגלל"" (Simhat Torah): ""שמחו אהובים"" (Simhat Torah): ""עדות יי נחלתי""אלדהר ינטק"" (Simhat Torah): ""בסם... סבחאן אלדי שהרת""[followed by other Arabic pieces incomplete and injured, as well as Hebrew hymns mutilated and much obliterated] (Simhat Torah): ""צורי לעם לך ימצא""יוצר הכל הזן את הכל""אותה... מטר להעביב""אפיק מען מעוטר""אז מאז היה""אוחילה""[much injured] ; פיוט (שמחת תורה) (שמחת תורה): ""אשריך הר העברים"" (שמחת תורה): ""קום ועלה משה לשם"" (שמחת תורה): ""על משה אצעק ואהים"" (שמחת תורה): ""אגירה ידידי נחלה"" (שמחת תורה): ""צעקה יוכבד מכאב מר"" (שמחת תורה): ""צבאות שחקים וחילם"" (שמחת תורה): ""אשר בגלל"" (שמחת תורה): ""שמחו אהובים"" (שמחת תורה): ""עדות יי נחלתי""אלדהר ינטק"" (שמחת תורה): ""בסם... סבחאן אלדי שהרת""[followed by other Arabic pieces incomplete and injured, as well as Hebrew hymns mutilated and much obliterated] (שמחת תורה): ""צורי לעם לך ימצא""יוצר הכל הזן את הכל""אותה... מטר להעביב""אפיק מען מעוטר""אז מאז היה""אוחילה""[much injured]"
2,990053468580205171,Oxford,"פיוט. ; Piyyut (Simhat Torah) (Simhat Torah): ""אשריך הר העברים"" (Simhat Torah): ""קום ועלה משה לשם"" (Simhat Torah): ""על משה אצעק ואהים"" (Simhat Torah): ""אגירה ידידי נחלה"" (Simhat Torah): ""צעקה יוכבד מכאב מר"" (Simhat Torah): ""צבאות שחקים וחילם"" (Simhat Torah): ""אשר בגלל"" (Simhat Torah): ""שמחו אהובים"" (Simhat Torah): ""עדות יי נחלתי""אלדהר ינטק"" (Simhat Torah): ""בסם... סבחאן אלדי שהרת""[followed by other Arabic pieces incomplete and injured, as well as Hebrew hymns mutilated and much obliterated] (Simhat Torah): ""צורי לעם לך ימצא""יוצר הכל הזן את הכל""אותה... מטר להעביב""אפיק מען מעוטר""אז מאז היה""אוחילה""[much injured] ; פיוט (שמחת תורה) (שמחת תורה): ""אשריך הר העברים"" (שמחת תורה): ""קום ועלה משה לשם"" (שמחת תורה): ""על משה אצעק ואהים"" (שמחת תורה): ""אגירה ידידי נחלה"" (שמחת תורה): ""צעקה יוכבד מכאב מר"" (שמחת תורה): ""צבאות שחקים וחילם"" (שמחת תורה): ""אשר בגלל"" (שמחת תורה): ""שמחו אהובים"" (שמחת תורה): ""עדות יי נחלתי""אלדהר ינטק"" (שמחת תורה): ""בסם... סבחאן אלדי שהרת""[followed by other Arabic pieces incomplete and injured, as well as Hebrew hymns mutilated and much obliterated] (שמחת תורה): ""צורי לעם לך ימצא""יוצר הכל הזן את הכל""אותה... מטר להעביב""אפיק מען מעוטר""אז מאז היה""אוחילה""[much injured]"
2,990053469560205171,Oxford,"פיוט;תפילה וברכות;תפילות קבע. ; סעדיה בן יוסף גאון, תפילה מזדמנת: בקשות ותפילות אישיות הבקשה השנייה"
2,990053470020205171,Oxford,דפים מסידור תפילה נוסח בבל
2,990053470040205171,Oxford,דפים מסידור תפילה נוסח בבל
2,990053470100205171,Oxford,דפים מסידור תפילה נוסח בבל
2,990053470860205171,Oxford,"פיוט;תפילה וברכות;תפילות קבע. ; Liturgy and Brakhot: (Yotzer for Shabbat): ""ויהי דבורו... אהלל לרב העלילות"" (Yotzer: ""אור להזריח למקוטרת מור"" (Yotzer: ""אומץ נר מנורת משה"" (Yotzer: ""אפודי חילה במורא"" (Yotzer: ""אחים זוגו חודש ושבת"" (Yotzer: ""אחלי אני חלקך"" ; תפילה וברכות: (יוצר לשבת): ""ויהי דבורו... אהלל לרב העלילות"" (יוצר: ""אור להזריח למקוטרת מור"" (יוצר: ""אומץ נר מנורת משה"" (יוצר: ""אפודי חילה במורא"" (יוצר: ""אחים זוגו חודש ושבת"" (יוצר: ""אחלי אני חלקך"""
2,990053471080205171,Oxford,"סדרי ברכות (ברכות הנהנין, השבח, המצוות);פיוט;תפילות קבע. ; Brakhot: Grace after meals ; פיוט: ""אשרי אנוש יעשה זאת""אברך לאל""[passages to be recited in the prayer als]""אותו חדשים בחשבו"" (חנוכה): ""אנקת שיח שועי בזא"" (שבת): ""אסרתה בשבת כל""[incomplete]"
2,990053471090205171,Oxford,"סדרי ברכות (ברכות הנהנין, השבח, המצוות);פיוט;תפילות קבע. ; Brakhot: Grace after meals ; פיוט: ""אשרי אנוש יעשה זאת""אברך לאל""[passages to be recited in the prayer als]""אותו חדשים בחשבו"" (חנוכה): ""אנקת שיח שועי בזא"" (שבת): ""אסרתה בשבת כל""[incomplete]"
2,990053471470205171,Oxford,"פיוט. ; Piyyut (Rahat/Shevah): ""סוכי ראה קדשך""שמח לבי ורוחי""סלוליך אל מעון קדשי""אלי תפנה ביתי""ספרי אומה כבוד אל""סותי שרדיך כלה העדי""ארץ אחוזתי וערם אהלי""שק שם שב במתניו""אהליבה הבנויה""[incomplete]""עבודות ל'ט אסורות כולם""עולם על שלושה הנחיל""שים שוטה חבוית נקיקה""סובי וברחש קרי""אודה צור בכל לבב""בשבת וחודש אתחיל לשוות""אחד אתה ומי ישיבך""מה מבורך הוא מקור ישאל""איש תם בהאספו""אום אשר נקרא""אין שיני יש אחד"" (Qedushta): ""אחד אתה ואין אחר""אלהי אל תדיניני כמעלי""[incomplete]""מי אישש בלתך""[incomplete]""שטר עלי בעדים וקנין"" ; פיוט (רהט/שבח): ""סוכי ראה קדשך""שמח לבי ורוחי""סלוליך אל מעון קדשי""אלי תפנה ביתי""ספרי אומה כבוד אל""סותי שרדיך כלה העדי""ארץ אחוזתי וערם אהלי""שק שם שב במתניו""אהליבה הבנויה""[incomplete]""עבודות ל'ט אסורות כולם""עולם על שלושה הנחיל""שים שוטה חבוית נקיקה""סובי וברחש קרי""אודה צור בכל לבב""בשבת וחודש אתחיל לשוות""אחד אתה ומי ישיבך""מה מבורך הוא מקור ישאל""איש תם בהאספו""אום אשר נקרא""אין שיני יש אחד"" (קדושתא): ""אחד אתה ואין אחר""אלהי אל תדיניני כמעלי""[incomplete]""מי אישש בלתך""[incomplete]""שטר עלי בעדים וקנין"""
2,990053474040205171,Oxford,"פיוט;תפילות קבע. ; Small pieces, mostly קינות"
2,990053474100205171,Oxford,"פיוט. ; Beg. of prayers, headed רשות מגן לצומא רבה‎,‎ beg‎.‎ וארץ אשפיל ‎,‎(אב‎)‎‎,‎ incomplete"
2,990053474550205171,Oxford,"פיוט. ; Piyyut (Selihot)[beg. with no. 124]""י'י עד אנה אשוע"" (Selihot): ""לאום נאנחה שפלה"" (Selihot): ""שומר הברית והחסד אמונה"" (Selihot): ""י'י לקראתי חסדיך הקרה"" (Selihot): ""במרומי ערץ כסא שבתך"" (Selihot): ""נשא לבב אל כפים"" (Selihot): ""ואנחנו לא נדע""[incomplete] (Selihot): ""ידך אלהים נגעה בי נגוע""[in MS. no.132; the beg. repeated in no. 133] ; פיוט (סליחות)[beg. with no. 124]""י'י עד אנה אשוע"" (סליחות): ""לאום נאנחה שפלה"" (סליחות): ""שומר הברית והחסד אמונה"" (סליחות): ""י'י לקראתי חסדיך הקרה"" (סליחות): ""במרומי ערץ כסא שבתך"" (סליחות): ""נשא לבב אל כפים"" (סליחות): ""ואנחנו לא נדע""[incomplete] (סליחות): ""ידך אלהים נגעה בי נגוע""[in MS. no.132; the beg. repeated in no. 133]"
2,990053474560205171,Oxford,"פיוט. ; Piyyut (Selihot)[beg. with no. 124]""י'י עד אנה אשוע"" (Selihot): ""לאום נאנחה שפלה"" (Selihot): ""שומר הברית והחסד אמונה"" (Selihot): ""י'י לקראתי חסדיך הקרה"" (Selihot): ""במרומי ערץ כסא שבתך"" (Selihot): ""נשא לבב אל כפים"" (Selihot): ""ואנחנו לא נדע""[incomplete] (Selihot): ""ידך אלהים נגעה בי נגוע""[in MS. no.132; the beg. repeated in no. 133] ; פיוט (סליחות)[beg. with no. 124]""י'י עד אנה אשוע"" (סליחות): ""לאום נאנחה שפלה"" (סליחות): ""שומר הברית והחסד אמונה"" (סליחות): ""י'י לקראתי חסדיך הקרה"" (סליחות): ""במרומי ערץ כסא שבתך"" (סליחות): ""נשא לבב אל כפים"" (סליחות): ""ואנחנו לא נדע""[incomplete] (סליחות): ""ידך אלהים נגעה בי נגוע""[in MS. no.132; the beg. repeated in no. 133]"
2,990053474710205171,Oxford,"פיוט. ; Piyyut (Rahat/Shevah: ""אודך יי על רוב טובך. בסוד זרע אברהם אוהבך"" for Yom Ha-Kippurim): ""רבונו של עולם קודם כל דבר אין לי פה להשיב ולא מצח להרים ראש""אי לך נפשי כמה תתיהרי""אם עונינו ענו בנו עניה . בכן נתודה על סתורה וגלויה""אויבים השמיעו לחרפי טמא סור""[incomplete] ; פיוט (רהט/שבח: ""אודך יי על רוב טובך. בסוד זרע אברהם אוהבך"" ליום הכיפורים): ""רבונו של עולם קודם כל דבר אין לי פה להשיב ולא מצח להרים ראש""אי לך נפשי כמה תתיהרי""אם עונינו ענו בנו עניה . בכן נתודה על סתורה וגלויה""אויבים השמיעו לחרפי טמא סור""[incomplete]"
2,990053474780205171,Oxford,"פיוט. ; Piyyut (Rahat/Shevah: ""אודך יי על רוב טובך. בסוד זרע אברהם אוהבך"" for Yom Ha-Kippurim): ""רבונו של עולם קודם כל דבר אין לי פה להשיב ולא מצח להרים ראש""אי לך נפשי כמה תתיהרי""אם עונינו ענו בנו עניה . בכן נתודה על סתורה וגלויה""אויבים השמיעו לחרפי טמא סור""[incomplete] ; פיוט (רהט/שבח: ""אודך יי על רוב טובך. בסוד זרע אברהם אוהבך"" ליום הכיפורים): ""רבונו של עולם קודם כל דבר אין לי פה להשיב ולא מצח להרים ראש""אי לך נפשי כמה תתיהרי""אם עונינו ענו בנו עניה . בכן נתודה על סתורה וגלויה""אויבים השמיעו לחרפי טמא סור""[incomplete]"
2,990053474850205171,Oxford,"פיוט. ; Piyyut (Azharot): ""גרס כרמל"" ; פיוט (אזהרות): ""גרס כרמל"""
2,990053474900205171,Oxford,"הגדה של פסח;פיוט;תפילות קבע. ; Piyyut: ""נבקעו שבעת עבי שמים"" ; פיוט: ""נבקעו שבעת עבי שמים"""
2,990053474940205171,Oxford,"הגדה של פסח;פיוט;תפילות קבע. ; Piyyut: ""נבקעו שבעת עבי שמים"" ; פיוט: ""נבקעו שבעת עבי שמים"""
2,990053474960205171,Oxford,"הגדה של פסח;פיוט;תפילות קבע. ; Piyyut: ""נבקעו שבעת עבי שמים"" ; פיוט: ""נבקעו שבעת עבי שמים"""
2,990053474980205171,Oxford,"הגדה של פסח;פיוט;תפילות קבע. ; Piyyut: ""נבקעו שבעת עבי שמים"" ; פיוט: ""נבקעו שבעת עבי שמים"""
2,990053475210205171,Oxford,"תפילה וברכות;תפילות קבע. ; תפילות קבע: מוסף ראש חודש אמצע תפילת י""ח של שבת ור""ח; חנוכה; פורים; ערבית תעניות; שחרית חול"
2,990053475230205171,Oxford,"תפילה וברכות;תפילות קבע. ; תפילות קבע: מוסף ראש חודש אמצע תפילת י""ח של שבת ור""ח; חנוכה; פורים; ערבית תעניות; שחרית חול"
2,990053475240205171,Oxford,"תפילה וברכות;תפילות קבע. ; תפילות קבע: מוסף ראש חודש אמצע תפילת י""ח של שבת ור""ח; חנוכה; פורים; ערבית תעניות; שחרית חול"
2,990053475250205171,Oxford,"תפילה וברכות;תפילות קבע. ; תפילות קבע: מוסף ראש חודש אמצע תפילת י""ח של שבת ור""ח; חנוכה; פורים; ערבית תעניות; שחרית חול"
2,990053475260205171,Oxford,"תפילה וברכות;תפילות קבע. ; תפילות קבע: מוסף ראש חודש אמצע תפילת י""ח של שבת ור""ח; חנוכה; פורים; ערבית תעניות; שחרית חול"
2,990053475470205171,Oxford,"תפילה וברכות;תפילות קבע. ; תפילות קבע: מוסף ראש חודש אמצע תפילת י""ח של שבת ור""ח; חנוכה; פורים; ערבית תעניות; שחרית חול"
2,990053476200205171,Oxford,"פיוט. ; Piyyut (Selihot): ""סלח נא לשופכי תחנון... אתאנו לך ביום ישועה""אפתח פי ואוחילה""ארבעה חלוקי כפרה""יום אילפתני להועיל""[incomplete] ; פיוט (סליחות): ""סלח נא לשופכי תחנון... אתאנו לך ביום ישועה""אפתח פי ואוחילה""ארבעה חלוקי כפרה""יום אילפתני להועיל""[incomplete]"
2,990053476220205171,Oxford,"פיוט. ; Piyyut (Selihot): ""סלח נא לשופכי תחנון... אתאנו לך ביום ישועה""אפתח פי ואוחילה""ארבעה חלוקי כפרה""יום אילפתני להועיל""[incomplete] ; פיוט (סליחות): ""סלח נא לשופכי תחנון... אתאנו לך ביום ישועה""אפתח פי ואוחילה""ארבעה חלוקי כפרה""יום אילפתני להועיל""[incomplete]"
2,990053478880205171,Oxford,תפילות קבע. ; Common Prayers: Simhat Torah ; תפילות קבע: שמחת תורה
2,990053478910205171,Oxford,תפילות קבע. ; Common Prayers: Simhat Torah ; תפילות קבע: שמחת תורה
2,990053480520205171,Oxford,"פיוט. ; Piyyut: ""רֿנה יפוצץ. בגבעות והרים. שֿדי נערץ בקדושים""[obliterated, ר is]""מקדש ישראל וראשי חודשים""אביב לישע ודרור""אור זרוע לצדיק""אדר עוז בשלישי""אנח ויגון הרמוז""אב ששון ישאב""[incomplete]""אלי אז משבעים הכשירי""אר ועב ונשיא""אורי וישעי הבוחן לב""ארוכה למכה להקדים""אחד לחדש צירבט""[a various reading is noted on the margin]""אאדיר ללובש הוד והדר""אגדיל לאחד ואין לו שני""אגן הסהר הנוצרי כאישון"" ; פיוט: ""רֿנה יפוצץ. בגבעות והרים. שֿדי נערץ בקדושים""[obliterated, ר is]""מקדש ישראל וראשי חודשים""אביב לישע ודרור""אור זרוע לצדיק""אדר עוז בשלישי""אנח ויגון הרמוז""אב ששון ישאב""[incomplete]""אלי אז משבעים הכשירי""אר ועב ונשיא""אורי וישעי הבוחן לב""ארוכה למכה להקדים""אחד לחדש צירבט""[a various reading is noted on the margin]""אאדיר ללובש הוד והדר""אגדיל לאחד ואין לו שני""אגן הסהר הנוצרי כאישון"""
2,990053480780205171,Oxford,"פיוט;ריק. ; Piyyut: ""אגמונו שילחף תנין"" (Qedushta): ""תלאות עקפם מצפות"" (Qedushta): ""יד הימנית חצבה""מעת נתבע שליח להשתלח""והוא יקשה לשלח""מזמור שירו ליי שיר"" (Qedushta): ""איסר וצמדו כהורהו""ויושע ייי אֿתו נושעים בֿשמו""בשלח און קובץ ומרמות""אמונה ראשונים משולי""קיהלו גדודים ואיחדו רכבם""ויושע יי אומרי""את בני בכורי אנהגהו""אמצו ויחזק לבבכם""ים סוף דחפם""אאמירם לי לאיומה""את לבב עמי מה תשבר""אומצו נמהרים ברדתם""אל בים סוס כרמה""איש מלחמה כגבור יצא""[incomplete] ; פיוט: ""אגמונו שילחף תנין"" (קדושתא): ""תלאות עקפם מצפות"" (קדושתא): ""יד הימנית חצבה""מעת נתבע שליח להשתלח""והוא יקשה לשלח""מזמור שירו ליי שיר"" (קדושתא): ""איסר וצמדו כהורהו""ויושע ייי אֿתו נושעים בֿשמו""בשלח און קובץ ומרמות""אמונה ראשונים משולי""קיהלו גדודים ואיחדו רכבם""ויושע יי אומרי""את בני בכורי אנהגהו""אמצו ויחזק לבבכם""ים סוף דחפם""אאמירם לי לאיומה""את לבב עמי מה תשבר""אומצו נמהרים ברדתם""אל בים סוס כרמה""איש מלחמה כגבור יצא""[incomplete]"
2,990053480820205171,Oxford,"פיוט;ריק. ; Piyyut: ""אגמונו שילחף תנין"" (Qedushta): ""תלאות עקפם מצפות"" (Qedushta): ""יד הימנית חצבה""מעת נתבע שליח להשתלח""והוא יקשה לשלח""מזמור שירו ליי שיר"" (Qedushta): ""איסר וצמדו כהורהו""ויושע ייי אֿתו נושעים בֿשמו""בשלח און קובץ ומרמות""אמונה ראשונים משולי""קיהלו גדודים ואיחדו רכבם""ויושע יי אומרי""את בני בכורי אנהגהו""אמצו ויחזק לבבכם""ים סוף דחפם""אאמירם לי לאיומה""את לבב עמי מה תשבר""אומצו נמהרים ברדתם""אל בים סוס כרמה""איש מלחמה כגבור יצא""[incomplete] ; פיוט: ""אגמונו שילחף תנין"" (קדושתא): ""תלאות עקפם מצפות"" (קדושתא): ""יד הימנית חצבה""מעת נתבע שליח להשתלח""והוא יקשה לשלח""מזמור שירו ליי שיר"" (קדושתא): ""איסר וצמדו כהורהו""ויושע ייי אֿתו נושעים בֿשמו""בשלח און קובץ ומרמות""אמונה ראשונים משולי""קיהלו גדודים ואיחדו רכבם""ויושע יי אומרי""את בני בכורי אנהגהו""אמצו ויחזק לבבכם""ים סוף דחפם""אאמירם לי לאיומה""את לבב עמי מה תשבר""אומצו נמהרים ברדתם""אל בים סוס כרמה""איש מלחמה כגבור יצא""[incomplete]"
2,990053481000205171,Oxford,"פיוט. ; Piyyut for Shevu'ot) (Yotzer for Shevu'ot): ""בצבאות מתנות מלאכים"" for Shevu'ot): ""אזהרת ראשית"" ; פיוט לשבועות) (יוצר לשבועות): ""בצבאות מתנות מלאכים"" לשבועות): ""אזהרת ראשית"""
2,990053482620205171,Oxford,"סדרי ברכות (ברכות הנהנין, השבח, המצוות);פיוט;תפילות קבע. ; Brakhot ; סדרי ברכות (ברכות הנהנין, השבח, המצוות)"
2,990053482640205171,Oxford,"סדרי ברכות (ברכות הנהנין, השבח, המצוות);פיוט;תפילות קבע. ; Brakhot ; סדרי ברכות (ברכות הנהנין, השבח, המצוות)"
2,990053482660205171,Oxford,"סדרי ברכות (ברכות הנהנין, השבח, המצוות);פיוט;תפילות קבע. ; Brakhot ; סדרי ברכות (ברכות הנהנין, השבח, המצוות)"
2,990053483940205171,Oxford,פיוט. ; Piyyut (Yom Ha-Kippurim) ; פיוט (יום הכיפורים)
2,990053484420205171,Oxford,פיוט;תפילות קבע. ; תפילות קבע: יום הכיפורים ומה נספר לפניך שוכן שחקים; מוסף
2,990053484460205171,Oxford,"פיוט;שירת חול. ; Piyyut: ""שמעני אלהים בקרא לנגדו"" (Selihot)""ימים על ימים דכאני צרי"" ; פיוט: ""שמעני אלהים בקרא לנגדו"" (סליחות)""ימים על ימים דכאני צרי"""
2,990053484510205171,Oxford,"פיוט. ; Piyyut (Yom Ha-Kippurim): ""ושרפים לפניך ממעל עונדים ומלאכים רוחות עשיתה לך נצבים משרתים אש לוהט מראיהן כלפידים"" ; פיוט (יום הכיפורים): ""ושרפים לפניך ממעל עונדים ומלאכים רוחות עשיתה לך נצבים משרתים אש לוהט מראיהן כלפידים"""
2,990053485040205171,Oxford,מקרא [טקסט];פיוט;תפילה וברכות;תפילות קבע. ; Bible: Psalms 145 ; מקרא: תהילים קמה
2,990053487460205171,Oxford,לא ניתן להכרעה מתוך הקטלוג;תוספות של סידור. ; Liturgical additions: Haggadah (and other matters) of Pesach ; תוספות של סידור: הגדה (ועניינים אחרים) של פסח
2,990053487980205171,Oxford,מקרא [טקסט];פיוט. ; Bible: Psalms 106:42 – 108:10 ; מקרא: תהילים קו:מב – קח:י
2,990053488190205171,Oxford,"סדרי ברכות (ברכות הנהנין, השבח, המצוות);פיוט. ; Brakhot: Grace after meals ; סדרי ברכות: ברכת המזון"
2,990053488200205171,Oxford,"סדרי ברכות (ברכות הנהנין, השבח, המצוות);פיוט. ; Brakhot: Grace after meals ; סדרי ברכות: ברכת המזון"
2,990053488260205171,Oxford,מקרא [טקסט];פיוט. ; Bible ; מקרא
2,990053488570205171,Oxford,"תפילה וברכות. ; Prayer book with Psalms.19,1-19,12, fol.: 15"
2,990053488610205171,Oxford,מזוזות. ; Mezuzot
2,990053488860205171,Oxford,"סדרי ברכות (ברכות הנהנין, השבח, המצוות). ; Brakhot: Grace after meals ; סדרי ברכות: ברכת המזון"
2,990053489210205171,Oxford,"פיוט;תפילות קבע. ; Common Prayers: Shaharit Shabbat[Siddur, Reference: Gaster pp. 96-99 & 19, 20)] ; תפילות קבע: שחרית שבת[Siddur, Reference: Gaster pp. 96-99 & 19, 20)]"
2,990053489230205171,Oxford,"פיוט;תפילות קבע. ; Common Prayers: Shaharit Shabbat[Siddur, Reference: Gaster pp. 96-99 & 19, 20)] ; תפילות קבע: שחרית שבת[Siddur, Reference: Gaster pp. 96-99 & 19, 20)]"
2,990053490480205171,Oxford,"סדרי ברכות (ברכות הנהנין, השבח, המצוות);פיוט;תפילות קבע. ; Brakhot: Grace after meals ; פיוט: ""או""א מחול לעונותינו ביום הזה"""
2,990053498570205171,BL,תרגומים ארמיים.
2,990053499910205171,BL,"פיוט;תוספות של סידור;תפילה וברכות;תפילות קבע. ; Piyyut: "". . . . סביבם תחנה חומת אש בחזיוני"" ; תוספות של סידור: אזהרות ""תורה תמימה הינחיל... הרחמים זוכר יצריו"""
2,990053500000205171,BL,"פיוט;תפילה וברכות;תפילות קבע. ; תפילות קבע: מוסף פסח עמידה ""ישראל אוהבי שמך... ומפניחטאינו גלינו"" (שם בן ארבע: הוי""ה)"
2,990053500500205171,BL,"הלכה [הוראות והלכות];פיוט;תפילה וברכות;תפילות קבע. ; תפילות קבע: ערבית ""הודו על ארץ... אשר בדברו מער'"" (שם בן ארבע: שלושה יודין בסגול)"
2,990053500520205171,BL,פיוט;תפילה וברכות. ; Liturgy and Brakhot ; תפילה וברכות
2,990053501450205171,BL,"פיוט;תפילה וברכות;תפילות קבע. ; Piyyut (Yotzer for Purim) ; תפילות קבע: מוסף ראש השנה עמידה ""בהמון רחמיך בהביאך... ואף את בריתי"" (שם בן ארבע: יוי)"
2,990053501500205171,BL,פיוט;תפילה וברכות. ; Liturgy and Brakhot ; תפילה וברכות
2,990053501550205171,BL,פיוט;תפילה וברכות;תפילות קבע. ; Common Prayers: Shaharit Rosh ha-Shanah; Musaf Rosh ha-Shanah; Shaharit Yom ha-Kippurim; Musaf Yom ha-Kippurim; Ne'ilah Yom ha-Kippurim ; תפילות קבע: שחרית ראש השנה; מוסף ראש השנה; שחרית יום הכיפורים; מוסף יום הכיפורים; נעילה יום הכיפורים
2,990053501580205171,BL,"פיוט;תפילה וברכות;תפילות קבע. ; Piyyut (Yotzer for Purim) ; תפילות קבע: שחרית יום הכיפורים עמידה ""עונותינו מקרא קדש... ישראל ויום הכפורים"" (שם בן ארבע: שלושה יודין בסגול)"
2,990053501940205171,BL,פיוט;תפילה וברכות. ; Liturgy and Brakhot ; תפילה וברכות
2,990053502400205171,BL,פיוט;תפילה וברכות. ; Piyyut ; פיוט
2,990053503400205171,BL,"משנה תורה;פיוט;תפילה וברכות;תפילות קבע. ; Piyyut ; תפילות קבע: מוסף ראש חודש ""להקריב לך קרבן... חדשים לעמך נתת"" (שם בן ארבע: שלושה יודין בסגול;נקודה אחת מלמעלה)"
2,990053503560205171,BL,"פיוט;תפילה וברכות. ; Piyyut (Pesah): ""[אהללך אדון ברתת ואימה] ... מדין ועמלק וכל בני קדמה"" ; פיוט (פסח): ""[אהללך אדון ברתת ואימה] ... מדין ועמלק וכל בני קדמה"""
2,990053503820205171,BL,"פיוט;תוספות של סידור;תפילה וברכות. ; Piyyut (Pesah): ""[אהללך אדון ברתת ואימה] ... מדין ועמלק וכל בני קדמה"" ; תוספות של סידור: זמירות/בקשות לשבת ולמועדים ""מחר תקרא ואנכי... והנורא שומר הברית"" (שם בן ארבע: שתי יודין;שלוש נקודות מלמעלה)"
2,990053504290205171,BL,פיוט;תפילה וברכות;תפילות קבע. ; Piyyut ; פיוט
2,990053507560205171,BL,"פיוט;תפילה וברכות. ; Piyyut ; סעדיה בן יוסף גאון, תפילה מזדמנת: בקשות ותפילות אישיות הבקשה השנייה"
2,990053507760205171,BL,משנה [טקסט];פיוט;תוספות של סידור;תפילה וברכות;תפילות קבע. ; Liturgical additions: Haggadah (and other matters) of Pesach ; משנה: שבת ב
2,990053507770205171,BL,פיוט;תוספות של סידור;תפילה וברכות;תפילות קבע. ; Liturgical additions: Haggadah (and other matters) of Pesach ; תוספות של סידור: הגדה (ועניינים אחרים) של פסח
2,990053507980205171,BL,פיוט;תוספות של סידור;תפילה וברכות;תפילות קבע. ; Liturgical additions: Haggadah (and other matters) of Pesach ; תוספות של סידור: הגדה (ועניינים אחרים) של פסח
2,990053507990205171,BL,פיוט;תוספות של סידור;תפילה וברכות. ; Liturgical additions: Haggadah (and other matters) of Pesach ; תוספות של סידור: הגדה (ועניינים אחרים) של פסח
2,990053508130205171,BL,פיוט;תוספות של סידור;תפילה וברכות;תפילות קבע. ; Liturgical additions: Haggadah (and other matters) of Pesach ; תוספות של סידור: הגדה (ועניינים אחרים) של פסח
2,990053508150205171,BL,פיוט;תוספות של סידור;תפילה וברכות;תפילות קבע. ; Liturgical additions: Haggadah (and other matters) of Pesach ; תוספות של סידור: הגדה (ועניינים אחרים) של פסח
2,990053508290205171,BL,פיוט;תוספות של סידור;תפילה וברכות. ; Liturgical additions: Haggadah (and other matters) of Pesach ; תוספות של סידור: הגדה (ועניינים אחרים) של פסח
2,990053508830205171,BL,"פיוט;תוספות של סידור;תפילה וברכות. ; Piyyut ; תוספות של סידור: סליחות ""שועת צועק הקשב... השאירו עולילות העומדי"""
2,990053509060205171,BL,"פיוט;תפילה וברכות. ; Piyyut ; פיוט (יוצר): ""חג הסוכות ""אשלי איביך, ""בט לנעניע"""
2,990053509430205171,BL,פיוט;תפילה וברכות. ; Liturgy and Brakhot ; תפילה וברכות
2,990053509810205171,BL,"פיוט;תפילה וברכות;תפילות קבע. ; Piyyut ; תפילות קבע: עמידה ""וקבל ברחמים וברצון... בעמך ישראל ולתפלתם"" (שם בן ארבע: שלושה יודין בסגול)"
2,990053509830205171,BL,"פיוט;תפילה וברכות;תפילות קבע. ; Piyyut ; תפילות קבע: עמידה ""ולך נאה להודות... בעיניך לברך את"" (שם בן ארבע: שלושה יודין בסגול)"
2,990053509980205171,BL,פיוט;תפילה וברכות. ; Liturgy and Brakhot ; תפילה וברכות
2,990053511580205171,BL,"לא ניתן להכרעה מתוך הקטלוג;פיוט;תוספות של סידור;תפילה וברכות. ; תוספות של סידור: סליחות ""אם לא תרחם... במצותיך אתה הוא"" (שם בן ארבע: שתי יודין)"
2,990053511710205171,BL,פיוט;תפילה וברכות. ; Liturgy and Brakhot ; תפילה וברכות
2,990053511740205171,BL,"פיוט;תוספות של סידור;תפילה וברכות. ; Piyyut ; תוספות של סידור: זמירות/בקשות לשבת ולמועדים ""אוכל מטוב חלבו... חוסי בו והללויה"" (שם בן ארבע: שתי יודין;מין ט בהמשך)"
2,990053511790205171,BL,פיוט;תפילה וברכות. ; Piyyut ; פיוט
2,990053511990205171,BL,"פיוט;תפילה וברכות;תפילות קבע. ; Piyyut ; תפילות קבע: שחרית פסוקי דזמרה ""מכון לשבתך פעלת... אלוה ישעינו שמע"" (שם בן ארבע: שתי יודין;נקודה אחת מלמעלה); קריאת שמע וברכותיה"
2,990053512100205171,BL,"פיוט;תפילה וברכות;תפילות קבע. ; Piyyut ; תפילות קבע: ראש השנה ""חלקינו בתורתיך ושמח... אבותינו לעולם ועד"" (שם בן ארבע: יוי;שלוש נקודות מלמעלה)"
2,990053517200205171,BL,פרשנות מקרא. ; Biblical Exegesis: Genesis 15:9 – 13; 16:5 – 12 ; פרשנות מקרא: בראשית טו:ט – יג; טז:ה – יב
2,990053517300205171,BL,פרשנות מקרא;פרשנות מקרא קראית;פרשנות מקרא רבנית. ; Biblical Exegesis - Karaite: Leviticus ; פרשנות מקרא: ויקרא כז:כו – כז
2,990053518030205171,BL,הלכה;ספרי מנהגים;פולמוס קראי-רבני. ; פולמוס רבני-קראי בנושא ראש חודש.
2,990053519030205171,BL,"חכמת הלשון;כלאם יהודי;פילוסופיה;תיאולוגיה. ; קטע בכלאם יהודי - על חשיבות העיון השכלי כבסיס לכל עיון, וגם עבור פרשנות הפסוקים."
2,990053522260205171,BL,"סדרי ברכות (ברכות הנהנין, השבח, המצוות);פיוט;תוספות של סידור;תפילה וברכות;תפילות קבע. ; Brakhot: Grace after meals ; תוספות של סידור: הגדה (ועניינים אחרים) של פסח ""נהיה בדברו ושותה... הר שעיר לרשת"""
2,990053525070205171,BL,פיוט;תפילה וברכות. ; Piyyut ; פיוט
2,990053525870205171,BL,
2,990053527360205171,BL,מקרא [טקסט];תפילה וברכות. ; סידור עם הוראות בערבית.
2,990053528930205171,BL,"Moses b. Maimon, Rambam, Mishneh Torah: Hametz u-Matztzah 7 – 22; 7 – 40 ; משה בן מימון, משנה תורה: חמץ ומצה ז – כב; ז – מ"
2,990053529950205171,BL,
2,990053530660205171,BL,
2,990053533570205171,BL,תפילה וברכות.
2,990053534940205171,BL,"סדרי ברכות (ברכות הנהנין, השבח, המצוות)."
2,990053534960205171,BL,אוהבי כצבי ומשנאי כאריה.
2,990053535060205171,BL,תוספות של סידור.
2,990053535080205171,BL,תפילה מזדמנת.
2,990053536810205171,BL,דרשות;תפסיר ערבי. ; Derashot: Numbers Qorah ; דרשות: במדבר קרח
2,990053537790205171,BL,"עזרי הוראה, נסיונות קולמוס, תרגילי כתיבה, שרבוטים."
2,990053537870205171,BL,פיוט;תפילה וברכות.
2,990053540460205171,BL,תפילה וברכות. ; Liturgy and Brakhot
2,990053559360205171,BL,פיוט. ; Piyyut
2,990053560610205171,BL,סדור תפלה (קטע).
2,990053560730205171,BL,פיוט.
2,990053561750205171,BL,
2,990053566030205171,BL,
2,990053568750205171,JTS,"הלכות הרי""ף. ; Isaac Al-Fasi, Hilkhot ha-Rif: Bava Metzi'a 6 b ; יצחק אלפסי, הלכות הרי""ף: בבא מציעא ו ע""ב"
2,990053571500205171,JTS,"פרשנות מקרא;תרגומים ארמיים. ; Japhet b. Eli, Biblical Exegesis: Proverbs 29:24 – 30:9 ; יפת בן עלי הלוי, פרשנות מקרא: משלי כט:כד – ל:ט"
2,990053571740205171,JTS,"משנה תורה. ; משנה תורה, שחיטה ה - י (לא רצוף)"
2,990053571900205171,JTS,"כתאב ג'אמע אלצלואת ואלתסאביח;פיוט;תפילות קבע. ; סידור רס""ג, הגדה של פסח"
2,990053572310205171,JTS,"כתאב ג'אמע אלצלואת ואלתסאביח;תוספות של סידור. ; תוספות של סידור: זמירות/בקשות לשבת ולמועדים ""דרכיך יי הודיעני... ואל תבטיחני בהם"" (שם בן ארבע: שתי יודין;נקודה אחת מלמעלה)"
2,990053572320205171,JTS,"כתאב ג'אמע אלצלואת ואלתסאביח;סדרי ברכות (ברכות הנהנין, השבח, המצוות);תוספות של סידור. ; סדרי ברכות: ברכת המזון ""שומע תפלה ומאזין... ורחבה ברית ותורה"" (שם בן ארבע: שתי יודין;נקודה אחת מלמעלה); תוספות של סידור: זמירות/בקשות לשבת ולמועדים ""שומע תפלה ומאזין... ורחבה ברית ותורה"" (שם בן ארבע: שתי יודין;נקודה אחת מלמעלה)"
2,990053572460205171,JTS,"כתאב ג'אמע אלצלואת ואלתסאביח. ; סידור רס""ג, תפילות ראש חודש"
2,990053575170205171,JTS,"כתאב ג'אמע אלצלואת ואלתסאביח. ; סידור רס""ג, חלק הברכות"
2,990053576110205171,JTS,"פרשנות מקרא;פרשנות מקרא קראית. ; Japhet b. Eli, Biblical Exegesis - Karaite: Daniel 11:14 – 12:13 ; יפת בן עלי הלוי, פרשנות מקרא קראית: דניאל יא:יד – יב:יג"
2,990053576290205171,JTS,"הלכות הרי""ף. ; Isaac Al-Fasi, Hilkhot ha-Rif: Yevamot 2 b – 3 a ; יצחק אלפסי, הלכות הרי""ף: יבמות ב ע""ב – ג ע""א"
2,990053577790205171,JTS,"משנה תורה. ; משנה תורה, שחיטה ב:יג - ד:ו"
2,990053577800205171,JTS,"משנה תורה. ; משנה תורה, שחיטה ב:יג - ד:ו"
2,990053577830205171,JTS,"משנה תורה. ; משנה תורה, שחיטה ב:יג - ד:ו"
2,990053578810205171,JTS,"כתאב אלשהאדה;כתאב ג'אמע אלצלואת ואלתסאביח;תפילה וברכות. ; עיבוד של סידור רס""ג. תוכן הקטע הוא סידור רס""ג לחנוכה, צומות ושמיני עצרת. סדר הדברים שונה מאוד מסידור רס""ג."
2,990053580330205171,JTS,"מדרש דוד הנגיד;מדרשי אגדה;סיפורת וספרות יפה;פרשנות מקרא;פרשנות מקרא רבנית. ; רבי דוד הנגיד, דרשה לפרשת במדבר:הדגלים (במדבר ב)"
2,990053582570205171,JTS,"משנה תורה. ; משנה תורה, שחיטה ז:טו-יט"
2,990053583950205171,JTS,"כתאב אלאצול. ; כתאב אלאצול (ספר השרשים) ערך חק""ק-חר""ם הגהות בגליון ובין השיטין"
2,990053584690205171,JTS,"מקרא [טקסט];פרשנות מקרא קראית. ; Japhet b. Eli, Biblical Exegesis - Karaite: Ezechiel 44:26 – 45:3; 45:21 – 46:11 ; יפת בן עלי הלוי, פרשנות מקרא קראית: יחזקאל מד:כו – מה:ג; מה:כא – מו:יא"
2,990053585880205171,JTS,"הלכה [הוראות והלכות];כתאב ג'אמע אלצלואת ואלתסאביח;פיוט;תפילות קבע. ; סידור רס""ג, תפלות והלכות יום הכיפורים. עמ' רנ""ט ואילך במהדורת דודסון."
2,990053586500205171,JTS,כתאב אלתמייז [יוסף אלבציר];פילוסופיה. ; כתאב אלתמייז [יוסף אלבציר] ליוסף בן אברהם הרואה: פרקים ח-יב (הדפים מסודרים מהסוף להתחלה - הדך הראשון לפי הסדר הוא דף 6).
2,990053587820205171,JTS,"מקרא [טקסט];פרשנות מקרא קראית. ; Japhet b. Eli, Biblical Exegesis - Karaite: Ezechiel 8:5 – 9:3 ; יפת בן עלי הלוי, פרשנות מקרא קראית: יחזקאל ח:ה – ט:ג"
2,990053588520205171,JTS,"משנה [טקסט];פירושי משנה. ; פירוש משנה יומא ג:יב, בערבית-יהודית"
2,990053591060205171,JTS,"פרשנות מקרא;פרשנות מקרא קראית;תרגומים ארמיים. ; Japhet b. Eli, Biblical Exegesis - Karaite: Deuteronomy Ha’azinu 32:7 – 8; 15 – 17 ; יפת בן עלי הלוי, פרשנות מקרא קראית: דברים האזינו לב:ז – ח; טו – יז"
2,990053591620205171,JTS,"דרשות;מדרש דוד הנגיד;תפסיר ערבי. ; David b. Abraham b. Maimon, Midrash David ha-Nagid: Genesis Noah 9:5 – 11:8; Isaiah 54:1 – 9[הפטרת 'נח'] ; דוד בן אברהם הנגיד, מדרש דוד הנגיד: בראשית נח ט:ה – יא:ח; ישעיהו נד:א – ט[הפטרת 'נח']"
2,990053591790205171,JTS,"משנה תורה. ; משנה תורה, שחיטה ו:כ - ז:ד"
2,990053594960205171,JTS,"משנה תורה;תחום לא מזוהה. ; משנה תורה, שחיטה ז:יד - ח:ח חשבונות"
2,990053595610205171,JTS,"פרשנות מקרא;פרשנות מקרא קראית;תרגומים ארמיים. ; סלמון בן ירוחם, פרשנות מקרא קראית: תהילים לז:יז – לא; קד:ב – יט"
2,990053596160205171,JTS,"פרשנות מקרא;פרשנות מקרא קראית. ; Japhet b. Eli, Biblical Exegesis - Karaite: Job 36:2 – 12[כולל תרגום] ; יפת בן עלי הלוי, פרשנות מקרא קראית: איוב לו:ב – יב[כולל תרגום]"
2,990053596530205171,JTS,"כתאב ג'אמע אלצלואת ואלתסאביח;תפילה וברכות. ; רס""ג, סידור (עיבוד) - שחרית לראש השנה, והוספות בעמידה בראש השנה. עמ' ריט-רכ במהדורה."
2,990053596660205171,JTS,"תפסיר רס""ג;תרגומים ארמיים. ; תרגום ערבי-יהודי שמות יג:יז-כא"
2,990053598070205171,JTS,"ספרות הלכתית ופרשנות תלמודית;פרשנות מקרא;שרח אל תורה [רס""ג]. ; סעדיה בן יוסף גאון, שרח אל תורה [רס""ג]: ויקרא יח"
2,990053598240205171,JTS,"מקרא [טקסט];פרשנות מקרא קראית. ; סלמון בן ירוחם, פרשנות מקרא קראית: הקדמה איכה א:א"
2,990053598930205171,JTS,"פרשנות מקרא;פרשנות מקרא קראית. ; Japhet b. Eli, Biblical Exegesis - Karaite: Numbers Naso 5:28 – 31 ; יפת בן עלי הלוי, פרשנות מקרא קראית: במדבר נשא ה:כח – לא"
2,990053605360205171,JTS,"משנה תורה. ; משנה תורה, שחיטה א:א-ג"
2,990053606790205171,JTS,"פיוט. ; Shelomo Sulieiman, Piyyut ; שלמה סולימן אלסנג'ארי, פיוט"
2,990053617490205171,JTS,"סדר רב עמרם גאון. ; עמרם בן ששנא גאון, סדר רב עמרם גאון"
2,990053618740205171,Oxford,פרשנות מקרא;פרשנות מקרא רבנית. ; פירוש לתורה
2,990053619860205171,Oxford,"פרשנות מקרא;תפסיר ערבי. ; Saadiah b. Joseph al-Fayyumi (Saadiah Gaon), Arabic Tafsir: Psalms 22:28 – 32; 5 – 14 ; סעדיה בן יוסף גאון, תפסיר ערבי: תהילים כב:כח – לב; ה – יד"
2,990053620140205171,Oxford,"פיוט;תפילה וברכות. ; Afragment of the Siddur, Page : 11,Prayer : הושענה-נשלם הסידור שלתפלות ושלברכות שלכל השנה כולה שלעמרם... ששנא ריש מתיבתא,Prayer : כתובת בתולה"
2,990053623170205171,Oxford,חכמת הלשון;כתאב אלאצול. ; ערכים לחם-למד
2,990053624910205171,Oxford,"פרשנות מקרא;תפסיר ערבי. ; Saadiah b. Joseph al-Fayyumi (Saadiah Gaon), Biblical Exegesis: Psalms 11:6 – 15:5 ; סעדיה בן יוסף גאון, פרשנות מקרא: תהילים יא:ו – טו:ה"
2,990053625990205171,Oxford,"כתאב אלאימאן [האי גאון]. ; הקטע כולל את סוף שער ט""ז עד שער כ' ועד בכלל."
2,990053626030205171,Oxford,"כתאב אלאימאן [האי גאון]. ; הקטע כולל את סוף שער ט""ז עד שער כ' ועד בכלל."
2,990053626830205171,Oxford,"הלכות הרי""ף. ; Isaac Al-Fasi, Hilkhot ha-Rif: Yoma 5 a – b; 1 a ; יצחק אלפסי, הלכות הרי""ף: יומא ה ע""א – ע""ב; א ע""א"
2,990053630680205171,Oxford,"מקרא [טקסט];תפסיר ערבי. ; Saadiah b. Joseph al-Fayyumi (Saadiah Gaon), Arabic Tafsir: Numbers 4:13 – 22; 2:15 – 29 ; סעדיה בן יוסף גאון, תפסיר ערבי: במדבר ד:יג – כב; ב:טו – כט"
2,990053631570205171,Oxford,"כתאב ג'אמע אלצלואת ואלתסאביח;פיוט;תוספות של סידור;תפילות קבע. ; רס""ג, סידור - כולל חלק מן ה""מגיד"" בהגדה של פסח. כמו כן הוא כולל חלק מהלכות בדיקת חמץ ועשיית המצה, ואת נוסח הקידוש בליל פסח."
2,990053631580205171,Oxford,"כתאב ג'אמע אלצלואת ואלתסאביח;פיוט;תוספות של סידור;תפילות קבע. ; רס""ג, סידור - כולל חלק מן ה""מגיד"" בהגדה של פסח. כמו כן הוא כולל חלק מהלכות בדיקת חמץ ועשיית המצה, ואת נוסח הקידוש בליל פסח."
2,990053632210205171,Oxford,"דרשות;פרשנות מקרא;תפסיר ערבי. ; David b. Abraham b. Maimon, Derashot: Leviticus Qedoshim ; דוד בן אברהם הנגיד, דרשות: ויקרא קדושים"
2,990053632630205171,Oxford,"הלכות הרי""ף. ; Isaac Al-Fasi, Hilkhot ha-Rif: Berakhot 33 b – 34 a ; יצחק אלפסי, הלכות הרי""ף: ברכות לג ע""ב – לד ע""א"
2,990053633270205171,Oxford,"פרשנות מקרא;תפסיר ערבי. ; Japhet b. Eli, Biblical Exegesis: Leviticus 17:4 – 7; 10 – 11 ; יפת בן עלי הלוי, פרשנות מקרא: ויקרא יז:ד – ז; י – יא"
2,990053634390205171,Oxford,"פרשנות מקרא;תפסיר ערבי. ; Saadiah b. Joseph al-Fayyumi (Saadiah Gaon), Biblical Exegesis: Isaiah 17:10 – 14; 19:13 – 15; 16; Saadiah b. Joseph al-Fayyumi (Saadiah Gaon), Arabic Tafsir: Isaiah 19:16 – 25 ; סעדיה בן יוסף גאון, פרשנות מקרא: ישעיהו יז:י – יד; יט:יג – טו; טז; סעדיה בן יוסף גאון, תפסיר ערבי: ישעיהו יט:טז – כה"
2,990053634560205171,Oxford,"תפסיר ערבי. ; Saadiah b. Joseph al-Fayyumi (Saadiah Gaon), Arabic Tafsir: Exodus 1:1 – 18; Genesis 50:9 ; סעדיה בן יוסף גאון, תפסיר ערבי: שמות א:א – יח; בראשית נ:ט"
2,990053634570205171,Oxford,"תפסיר ערבי. ; Saadiah b. Joseph al-Fayyumi (Saadiah Gaon), Arabic Tafsir: Exodus 1:1 – 18; Genesis 50:9 ; סעדיה בן יוסף גאון, תפסיר ערבי: שמות א:א – יח; בראשית נ:ט"
2,990053634910205171,Oxford,פרשנות מקרא;פרשנות מקרא קראית. ; Biblical Exegesis: Psalms 45:10 – 12; 46:7 – 10 ; פרשנות מקרא: תהילים מה:י – יב; מו:ז – י
2,990053635940205171,Oxford,"משנה תורה. ; Moses b. Maimon, Rambam, Mishneh Torah: Shehitah 3:18 – 25[incomplete] ; משה בן מימון, משנה תורה: שחיטה ג:יח – כה[incomplete]"
2,990053636200205171,Oxford,"משנה תורה. ; Moses b. Maimon, Rambam, Translation of Mishneh Torah: Shehitah 3:8 – 9:7 ; משה בן מימון, תרגום ל משנה תורה: שחיטה ג:ח – ט:ז"
2,990053640600205171,BL,"תפסיר רס""ג. ; Saadiah b. Joseph al-Fayyumi (Saadiah Gaon), Tafsir Saadya Gaon: Genesis ; סעדיה בן יוסף גאון, תפסיר רס""ג: בראשית"
2,990053641030205171,BL,"סידור שלמה מסיג'ילמאסה;פיוט;תפילה וברכות;תפילות קבע. ; שלמה בן נתן מסיג'ילמאסה, סידור שלמה מסיג'ילמאסה: טז"
2,990053641040205171,BL,"סידור שלמה מסיג'ילמאסה;תפילה וברכות. ; שלמה בן נתן מסיג'ילמאסה, סידור שלמה מסיג'ילמאסה: טז"
2,990053641050205171,BL,"סידור שלמה מסיג'ילמאסה;תפילה וברכות. ; שלמה בן נתן מסיג'ילמאסה, סידור שלמה מסיג'ילמאסה: טז"
2,990053641060205171,BL,"סידור שלמה מסיג'ילמאסה;פיוט;תפילה וברכות;תפילות קבע. ; שלמה בן נתן מסיג'ילמאסה, סידור שלמה מסיג'ילמאסה: טז"
2,990053641090205171,BL,"סידור שלמה מסיג'ילמאסה;תפילה וברכות. ; שלמה בן נתן מסיג'ילמאסה, סידור שלמה מסיג'ילמאסה: טז"
2,990053641120205171,BL,"סידור שלמה מסיג'ילמאסה;פיוט;תפילה וברכות;תפילות קבע. ; Piyyut (Yotzer for Purim) ; שלמה בן נתן מסיג'ילמאסה, סידור שלמה מסיג'ילמאסה: ב"
2,990053641830205171,BL,"משנה תורה. ; Moses b. Maimon, Rambam, Translation of Mishneh Torah: Shehitah 1 – 5 ; משה בן מימון, תרגום ל משנה תורה: שחיטה א – ה"
2,990053641850205171,BL,"משנה תורה. ; Moses b. Maimon, Rambam, Translation of Mishneh Torah: Shehitah 1 – 5 ; משה בן מימון, תרגום ל משנה תורה: שחיטה א – ה"
2,990053641860205171,BL,"משנה תורה. ; Moses b. Maimon, Rambam, Translation of Mishneh Torah: Shehitah 1 – 5 ; משה בן מימון, תרגום ל משנה תורה: שחיטה א – ה"
2,990053644060205171,BL,"משנה תורה;ספרות הלכתית ופרשנות תלמודית. ; Moses b. Maimon, Rambam, Mishneh Torah: Tefillin Mezuzah ve-Sefer Torah 5 – 6 ; משה בן מימון, משנה תורה: תפילין מזוזה וספר תורה ה – ו"
2,990053644070205171,BL,"משנה תורה;ספרות הלכתית ופרשנות תלמודית. ; Moses b. Maimon, Rambam, Mishneh Torah: Tefillin Mezuzah ve-Sefer Torah 6 ; משה בן מימון, משנה תורה: תפילין מזוזה וספר תורה ו"
2,990053644100205171,BL,"משנה תורה;ספרות הלכתית ופרשנות תלמודית. ; Moses b. Maimon, Rambam, Mishneh Torah: Tefillin Mezuzah ve-Sefer Torah 6 ; משה בן מימון, משנה תורה: תפילין מזוזה וספר תורה ו"
2,990053646940205171,BL,מקרא ותרגומים;תפסיר ערבי. ; Arabic Tafsir: Genesis 9:12 – 29 ; תפסיר ערבי: בראשית ט:יב – כט
2,990053646970205171,BL,מקרא ותרגומים;תפסיר ערבי. ; Arabic Tafsir: Exodus 21:8 – 20 ; תפסיר ערבי: שמות כא:ח – כ
2,990053647500205171,BL,"פרשנות מקרא. ; Joshua b. Judah, Biblical Exegesis: Numbers 13:19 – 20; 32 – 33 ; ישועה בן יהודה, פרשנות מקרא: במדבר יג:יט – כ; לב – לג"
2,990053647590205171,BL,מקרא ותרגומים;תפסיר ערבי;תרגומים ארמיים. ; Arabic Tafsir: Lamentations ; תפסיר ערבי: איכה
2,990053647710205171,BL,"פירוש סלמון בן ירוחם למקרא;פרשנות מקרא;תרגומים ארמיים. ; סלמון בן ירוחם, פרשנות מקרא: קהלת ב:יז – כ; ב:ח – יא"
2,990053647830205171,BL,"פרשנות מקרא. ; Japhet b. Eli, Biblical Exegesis: Isaiah 51:1 – 5; 9 – 12 ; יפת בן עלי הלוי, פרשנות מקרא: ישעיהו נא:א – ה; ט – יב"
2,990053647880205171,BL,"כתאב אלאסתצלאח;פרשנות מקרא. ; Saadiah b. Joseph al-Fayyumi (Saadiah Gaon), Biblical Exegesis: Isaiah 40:2; 40:28 – 41:1 ; סעדיה בן יוסף גאון, פרשנות מקרא: ישעיהו מ:ב; מ:כח – מא:א"
2,990053648860205171,BL,דרשות;מדרש דוד הנגיד;תחום לא מזוהה. ; מתוך הדרשה לפרשת כי תבוא:דברים כו:1-15 (ראשית הפרשה)
2,990053649790205171,BL,"הלכות הרי""ף;פיוט;תוספות של סידור;תלמוד ירושלמי();תפילה וברכות. ; תוספות של סידור: הגדה (ועניינים אחרים) של פסח ""מקרב תבל הוא ועמו... שדי ובמיני נגעים"""
2,990053650090205171,BL,"מקרא ותרגומים;תפסיר ערבי;תפסיר רס""ג. ; Saadiah b. Joseph al-Fayyumi (Saadiah Gaon), Tafsir Saadya Gaon ; סעדיה בן יוסף גאון, תפסיר רס""ג"
2,990053654090205171,BL,"מקרא [טקסט];פירוש יפת למקרא;תפסיר ערבי. ; Japhet b. Eli, Yefet's Commentary on the Bible: Exodus 1:12 – 16; 1:19 – 2:2 ; יפת בן עלי הלוי, פירוש יפת למקרא: שמות א:יב – טז; א:יט – ב:ב"
2,990053654110205171,BL,"מקרא [טקסט];פירוש יפת למקרא;תפסיר ערבי. ; Japhet b. Eli, Yefet's Commentary on the Bible: Exodus 1:12 – 16; 1:19 – 2:2 ; יפת בן עלי הלוי, פירוש יפת למקרא: שמות א:יב – טז; א:יט – ב:ב"
2,990053654310205171,BL,"מקרא [טקסט];פירוש סלמון בן ירוחם למקרא;פרשנות מקרא;תפסיר ערבי. ; סלמון בן ירוחם, פירוש סלמון בן ירוחם למקרא: איכה ה:כא – כב"
2,990053654700205171,BL,"מקרא [טקסט];פירוש סלמון בן ירוחם למקרא;פרשנות מקרא;תפסיר ערבי. ; סלמון בן ירוחם, פירוש סלמון בן ירוחם למקרא: איכה ד:ט – י"
2,990053654920205171,BL,מקרא [טקסט];פירוש יפת למקרא;תפסיר ערבי. ; Arabic Tafsir: Numbers 15:26 – 31; 31:2 – 3 ; תפסיר ערבי: במדבר טו:כו – לא; לא:ב – ג
2,990053654990205171,BL,"פירוש סלמון בן ירוחם למקרא;פרשנות מקרא. ; סלמון בן ירוחם, פירוש סלמון בן ירוחם למקרא: איכה ה:יח – כ"
2,990053661720205171,BL,"פרשנות מקרא. ; אהרן בן יוסף סרגדו, פרשנות מקרא: דברים כט:ט – יח"
2,990053661820205171,BL,מכתבים;נואדר אלפלאספה;פיוט. ; חנין בן אסחאק
2,990053680590205171,Manchester,מקרא [טקסט];מקרא ותרגומים. ; Bible: Psalms 1:1 – 3 ; מקרא: תהילים א:א – ג
2,990053689080205171,Manchester,פיוט;תפילה וברכות. ; Liturgical poem?
2,990053690270205171,Manchester,פיוט;תפילה וברכות. ; Liturgical poems
2,990053691310205171,Manchester,תוספות של סידור. ; Passover Haggadah
2,990053701910205171,Manchester,Judeo-Arabic text
2,990053728550205171,Manchester,מקרא [טקסט];מקרא ותרגומים. ; Bible: Psalms 1:1 – 5 ; מקרא: תהילים א:א – ה
2,990053728640205171,Manchester,פיוט;תפילה וברכות.
2,990053730630205171,Manchester,זמר לברכת המזון.
2,990053746440205171,Manchester,מקרא ותרגומים.
2,990053747200205171,Manchester,
2,990053771850205171,Manchester,מקרא ותרגומים;פיוט;תפילה וברכות.
2,990053771880205171,Manchester,מקרא ותרגומים;פיוט;תפילה וברכות.
2,990053772860205171,Manchester,
2,990053773470205171,Manchester,
2,990053774260205171,Manchester,
2,990053774290205171,Manchester,
2,990053778600205171,Manchester,מקרא [טקסט]. ; Bible: Genesis 1:29 – 2:1 ; מקרא: בראשית א:כט – ב:א
2,990053779630205171,Manchester,
2,990053779650205171,Manchester,
2,990053779700205171,Manchester,
2,990053779720205171,Manchester,
2,990053779780205171,Manchester,
2,990053779810205171,Manchester,
2,990053779850205171,Manchester,
2,990053779860205171,Manchester,
2,990053779910205171,Manchester,
2,990053780300205171,Manchester,
2,990053780390205171,Manchester,
2,990053780460205171,Manchester,
2,990053781020205171,Manchester,
2,990053781270205171,Manchester,
2,990053783570205171,Manchester,
2,990053783810205171,Manchester,
2,990053783900205171,Manchester,
2,990053785560205171,Manchester,
2,990053785920205171,Manchester,
2,990053789470205171,Manchester,פיוט;תפילה וברכות. ; Liturgical poem
2,990053796700205171,Mosseri,"הגדה של פסח;תוספות של סידור. ; Passover Haggada, from the end of the Qiddus to the ברייתא של ארבעה בנים."
2,990053796790205171,Mosseri,"הגדה של פסח;תוספות של סידור. ; Passover Haggada, F.1: second introduction to the midras; F.2-3: from the Misna of Rabban Gamli'el to ברכת הגאולה."
2,990053797090205171,Mosseri,"סדרי ברכות (ברכות הנהנין, השבח, המצוות);עזרי הוראה, נסיונות קולמוס, תרגילי כתיבה, שרבוטים. ; Grace before meals, with jottings and pen exercises on f. 2v."
2,990053805620205171,Mosseri,"פיוט;תפילה וברכות. ; Piyyut: ""- - - יי אשר חסד לאלהים שומר"" ; פיוט: ""- - - יי אשר חסד לאלהים שומר"""
2,990053805690205171,Mosseri,"פיוט;תפילות קבע. ; Piyyut (Selihot): ""אנא הבט וראה באו מים עד נפש"" ; פיוט (סליחות): ""אנא הבט וראה באו מים עד נפש"""
2,990053805860205171,Mosseri,פיוט.
2,990053838110205171,AIU,כתובים (תהלים ב:י-ו:ג).
2,990053840700205171,AIU,"תרגום ערבי לתורה לרס""ג (בראשית מט:ו-מט:כה)."
2,990053840740205171,AIU,"תרגום ערבי לתורה (דברים ד, קטעים)."
2,990053841680205171,AIU,לא ניתן להכרעה מתוך הקטלוג;מדרש מאוחר ודרשות;. ; Derashot and Later Midrashim: Exodus Ki Tissa ; מדרש מאוחר ודרשות: שמות כי תשא
2,990053843700205171,AIU,"תוספות של סידור;תפילה וברכות. ; תוספות של סידור: הגדה (ועניינים אחרים) של פסח ""ועתה ישבו נא... בארץ גושן בארץ"""
2,990053846060205171,AIU,פיוט;שירת חול;תפילות קבע. ; Secular Poetry: Non-Liturgical Pizmonim ; שירת חול: פיזמונים לא ליטורגיים
2,990053846180205171,AIU,פיוט;תפילה וברכות. ; Liturgy and Brakhot ; תפילה וברכות
2,990053847110205171,AIU,פיוט. ; Piyyut (Selihot) ; פיוט (סליחות)
2,990053847350205171,AIU,פיוט;תפילה וברכות. ; Liturgy and Brakhot ; תפילה וברכות
2,990053848560205171,AIU,פיוט;תפילה וברכות. ; Liturgy and Brakhot ; תפילה וברכות
2,990053851790205171,AIU,
2,990053857760205171,AIU,
2,990053857770205171,AIU,
2,990053865610205171,Mosseri,"משנה תורה. ; Maimonides, Misne Tora, sehiTa introduction and beginning of 1:1."
2,990053865650205171,Mosseri,"משנה תורה. ; Maimonides, Misne Tora, sehiTa 1:6-10."
2,990053880490205171,AIU,"מדרש;מדרש דוד הנגיד;פרשנות מקרא;. ; רבי דוד הנגיד, מדרש הנגיד."
2,990053923160205171,CUL,תפילה וברכות. ; Liturgy for weekdays and Sabbat.
2,990053924210205171,CUL,מקרא [טקסט];תפילה וברכות. ; Bible: Numbers 32:41 – 33:37 ; מקרא: במדבר לב:מא – לג:לז
2,990053924730205171,CUL,מקרא [טקסט];תפילה וברכות. ; Bible: Leviticus 8:23 – 30 ; מקרא: ויקרא ח:כג – ל
2,990053925350205171,CUL,תפילה וברכות. ; Liturgy and Brakhot: Deuteronomy 11:15 – 21; Numbers 15:37 – 41 ; תפילה וברכות: דברים יא:טו – כא; במדבר טו:לז – מא
2,990053925610205171,CUL,מזוזות;תפילה וברכות. ; Mezuzot: Deuteronomy 6:4 – 9; 11:13 – 21 ; מזוזות: דברים ו:ד – ט; יא:יג – כא
2,990053927910205171,CUL,מכתבים;מקרא [טקסט];תפילה וברכות. ; מכתבים: ענייני ציבור מקום הנמען: פסטאט 1028 רב סעדיה גאון
2,990053928310205171,CUL,"תפילה וברכות. ; Psalms 145:3-19 (most of verse 12 is missing on recto), perhaps part of Asre from the morning liturgy."
2,990053929420205171,CUL,"משנה תורה. ; Moses b. Maimon, Rambam, Mishneh Torah: Shehitah 8 – 9 ; משה בן מימון, משנה תורה: שחיטה ח – ט"
2,990053929750205171,CUL,"תפילות קבע. ; Liturgy and Brakhot, Brakhot ; תפילה וברכות, סדרי ברכות (ברכות הנהנין, השבח, המצוות)"
2,990053929850205171,CUL,"פיוט;תפילות קבע. ; Liturgy and Brakhot, Brakhot, Piyyut, Piyyut ; תפילה וברכות, סדרי ברכות (ברכות הנהנין, השבח, המצוות), פיוט, פיוט"
2,990053929920205171,CUL,"פיוט. ; Eleazar be-Rabbi Kalir, Piyyut, Piyyut ; אלעזר ברבי קליר, פיוט, פיוט"
2,990053929970205171,CUL,"פיוט. ; Piyyut, Piyyut ; פיוט, פיוט"
2,990053929980205171,CUL,"פיוט. ; Solomon b. Judah ibn Gebirol; see Ibn Gebirol, Piyyut, Piyyut ; שלמה אבן גבירול, פיוט, פיוט"
2,990053930070205171,CUL,"פיוט. ; Piyyut, Piyyut ; פיוט, פיוט"
2,990053930180205171,CUL,"פיוט. ; Judah b. Samuel ha-Levi, Teaching Aids,Pen Trials,Writing Exercises,Scribblings,Jotting ; יהודה בן שמואל הלוי, עזרי הוראה, נסיונות קולמוס, תרגילי כתיבה, שרבוטים"
2,990053930200205171,CUL,"פיוט. ; Piyyut, Piyyut ; פיוט, פיוט"
2,990053930390205171,CUL,"פיוט. ; Saadiah b. Joseph al-Fayyumi (Saadiah Gaon), Piyyut, Piyyut ; סעדיה בן יוסף גאון, פיוט, פיוט"
2,990053930400205171,CUL,"פיוט. ; Solomon b. Judah ibn Gebirol; see Ibn Gebirol, Piyyut, Piyyut ; שלמה אבן גבירול, פיוט, פיוט"
2,990053930600205171,CUL,"פיוט;תפילות קבע. ; Liturgy and Brakhot, Brakhot ; תפילה וברכות, סדרי ברכות (ברכות הנהנין, השבח, המצוות)"
2,990053930620205171,CUL,"Liturgy and Brakhot, Brakhot ; תפילה וברכות, סדרי ברכות (ברכות הנהנין, השבח, המצוות)"
2,990053930650205171,CUL,"פיוט;תפילות קבע. ; Liturgy and Brakhot, Brakhot ; תפילה וברכות, סדרי ברכות (ברכות הנהנין, השבח, המצוות)"
2,990053930660205171,CUL,"פיוט;תפילות קבע. ; Liturgy and Brakhot, Brakhot ; תפילה וברכות, סדרי ברכות (ברכות הנהנין, השבח, המצוות)"
2,990053930750205171,CUL,"פיוט;תפילות קבע. ; Liturgy and Brakhot, Brakhot ; תפילה וברכות, סדרי ברכות (ברכות הנהנין, השבח, המצוות)"
2,990053930760205171,CUL,"פיוט;תפילות קבע. ; Liturgy and Brakhot, Brakhot ; תפילה וברכות, סדרי ברכות (ברכות הנהנין, השבח, המצוות)"
2,990053930930205171,CUL,"פיוט. ; Liturgy and Brakhot, Brakhot ; תפילה וברכות, סדרי ברכות (ברכות הנהנין, השבח, המצוות)"
2,990053931520205171,CUL,"פיוט;תפילות קבע. ; Piyyut, Common Prayers ; פיוט, תפילות קבע"
2,990053931820205171,CUL,פיוט;תפילות קבע. ; Brakhot: Grace after meals ; סדרי ברכות: ברכת המזון
2,990053931850205171,CUL,"פיוט;תפילות קבע. ; Piyyut, Common Prayers ; פיוט, תפילות קבע"
2,990053932040205171,CUL,"פיוט. ; פיוט: ""אזכיר גבורות אל אמת ושלוחו"" ((ראב""ע))"
2,990053932120205171,CUL,"סדרי ברכות (ברכות הנהנין, השבח, המצוות);פיוט;תפילות קבע. ; Brakhot: Qiddush (Ritual: Eretz Israel) ; סדרי ברכות: קידוש (מנהג: א""י)"
2,990053932170205171,CUL,"פיוט;תפילות קבע. ; Piyyut, Common Prayers ; פיוט, תפילות קבע"
2,990053932810205171,CUL,"פיוט;תפילות קבע. ; Piyyut, Common Prayers ; פיוט, תפילות קבע"
2,990053932850205171,CUL,פיוט. ; Piyyut
2,990053932880205171,CUL,
2,990053933110205171,CUL,"פיוט;תפילות קבע. ; פיוט (יום הכיפורים): ""אורות בעטותך ראשון ואחרון"" (יוסף ברבי יצחק (אביתור?))"
2,990053933470205171,CUL,"פיוט;תפילות קבע. ; Common Prayers, Piyyut ; תפילות קבע, פיוט"
2,990053933480205171,CUL,"פיוט;תפילות קבע. ; Common Prayers, Piyyut ; תפילות קבע, פיוט"
2,990053933490205171,CUL,"פיוט;תפילות קבע. ; Common Prayers, Piyyut ; תפילות קבע, פיוט"
2,990053933530205171,CUL,"פיוט;תפילות קבע. ; Common Prayers, Piyyut ; תפילות קבע, פיוט"
2,990053933540205171,CUL,"פיוט. ; Piyyut: ""אנשי אמנה אבדו באים בכח מעשיהם"" ; פיוט: ""אנשי אמנה אבדו באים בכח מעשיהם"""
2,990053933890205171,CUL,פיוט. ; Piyyut
2,990053935950205171,CUL,רשימות;רשימות קניות. ; Accounts for building operations in a synagogue and communal expenses.
2,990053937460205171,CUL,"Liturgy and Brakhot, Brakhot ; תפילה וברכות, סדרי ברכות (ברכות הנהנין, השבח, המצוות)"
2,990053937730205171,CUL,David b. Joseph Kimchi ; דוד בן יוסף קמחי
2,990053940700205171,HUC,
2,990053941310205171,HUC,"סדרי ברכות (ברכות הנהנין, השבח, המצוות);פיוט;תפילה וברכות;תפילות קבע. ; Brakhot: Grace after meals ; תפילה וברכות"
2,990053941340205171,HUC,"סדרי ברכות (ברכות הנהנין, השבח, המצוות);פיוט;תפילות קבע. ; סדרי ברכות: ברכת המזון ""ועל מקדשך ועל... ויגון ביום מנוחתינו"" (שם בן ארבע: שלושה יודין בסגול)"
2,990053941630205171,HUC,"פיוט;תפילה וברכות;תפילות קבע. ; תפילות קבע: מוסף ראש השנה עמידה ""אהבת אותנו ורצית... מקדשך בשמחת עולם"" (שם בן ארבע: שלושה יודין בסגול)"
2,990053941650205171,HUC,"סדרי ברכות (ברכות הנהנין, השבח, המצוות);פיוט;תוספות של סידור;תפילה וברכות;תפילות קבע. ; Brakhot: Grace after meals ; תוספות של סידור: מזמורי תהלים ""לדוד ברכי נפשי... אפים ורב חסד"" (שם בן ארבע: שלושה יודין)"
2,990053941930205171,HUC,"סדרי ברכות (ברכות הנהנין, השבח, המצוות);פיוט;תפילות קבע. ; Brakhot: Grace after meals ; תפילות קבע: שחרית שבת פסוקי דזמרה ""נדחי ישראל יכנס... ורוח כל בשר"" (שם בן ארבע: שתי יודין;קו מלמעלה); סדרי ברכות: ברכת המזון ""נדחי ישראל יכנס... ורוח כל בשר"" (שם בן ארבע: שתי יודין;קו מלמעלה)[ברכת המזון - שבת.]"
2,990053946660205171,Vienna,קטעי גניזה.
2,990053947040205171,Warsaw,קטעי גניזה. ; רב סעדיה גאון-הבקשה הראשונה
2,990053948690205171,Strasbourg,
2,990053949220205171,Strasbourg,מקרא [טקסט];תפסיר ערבי;תרגום אונקלוס.
2,990053949260205171,Strasbourg,מקרא [טקסט];תפסיר ערבי;תרגום אונקלוס.
2,990053949980205171,Strasbourg,מקרא [טקסט].
2,990053950440205171,Strasbourg,מקרא [טקסט].
2,990053951120205171,Strasbourg,
2,990053951390205171,Strasbourg,"הלכה [הוראות והלכות];סדרי ברכות (ברכות הנהנין, השבח, המצוות);פיוט;תפילה וברכות;תפילות קבע. ; סדרי ברכות: הבדלה ""דלך יגלס פי... במוצאי יום טוב"" (שם בן ארבע: שלושה יודין)[הבדלה מועדים.]"
2,990053951790205171,Strasbourg,פיוט;תפילה וברכות;תפילות קבע. ; Liturgy and Brakhot ; תפילה וברכות
2,990053952480205171,Strasbourg,פיוט.
2,990053952840205171,Strasbourg,פיוט.
2,990053953670205171,Strasbourg,מקרא [טקסט].
2,990053955510205171,Strasbourg,פיוט;תפילה וברכות. ; Liturgy and Brakhot ; תפילה וברכות
2,990053955680205171,Strasbourg,"סדרי ברכות (ברכות הנהנין, השבח, המצוות);פיוט;תפילה וברכות;תפילות קבע. ; תפילות קבע: פסח קורבנות ""ברוך אתה יי... זכר ליציאת מצריםר"" (שם בן ארבע: שתי יודין;נקודה אחת מלמעלה); סדרי ברכות: קידוש ""ברוך אתה יי... זכר ליציאת מצריםר"" (שם בן ארבע: שתי יודין;נקודה אחת מלמעלה)[קידוש לפסח.]"
2,990053955730205171,Strasbourg,תפילה וברכות. ; Liturgy and Brakhot
2,990053955740205171,Strasbourg,תפילה וברכות. ; Liturgy and Brakhot
2,990053955830205171,Strasbourg,תפילה וברכות. ; Liturgy and Brakhot
2,990053955950205171,Strasbourg,תפילה וברכות. ; Liturgy and Brakhot
2,990053956460205171,Katz,"סדרי ברכות (ברכות הנהנין, השבח, המצוות);תוספות של סידור. ; Brakhot: Grace after meals ; Mahzor, Erets Israeli rite, (Purim, Passover)."
2,990053956620205171,Katz,סדור תפלה (קטע).
2,990053956660205171,Katz,סדור תפלה (קטע).
2,990053956690205171,Katz,סדור תפלה (קטע).
2,990053956780205171,Katz,ברכת המזון.
2,990053956840205171,Katz,מחזור לפסח.
2,990053956850205171,Katz,מחזור לראש השנה : ; עם הוראות בערבית יהודית.
2,990053956870205171,Katz,מחזור ליום כפור (קוטעים).
2,990053956940205171,Katz,מחזור לפסח (קטע) : ; כולל הגדה.
2,990053956950205171,Katz,הגדה של פסח (קטע).
2,990053956960205171,Katz,הגדה של פסח (קטע) : ; עם תוספות ממדרשי ההגדה.
2,990053956980205171,Katz,הגדה של פסח (קטע).
2,990053957070205171,Katz,סדור מנהג קראים : ; עם הוראות בערבית יהודית.
2,990053957260205171,Katz,פיוטים ליום שביעי של פסח.
2,990053957460205171,Katz,פיוט. ; Collected liturgical poems
2,990053960000205171,HUC,פיוט. ; Piyyut
2,990053961280205171,HAS,כתאב אלתמייז [יוסף אלבציר].
2,990053962250205171,CUL,"כתאב ג'אמע אלצלואת ואלתסאביח;פיוט. ; רס""ג, סידור - סליחות לתענית ופרק הרחמין. עמ' של""ח-של""ט, שמ""ג-שמ""ה במהדורה."
2,990053962270205171,CUL,"סידור שלמה מסיג'ילמאסה;פיוט;תפילות קבע. ; שלמה בן נתן מסיג'ילמאסה, סידור שלמה מסיג'ילמאסה: ט"
2,990053962550205171,CUL,"מדרש דוד הנגיד;מדרש מאוחר ודרשות. ; David b. Abraham b. Maimon, Midrash David ha-Nagid: Numbers Balaq; Mas‘ei ; דוד בן אברהם הנגיד, מדרש דוד הנגיד: במדבר בלק; מסעי"
2,990053962770205171,CUL,"תפסיר רס""ג;תרגום אונקלוס. ; Saadiah b. Joseph al-Fayyumi (Saadiah Gaon), Tafsir Saadya Gaon: Numbers Qorah 15:22 – 25; 16:13 – 18 ; סעדיה בן יוסף גאון, תפסיר רס""ג: במדבר קרח טו:כב – כה; טז:יג – יח"
2,990053962860205171,CUL,כתאב אלאפעאל ד'ואת חרוף אללין. ; Fragment from the introduction and beginning of Judah b. David Hayyuj's Kitab al-'af'al dawat huruf al-lin ('The book of verbs containing weak letters').
2,990053963140205171,CUL,"פירוש יפת למקרא;פרשנות מקרא;תפסיר ערבי. ; Japhet b. Eli, Yefet's Commentary on the Bible: Numbers Qorah 16:1; 12 – 15 ; יפת בן עלי הלוי, פירוש יפת למקרא: במדבר קרח טז:א; יב – טו"
2,990053963290205171,CUL,"תפסיר רס""ג. ; Saadiah b. Joseph al-Fayyumi (Saadiah Gaon), Tafsir Saadya Gaon: Genesis Noah 7:14 – 8:16 ; סעדיה בן יוסף גאון, תפסיר רס""ג: בראשית נח ז:יד – ח:טז"
2,990053963300205171,CUL,"תפסיר רס""ג. ; Saadiah b. Joseph al-Fayyumi (Saadiah Gaon), Tafsir Saadya Gaon: Numbers Naso 5:6 – 22 ; סעדיה בן יוסף גאון, תפסיר רס""ג: במדבר נשא ה:ו – כב"
2,990053963550205171,CUL,כתאב אלאימאן [האי גאון]. ; Leaf from Hai Ga'on's Kitab al-'Ayman ('Treatise on Oaths').
2,990053963720205171,HAS,סידור שלמה מסיג'ילמאסה.
2,990053964080205171,Strasbourg,"מקרא [טקסט];פרשנות מקרא רבנית;שירת חול. ; Saadiah b. Joseph al-Fayyumi (Saadiah Gaon), Biblical Exegesis - Rabbanite: Exodus Yitro 20:2 – 10 ; סעדיה בן יוסף גאון, פרשנות מקרא רבנית: שמות יתרו כ:ב – י"
2,990053964160205171,Strasbourg,"פרשנות מקרא קראית;שירת חול;תחום לא מזוהה. ; סלמון בן ירוחם, פרשנות מקרא קראית: איכה א:ח"
2,990053964390205171,Strasbourg,"תפסיר רס""ג."
2,990053965040205171,Strasbourg,"סידור שלמה מסיג'ילמאסה;פיוט;תפילה וברכות;תפילות קבע. ; שלמה בן נתן מסיג'ילמאסה, סידור שלמה מסיג'ילמאסה: ד; ה"
2,990053965550205171,Katz,חבור בהלכות תפלה בערבית יהודית (קטע).
2,997010361267605171,BL,כתובים (תהלים א) : ; עם תרגום ערבי אחר כל פסוק.
2,997011662469305171,RNL,משנה סדר נזיקין (עדויות ז:ט-ח:ו).
2,997011946568005171,RNL,"נביאים (יחזקאל יח:טז-יח:כה) : ; עם ניקוד וטעמים, מסורה קטנה וגדולה."
2,997012124361205171,RNL,"סדור תפלה (מוסף לראש השנה, קטע)."
2,997012160770405171,RNL,מאמר בסימני עוף : ; בערבית יהודית.
2,997012195965705171,RNL,פזמונים לשבת (קטע).
2,997012195974405171,RNL,הושענות (קטע).
2,997012238569305171,RNL,פיוטים.
2,997012281133305171,RNL,תפלה. מנהג קראים.
2,997012281133405171,RNL,תפלה. מנהג קראים.
2,997012281138005171,RNL,תפלה. מנהג קראים. (פסח).
2,997012281143305171,RNL,תפלה. מנהג קראים.
2,997012281143805171,RNL,תפלה. מנהג קראים. (יום כפור).
2,997012281145905171,RNL,תפלה. מנהג קראים.
2,997012281146205171,RNL,תפלה. מנהג קראים.
2,997012281147205171,RNL,תפלה. מנהג קראים.
2,997012281148305171,RNL,תפלה. מנהג קראים.
2,997012281150605171,RNL,הושענות.
2,997012281154505171,RNL,תפלה. מנהג קראים.
2,997012281156905171,RNL,תפלה. מנהג קראים.
2,997012281165605171,RNL,תפלה לעת צרה.
2,997012281165705171,RNL,תפלה. מנהג קראים.
2,997012288955605171,RNL,תפלה. מנהג קראים.
2,997012288970605171,RNL,מכלול (קיצור).
2,997012288973405171,RNL,דברי תוכחה והספד.
2,997012288974505171,RNL,תפלה. מנהג קראים. (לפרשות מקץ-שמות).
2,997012292459905171,RNL,תפלה. מנהג קראים. (ראש השנה).
2,997012292461005171,RNL,תפלה. מנהג קראים.
2,997012292462105171,RNL,תפלה. מנהג קראים. (פסח).
2,997012292466605171,RNL,פיוטים (קטעים).
2,997012292466705171,RNL,שירי שבח (קטעים).
2,997012292473005171,RNL,פיוטים.
2,997012297874705171,RNL,תפלה. מנהג קראים.
2,997012297875205171,RNL,תפלה. מנהג קראים.
2,997012297876005171,RNL,תפלה. מנהג קראים.
2,997012302465405171,RNL,תפלה. מנהג קראים.
2,997012302466105171,RNL,תפלה. מנהג קראים.
2,997012302468005171,RNL,תפלה. מנהג קראים. (ראש חדש).
2,997012302468705171,RNL,תפלה. מנהג קראים.(ט באב).
2,997012302476805171,RNL,תפלה. מנהג קראים. (שבועות).
2,997012302476905171,RNL,תפלה. מנהג קראים.
2,997012325576205171,RNL,תפלה. מנהג קראים.
2,997012325576305171,RNL,תפלה. מנהג קראים. (שמיני עצרת).
2,997012325576705171,RNL,תפלה. מנהג קראים.
2,997012326377105171,RNL,פיוטים לפורים.
2,997012332662605171,RNL,תפלה. מנהג קראים. (פסח).
2,997012332664405171,RNL,לקט פסוקים.
2,997012332668105171,RNL,תפלה. מנהג קראים.(סדר קריאת התורה ).
2,997012332671905171,RNL,תפלה. מנהג קראים.
2,997012335573405171,RNL,תפלה. מנהג קראים. (פסח).
2,997012335574105171,RNL,תורה (דברים ל:ז-ל:כ).
2,997012338072805171,RNL,תפלה. מנהג קראים. (פסח).
2,997012338073105171,RNL,תפלה. מנהג קראים.
2,997012338074005171,RNL,תפלה. מנהג קראים. (ליל שבת).
1011,990001541950205171,RNL,על הנגינות.
1011,990001542790205171,RNL,קצור הדאיה אלקאר.
1011,990001542800205171,RNL,קצור חבור על הנגינות.
1011,990001542810205171,RNL,קצור חבור על הנגינות.
1011,990001542820205171,RNL,חבור בדקדוק עברי.
1011,990001542830205171,RNL,חבור בדקדוק עברי.
1011,990001543040205171,RNL,על הנגינות.
1011,990001543300205171,RNL,מכ'תצר אלתג'אן.
1011,990001543310205171,RNL,חבור בדקדוק עברי (קטע).
1011,990001543340205171,RNL,על הנגינות (קטע).
1011,990001543450205171,RNL,על הנגינות.
1011,990001543500205171,RNL,על הנגינות (קטע).
1011,990001543720205171,RNL,חבור ברפואה (קטע).
1011,990001545110205171,RNL,חבור על הנקודות.
1011,990001545220205171,RNL,חבור בדקדוק עברי (קטע).
1011,990001546270205171,RNL,אלהדאיה אלקאר(?).
1011,990001546490205171,RNL,חבור בדקדוק עברי.
1011,990001546500205171,RNL,חבור בדקדוק עברי.
1011,990001546560205171,RNL,על הנגינות (קטע).
1011,990001546940205171,RNL,חבור בדקדוק עברי (קטע).
1011,990001547960205171,RNL,חבור בדקדוק עברי.
1011,990001548000205171,RNL,על הנגינות.
1011,990001548150205171,RNL,חבור בדקדוק עברי (קטע).
1011,990001548220205171,RNL,קצור הדאיה אלקארי.
1011,990001556870205171,RNL,חבור בדקדוק עברי (קטע).
1011,990001595670205171,RNL,חבור על טעמי המקרא.
1011,990001595780205171,RNL,חבור בדקדוק עברי (קטע).
1011,990001595930205171,RNL,חבור על טעמי המקרא.
1011,990001596390205171,RNL,חבור על טעמי המקרא (קטע).
1011,990001596830205171,RNL,חבור על טעמי המקרא.
1011,990001597710205171,RNL,חבור על טעמי המקרא.
1011,990001597920205171,RNL,חבור על טעמי המקרא.
1011,990001603520205171,RNL,חבור על הטעמים.
1011,990025903530205171,BL,קבץ קטעי גניזה בערבית.
1011,990051270850205171,CUL,"דקדוק;מכ'תצר הדאיה אלקאר;פרשנות מקרא. ; Grammatical text, or possibly part of a Bible commentary explaning a grammatical point"
1011,990051271700205171,CUL,"דקדוק;מכ'תצר הדאיה אלקאר. ; Mukhtasar hidayat al-qari, on Hebrew accentuation"
1011,990051281840205171,CUL,"חכמת הלשון;מכ'תצר הדאיה אלקאר. ; Mukhtasar hidayat al-qari, on Hebrew accentuation"
1011,990051283010205171,CUL,"חכמת הלשון;מכ'תצר הדאיה אלקאר. ; Mukhtasar hidayat al-qari, on Hebrew accentuation"
1011,990052130590205171,CUL,"דקדוק. ; Abu l-Faraj Harun, Muktasar Hidayat al-Qari' ('Shorter Guide for the Reader'): on accents"
1011,990053205810205171,JTS,"חכמת הלשון. ; חיבור על טעמי המקרא, בערבית-יהודית"
1011,990053269510205171,JTS,חכמת הלשון. ; חיבור ערבי-יהודי על טעמי המקרא
1011,990053330370205171,JTS,"חכמת הלשון;טעמי המקרא;פילוסופיה. ; חבור על טעמי ספרי אמ""ת, בערבית-יהודית"
1011,990053330380205171,JTS,"חכמת הלשון;טעמי המקרא;פילוסופיה. ; חבור על טעמי ספרי אמ""ת, בערבית-יהודית"
1011,990053480120205171,Oxford,דקדוק. ; Grammatical fragment in Arabic on the accents ; חבור דקדוק בערבית
1011,990053480130205171,Oxford,דקדוק. ; Grammatical fragment in Arabic on the accents
1011,990053558490205171,BL,טעמי המקרא. ; חיבור
1011,990053560060205171,BL,פרשנות מקרא. ; Biblical Exegesis: Numbers 13:2 ; פרשנות מקרא: במדבר יג:ב
1011,990053560070205171,BL,פרשנות מקרא. ; Biblical Exegesis: Numbers 13:2 ; פרשנות מקרא: במדבר יג:ב
1011,990053560080205171,BL,
1011,990053607880205171,JTS,דקדוק;חכמת הלשון;מכ'תצר הדאיה אלקאר. ; Grammar ; דקדוק
97,990000853460205171,RNL,פראיץ אלקלוב (קטע).
97,990000853510205171,RNL,פראיץ אלקלוב (קטעים).
97,990000862180205171,RNL,פראיץ אלקלוב (קטעים).
97,990000899290205171,RNL,פראיץ אלקלוב.
97,990000899310205171,RNL,פראיץ אלקלוב.
97,990000899350205171,RNL,פראיץ אלקלוב (קטע).
97,990000911300205171,RNL,פראיץ אלקלוב (קטע).
97,990000911340205171,RNL,פראיץ אלקלוב (קטע).
97,990000911350205171,RNL,קטעים במוסר.
97,990000923520205171,RNL,פראיץ אלקלוב (קטע).
97,990001233530205171,BL,ספרות רבנית וקראית בערבית.
97,990051150280205171,CUL,"הפטרות;מוסר;ספרות הגות (פילוסופיה, תיאולוגיה, מוסר). ; Haftarot ; דיון בנושאים לשוניים ותאולוגיים תוך ציטוט מובאות מקראיות רבות, ציטוט מר' בחיי, ותוספת סיפורי צדיקים..."
97,990051313500205171,CUL,כתאב אלהדאיה אלי פראיץ אלקלוב. ; Bahya ibn Paqu dahs Kitab al-hidayah
97,990051319030205171,CUL,כתאב אלהדאיה אלי פראיץ אלקלוב;ספרות הלכתית ופרשנות תלמודית. ; Bahya ibn Paqu dahs Kitab al-hidayah
97,990051591070205171,CUL,"ספרות הגות (פילוסופיה, תיאולוגיה, מוסר);ספרות הלכתית ופרשנות תלמודית;ספרות חז""ל;פילוסופיה. ; Halakhic Literature and Talmudic Commentaries ; Philosophy/ethics."
97,990052226600205171,CUL,מוסר.
97,990053376610205171,JTS,
97,990053600920205171,JTS,"כתאב אלהדאיה אלי פראיץ אלקלוב;מוסר. ; בחיי בן יוסף אבן פקודה, כתאב אלהדאיה אלי פראיץ אלקלוב: ב"
97,990053649060205171,BL,"כתאב אלהדאיה אלי פראיץ אלקלוב. ; בחיי בן יוסף אבן פקודה, אלהדאיה אלי פראיץ' אלקלוב, מתוך שער ב' פרק ה', וההקדמה לשער ג' (מקביל למהד' קאפח ע' קכא-קכב, קכז-קכח)"
97,990053649100205171,BL,הלכה;כתאב אלנפקאת;שאלות ותשובות. ; Halakhic ; הלכה
384,990001061450205171,JTS,אלמרשד אלכאפי (תבר-תקן).
384,990001532490205171,RNL,אלמרשד אלכאפי.
384,990001532500205171,RNL,אלמרשד אלכאפי.
384,990001544150205171,RNL,אלמרשד אלכאפי.
384,990001544610205171,RNL,אלמרשד אלכאפי (סתון-עגל; צבה-צמק).
384,990001545050205171,RNL,אלמרשד אלכאפי.
384,990001547010205171,RNL,אלמרשד אלכאפי.
384,990001547060205171,RNL,אלמרשד אלכאפי.
384,990001547100205171,RNL,אלמרשד אלכאפי (הקדמה- ארך).
384,990001562380205171,RNL,אלמרשד אלכאפי.
384,990001598160205171,RNL,אלמרשד אלכאפי.
384,990001598190205171,RNL,אלמרשד אלכאפי (קטע).
384,990001599140205171,RNL,מלון (אותיות כרכב-לב).
384,990025310470205171,NLI,מלון למשנה בערבית (אות ה).
384,990051161140205171,CUL,"אלמרשד אלכאפי;משנה [טקסט]. ; Mishnah ; מילון עם פי' בערבית, לר' תנחום הירושלמי )המדריך המספיק( אות צ'; ר'; ש"
384,990051161160205171,CUL,"אלמרשד אלכאפי;משנה [טקסט]. ; Mishnah ; מילון עם פי' בערבית (המדריך המספיק)?, אות ר'; ר' תנחום הירושלמי"
384,990053593530205171,JTS,אלמרשד אלכאפי.
384,990053857890205171,AIU,"מילונים. ; מילון רבני. מהמילה ""פלהדר"" עד ""תאם""."
388,990001073180205171,JTS,תעודות.
388,990001992310205171,BL,נוסח גט.
388,990051235350205171,CUL,"GeT in which 'Eli b. David divorces his wife, Milah bat Abraham. Dated Sunday, 4th Nisan 1377 (= 1066 CE) in FusTaT. Witnessed by 'Eli ha-Kohen b. Yahya and 'Eli he-haver ha-Mumhe b. 'Amram, who also wrote the document."
388,990051235520205171,CUL,"Recto: geT in which Josiah b. David divorces his wife, Sitt al-Yumn bat Sa'adya. Dated Tuesday, 12th Adar 1457 (= 1146 CE) in Mahalla. Witnessed by Zakkay b. Moses and El'azar b. Sason. Verso: confirmation of receipt, witnessed by El'azar b. Sason and Nathaniel ha-Levi b. Nahman."
388,990051235580205171,CUL,"GeT in which Abu l-Fakr Kahana b. Sa'adya b. Sahlan divorces his wife, Sitt al-husn bint Ezekiel. Dated Friday, 5th Marhesvan 1473 (= 1162 CE) in FusTaT. Witnessed by Mevorak b. Nathan he-haver and Solomon ha-Levi b. Samuel."
388,990051235620205171,CUL,"GeT in which Munajja b. Abu l-hasan divorces his wife Mu'izza bint [...] (scribe apparently wrote Yefet, but then changed it). Dated Monday, 15th Iyyar 1491 (= 1180 CE) in FusTaT. Witnessed by Mevorak b. Nathan he-haver and Samuel b. Joseph."
388,990051235630205171,CUL,"Practice or model divorce document, dated Monday, 20th Elul 1492 (= 1181 CE) in FusTaT."
388,990051375530205171,CUL,
388,990051376040205171,CUL,גט מפוסטאט
388,990051717530205171,CUL,מסמכים. ; Documentary
388,990052149720205171,CUL,מכתבים;מסמכים;תעודות אישיות ושטרות. ; Documents: Gittin ; תעודות אישיות ושטרות: גטין
388,990052439460205171,CUL,תעודות אישיות ושטרות. ; Documents: Gittin ; תעודות אישיות ושטרות: גטין
388,990053062810205171,JTS,תעודות אישיות ושטרות. ; גט מפוסטאט שנת 1145. יוסף בן משה מגרש את עמאים בת עמרם
388,990053062890205171,JTS,תעודות אישיות ושטרות. ; גט קראי (טופס)
388,990053420500205171,Oxford,תעודות אישיות ושטרות.
388,990053483570205171,Oxford,"תעודות אישיות ושטרות. ; תעודות אישיות ושטרות: גט [. . .בר] צדקה (?) נסאבה בת נתן אברהם ביר? יצחק ז?ה?צ?ל;עלי (?) הכהן ביר נחום Thursday the . . of Adar i, in the year . . . .Sel Fostat"
388,990053495060205171,BL,תעודות אישיות ושטרות. ; Documents: Gittin ; תעודות אישיות ושטרות: גטין
388,990053495080205171,BL,תעודות אישיות ושטרות. ; Documents: Gittin ; תעודות אישיות ושטרות: גטין
402,990001135670205171,JTS,"הלכות הרי""ף (שבת)."
402,990001436590205171,RNL,"הלכות הרי""ף (ברכות, שבת)."
402,990001660590205171,RNL,חבור בהלכה (קטע).
402,990025142910205171,NLI,"הלכות הרי""ף (ברכות כא-כב)."
402,990051082490205171,CUL,"הלכות הרי""ף. ; Isaac Al-Fasi, Hilkhot ha-Rif: Berakhot 5 a ; יצחק אלפסי, הלכות הרי""ף: ברכות ה ע""א"
402,990051178850205171,CUL,"הלכות הרי""ף. ; Isaac Al-Fasi, Hilkhot ha-Rif: Shabbat 2 – 1 ; יצחק אלפסי, הלכות הרי""ף: שבת ב – א"
402,990051726480205171,CUL,"הלכות הרי""ף;ספרות הלכתית ופרשנות תלמודית;ספרות חז""ל. ; Isaac Al-Fasi, Hilkhot ha-Rif: Berakhot 1 ; יצחק אלפסי, הלכות הרי""ף: ברכות א"
402,990051726770205171,CUL,"הלכות הרי""ף;ספרות הלכתית ופרשנות תלמודית;ספרות חז""ל. ; Isaac Al-Fasi, Hilkhot ha-Rif: Berakhot 1 ; יצחק אלפסי, הלכות הרי""ף: ברכות א"
402,990051731360205171,CUL,"הלכות הרי""ף;ספרות הלכתית ופרשנות תלמודית;ספרות חז""ל. ; Isaac Al-Fasi, Hilkhot ha-Rif: Berakhot 12 a – 13 a ; יצחק אלפסי, הלכות הרי""ף: ברכות ג"
402,990051929590205171,CUL,"הלכות הרי""ף. ; Isaac Al-Fasi, Hilkhot ha-Rif: Shabbat 14 b – 15 a ; יצחק אלפסי, הלכות הרי""ף: שבת יד ע""ב – טו ע""א"
402,990051930930205171,CUL,"הלכות הרי""ף. ; Isaac Al-Fasi, Hilkhot ha-Rif: Berakhot 5 a – b ; יצחק אלפסי, הלכות הרי""ף: ברכות ה ע""א – ע""ב"
402,990051931460205171,CUL,"הלכות הרי""ף. ; Isaac Al-Fasi, Hilkhot ha-Rif: Shabbat 32 a – b ; יצחק אלפסי, הלכות הרי""ף: שבת לב ע""א – ע""ב"
402,990053567650205171,JTS,"הלכות הרי""ף. ; Isaac Al-Fasi, Hilkhot ha-Rif: Berakhot 3 a – 4 b; 1 b – 2 a ; יצחק אלפסי, הלכות הרי""ף: ברכות ג ע""א – ד ע""ב; א ע""ב – ב ע""א"
402,990053577070205171,JTS,"הלכות הרי""ף. ; Isaac Al-Fasi, Hilkhot ha-Rif: Shabbat 13 a; 14 b – 15 a ; יצחק אלפסי, הלכות הרי""ף: שבת יג ע""א; יד ע""ב – טו ע""א"
402,990053616380205171,JTS,"הלכות הרי""ף."
402,990053616450205171,JTS,"הלכות הרי""ף."
402,990053627610205171,Oxford,"הלכות הרי""ף. ; Isaac Al-Fasi, Hilkhot ha-Rif: Shabbat 1 a – 5 b ; יצחק אלפסי, הלכות הרי""ף: שבת א ע""א – ה ע""ב"
402,990053643540205171,BL,"הלכות הרי""ף. ; Isaac Al-Fasi, Hilkhot ha-Rif: Shabbat 25 a – b ; יצחק אלפסי, הלכות הרי""ף: שבת כה ע""א – ע""ב"
855,990001528290205171,RNL,תרגום ערבי לתורה (בראשית).
855,990001535730205171,RNL,"תרגום ערבי לתורה לרס""ג (קטעים)."
855,990001608760205171,RNL,פרוש התורה (בראשית לו-לז).
855,990051076500205171,CUL,"מקרא [טקסט]; תפסיר רס""ג. ; Saadiah b. Joseph al-Fayyumi (Saadiah Gaon), Tafsir Saadya Gaon: Genesis 37 ; סעדיה בן יוסף גאון, תפסיר רס""ג: בראשית לז"
855,990051077700205171,CUL,"מקרא [טקסט]; רשימות; תפסיר רס""ג. ; סעדיה בן יוסף גאון, תפסיר רס""ג: בראשית בראשית, נח"
855,990051253310205171,CUL,"מקרא [טקסט];תפסיר ערבי;תפסיר רס""ג. ; Saadiah b. Joseph al-Fayyumi (Saadiah Gaon), Tafsir Saadya Gaon: Genesis 37:5 – 40:15 ; סעדיה בן יוסף גאון, תפסיר רס""ג: בראשית לז:ה – מ:טו"
855,990051271860205171,CUL,"תפסיר רס""ג. ; Saadiah b. Joseph al-Fayyumi (Saadiah Gaon), Tafsir Saadya Gaon: Genesis 36:18 – 39:10 ; סעדיה בן יוסף גאון, תפסיר רס""ג: בראשית לו:יח – לט:י"
855,990051678920205171,CUL,מקרא ותרגומים;פרשנות מקרא;תפסיר ערבי. ; Arabic Tafsir: Genesis 37:23 – 34 ; תפסיר ערבי: בראשית לז:כג – לד
855,990053008240205171,JTS,
855,990053194090205171,JTS,פרשנות מקרא;תרגומים ארמיים. ; Biblical Exegesis: Genesis Noah 7:4 – 11 ; פרשנות מקרא: בראשית נח ז:ד – יא
855,990053225300205171,JTS,"תפסיר ערבי;תרגומים ארמיים. ; בראשית לט:יא-מ:יט, עם תרגום ערבי-יהודי"
855,990053395810205171,Oxford,פרשנות מקרא;תפסיר ערבי. ; Biblical Exegesis ; פרשנות מקרא
855,990053407870205171,Oxford,
855,990053414100205171,Oxford,פרשנות מקרא;תפסיר ערבי. ; Arabic Tafsir ; תפסיר ערבי
855,990053866380205171,Mosseri,"מקרא ותרגומים;תפסיר רס""ג. ; Saadiah b. Joseph al-Fayyumi (Saadiah Gaon), Tafsir Saadya Gaon: Genesis 37 ; סעדיה בן יוסף גאון, תפסיר רס""ג: בראשית לז"
1609,990001604600205171,RNL,קצת חנה בחרוזים.
1609,990001604760205171,RNL,קצת חנה.
1609,990001604770205171,RNL,פיוטים.
1609,990001604930205171,RNL,ספור על חנה.
1609,990001604940205171,RNL,ספור על חנה.
1609,990001605480205171,RNL,קצת חנה.
1609,990001609890205171,RNL,ספור על חנה.
1609,990001609900205171,RNL,ספור על חנה.
1609,990051083340205171,CUL,"היסטוריוגרפיה ותאורים גיאוגרפיים; הלכות הרי""ף; פיוט; תפילות קבע. ; Isaac Al-Fasi, Hilkhot ha-Rif: Hullin 11 b – 12 a ; יצחק אלפסי, הלכות הרי""ף: חולין יא ע""ב – יב ע""א"
1609,990051329880205171,CUL,"סיפורת וספרות יפה. ; Tale of Hannah (known as Qissat Hannah), in rhymed prose"
1609,990053048400205171,JTS,סיפורת וספרות יפה;ספרות יפה. ; קצת חנה
1609,990053048420205171,JTS,סיפורת וספרות יפה;ספרות יפה. ; קצת חנה
1609,990053048440205171,JTS,סיפורת וספרות יפה;ספרות יפה. ; קצת חנה
1609,990053460660205171,Oxford,סיפורת וספרות יפה. ; קצת חנה
21,990000628310205171,RNL,דרשות על התורה.
21,990000857050205171,RNL,דרשות על התורה (בראשית).
21,990000864980205171,RNL,דרשות על התורה (בראשית-שמות).
21,990000869070205171,RNL,דרשות על התורה (קטע) : ; מאמצע פרשת כי תשא עד אמצע ויקהל פקודי.
21,990000883680205171,JTS,דרשות על התורה.
21,990001439350205171,RNL,לקט על שכר מצוות אחרי המות.
21,990051083890205171,CUL,"דרשות ר""י אבן שועיב. ; יהושע אבן שועיב, דרשות ר""י אבן שועיב: בראשית"
21,990051377080205171,CUL,
21,990053620880205171,Oxford,"דרשות. ; יהושע אבן שועיב, דרשות: במדבר כי תשא; משפטים"
21,990053620900205171,Oxford,"דרשות. ; יהושע אבן שועיב, דרשות: במדבר כי תשא; משפטים"
21,990053620930205171,Oxford,"דרשות. ; יהושע אבן שועיב, דרשות: במדבר כי תשא; משפטים"
21,990053620990205171,Oxford,"דרשות. ; יהושע אבן שועיב, דרשות: במדבר כי תשא; משפטים"
21,990053880410205171,AIU,"דרשות ר""י אבן שועיב;מוסר. ; על תשובה ושבועת שקר"
439,990001261730205171,HAS,סליחות ופיוטים ליום כפור (קטע).
439,990038839030205171,Geneva,רהיט ליום כפור (קטעים).
439,990051191400205171,CUL,"פיוט. ; Piyyut ; פיוט (רהט/שבח): ""[ברכי ""א 1)...] - - - ברכי זנה את כל אבר ואבר מדשן המאכל כדי ספקו"""
439,990051234770205171,CUL,"פיוט. ; פיוט: ""(רהיטי ברכי נפשי) [ואשך הדולקת], תבונותיך גבהו כאהל מתחתה תקרה, (סופו של המהלך על כנפי רוח), האוגל אילו ניצוצות."" (רס""ג ?)"
439,990051469560205171,CUL,פיוט. ; Piyyut
439,990051469590205171,CUL,פיוט. ; Piyyut
439,990051469990205171,CUL,פיוט. ; Piyyut
439,990051470010205171,CUL,פיוט. ; Piyyut
439,990053217080205171,JTS,פיוט. ; סליחות
439,990053416800205171,Oxford,"מכתבים;פיוט. ; Piyyut: ""אלהי יגורתי מרוב זדונותי""[י' begins]""אבן בוחן פינה"" (Qedushta: ""אזי בהר המר"" (Qedushta: ""איש תם יושב אהלי"" for Yom Ha-Kippurim): ""אתויים בחילה בבית התפלה"" for Yom Ha-Kippurim): ""אתה אל אלוה אדיר"" for Yom Ha-Kippurim): ""היושב באדר מרומים"" for Yom Ha-Kippurim): ""אשורינו (אל נא) לא תמעד"" (Qedushta for Yom Ha-Kippurim): ""איש קורא בגרון"" (Qedushta for Yom Ha-Kippurim): ""אולף ראש כהניי"" for Yom Ha-Kippurim): ""אין ערוך אליך"" for Yom Ha-Kippurim): ""אלה אזכרה ותדמע עיני"" for Yom Ha-Kippurim): ""אידת קטורה בכף""אמרו לאלוהים מה נורה"" for Yom Ha-Kippurim): ""אשרי תקרב ומבחר"" for Yom Ha-Kippurim): ""אפר ועפר אבק מעופר"" for Yom Ha-Kippurim): ""אל שת מאז מעונו""מעשה אלהינו... אדיר בויעודו ברום"" for Yom Ha-Kippurim): ""ברכי אברת ואמצת"" for Yom Ha-Kippurim): ""גדלת מואד מכל התוכפים"" for Yom Ha-Kippurim): ""ואישך הדולקת מבלתי עצים"" for Yom Ha-Kippurim): ""תבונתך גבהה מכל התבונות"" for Yom Ha-Kippurim): ""כאוהל מתחתה תקרא"" for Yom Ha-Kippurim): ""האוצר ים המים העליונים""[incomplete] for Yom Ha-Kippurim): ""עו' מל רו הרועץ סולם מוצב""[based on עושה מלאכיו רוחות; ר' beg. :] for Yom Ha-Kippurim): ""אורחיו למו כי המה"" for Yom Ha-Kippurim): ""אילי מרום אומרים הלולו"" for Yom Ha-Kippurim): ""האימה תתכבד"" for Yom Ha-Kippurim): ""היודעים סוחו המכירה חילו"" for Yom Ha-Kippurim): ""אל כרוב עצות""[incomplete] for Yom Ha-Kippurim) for Yom Ha-Kippurim): ""מר וקד תולה ארץ על בלימה יתקדש"" for Yom Ha-Kippurim): ""האחד בעולמו ואין שני לו"" (Qalir) for Yom Ha-Kippurim): ""האוחז ביד מידת משפט"" for Yom Ha-Kippurim): ""התומכים ממזר לאליל השוחחים"" for Yom Ha-Kippurim): ""תולה ארץ על בלימה"" for Yom Ha-Kippurim): ""האומרים אב ובן ורוח שליש"" for Yom Ha-Kippurim): ""אאשרה חזום (?) אלהי עולם"" for Yom Ha-Kippurim): ""ימלוך איום באימה"" for Yom Ha-Kippurim): ""היה עם פיפיות"" for Yom Ha-Kippurim): ""אזרתה עוז מלפנים"" for Yom Ha-Kippurim): ""אילי אילי אזון תחן פלולי"" for Yom Ha-Kippurim): ""אזכיר גבורות""[incomplete, ends with part of ה]"
439,990053653260205171,BL,"פיוט. ; פיוט: ""[גדלת מאד מכל]"" (רס""ג)"
439,990053653270205171,BL,פיוט.
439,990053942190205171,HUC,פיוט. ; Piyyut
258,990000899720205171,RNL,כתאב אלמחתוי.
258,990000925220205171,RNL,כתאב אלמחתוי (קטע).
258,990000925230205171,RNL,כתאב אלמחתוי (קטע).
258,990000925260205171,RNL,כתאב אלמחתוי (קטעים).
258,990000925290205171,RNL,כתאב אלמחתוי (קטע).
258,990000950920205171,RNL,כתאב אלמחתוי.
258,990000950930205171,RNL,כתאב אלמחתוי.
258,990000997180205171,RNL,כתאב אלמחתוי (קטעים).
258,990001526280205171,RNL,ספר המצוות (קטע).
258,990001610550205171,RNL,דרשה.
258,990001612760205171,RNL,דרשה.
258,990041043400205171,RNL,חבור בפילוסופיה דתית (קטע) /
533,990001432830205171,RNL,פיוטים.
533,990001433340205171,RNL,דיואן ר' יוסף בן אברהם הלוי.
533,990001445400205171,RNL,תפלות ותשבחות.
533,990001446270205171,RNL,פיוטים.
533,990001971690205171,BL,שכחי יגונך נפש הומיה.
533,990051186190205171,CUL,פיוט. ; Piyyut
533,990051190360205171,CUL,"כתאב ג'אמע אלצלואת ואלתסאביח;פיוט. ; Piyyut ; סידור רס""ג - הוראות לתעניות וסליחות. עמ' שי""ח-שי""ט במהדורה."
533,990051191050205171,CUL,פיוט. ; Piyyut
533,990051224520205171,CUL,"פיוט. ; פיוט: ""תען ותאמר לאל ידו נטויה, אתה אלהים ולך ההודיה, שמו ד"" ביהודיה וולהא שמה תרגומיא"" ((סהלאן))"
533,990051514330205171,CUL,פיוט. ; Piyyut
533,990053154040205171,JTS,פיוט. ; Piyyut
533,990053652670205171,BL,"פיוט;פירושי תלמוד ירושלמי;שירת חול;תפילה וברכות. ; Piyyut ; ואולי גם לחיבורי חז""ל אחרים."
1719,990001660650205171,RNL,תפלה (קטע).
1719,990002002950205171,BL,ברכות השחר (קטע).
1719,990051222680205171,CUL,פיוט;תפילה וברכות;תפילות קבע. ; Common Prayers: Shaharit Early morning benedictions ; תפילות קבע: שחרית ברכות השחר
1719,990051295980205171,CUL,"כתאב אלתעדיל;פיוט;פרשנות מקרא;שירת חול;תפילה וברכות;תפילות קבע. ; Secular Poetry ; סעדיה בן יוסף גאון, כתאב אלתעדיל: הקדמה איוב א:א"
1719,990051359760205171,CUL,תפילות קבע. ; ברכת התורה וברכות השחר. כנראה חלק מסידור.
1719,990051525210205171,CUL,מכתבים;נספחות לחיבור;פיוט;תפילה וברכות;תפילות קבע. ; Common Prayers: Shaharit ; תפילות קבע: שחרית
1719,990051529370205171,CUL,פיוט;תפילה וברכות;תפילות קבע. ; Common Prayers: Early morning benedictions ; תפילות קבע: ברכות השחר
1719,990051531530205171,CUL,פיוט;תפילה וברכות;תפילות קבע. ; Common Prayers: Shaharit Weekday ; תפילות קבע: שחרית חול
1719,990051536910205171,CUL,פיוט;תפילה וברכות;תפילות קבע. ; Common Prayers: Shaharit Weekday ; תפילות קבע: שחרית חול
1719,990052032530205171,CUL,תפילה וברכות. ; Liturgy and Brakhot
1719,990053933130205171,CUL,"פיוט;תפילות קבע. ; Piyyut, Common Prayers ; פיוט, תפילות קבע"
251,990000899320205171,RNL,פראיץ אלקלוב.
251,990001445750205171,RNL,סדור מנהג קראים.
251,990001535230205171,RNL,כתאב אלמרשד.
251,990051316830205171,CUL,"דרשות;חובות הלבבות (תרגום אבן תיבון);כתאב אלהדאיה אלי פראיץ אלקלוב. ; Bahya ibn Paqu dahs, Kitab al-hidayah"
251,990051496150205171,CUL,פיוט. ; Piyyut
251,990051505490205171,CUL,פיוט. ; Piyyut
251,990051519150205171,CUL,פיוט. ; Piyyut
251,990052114380205171,CUL,פיוט.
251,990053453680205171,Oxford,"פיוט. ; Piyyut: ""ברכת המתים"" ; פיוט: ""ברכת המתים"""
251,990053648700205171,BL,"כתאב אלהדאיה אלי פראיץ אלקלוב. ; בחיי בן יוסף אבן פקודה, אלהדאיה אלי פראיץ' אלקלוב, השער הרביעי (הבטחון), פר' ד' (מקביל למהד' קאפח ע' רכ שו' 35 – ע' רכא שו' 22; ע' רכה שו' 23 – ע' רכו שו' 9)"
1721,990001660940205171,RNL,פיוטים ליום כפור.
1721,990038338520205171,Manchester,שבעתא לליל כפור (קטע).
1721,990051190150205171,CUL,"פיוט. ; Piyyut ; פיוט (יום הכיפורים): ""אפננתה ארוגים""[סדר בריית עולם]"
1721,990051467270205171,CUL,"פיוט. ; Piyyut ; פיוט (רשות ליום הכיפורים): ""אעטוף תפלה"" (רשות ליום הכיפורים): ""היה עם פיפיות"" (רשות ליום הכיפורים): ""אפיק שירים"""
1721,990051539720205171,CUL,מקרא ותרגומים;פיוט;תפילה וברכות;תפילות קבע. ; Common Prayers: Musaf Yom ha-Kippurim Amidah ; תפילות קבע: מוסף יום הכיפורים עמידה
1721,990051656260205171,CUL,פיוט;שירת חול. ; Piyyut ; פיוט
1721,990051661310205171,CUL,"פיוט;שירת חול. ; Piyyut (Yotzer for Yom Ha-Kippurim): ""אהבת צדק ותשנא רשע"" ; פיוט (יוצר ליום הכיפורים): ""אהבת צדק ותשנא רשע"""
1721,990053062200205171,JTS,
1721,990053208010205171,JTS,פיוט;תפילה וברכות. ; Liturgy and Brakhot ; תפילה וברכות
1721,990053951250205171,Strasbourg,"תפילה וברכות;תפילות קבע. ; תפילות קבע: יום הכיפורים עמידה ""מגן ומחיה והאל... לעונותינו ביום הזה"" (שם בן ארבע: שלושה יודין בסגול)"
1862,990002026410205171,Mosseri,אזכיר מעלליך בכל פועל תם (סוף).
1862,990051185520205171,CUL,"כתאב ג'אמע אלצלואת ואלתסאביח;כתאב פי וג'וב אלצלוה;פיוט;תפילה וברכות. ; Piyyut ; סידור רס""ג - סליחות לתעניות. עמ' של""ג-של""ז במהדורה."
1862,990051185540205171,CUL,"כתאב ג'אמע אלצלואת ואלתסאביח;פיוט. ; Piyyut ; סידור רס""ג - סליחות לתעניות. עמ' של""ז -שמ""ג במהדורה."
1862,990051186970205171,CUL,פיוט. ; Piyyut
1862,990051646590205171,CUL,פיוט;תפילה וברכות. ; Liturgy and Brakhot ; Selichot for fast-days authored by Rav Saadya Gaon
1862,990053209440205171,JTS,פיוט. ; פיוט לשלושה עשר באדר
1862,990053504020205171,BL,פיוט;תפילה וברכות. ; Liturgy and Brakhot ; תפילה וברכות
1862,990053504050205171,BL,פיוט;תפילה וברכות. ; Liturgy and Brakhot ; תפילה וברכות
1862,990053631300205171,Oxford,"כתאב ג'אמע אלצלואת ואלתסאביח;פיוט;תפילה וברכות;תפילות קבע. ; רס""ג, סידור. הקריאות בתורה ובהפטרה בימים מיוחדים ובמועדים, פיוטים וסליחות ותפילות שונות."
1862,990053932310205171,CUL,פיוט. ; Piyyut
1783,990001700480205171,Freer,קטעי גניזה.
1783,990001881060205171,Sassoon,"פרוש הלכות הרי""ף (שבועות, קטע)."
1783,990001885430205171,Lehmann,קטעי גניזה : ; קטעים בערבית באותיות ערביות.
1783,990001885970205171,Lehmann,ספר הרקמה (מא-מב; מג).
1783,990001885980205171,Lehmann,קטעי גניזה.
1783,990001886190205171,Lehmann,קטעי גניזה.
1783,990001886340205171,Lehmann,"ספר המצוות לרמב""ם (בערבית) (לא תעשה קלח-קמג) ..."
1783,990040516630205171,RSL,פרוש התורה ליפת בן עלי (במדבר א).
1783,990040548840205171,RSL,"פרוש התורה לרש""י (במדבר כ:ג-כ:כט)."
66,990000851330205171,RNL,משנה תורה (הקדמה).
66,990051408570205171,CUL,"Moses b. Maimon, Rambam, Mishneh Torah: Introduction ; משה בן מימון, משנה תורה: הקדמה"
66,990051951480205171,CUL,"משנה תורה;ספרות חז""ל;פירושי משנה. ; Moses b. Maimon, Rambam, Mishneh Torah: Introduction ; משה בן מימון, משנה תורה: הקדמה"
66,990052001220205171,CUL,"משנה תורה. ; Moses b. Maimon, Rambam, Mishneh Torah: Introduction ; משה בן מימון, משנה תורה: הקדמה"
66,990053594870205171,JTS,"משנה תורה. ; Moses b. Maimon, Rambam, Mishneh Torah: Introduction ; משה בן מימון, משנה תורה: הקדמה"
66,990053645830205171,BL,"משנה תורה;ספר המצוות [רמב""ם] (עברית). ; Moses b. Maimon, Rambam, Book of Precepts [Maimonides] (Hebrew): Introduction ; משה בן מימון, ספר המצוות [רמב""ם] (עברית): הקדמה (מקדמה)"
66,990053645840205171,BL,"משנה תורה;ספר המצוות [רמב""ם] (עברית). ; Moses b. Maimon, Rambam, Book of Precepts [Maimonides] (Hebrew): Introduction ; משה בן מימון, ספר המצוות [רמב""ם] (עברית): הקדמה (מקדמה)"
66,990053963610205171,CUL,"משנה תורה. ; Moses b. Maimon, Rambam, Mishneh Torah: Introduction ; משה בן מימון, משנה תורה: הקדמה"
392,990001101300205171,JTS,קטעי גניזה : ; קטעי גניזה.
392,990051087270205171,CUL,"הלכות גדולות; כתאב ג'אמע אלצלואת ואלתסאביח; ספרות הלכתית ופרשנות תלמודית; ספרות חז""ל; ריק. ; Halakhic Literature and Talmudic Commentaries ; Liturgical; Siddur RSG; verso: blank; cf. Wieder, Assaf Jubilee Volume, pp. 245-55."
392,990051183700205171,CUL,"כתאב ג'אמע אלצלואת ואלתסאביח;כתאב פי וג'וב אלצלוה;פיוט;תפילה וברכות;תפילות קבע. ; Piyyut ; סידור רס""ג -חלק הקריאה בתורה עמ' שע""ג עד סוף הסידור. משלים חלק שאינו במהדורה."
392,990051610970205171,CUL,פיוט;שירת חול. ; Piyyut ; פיוט
392,990053038590205171,JTS,פיוט;תפילה וברכות;תפילות קבע. ; Liturgy and Brakhot ; תפילה וברכות
392,990053054650205171,JTS,פיוט;תפילה וברכות;תפילות קבע. ; Liturgy and Brakhot ; תפילה וברכות
392,990053164120205171,JTS,פיוט;תפילה וברכות. ; Liturgy and Brakhot ; תפילה וברכות
392,990053468600205171,Oxford,"פיוט. ; Piyyut (Simhat Torah) (Simhat Torah): ""אשריך הר העברים"" (Simhat Torah): ""קום ועלה משה לשם"" (Simhat Torah): ""על משה אצעק ואהים"" (Simhat Torah): ""אגירה ידידי נחלה"" (Simhat Torah): ""צעקה יוכבד מכאב מר"" (Simhat Torah): ""צבאות שחקים וחילם"" (Simhat Torah): ""אשר בגלל"" (Simhat Torah): ""שמחו אהובים"" (Simhat Torah): ""עדות יי נחלתי""אלדהר ינטק"" (Simhat Torah): ""בסם... סבחאן אלדי שהרת""[followed by other Arabic pieces incomplete and injured, as well as Hebrew hymns mutilated and much obliterated] (Simhat Torah): ""צורי לעם לך ימצא""יוצר הכל הזן את הכל""אותה... מטר להעביב""אפיק מען מעוטר""אז מאז היה""אוחילה""[much injured] ; פיוט (שמחת תורה) (שמחת תורה): ""אשריך הר העברים"" (שמחת תורה): ""קום ועלה משה לשם"" (שמחת תורה): ""על משה אצעק ואהים"" (שמחת תורה): ""אגירה ידידי נחלה"" (שמחת תורה): ""צעקה יוכבד מכאב מר"" (שמחת תורה): ""צבאות שחקים וחילם"" (שמחת תורה): ""אשר בגלל"" (שמחת תורה): ""שמחו אהובים"" (שמחת תורה): ""עדות יי נחלתי""אלדהר ינטק"" (שמחת תורה): ""בסם... סבחאן אלדי שהרת""[followed by other Arabic pieces incomplete and injured, as well as Hebrew hymns mutilated and much obliterated] (שמחת תורה): ""צורי לעם לך ימצא""יוצר הכל הזן את הכל""אותה... מטר להעביב""אפיק מען מעוטר""אז מאז היה""אוחילה""[much injured]"
420,990001232940205171,BL,קטעי תפלה : ; גניזה.
420,990051358930205171,CUL,פיוט. ; Piyyut
420,990051459280205171,CUL,פיוט. ; Piyyut
420,990051467340205171,CUL,פיוט. ; Piyyut
420,990053225580205171,JTS,פיוט. ; קרובות ראש השנה
420,990053559410205171,BL,פיוט. ; Piyyut
420,990053559830205171,BL,פיוט. ; Piyyut
420,990053559840205171,BL,פיוט. ; Piyyut
1219,990001559280205171,RNL,תרגום ערבי לתורה (דברים).
1219,990001589470205171,RNL,"תרגום ערבי לתורה (במדבר-דברים, קטעים)."
1219,990001667910205171,RNL,"תרגום ערבי לתורה לרס""ג (דברים, קטע)."
1219,990051083190205171,CUL,"תפסיר רס""ג. ; Saadiah b. Joseph al-Fayyumi (Saadiah Gaon), Tafsir Saadya Gaon: Deuteronomy 1 – 4 ; סעדיה בן יוסף גאון, תפסיר רס""ג: דברים א – ד"
1219,990051272530205171,CUL,"מקרא [טקסט];תפסיר ערבי;תפסיר רס""ג;תרגום אונקלוס. ; Targum Onqelos: Deuteronomy 4:18 – 5:24[(Targum begins at 4:24)] ; תרגום אונקלוס: דברים ד:יח – ה:כד[(Targum begins at 4:24)]"
1219,990053442000205171,Oxford,"פרשנות מקרא;תפסיר ערבי;תפסיר רס""ג. ; Biblical Exegesis ; פרשנות מקרא"
1219,990053442040205171,Oxford,"פרשנות מקרא;תפסיר ערבי;תפסיר רס""ג. ; Biblical Exegesis ; פרשנות מקרא"
1219,990053442050205171,Oxford,"פרשנות מקרא;תפסיר ערבי;תפסיר רס""ג. ; Biblical Exegesis ; פרשנות מקרא"
1264,990001561790205171,RNL,כתאב ג'אמע אלאלפאט.
1264,990001561800205171,RNL,כתאב ג'אמע אלאלפאט.
1264,990001561820205171,RNL,כתאב ג'אמע אלאלפאט.
1264,990001562160205171,RNL,קצור כתאב ג'אמע אלאלפאט.
1264,990001595090205171,RNL,מלון.
1264,990001598800205171,RNL,מלון.
1264,990001598870205171,RNL,קצור מלון של אלפאסי.
1264,990001599070205171,RNL,קצור מלון של אלפאסי.
2450,990051197620205171,CUL,"פיוט. ; Piyyut ; פיוט: ""[אם לפי בחרך] - - - יעסק נא, פן ירע הבן ויתפרץ"" (רס""ג)"
2450,990051208440205171,CUL,"פיוט;שירת חול. ; פיוט: ""[אם לפי בחרך]"" (רס""ג)"
2450,990051370710205171,CUL,פיוט.
2450,990051500960205171,CUL,פיוט. ; Piyyut
2450,990051501120205171,CUL,פיוט. ; Piyyut
2450,990053151230205171,JTS,"פיוט. ; עבודה סליחות יום כיפור (סידור רס""ג, ע' רפד-רפח, רצ-רצו)"
2450,990053385060205171,JTS,
2450,990053591450205171,JTS,פיוט. ; פיוטים הגהות בגליונות ובין השיטין
52,990000850410205171,RNL,"כתובה. קהיר, מצרים. תי""ז. ; Ketubbah. Cairo, Egypt. 1657"
52,990001447090205171,RNL,"כתובה יהודית-קראית. קהיר, מצרים. תי""ד. ; Ketubbah (Karaite). Cairo, Egypt. 1654"
52,990001447550205171,RNL,שטר ארוסין.
52,990001447600205171,RNL,שטר ארוסין.
52,990001447760205171,RNL,שטר ארוסין.
52,990001447790205171,RNL,"כתובה יהודית-קראית. קהיר, מצרים. תקמ""ד. ; Ketubbah (Karaite). Cairo, Egypt. 1783"
52,990001447810205171,RNL,שטר ארוסין.
82,990000852430205171,RNL,"פרוש התורה לרש""י."
82,990000852540205171,RNL,"פרוש התורה לרש""י (שמות ו:יח-יב:ב)."
82,990000872080205171,RNL,"פרוש התורה לרש""י (בראשית, קטעים)."
82,990027675480205171,InstFrance,פרוש נביאים (ישעיה יא-יג).
82,990051155600205171,CUL,"פירוש אבן עזרא למקרא;פרשנות מקרא. ; אברהם אבן עזרא, פירוש אבן עזרא למקרא"
82,990051925190205171,CUL,"פירוש רש""י למקרא;פרשנות מקרא. ; שלמה בן יצחק, פירוש רש""י למקרא: בראשית חיי שרה"
82,990051925200205171,CUL,"פירוש רש""י למקרא;פרשנות מקרא. ; שלמה בן יצחק, פירוש רש""י למקרא: בראשית חיי שרה"
370,990001020880205171,JTS,"תנ""ך (קטעים)."
370,990051088620205171,CUL,"כתאב ג'אמע אלצלואת ואלתסאביח; כתאב פי וג'וב אלצלוה; פיוט; תפילה וברכות. ; Liturgical; Siddur RSG, pp. 154-74."
370,990051320430205171,CUL,"כתאב אלשראיע [רס""ג];כתאב ג'אמע אלצלואת ואלתסאביח;ספרות הלכתית ופרשנות תלמודית;תפילה וברכות. ; Saadiahs Siddur"
370,990051474920205171,CUL,פיוט. ; Piyyut
370,990053083100205171,JTS,הלכה;פיוט;תפילה וברכות. ; Liturgy and Brakhot ; תפילה וברכות
370,990053223980205171,JTS,"הלכה;פיוט. ; אזהרות (סידור רס""ג ע' קסז שו' 113 - קעב שו' 161)"
370,990053435550205171,Oxford,פיוט. ; Piyyut
378,990001021410205171,JTS,תרגום ארמי לתורה.
378,990001659850205171,RNL,תרגום התורה (בראשית מח:יג-נ:ב).
378,990051145700205171,CUL,תרגום אונקלוס;תרגומים ארמיים. ; Targum Onqelos: Genesis 38:3 – 14[(folio 1)]; 25; 40:14[(folio 2-5)] ; תרגום אונקלוס: בראשית לח:ג – יד[(folio 1)]; כה; מ:יד[(folio 2-5)]
378,990051407670205171,CUL,
378,990051631640205171,CUL,
378,990053007420205171,JTS,
378,990053940660205171,HUC,
399,990001118220205171,JTS,הלכות ספר תורה (בלתי שלם).
399,990053188000205171,JTS,מסמכים;פיוט. ; מכתב מנגיד מצרים
399,990053599560205171,JTS,הלכה;הלכה- ראשונים ואחרונים. ; הלכות ספר תורה
399,990053599870205171,JTS,הלכה;הלכה- ראשונים ואחרונים. ; הלכות ספר תורה
399,990053600090205171,JTS,הלכה;הלכה- ראשונים ואחרונים. ; הלכות ספר תורה
399,990053600220205171,JTS,הלכה;הלכה- ראשונים ואחרונים. ; הלכות ספר תורה
399,990053617080205171,JTS,הלכה- ראשונים ואחרונים.
425,990001233210205171,BL,קובץ.
425,990053008180205171,JTS,
425,990053593420205171,JTS,"שאלות ותשובות- ראשונים ואחרונים;שו""ת הרא""ש. ; תשובה על הלכות לוה ומלוה"
425,990053642580205171,BL,"הלכה;שאלות ותשובות;שו""ת הרא""ש. ; תשובות, רא""ש"
425,990053642660205171,BL,"הלכה;שאלות ותשובות;שו""ת הרא""ש. ; Talmud Bavli: Pesahim 99 b – 106 a; 52 b – 56 a; 57 b ; תלמוד בבלי: פסחים צט ע""ב – קו ע""א; נב ע""ב – נו ע""א; נז ע""ב"
425,990053642690205171,BL,"הלכה;שאלות ותשובות;שו""ת הרא""ש. ; Responsa and Halakhic Decisions ; שאלות ותשובות"
425,990053642700205171,BL,"הלכה;שאלות ותשובות;שו""ת הרא""ש. ; Responsa and Halakhic Decisions ; שאלות ותשובות"
514,990001429680205171,RNL,דיואן ר' יהודה הלוי.
514,990001438230205171,RNL,שירים.
514,990001443480205171,RNL,קינות על נפטרים.
514,990051505290205171,CUL,פיוט. ; Piyyut
514,990051516360205171,CUL,פיוט. ; Piyyut
514,990051649820205171,CUL,פיוט;שירת חול. ; Piyyut ; פיוט
514,990053929340205171,CUL,"פיוט. ; Judah b. Samuel ha-Levi, Piyyut, Piyyut ; יהודה בן שמואל הלוי, פיוט, פיוט"
607,990001439780205171,RNL,כתובה. ; Ketubbah.
607,990001590900205171,RNL,"כתובה יהודית-קראית. קהיר, מצרים. ת""ה. ; Ketubbah (Karaite). Cairo, Egypt. 1644"
607,990001590950205171,RNL,"כתובה יהודית-קראית. קהיר, מצרים. תנ""ג. ; Ketubbah (Karaite). Cairo, Egypt. 1693"
607,990001591080205171,RNL,"כתובה יהודית-קראית. קהיר, מצרים. תקי""ג. ; Ketubbah (Karaite). Cairo, Egypt. 1752"
607,990001591120205171,RNL,"כתובה יהודית-קראית. קהיר, מצרים. תקכ""ח. ; Ketubbah (Karaite). Cairo, Egypt. 1767"
607,990001591210205171,RNL,"כתובה יהודית-קראית. קהיר, מצרים. תקמ""ו. ; Ketubbah (Karaite). Cairo, Egypt. 1785"
607,990001591400205171,RNL,"כתובה יהודית-קראית. קהיר, מצרים. תקפ""ה. ; Ketubbah (Karaite). Cairo, Egypt. 1825"
1213,990001559030205171,RNL,תרגום ערבי לתורה.
1213,990051076710205171,CUL,"מקרא [טקסט]; פירוש יפת למקרא; פרשנות מקרא; שאלות ותשובות; תפסיר רס""ג. ; Japhet b. Eli, Extracts/Abridgment Yefet's Commentary on the Bible: Numbers 1:12 – 46; 3:9 – 15 ; יפת בן עלי הלוי, ליקוט/תקציר/עיבוד פירוש יפת למקרא: במדבר א:יב – מו; ג:ט – טו"
1213,990051077840205171,CUL,"מקרא [טקסט]; תפסיר רס""ג. ; Saadiah b. Joseph al-Fayyumi (Saadiah Gaon), Tafsir Saadya Gaon: Deuteronomy 20 – 21 ; סעדיה בן יוסף גאון, תפסיר רס""ג: דברים כ – כא"
1213,990051710980205171,CUL,מקרא ותרגומים;פרשנות מקרא;תפסיר ערבי. ; Arabic Tafsir: Deuteronomy 16:15 – 17:11; 19:12 – 20:14 ; תפסיר ערבי: דברים טז:טו – יז:יא; יט:יב – כ:יד
1213,990053166830205171,JTS,"תרגומים ארמיים. ; דברים יב:כח - יט:יד, עם תרגום רס""ג"
1213,990053252190205171,JTS,תרגומים ארמיים. ; תרגום ערבי-יהודי דברים כו:ג-יג
1213,990053498860205171,BL,"מקרא [טקסט];תפסיר רס""ג;תרגום אונקלוס;תרגומים ארמיים. ; Saadiah b. Joseph al-Fayyumi (Saadiah Gaon), Tafsir Saadya Gaon: Deuteronomy ; סעדיה בן יוסף גאון, תפסיר רס""ג: דברים"
1314,990001565800205171,RNL,"תרגום ארמי וערבי לתורה (בראשית וויקרא, קטעים)."
1314,990001659680205171,RNL,תורה (בראשית-שמות).
1314,990051077530205171,CUL,"מקרא [טקסט]; תפסיר ערבי; תפסיר רס""ג; תרגום אונקלוס. ; Targum Onqelos: Genesis 1:10 – 14 ; תרגום אונקלוס: בראשית א:י – יד"
1314,990051695740205171,CUL,מקרא [טקסט]; מקרא ותרגומים; פרשנות מקרא; תפסיר ערבי; תרגום אונקלוס. ; Targum Onqelos: Genesis 1:15 – 16 ; תרגום אונקלוס: בראשית א:טו – טז
1314,990053949820205171,Strasbourg,מקרא [טקסט];תפסיר ערבי;תרגום אונקלוס.
1314,990053950030205171,Strasbourg,מקרא [טקסט].
1314,990053950130205171,Strasbourg,מקרא [טקסט].
1792,990001838730205171,Manchester,קטעי גניזה.
1792,990051658450205171,CUL,פיוט;שירת חול. ; Piyyut ; פיוט
1792,990051692650205171,CUL,פיוט. ; Piyyut
1792,990051721980205171,CUL,פיוט. ; Piyyut
1792,990052041800205171,CUL,פיוט.
1792,990053033050205171,JTS,הלכה;פיוט;תפילה וברכות. ; Liturgy and Brakhot ; תפילה וברכות
1792,990053208600205171,JTS,פיוט;תפילה וברכות. ; Liturgy and Brakhot ; תפילה וברכות
1942,990039408150205171,AIU,משנה תורה (ספר קדושה הלכות שחיטה ב) : ; עם תרגום ערבי אחר כל הלכה.
1942,990051173180205171,CUL,"משנה תורה;משנה תורה ופירושיו. ; Moses b. Maimon, Rambam, Mishneh Torah: Shehitah 2:17 – 3:5 ; משה בן מימון, משנה תורה: שחיטה ב:יז – ג:ה"
1942,990051999280205171,CUL,משנה תורה.
1942,990052001140205171,CUL,משנה תורה.
1942,990053458470205171,Oxford,
1942,990053577730205171,JTS,"משנה תורה. ; משנה תורה, שחיטה ב:יג - ד:ו"
1942,990053581310205171,JTS,"משנה תורה. ; משנה תורה, שחיטה ג:ח-ט, ד:יח-כ"
2284,990051166000205171,CUL,"ספרי מצות (רבניים);פיוט;תלמוד בבלי [טקסט]. ; Piyyut (Azharot): ""אתה הנחלת"" ; פיוט (אזהרות): ""אתה הנחלת"""
2284,990051184340205171,CUL,פיוט;תוספות של סידור;תפילה וברכות;תפילות קבע. ; Piyyut ; תפילות קבע: שחרית שבועות עמידה; תשעה באב עמידה
2284,990051477680205171,CUL,פיוט. ; Piyyut
2284,990051488210205171,CUL,פיוט. ; Piyyut
2284,990051582300205171,CUL,פיוט;שירת חול. ; Piyyut ; פיוט
2284,990051720140205171,CUL,פיוט. ; Piyyut
2284,990053430140205171,Oxford,פיוט. ; Piyyut
2386,990051186820205171,CUL,פיוט;תפילה וברכות;תפילות קבע. ; Piyyut ; פיוטים ליום כיפור.
2386,990051467510205171,CUL,פיוט. ; Piyyut
2386,990051486130205171,CUL,"פיוט. ; Piyyut ; פיוט (שבעתא ליום הכיפורים): ""רחום אתה ולרחמיך נסבר"" (ר' יוחנן הכהן)"
2386,990051497390205171,CUL,"פיוט. ; Piyyut ; פיוט (יום הכיפורים): ""אשמנו במעשינו אשר לא כדת"""
2386,990051516490205171,CUL,"פיוט. ; Piyyut ; פיוט (סליחות ליום הכיפורים): ""אשמנו במעשינו אשר לא כדת"""
2386,990051574280205171,CUL,"פיוט;שירת חול. ; Piyyut (Selihot): ""אמיץ שוכן ערץ"" ; פיוט (סליחות): ""אמיץ שוכן ערץ"""
2386,990053208020205171,JTS,פיוט;תפילה וברכות. ; Liturgy and Brakhot ; תפילה וברכות
3014,990051465100205171,CUL,פיוט. ; Piyyut
3014,990051469700205171,CUL,פיוט. ; Piyyut
3014,990051469840205171,CUL,פיוט. ; Piyyut
3014,990051493150205171,CUL,פיוט. ; Piyyut
3014,990053407170205171,Oxford,"פיוט. ; Piyyut: ""האוצר ים המים העליונים מעל לרקיע ולא על הרקיע אהלותיו"" ; פיוט: ""האוצר ים המים העליונים מעל לרקיע ולא על הרקיע אהלותיו"""
3014,990053454410205171,Oxford,"פיוט. ; Piyyut (Yom Ha-Kippurim): ""בהשקותו את כל פני אדמ[תו]""לתחוב תחבושתיך עשרה רוחות"" ; פיוט (יום הכיפורים): ""בהשקותו את כל פני אדמ[תו]""לתחוב תחבושתיך עשרה רוחות"""
3014,990053941860205171,HUC,פיוט. ; Piyyut
3211,990051517770205171,CUL,פיוט. ; Piyyut
3211,990051648680205171,CUL,פיוט;שירת חול. ; Piyyut ; פיוט
3211,990051722580205171,CUL,פיוט. ; Piyyut
3211,990053190060205171,JTS,פיוט;שירת חול;תפילה וברכות. ; Liturgy and Brakhot ; תפילה וברכות
3211,990053385050205171,JTS,
3211,990053432180205171,Oxford,"פיוט. ; Piyyut: ""מוסד מכיל עולם ומקום לא יכילנו"" ; פיוט: ""מוסד מכיל עולם ומקום לא יכילנו"""
3211,990053454400205171,Oxford,"פיוט. ; Piyyut (Selihot): ""יחדיו מקנא ומקונה יעבורון וכל קנאותם יהויון חבל: יזכור זאת וג"" ; פיוט (סליחות): ""יחדיו מקנא ומקונה יעבורון וכל קנאותם יהויון חבל: יזכור זאת וג"""
426,990001233440205171,BL,קטעי פרשנות ותרגום למקרא בערבית.
426,990053414170205171,Oxford,פרשנות מקרא;תפסיר ערבי. ; Arabic Tafsir ; תפסיר ערבי
426,990053646910205171,BL,מקרא ותרגומים;תפסיר ערבי. ; Arabic Tafsir: Genesis 8:21 – 12:11 ; תפסיר ערבי: בראשית ח:כא – יב:יא
426,990053647200205171,BL,מקרא ותרגומים;תפסיר ערבי. ; Arabic Tafsir: Numbers 35:16 – 36:13; Deuteronomy 1:1 – 2:7 ; תפסיר ערבי: במדבר לה:טז – לו:יג; דברים א:א – ב:ז
426,990053647220205171,BL,מקרא ותרגומים;תפסיר ערבי. ; Arabic Tafsir: Deuteronomy 1:16 – 25; 2:23 – 34 ; תפסיר ערבי: דברים א:טז – כה; ב:כג – לד
426,990053647310205171,BL,"מקרא ותרגומים;תפסיר ערבי;תפסיר רס""ג. ; Saadiah b. Joseph al-Fayyumi (Saadiah Gaon), Tafsir Saadya Gaon: Genesis 8:20 – 9:29; 17:12 – 18:6 ; סעדיה בן יוסף גאון, תפסיר רס""ג: בראשית ח:כ – ט:כט; יז:יב – יח:ו"
446,990001333060205171,Schoeyen,יוצר לראש השנה (קטע).
446,990051187440205171,CUL,פיוט. ; Piyyut
446,990051655610205171,CUL,פיוט;שירת חול. ; Piyyut ; פיוט
446,990051655660205171,CUL,פיוט;שירת חול. ; Piyyut ; פיוט
446,990051658500205171,CUL,פיוט;שירת חול. ; Piyyut ; פיוט
446,990053044820205171,JTS,פיוט;תפילה וברכות. ; Piyyut ; פיוט
534,990001432880205171,RNL,דיואן ר' אברהם אבן עזרא (קטע).
534,990051197100205171,CUL,"פיוט. ; Piyyut ; פיוט: ""אם כח אבנים כחי // אל נשגב בהודו // אל אל אשר [לו] עלילות נתכנו // אל אלהים כלתה נפשי"" (ראב""ע )"
534,990051374800205171,CUL,פיוט;תפילה וברכות;תפילות קבע. ; Liturgy and Brakhot ; תפילה וברכות
534,990051504530205171,CUL,פיוט. ; Piyyut
534,990051743740205171,CUL,
534,990053263580205171,JTS,פיוט. ; Piyyut
562,990001435680205171,RNL,"פרוש התורה לראב""ע."
562,990001435710205171,RNL,"פרוש התורה לראב""ע."
562,990001435750205171,RNL,"פרוש התורה לראב""ע (בראשית-שמות)."
562,990001435760205171,RNL,"פרוש התורה לראב""ע (קטע)."
562,990051923800205171,CUL,"פירוש אבן עזרא למקרא;פרשנות מקרא. ; אברהם אבן עזרא, פירוש אבן עזרא למקרא: בראשית ויצא לא"
562,990053602670205171,JTS,פירוש אבן עזרא למקרא;פרשנות מקרא. ; Biblical Exegesis: Genesis 18:33 – 20:16 ; פרשנות מקרא: בראשית יח:לג – כ:טז
911,990001533310205171,RNL,פרוש התורה (שמות-ויקרא).
911,990001538440205171,RNL,פרוש התורה (במדבר).
911,990001543930205171,RNL,"פרוש התורה (בראשית, קטע)."
911,990001558660205171,RNL,פרוש התורה (בראשית).
911,990001558940205171,RNL,פרוש התורה.
911,990001563180205171,RNL,פרוש התורה (בראשית-שמות).
1027,990001543700205171,RNL,חבור ברפואה.
1027,990001543910205171,RNL,חבור בדקדוק עברי (קטע).
1027,990001548020205171,RNL,חבור בדקדוק עברי.
1027,990001596400205171,RNL,חבור בדקדוק עברי : ; בצורת שאלות ותשובות.
1027,990001597950205171,RNL,חבור בדקדוק עברי.
1027,990001598080205171,RNL,חבור בדקדוק עברי : ; בצורת שאלות ותשובות.
1075,990001549390205171,RNL,"פרוש התורה (ויקרא, קטעים)."
1075,990001558470205171,RNL,"פרוש התורה בערבית ליעקב אלקרקסאני (ויקרא, קטע)."
1075,990001562300205171,RNL,כתאב אלריאץ' ואלחדאיק (שמות ודברים).
1075,990001562310205171,RNL,כתאב אלריאץ' ואלחדאיק.
1075,990001564520205171,RNL,פרוש התורה בערבית ליעקב אלקרקסאני (ויקרא).
1075,990001969260205171,RNL,כתאב אלאנואר ואלמראקב.
1487,990001587200205171,RNL,תורה (במדבר טז-יז).
1487,990001660960205171,RNL,"תורה (במדבר, קטעים)."
1487,990051076350205171,CUL,"מקרא [טקסט]; תפסיר רס""ג. ; Saadiah b. Joseph al-Fayyumi (Saadiah Gaon), Tafsir Saadya Gaon: Numbers 18 – 19; 25 – 26 ; סעדיה בן יוסף גאון, תפסיר רס""ג: במדבר יח – יט; כה – כו"
1487,990051105730205171,CUL,"מקרא ותרגומים; פרשנות מקרא; תפסיר רס""ג. ; Saadiah b. Joseph al-Fayyumi (Saadiah Gaon), Tafsir Saadya Gaon: Numbers 18:16 – 29 ; סעדיה בן יוסף גאון, תפסיר רס""ג: במדבר יח:טז – כט"
1487,990051253870205171,CUL,"מקרא [טקסט];תפסיר ערבי;תפסיר רס""ג. ; Saadiah b. Joseph al-Fayyumi (Saadiah Gaon), Tafsir Saadya Gaon: Numbers 19:1 – 9 ; סעדיה בן יוסף גאון, תפסיר רס""ג: במדבר יט:א – ט"
1487,990051921000205171,CUL,"מקרא [טקסט];תפסיר ערבי;תרגומים ארמיים. ; Sahadya's translation of Numbers 14:11–22 with Hebrew incipits (see Derenbourg (1893–99): vol. I, 213–214)"
2064,990051079930205171,CUL,"משנה תורה. ; Moses b. Maimon, Rambam, Mishneh Torah: Tefillah ve-Birkat Kohanim 3 – 4 ; משה בן מימון, משנה תורה: תפילה וברכת כהנים ג – ד"
2064,990051086110205171,CUL,"משנה תורה; ספרות הלכתית ופרשנות תלמודית; ספרות חז""ל; תלמוד בבלי [טקסט]. ; Moses b. Maimon, Rambam, Mishneh Torah: Qeri'at Shema 2:2 – 3:1 ; משה בן מימון, משנה תורה: קריאת שמע ב:ב – ג:א"
2064,990051173490205171,CUL,"משנה תורה;משנה תורה ופירושיו. ; Mishneh Torah and its Commentaries ; משה בן מימון, משנה תורה: לספר אהבה (הלכות תפילה - הלכות מילה) קריאת שמע; א:א – א:א; קריאת שמע ב:ט – קריאת שמע ב:טז"
2064,990051173500205171,CUL,"משנה תורה;משנה תורה ופירושיו. ; Moses b. Maimon, Rambam, Mishneh Torah: Qeri'at Shema 1:3 – 2:15 ; משה בן מימון, משנה תורה: קריאת שמע א:ג – ב:טו"
2064,990051173560205171,CUL,"משנה תורה;משנה תורה ופירושיו. ; Moses b. Maimon, Rambam, Mishneh Torah: Qeri'at Shema 1:2 – 1:6; 2:13 – 3:2 ; משה בן מימון, משנה תורה: קריאת שמע א:ב – א:ו; ב:יג – ג:ב"
2064,990053595230205171,JTS,"משנה תורה. ; Moses b. Maimon, Rambam, Mishneh Torah: Qeri'at Shema 1 ; משה בן מימון, משנה תורה: קריאת שמע א"
2206,990051145880205171,CUL,תרגום אונקלוס;תרגומים ארמיים. ; Targum Onqelos: Exodus 9:29 – 33[(folio 1r)]; 19:1 – 20:12[(folios 1v-5v)] ; תרגום אונקלוס: שמות ט:כט – לג[(folio 1r)]; יט:א – כ:יב[(folios 1v-5v)]
2206,990052317480205171,CUL,
2206,990053485600205171,Oxford,תרגומים ארמיים. ; Aramaic Targumim: Exodus 19:7 – 17 ; תרגומים ארמיים: שמות יט:ז – יז
2206,990053498610205171,BL,תרגומים ארמיים.
2206,990053498620205171,BL,תרגומים ארמיים.
2206,990053861150205171,AIU,תרגום ארמי לתורה (שמות יח:כב-יט:יג).
2345,990051179150205171,CUL,"הלכות הרי""ף. ; Isaac Al-Fasi, Hilkhot ha-Rif: Hullin 2 b – 10 a ; יצחק אלפסי, הלכות הרי""ף: חולין ב ע""ב – י ע""א"
2345,990051727010205171,CUL,"הלכות הרי""ף;ספרות הלכתית ופרשנות תלמודית;ספרות חז""ל. ; Isaac Al-Fasi, Hilkhot ha-Rif: Hullin 2 – 3 ; יצחק אלפסי, הלכות הרי""ף: חולין ב – ג"
2345,990051727260205171,CUL,"הלכות הרי""ף;ספרות הלכתית ופרשנות תלמודית;ספרות חז""ל. ; Isaac Al-Fasi, Hilkhot ha-Rif: Hullin 1 – 2 ; יצחק אלפסי, הלכות הרי""ף: חולין א – ב"
2345,990051930890205171,CUL,"הלכות הרי""ף. ; Isaac Al-Fasi, Hilkhot ha-Rif: Hullin 3 a – 4 a ; יצחק אלפסי, הלכות הרי""ף: חולין ג ע""א – ד ע""א"
2345,990053643330205171,BL,"הלכות הרי""ף. ; Isaac Al-Fasi, Hilkhot ha-Rif: Hullin 7 a – 8 b ; יצחק אלפסי, הלכות הרי""ף: חולין ז ע""א – ח ע""ב"
2345,990053649870205171,BL,"הלכות הרי""ף;תלמוד ירושלמי(). ; תלמוד ירושלמי(?): פסחים"
2470,990051210860205171,CUL,"זהר (האדרא זוטא, רצו ע""א-סוף). ; זוהר"
2470,990053487110205171,Oxford,
2470,990053493580205171,BL,
2470,990053493590205171,BL,
2470,990053493600205171,BL,
2470,990053779880205171,Manchester,
2983,990051454120205171,CUL,פיוט;שירת חול. ; Piyyut ; פיוט
2983,990051469950205171,CUL,פיוט. ; Piyyut
2983,990051508390205171,CUL,פיוט. ; Piyyut
2983,990051653200205171,CUL,פיוט;שירת חול. ; Piyyut ; פיוט
2983,990051655690205171,CUL,פיוט;שירת חול. ; Piyyut ; פיוט
2983,990053508210205171,BL,פיוט;תוספות של סידור;תפילה וברכות. ; Liturgical additions: Haggadah (and other matters) of Pesach ; תוספות של סידור: הגדה (ועניינים אחרים) של פסח
415,990001229700205171,BL,משנה סדר נזיקין (אבות).
415,990001247950205171,BL,קובץ.
415,990001505590205171,AIU,"משנה סדר נזיקין (אבות, קטעים)."
415,990051364610205171,CUL,הלכה- ראשונים ואחרונים;תפילה וברכות. ; סידור הכולל בתוכו הלכות ברכות ושחיטה. דפוס.
415,990051566490205171,CUL,
422,990001233090205171,BL,קטעי תפלה : ; גניזה.
422,990053510420205171,BL,לא ניתן להכרעה מתוך הקטלוג;פיוט;תפילה וברכות. ; Liturgy and Brakhot ; תפילה וברכות
422,990053510430205171,BL,לא ניתן להכרעה מתוך הקטלוג;פיוט;תפילה וברכות. ; Liturgy and Brakhot ; תפילה וברכות
422,990053510460205171,BL,"לא ניתן להכרעה מתוך הקטלוג;סדרי ברכות (ברכות הנהנין, השבח, המצוות);פיוט;תפילה וברכות;תפילות קבע. ; סדרי ברכות: ברכת המזון ""הרחמן יתברך שמו... את תפקידם ששים""; ברכת הלבנה ""הרחמן יתברך שמו... את תפקידם ששים"""
422,990053510470205171,BL,"לא ניתן להכרעה מתוך הקטלוג;פיוט;תפילה וברכות. ; Piyyut: ""ינובן בשיבה בעלי חטובה? עטרם כבוד וזקנה טובה"" ; פיוט: ""ינובן בשיבה בעלי חטובה? עטרם כבוד וזקנה טובה"""
509,990001429240205171,RNL,ספר הענק למשה ן' עזרא.
509,990001429340205171,RNL,ספר הענק למשה ן' עזרא.
509,990001437870205171,RNL,ספר הענק למשה ן' עזרא.
509,990051569880205171,CUL,פיוט;שירת חול. ; Piyyut ; פיוט
509,990051649610205171,CUL,פיוט;שירת חול. ; Piyyut ; פיוט
657,990001445160205171,RNL,פיוטים.
657,990051196030205171,CUL,"פיוט. ; Piyyut ; פיוט: ""שאר ישוב שאר יעקב"" (רי""ה)"
657,990051493130205171,CUL,פיוט. ; Piyyut
657,990051515940205171,CUL,פיוט. ; Piyyut
657,990053503080205171,BL,פיוט;תפילה וברכות. ; Piyyut ; פיוט
707,990001453570205171,RNL,פיוטים (קטע).
707,990051223880205171,CUL,"פיוט. ; פיוט: ""[א] - - - 'כבודה השיב לבדו להיות עזר כנגדו לא טוב היות אדם לבדו טובים השנים מן האחד"" (גבירול)"
707,990051516250205171,CUL,פיוט. ; Piyyut
707,990053511700205171,BL,"פיוט;תוספות של סידור;תפילה וברכות. ; Piyyut ; תוספות של סידור: זמירות/בקשות לשבת ולמועדים ""יקר יום השבת... מצותו עץ חיים"""
707,990053868400205171,Mosseri,"פיוט;תפילה וברכות. ; פיוט (ראב""ע )"
860,990001528810205171,RNL,ספר המצוות.
860,990001528830205171,RNL,ספר המצוות.
860,990001539460205171,RNL,תרגום ופרוש ערבי לתורה לישועה בן יהודה (ויקרא).
860,990001547740205171,RNL,תרגום ופרוש ערבי לתורה לישועה בן יהודה (ויקרא).
860,990001558880205171,RNL,דיני טהרה.
895,990001532380205171,RNL,"כתאב אלריאץ' ואלחדאיק (בראשית, פרשת בראשית)."
895,990001549690205171,RNL,כתאב אלריאץ' ואלחדאיק (בראשית).
895,990001554960205171,RNL,"פרוש התורה (בראשית, קטע)."
895,990038779870205171,Geneva,"פרוש התורה לרס""ג (בראשית)."
895,990053517680205171,BL,ספרות הלכתית ופרשנות תלמודית;תחום לא מזוהה. ; פירוש לבראשית???
898,990001532710205171,RNL,פרוש נביאים (תרי עשר).
898,990001552210205171,RNL,פרוש נביאים (ירמיה ותרי עשר).
898,990001553050205171,RNL,"פרוש נביאים (תרי עשר, קטע)."
898,990001623080205171,RNL,"פרוש נביאים לרס""ג (מיכה, קטע)."
898,990051352970205171,CUL,מקרא [טקסט];פרשנות מקרא. ; Biblical Exegesis: Habakkuk 2:12 – 3:19; Zephaniah 1:1 – 18 ; פרשנות מקרא: חבקוק ב:יב – ג:יט; צפניה א:א – יח
935,990001535410205171,RNL,תאור גן עדן.
935,990001611660205171,RNL,חבור במוסר.
935,990001612230205171,RNL,חבור אסכטולוגי (משיחיות).
935,990001615570205171,RNL,חבור על קץ הימים.
935,990001623460205171,RNL,חבור על גן עדן (קטע).
1071,990001549230205171,RNL,"פרוש נביאים (ירמיה, קטעים)."
1071,990001551800205171,RNL,תרגום ערבי לנביאים אחרונים.
1071,990001552000205171,RNL,תרגום ופרוש ערבי קצר לנביאים (ירמיה).
1071,990001552270205171,RNL,תרגום ערבי לנביאים אחרונים.
1071,990001587340205171,RNL,"תרגום ערבי לנביאים (הושע, קטע)."
1845,990001972610205171,BL,קטעי מוסר ופילוסופיה בערבית.
1845,990053518860205171,BL,לא ניתן להכרעה מתוך הקטלוג;מוסר. ; פירוש למקרא/דרשה?
1845,990053649390205171,BL,"חכמת הלשון;פרשנות מקרא. ; Saadiah b. Joseph al-Fayyumi (Saadiah Gaon), Biblical Exegesis: Daniel 12:7 ; סעדיה בן יוסף גאון, פרשנות מקרא: דניאל יב:ז"
1845,990053649420205171,BL,"חיבור יפה מהישועה;כתאב פי אלפרג בעד אלשדה. ; נסים גאון, חיבור יפה מהישועה (מקביל למהד' אברמסון, לפי נוסח כ""י קאפח, ע' 461 שו' 28 – ע' 463 שו' 16)"
1845,990053649430205171,BL,"חיבור יפה מהישועה;כתאב פי אלפרג בעד אלשדה. ; נסים גאון, חיבור יפה מהישועה (מקביל למהד' אברמסון, לפי נוסח כ""י קאפח, ע' 461 שו' 28 – ע' 463 שו' 16)"
1913,990035092860205171,NLI,תרגום ארמי לתורה (בראשית א:א-ב:ז).
1913,990051146680205171,CUL,תרגום אונקלוס;תרגומים ארמיים. ; Targum Onqelos: Genesis 1:1 – 22 ; תרגום אונקלוס: בראשית א:א – כב
1913,990051146980205171,CUL,תרגום אונקלוס;תרגומים ארמיים. ; Targum Onqelos: Genesis 1:21 – 2:9[(folio 1)]; 8:1 – 9:5[(folio 2)] ; תרגום אונקלוס: בראשית א:כא – ב:ט[(folio 1)]; ח:א – ט:ה[(folio 2)]
1913,990051147310205171,CUL,תרגום אונקלוס;תרגומים ארמיים. ; Targum Onqelos: Genesis 1:1 – 10[(verso)] ; תרגום אונקלוס: בראשית א:א – י[(verso)]
1913,990052300830205171,CUL,
2366,990051184810205171,CUL,"פיוט. ; Piyyut ; פיוט (אזהרות לשבועות): ""[את ד"" אלהיך תירא] - - - זכרון שמור השבת"" (רס""ג)"
2366,990051198720205171,CUL,"כתאב ג'אמע אלצלואת ואלתסאביח;כתאב פי וג'וב אלצלוה;פיוט;תוספות של סידור;תפילה וברכות;תפילות קבע. ; Piyyut ; סידור רס""ג - תרי""ג מצוות ראש השנה וסוכות. עמ' קפ""א-קפ""ג, רי""ז, רל""ז-ר""מ במהדורה."
2366,990051451690205171,CUL,פיוט;שירת חול;תפילה וברכות. ; Liturgy and Brakhot ; תפילה וברכות
2366,990053435510205171,Oxford,פיוט. ; Piyyut
2366,990053435590205171,Oxford,פיוט. ; Piyyut
2393,990051188100205171,CUL,"פיוט. ; Piyyut ; פיוט (קדושתא ליום הכיפורים, אלעזר הקליר)"
2393,990051188430205171,CUL,"פיוט. ; Piyyut ; פיוט (יום הכיפורים): ""[אלהים אל ראשון ואחרון]"" (גבירול)"
2393,990051188450205171,CUL,"פיוט. ; Piyyut ; פיוט (יום הכיפורים): ""[אלהים אל ראשון ואחרון]"" (גבירול)"
2393,990051188750205171,CUL,"פיוט. ; Piyyut ; פיוט (יום הכיפורים): ""אז בצאת כהן גדול מן הקדש *בכלותו עבודות"""
2393,990053239980205171,JTS,פיוט. ; פיוט עבודה מוסף יום כיפור
2686,990051311320205171,CUL,"פירוש המשנה לרמב""ם [ערבית];רפואה. ; Moses b. Maimon, Rambam, Maimonides Mishna Commentary[Arabic]: Sanhedrin 10 ; משה בן מימון, פירוש המשנה לרמב""ם [ערבית]: סנהדרין י"
2686,990051312940205171,CUL,"פירוש המשנה לרמב""ם [ערבית]. ; Moses b. Maimon, Rambam, Maimonides Mishna Commentary[Arabic]: Sanhedrin 10 ; משה בן מימון, פירוש המשנה לרמב""ם [ערבית]: סנהדרין י"
2686,990051314590205171,CUL,"פירוש המשנה לרמב""ם [ערבית]. ; Moses b. Maimon, Rambam, Maimonides Mishna Commentary[Arabic]: Sanhedrin 10 ; משה בן מימון, פירוש המשנה לרמב""ם [ערבית]: סנהדרין י"
2686,990053586310205171,JTS,"משנה [טקסט];פירוש המשנה לרמב""ם [ערבית]. ; פירוש הרמב""ם למשנה, סנהדרין י:א, ההקדמה לפרק חלק, עיקרים ראשון ושני (מהד' קאפח ע' רי-ריא)."
2686,990053609440205171,JTS,"מוסר;ספרי מצות (רבניים);פירוש המשנה לרמב""ם [ערבית]. ; Moses b. Maimon, Rambam, Maimonides Mishna Commentary[Arabic]: Introduction Sanhedrin ; משה בן מימון, פירוש המשנה לרמב""ם [ערבית]: הקדמה סנהדרין"
2855,990051393020205171,CUL,
2855,990051395980205171,CUL,גלוסאר לפיוט. ; דפוס. גלוסר לפיוטים ליום הכיפור מתוך מחזור.
2855,990051395990205171,CUL,גלוסאר לפיוט. ; דפוס. גלוסר לפיוטים ליום הכיפור מתוך מחזור.
2855,990051406030205171,CUL,Targum Onqelos: Leviticus Vayiqra 5:15 – 6:2 ; תרגום אונקלוס: ויקרא ויקרא ה:טו – ו:ב
2855,990051633340205171,CUL,
3106,990051488270205171,CUL,פיוט. ; Piyyut
3106,990053241490205171,JTS,פיוט. ; סליחות
3106,990053413010205171,Oxford,"פיוט. ; Piyyut (Selihot) (Selihot): ""אתא היום אשר יגורתי אשר צפנתיהו"" (Selihot): ""תאר היום ויחל ואותי אירע"" (Selihot): ""אמרה אם הבנים מה יתרון לי"" (Selihot): ""אייליל הה ליום המפרק גדילים"" (Selihot): ""תגרת יום קרב ומלחמה"" (Selihot): ""תקרא שפתי קינות על מחמודי קדם"" (Selihot): ""אני נתקתי מוסרת והדדתי אוסף"" (Selihot): ""איכה רחובות עיר מלאי רננות"" (Selihot): ""זכור תבוסת צאן טבחה""[on the ten martyrs] (Selihot): ""אתה הסעתה גפן מנוף"" (Selihot): ""אויבים השמיעו לחרפי טמא סור"" (Selihot): ""אזי כי הייתי קלס לכל השאטים אותי"" (Selihot): ""תחת אשר לא שמענו פקודיך הישרים"" (Selihot): ""את מי זנחתה לנצח"" (Selihot): ""אוי מי קשה כאב אשר היה לבניו כאויב"" (Selihot): ""אכן סר מר המות נמתק"" (Selihot): ""אין עמך לעצור"" (Selihot): ""אמור נא לכל הגויים"" (Selihot): ""אנה עזב אל המון מעיו"" (Selihot): ""אז בשביינו צר לא הניח"" (Selihot): ""אקראה היום צום"" (Selihot): ""אאבל אאנה על חרבן אולמי"" (Selihot): ""אילצני ביום זה שוכן שמי ערץ"" (Selihot): ""יללתי גדלה מייללת אגליים"" (Selihot): ""אעיר אנחה ומנוחה"" (Selihot): ""יום זה אילילה... אלץ על אלץ"" (Selihot): ""אהה ליום מפקד מעוה"" (Selihot): ""אוי לי כי נדמיתי"" (Selihot): ""אנה אלך אבל וחפוי ראשי""איכה אהלי ידידות""[incomplete and without vowel points] (Selihot) (Selihot): ""אויה לי כי נלטשו"" (Selihot): ""אבוי לירח חמישי צוקותיו"" (Selihot): ""איכה מעביר כפי מדוד"" ; פיוט (סליחות) (סליחות): ""אתא היום אשר יגורתי אשר צפנתיהו"" (סליחות): ""תאר היום ויחל ואותי אירע"" (סליחות): ""אמרה אם הבנים מה יתרון לי"" (סליחות): ""אייליל הה ליום המפרק גדילים"" (סליחות): ""תגרת יום קרב ומלחמה"" (סליחות): ""תקרא שפתי קינות על מחמודי קדם"" (סליחות): ""אני נתקתי מוסרת והדדתי אוסף"" (סליחות): ""איכה רחובות עיר מלאי רננות"" (סליחות): ""זכור תבוסת צאן טבחה""[on the ten martyrs] (סליחות): ""אתה הסעתה גפן מנוף"" (סליחות): ""אויבים השמיעו לחרפי טמא סור"" (סליחות): ""אזי כי הייתי קלס לכל השאטים אותי"" (סליחות): ""תחת אשר לא שמענו פקודיך הישרים"" (סליחות): ""את מי זנחתה לנצח"" (סליחות): ""אוי מי קשה כאב אשר היה לבניו כאויב"" (סליחות): ""אכן סר מר המות נמתק"" (סליחות): ""אין עמך לעצור"" (סליחות): ""אמור נא לכל הגויים"" (סליחות): ""אנה עזב אל המון מעיו"" (סליחות): ""אז בשביינו צר לא הניח"" (סליחות): ""אקראה היום צום"" (סליחות): ""אאבל אאנה על חרבן אולמי"" (סליחות): ""אילצני ביום זה שוכן שמי ערץ"" (סליחות): ""יללתי גדלה מייללת אגליים"" (סליחות): ""אעיר אנחה ומנוחה"" (סליחות): ""יום זה אילילה... אלץ על אלץ"" (סליחות): ""אהה ליום מפקד מעוה"" (סליחות): ""אוי לי כי נדמיתי"" (סליחות): ""אנה אלך אבל וחפוי ראשי""איכה אהלי ידידות""[incomplete and without vowel points] (סליחות) (סליחות): ""אויה לי כי נלטשו"" (סליחות): ""אבוי לירח חמישי צוקותיו"" (סליחות): ""איכה מעביר כפי מדוד"""
3106,990053429820205171,Oxford,"פיוט. ; Piyyut (Selihot)[much injured]""אזי הייתי קלס לכל השאטים""את מי זנחתה לנצח כי מדוע זנחתנו לנצחים""[cf. fol 25]""אוי מי קשה כאב. אשר לבניו היה כאויב""אכן סר מר המות. נמתק מדבש היטיב""אין עמך לעצור. תהי ידך לעזרני""[incomplete]""מדוע בשאלנו אין לנו חנות""אויל עמי ביי למעול""[אב ; two strophes for each letter; incomplete]""אמרנא לכל הגויים""אנה עזב אל המון מעיו""[incomplete]""היה כאויב אל עליון. ויחמם כגן גיא חיזיון""[cf. fol 25]""אני הגבר ראה כידו""איכה יועם זהב""זכור יי מה היה לעם בחיר""[incomplete] ; פיוט (סליחות)[much injured]""אזי הייתי קלס לכל השאטים""את מי זנחתה לנצח כי מדוע זנחתנו לנצחים""[cf. fol 25]""אוי מי קשה כאב. אשר לבניו היה כאויב""אכן סר מר המות. נמתק מדבש היטיב""אין עמך לעצור. תהי ידך לעזרני""[incomplete]""מדוע בשאלנו אין לנו חנות""אויל עמי ביי למעול""[אב ; two strophes for each letter; incomplete]""אמרנא לכל הגויים""אנה עזב אל המון מעיו""[incomplete]""היה כאויב אל עליון. ויחמם כגן גיא חיזיון""[cf. fol 25]""אני הגבר ראה כידו""איכה יועם זהב""זכור יי מה היה לעם בחיר""[incomplete]"
3106,990053447100205171,Oxford,"פיוט. ; Piyyut: ""אני מי קשה כאב""אכן סר מר המות נמתק""אין עמך לעצור""אמר נא לכל הגויים""אנא עזב אל המון""אויל עמי בי'י למעול""[incomplete] ; פיוט: ""אני מי קשה כאב""אכן סר מר המות נמתק""אין עמך לעצור""אמר נא לכל הגויים""אנא עזב אל המון""אויל עמי בי'י למעול""[incomplete]"
3127,990051495870205171,CUL,פיוט. ; Piyyut
3127,990051520310205171,CUL,פיוט. ; Piyyut
3127,990053032360205171,JTS,פיוט;תפילה וברכות. ; Liturgy and Brakhot ; תפילה וברכות
3127,990053502360205171,BL,פיוט;תפילה וברכות. ; Liturgy and Brakhot ; תפילה וברכות
3127,990053942200205171,HUC,פיוט. ; Piyyut
3416,990051635240205171,CUL,
3416,990052303230205171,CUL,
3416,990053207490205171,JTS,פיוט;תפילה וברכות. ; Liturgy and Brakhot ; תפילה וברכות
3416,990053223520205171,JTS,פיוט. ; פיוט לפורים
3416,990053426790205171,Oxford,"פיוט. ; Piyyut (Purim): ""ויהי בימי אחשורוש. למלך הוא קם בראש. והוא גדול ורם מקצין וראש. וי'י הניח לו"" ; פיוט (פורים): ""ויהי בימי אחשורוש. למלך הוא קם בראש. והוא גדול ורם מקצין וראש. וי'י הניח לו"""
3444,990051644420205171,CUL,"סדרי ברכות (ברכות הנהנין, השבח, המצוות);תוספות של סידור;תפילה וברכות. ; Liturgical additions: Haggadah (and other matters) of Pesach? ; תוספות של סידור: הגדה (ועניינים אחרים) של פסח?"
3444,990053475360205171,Oxford,"תפילה וברכות;תפילות קבע. ; תפילות קבע: מוסף ראש חודש אמצע תפילת י""ח של שבת ור""ח; חנוכה; פורים; ערבית תעניות; שחרית חול"
3444,990053475370205171,Oxford,"תפילה וברכות;תפילות קבע. ; תפילות קבע: מוסף ראש חודש אמצע תפילת י""ח של שבת ור""ח; חנוכה; פורים; ערבית תעניות; שחרית חול"
3444,990053641070205171,BL,"סידור שלמה מסיג'ילמאסה;תפילה וברכות. ; שלמה בן נתן מסיג'ילמאסה, סידור שלמה מסיג'ילמאסה: טז"
3444,990053641080205171,BL,"סידור שלמה מסיג'ילמאסה;תפילה וברכות. ; שלמה בן נתן מסיג'ילמאסה, סידור שלמה מסיג'ילמאסה: טז"
9,990000589160205171,RNL,קובץ.
9,990000621930205171,RNL,קובץ ברפואה.
9,990051214720205171,CUL,"ספר יצירה (א:ד-ב:יא). ; Sefer Yetzira, and instructions for dream requests"
9,990053535770205171,BL,זוהר;חכמת הנסתר. ; Occult Sciences ; חכמת הנסתר
19,990000622760205171,RNL,הלכות ופירוש התפלות.
19,990051194800205171,CUL,"סדרי ברכות (ברכות הנהנין, השבח, המצוות);פיוט;תוספות של סידור;תפילה וברכות. ; Liturgical additions ; תוספות של סידור: אוסף פסוקים"
19,990051549780205171,CUL,
19,990051683070205171,CUL,Liturgical additions: Mourning ; תוספות של סידור: אבילות
44,990000846380205171,RNL,"משנה תורה (ספר קנין ועבודה, קטעים)."
44,990051381950205171,CUL,"סיפורת וספרות יפה. ; חלקו הראשון של הקטע ספרות עממית: ""מעשה שעשועים""."
44,990053589940205171,JTS,"משנה תורה. ; משנה תורה, זכיה ומתנה ב:ט - ג:א"
44,997012218873905171,RNL,"משנה תורה (ספר קנין, מכירה כב:ט-כג:טו)."
74,990000851650205171,RNL,ערוך (קטעים).
74,990000851660205171,RNL,ערוך (אותיות קנדיל-שקץ).
74,990000857390205171,RNL,ערוך (אותיות פטפוט-תאטר).
74,990053382360205171,JTS,
157,990000862060205171,RNL,דלאלה אלחאירין.
157,990051310660205171,CUL,פילוסופיה;תפילה וברכות. ; Philosophical work on epistemology
157,990053301050205171,JTS,חכמת הלשון;פרשנות מקרא. ; חיבור ערבי-יהודי על הריטוריקה המקראית (?)
157,990053962620205171,CUL,"דלאלה אלחאירין. ; Moses b. Maimon, Rambam, Guide for the Perplexed (Arabic): 1 ; משה בן מימון, דלאלה אלחאירין: א"
168,990000862330205171,RNL,פרוש ארוך לבראשית.
168,990001561310205171,RNL,פרוש התורה לעלי בן סולימאן (בראשית).
168,990001667980205171,RNL,"תרגום ערבי לתורה לרס""ג (בראשית, קטע)."
168,990025013900205171,NLI,"פרוש התורה לרס""ג בערבית (בראשית, ב-ג)."
187,990000868580205171,RNL,כתאב אלאסתבצאר (קטע).
187,990000868760205171,RNL,כתאב אלאסתבצאר.
187,990000925330205171,RNL,כתאב אלאסתבצאר (קטעים).
187,990026884200205171,RNL,ספר מצוות קראי (קטע).
199,990000869230205171,RNL,"פרוש נביאים לרד""ק (ישעיה)."
199,990000869440205171,RNL,"פרוש נביאים לרד""ק (ישעיה)."
199,990051963260205171,CUL,"ספרות חז""ל."
199,990053880310205171,AIU,"פירוש רד""ק למקרא;פרשנות מקרא. ; פרשנות מקרא: הפטרת פרשת נח"
260,990000899890205171,RNL,תפסיר אלמבסוט פי ספר ויקרא.
260,990000906310205171,RNL,תפסיר תורה צוה לנו.
260,990000906370205171,RNL,תפסיר תורה צוה לנו.
260,990000925110205171,RNL,תפסיר תורה צוה לנו.
305,990000912750205171,BL,חובות הלבבות (בלתי שלם).
305,990053639990205171,BL,"חובות הלבבות (תרגום אבן תיבון). ; בחיי בן יוסף אבן פקודה, חובות הלבבות ג-ה"
305,990053640320205171,BL,"חובות הלבבות (תרגום אבן תיבון). ; בחיי בן יוסף אבן פקודה, חובות הלבבות ג-ה"
305,990053640370205171,BL,"חובות הלבבות (תרגום אבן תיבון). ; בחיי בן יוסף אבן פקודה, חובות הלבבות ג-ה"
347,990000991270205171,RNL,"תורה : ; עם ניקוד וטעמים, מסורה קטנה וגדולה."
347,990001570390205171,RNL,"תורה (שמות, קטעים)."
347,990051128160205171,CUL,מקרא [טקסט]. ; Bible: Exodus 35:9 – 22 ; מקרא: שמות לה:ט – כב
347,990053385780205171,Oxford,
372,990001021010205171,JTS,"תנ""ך (קטעים)."
372,990001568770205171,RNL,תורה (קטעים).
372,990001570010205171,RNL,תורה (קטעים).
372,990051132950205171,CUL,מקרא [טקסט]. ; Bible: Numbers 12:14 – 13:3; 13:11 – 19 ; מקרא: במדבר יב:יד – יג:ג; יג:יא – יט
414,990001229440205171,BL,קובץ.
414,990001865270205171,HAS,סדור ר' שלמה סג'למסה (כז-כח).
414,990051363610205171,CUL,הלכה- ראשונים ואחרונים. ; חיבור העוסק בדיני יבום וחליצה שעיקרו קיבוץ דברי הפוסקים שעסקו בסוגיה זו. דפוס.
414,990053445370205171,Oxford,"תעודות אישיות ושטרות. ; כתאב אלשטרות, formulae of legal documents"
421,990001232960205171,BL,קטעי תפלה : ; גניזה.
421,990053502460205171,BL,"פיוט;תפילה וברכות. ; Piyyut (Ma'ariv for Shabbat): ""-- עולם על תוהו ובוהו נקפא"" ; פיוט (יוצר לשבת): ""ותשר דבורה וברק תופף ניגונים לזמר"" (יהודה בן בנימין)"
421,990053502750205171,BL,פיוט;תפילה וברכות. ; Liturgy and Brakhot ; תפילה וברכות
421,990053502870205171,BL,פיוט;תפילה וברכות. ; Liturgy and Brakhot ; תפילה וברכות
423,990001233190205171,BL,משנה תורה (קטעים).
423,990001256610205171,BL,"משנה תורה (הקדמה, מניין המצוות לפי סדר הספרים, קטע)."
423,990001273010205171,HUC,קטעי גניזה.
423,990053940830205171,HUC,
429,990001233500205171,BL,ספרות רבנית בערבית.
429,990051083550205171,CUL,"משנה תורה. ; Moses b. Maimon, Rambam, Translation of Mishneh Torah: Shehitah 1:28 – 2:2 ; משה בן מימון, תרגום ל משנה תורה: שחיטה א:כח – ב:ב"
429,990051322190205171,CUL,הלכה;ספרות הלכתית ופרשנות תלמודית. ; Laws of terefah
429,990053648810205171,BL,"הלכה;משנה תורה;ספרות הלכתית ופרשנות תלמודית. ; Moses b. Maimon, Rambam, Extracts/Abridgment Mishneh Torah: Shehitah ; משה בן מימון, ליקוט/תקציר/עיבוד משנה תורה: שחיטה"
441,990001262310205171,HAS,רהיטים ליום כפור (קטע).
441,990051189220205171,CUL,"פיוט. ; Piyyut ; פיוט (יום הכיפורים): ""עצת איש תם יושב אהליך אימצת וקימתה בדת מילוליך"" (שלמה (סולימן ?))"
441,990051216670205171,CUL,"פיוט. ; Piyyut (Yom Ha-Kippurim): ""(אנחנו החומר) אורחותינו נטו מטוב אין עושה טוב אמרנו לרע טוב אשמנו בפועל ידינו ואתה יוצרנו ומעשה ידך כולנו (ובכן אנחנו החומר ואתה יוצרנו ומעשה ידך כולנו נא(?) אנחנו עפר ואפר)"" ; פיוט (יום הכיפורים): ""(אנחנו החומר) אורחותינו נטו מטוב אין עושה טוב אמרנו לרע טוב אשמנו בפועל ידינו ואתה יוצרנו ומעשה ידך כולנו (ובכן אנחנו החומר ואתה יוצרנו ומעשה ידך כולנו נא(?) אנחנו עפר ואפר)"""
441,990053637180205171,Oxford,"פיוט. ; Elazar Qalir, Piyyut: ""אזרחי ידעך מכל אומות""תמה אשר לך ממלכת""אילותי אקראך בגאון""איש קורא בגרון""אור בקר יזורר תרדמות""דבר אומן אומץ""ואל יבא בהגבהת מחשבות""[incomplete]""מקום אשר אימה מחצבו""ארבעה עמודים סוככיכת""אז כתבנית המרכבה מאודרת""אחוז בכסא רם ונשא""בענן אשר אורו במראה הקשת מעולפת""משכינת אברתי באום באב באומן באומר באש אוכלה אראה על הכפרת""לך ארץ ודריה עפרה בהכילך""אות אחת משמך יעשה בכל שמך""ארבעה עשר אלף שנה מתחתה לגדלה""[incomplete; ends with beg. נ]"
444,990001272920205171,HUC,קטעי גניזה.
444,990002050550205171,Mosseri,גט ושטר הרשאת שליח לקבל גט אשה.
444,990053020820205171,JTS,"תעודות אישיות ושטרות. ; גט מן עשרים ותשעה בתשרי, ב' כג לשטרות = 1711 מן אלסעדייה"
444,990053940280205171,HUC,
459,990001375330205171,RNL,"פרוש התורה ליפת בן עלי (במדבר, קטעים)."
459,990001375340205171,RNL,"פרוש התורה ליפת בן עלי (במדבר, קטעים)."
459,990001375400205171,RNL,"פרוש התורה ליפת בן עלי (במדבר, קטעים)."
459,990001558640205171,RNL,תרגום ופרוש ערבי לתורה (קטע).
480,990001399340205171,CUL,פיוטים ליום כפור (קטע).
480,990051535400205171,CUL,פיוט. ; Piyyut
480,990053277060205171,JTS,פיוט. ; קדושתא
480,990053464080205171,Oxford,"פיוט. ; פיוט (רשות): ""אפאר שמך אדיר באדירים"" (מעמד): ""את דלתותיך דפקנו חנון""תובעי שכנך בשעריך"" (קדושתא): ""ארשת שפתינו תערב""איום אלהינו שעה בני אלים"" (קדושתא): ""אשעך בעת נעילה"" (יוצר): ""טרם דמדום חמה""אבן מעמסה"" (פזמון): ""היום יפנה"" (רשות)[רשות זעיר] (רשות): ""אעטף תפילה""[רשות אחר]""אוחזי שערך צורי אל תבייש""[סדרא] (סליחות): ""ארבעים יום עמד""אחלך בעילה""סובבת על פתחך""[פז' דר' סהלאן]""סברוך היום זקן ונער""חטאנו""[incomplete]"
491,990001421500205171,CUL,"הלכות הרי""ף (חולין ב ע""א-ג ע""א, ג ע""ב-ה ע""ב, ו ע""א-ז ע""א) :"
491,990051174520205171,CUL,"הלכה;הלכות הרי""ף. ; Isaac Al-Fasi, Hilkhot ha-Rif: Hullin 1 a – 2 b ; יצחק אלפסי, הלכות הרי""ף: חולין א ע""א[14 - 2]; ב ע""א – ע""ב[13 - 6]"
491,990051930720205171,CUL,"הלכות הרי""ף. ; Isaac Al-Fasi, Hilkhot ha-Rif: Hullin 1 b – 2 b; 7 a – 8 a ; יצחק אלפסי, הלכות הרי""ף: חולין א ע""ב – ב ע""ב; ז ע""א – ח ע""א"
491,990053865640205171,Mosseri,"הלכות הרי""ף. ; Isaac Al-Fasi, Hilkhot ha-Rif: Hullin 1 b – 2 a[12 -20] ; יצחק אלפסי, הלכות הרי""ף: חולין א ע""ב – ב ע""א[12 -20]"
521,990001430970205171,RNL,תפלות ווידויים.
521,990051510930205171,CUL,פיוט. ; Piyyut
521,990053135850205171,JTS,פיוט;תפילה וברכות. ; Liturgy and Brakhot ; תפילה וברכות
521,990053788630205171,Manchester,
558,990001435510205171,RNL,פיוטים לשבועות.
558,990051220820205171,CUL,
558,990051650220205171,CUL,פיוט;שירת חול. ; Piyyut ; פיוט
558,990052405540205171,CUL,
572,990001436640205171,RNL,"הלכות הרי""ף (ברכות)."
572,990051934990205171,CUL,"הלכות הרי""ף. ; Isaac Al-Fasi, Hilkhot ha-Rif: Berakhot 8 a – b[טעויות בשורה המקורית: דף ח ולא דף ה ובמקום] ; יצחק אלפסי, הלכות הרי""ף: ברכות ח ע""א – ע""ב[טעויות בשורה המקורית: דף ח ולא דף ה ובמקום]"
572,990053567640205171,JTS,"הלכות הרי""ף. ; Isaac Al-Fasi, Hilkhot ha-Rif: Berakhot 3 a – 4 b; 1 b – 2 a ; יצחק אלפסי, הלכות הרי""ף: ברכות ג ע""א – ד ע""ב; א ע""ב – ב ע""א"
572,990053634680205171,Oxford,"תלמוד בבלי [טקסט]. ; אנדריאס, ליקוט/תקציר/עיבוד תלמוד בבלי: פסחים נה[to the end of chapter]"
626,990001442080205171,RNL,חבור ברפואה (קטע).
626,990001743540205171,TCD,קאנון.
626,990051211430205171,CUL,רפואה;תפילה וברכות. ; Medicine ; Translation of Avicenna's al-Qanun
626,990053180540205171,JTS,רפואה. ; חבור בענייני ניתוח הגוף
791,990001507630205171,AIU,קבץ קטעי גניזה.
791,990001507780205171,AIU,תשובה בענין קדושי קטינה.
791,990001507890205171,AIU,"תולדות אדם וחוה (נתיב א, חלק ב-ג)."
791,990039618620205171,AIU,תשובה בעניין שותפות.
792,990001507930205171,AIU,קבץ קטעי גניזה.
792,990001508120205171,AIU,תשובה בענין ריבית.
792,990053844950205171,AIU,שאלות ותשובות. ; אבילות אצל חתן
792,990053881350205171,AIU,"שו""ת הרדב""ז."
839,990001525760205171,RNL,מסאיל וג'אואב.
839,990001550300205171,RNL,פרוש התורה לשמואל בן משה המערבי (שמות לב-לה; לט-מ).
839,990001559610205171,RNL,שאלות ותשובות לשמות מאת שמואל בן משה המערבי.
839,990001599480205171,RNL,פרוש התורה (שמות) : ; בצורת שאלות ותשובות.
878,990001530280205171,RNL,"פרוש התורה (ויקרא, קטעים)."
878,990001533950205171,RNL,"פרוש התורה (במדבר, קטע)."
878,990001550050205171,RNL,"פרוש התורה (דברים, קטעים)."
878,990001564800205171,RNL,"תרגום ופרוש ערבי לתורה (במדבר ודברים, קטעים)."
942,990001535850205171,RNL,פרוש נביאים לתנחום ירושלמי (תרי עשר).
942,990001551620205171,RNL,"פרוש נביאים (תרי עשר, קטע)."
942,990001559840205171,RNL,פרוש נביאים לתנחום ירושלמי (תרי עשר).
942,990001561430205171,RNL,פרוש נביאים ליפת בן סגיר הקראי.
977,990001539540205171,RNL,חבור ברפואה.
977,990001540200205171,RNL,חבור ברפואה (קטע).
977,990001614850205171,RNL,אלאסבאב.
977,990001614870205171,RNL,אלאסבאב.
981,990001539760205171,RNL,חבור ברפואה.
981,990001540380205171,RNL,חבור ברפואה (קטע).
981,990001613900205171,RNL,אלאסבאב.
981,990001622550205171,RNL,חבור ברפואה (קטע).
1004,990001541800205171,RNL,כתאב אלמסתלחק.
1004,990001562600205171,RNL,חבור בדקדוק עברי.
1004,990001599060205171,RNL,כתאב אלמסתלחק.
1004,990051284750205171,CUL,חכמת הלשון;כתאב אלמסתלחק;רסאלה אלתנביה. ; Jonah ibn Janahs Kitab al-mustalhiq
1100,990001550560205171,RNL,"תרגום ערבי לתורה (דברים, קטע)."
1100,990001563750205171,RNL,"תרגום ערבי לתורה (במדבר ודברים, קטעים)."
1100,990001564720205171,RNL,"תרגום ערבי לתורה (במדבר, פרשת נשא)."
1100,990051270130205171,CUL,"תפסיר רס""ג. ; Saadiah b. Joseph al-Fayyumi (Saadiah Gaon), Tafsir Saadya Gaon: Deuteronomy 8:16 – 9:29 ; סעדיה בן יוסף גאון, תפסיר רס""ג: דברים ח:טז – ט:כט"
1103,990001550750205171,RNL,"תרגום ערבי לתורה (במדבר, קטע)."
1103,990051270530205171,CUL,"תפסיר רס""ג. ; Saadiah b. Joseph al-Fayyumi (Saadiah Gaon), Tafsir Saadya Gaon: Numbers 28:25 – 30:9 ; סעדיה בן יוסף גאון, תפסיר רס""ג: במדבר כח:כה – ל:ט"
1103,990051273330205171,CUL,"תפסיר רס""ג. ; Saadiah b. Joseph al-Fayyumi (Saadiah Gaon), Tafsir Saadya Gaon: Numbers 32:17 – 33:8 ; סעדיה בן יוסף גאון, תפסיר רס""ג: במדבר לב:יז – לג:ח"
1103,990053226850205171,JTS,"תרגומים ארמיים. ; תרגום ערבי-יהודי במדבר כט:טז-כט, ל:יד - לא:ח"
1265,990001561840205171,RNL,כתאב ג'אמע אלאלפאט.
1265,990001562060205171,RNL,כתאב ג'אמע אלאלפאט.
1265,990001599030205171,RNL,מלון.
1265,990053591990205171,JTS,כתאב ג'אמע אלאלפאט';תחום לא מזוהה. ; כתאב ג'אמע אלאלפאט'
1318,990001565930205171,RNL,תורה.
1318,990001577120205171,RNL,תורה (במדבר ז:ס-טו:כא).
1318,990051128080205171,CUL,מקרא [טקסט]. ; Bible: Exodus 31:13 – 32:11; 32:20 – 29 ; מקרא: שמות לא:יג – לב:יא; לב:כ – כט
1318,990053388650205171,Oxford,מקרא [טקסט]. ; Bible: Numbers 7:35 – 83 ; מקרא: במדבר ז:לה – פג
1321,990001565980205171,RNL,נביאים.
1321,990051865650205171,CUL,מקרא [טקסט]. ; 1 Kings 7:50; Isaiah 43:214:3; 2 Kings 5:12-19; 7:1
1321,990051880730205171,CUL,מקרא [טקסט]. ; Judges 11:37-40; Micah 5:6
1321,990053387060205171,Oxford,
1408,990001574700205171,RNL,תורה (קטעים).
1408,990051130420205171,CUL,מקרא [טקסט]. ; Bible: Leviticus 1:12 – 5:26 ; מקרא: ויקרא א:יב – ה:כו
1408,990051816730205171,CUL,מקרא [טקסט]. ; Bible: Leviticus 1:17 – 2:6; 2:9 – 3:3; 5:15 – 6:6 ; מקרא: ויקרא א:יז – ב:ו; ב:ט – ג:ג; ה:טו – ו:ו
1408,990053352170205171,JTS,מקרא [טקסט]. ; Bible: Leviticus 1:4 – 4:30 ; מקרא: ויקרא א:ד – ד:ל
1421,990001575730205171,RNL,תורה (קטעים).
1421,990051443480205171,CUL,מקרא;מקרא [טקסט]. ; Bible: Genesis 49:50 – 50:6; 50:11 – 13; 50:19 – 20; 50:26; Exodus 1:9 – 16 ; מקרא: בראשית מט:נ – נ:ו; נ:יא – יג; נ:יט – כ; נ:כו; שמות א:ט – טז
1421,990051831680205171,CUL,מקרא [טקסט]. ; Genesis 49:31-33; 50:4-5
1421,990051859830205171,CUL,מקרא [טקסט]. ; Exodus 2:5-13
1493,990001587860205171,RNL,הפטרות (קטע).
1493,990038862970205171,Geneva,הפטרות (בשלח-יתרו).
1493,990051142320205171,CUL,הפטרות;מקרא [טקסט];תרגום יונתן. ; Targum Jonathan: Judges 30 – 31 ; תרגום יונתן: שופטים ל – לא
1493,990053480840205171,Oxford,"פיוט. ; Piyyut (Purim): ""אתה הוא מבין עתידות"" (Qalir)""אחשורוש והמן הרע"" (Qalir)""אגני אשר עמד ורשתי""ואד וחיוה אחרי תנינה""מלכות נחפזה כחזה רביד""[incomplete]"
1630,990001610590205171,RNL,תוכחה.
1630,990001610610205171,RNL,תוכחה.
1630,990001618430205171,RNL,שיר במוסר.
1630,990001618790205171,RNL,ספור על משה רבנו : ; בצורת שיר.
1649,990001616140205171,RNL,פיוטים.
1649,990051294890205171,CUL,פיוט;שירת חול;תפילה וברכות. ; Secular Poetry ; שבח לאל ובריאתו – בפרוזה מחורזת.
1649,990053210400205171,JTS,פילוסופיה;תחום לא מזוהה. ; חיבור פילוסופי בערבית-יהודית
1649,990053517950205171,BL,תפילה וברכות. ; תפילה ?
1651,990001616460205171,RNL,חבור במוסר (קטע) : ; בצורת שיר.
1651,990001616770205171,RNL,חבור במוסר (קטע) : ; מוסר בשיר.
1651,990001618720205171,RNL,חבור במוסר : ; בצורת שיר.
1651,990001618730205171,RNL,חבור במוסר (קטע) : ; בצורת שיר.
1711,990001638600205171,Oxford,"משנה תורה (ספר אהבה, הלכות תפלה יא:ג-יג:ד)."
1711,990047940060205171,AIU,"משנה תורה (ספר אהבה, הלכות תפילה ונשיאות כפים יא:יב-יד)."
1711,990053590860205171,JTS,"משנה תורה. ; Moses b. Maimon, Rambam, Mishneh Torah: Tefillah ve-Birkat Kohanim 11 ; משה בן מימון, משנה תורה: תפילה וברכת כהנים יא"
1711,990053622550205171,Oxford,"משנה תורה. ; Moses b. Maimon, Rambam, Mishneh Torah: Tefillah ve-Birkat Kohanim 11:3 – 13:4 ; משה בן מימון, משנה תורה: תפילה וברכת כהנים יא:ג – יג:ד"
1738,990001663880205171,Katz,מלון עברי-ערבי למקרא.
1738,990001667060205171,Katz,"לקט הלכות התלמוד (שבת סב ע""א-סו ע""ב; עג ע""ב-עד ע""ב)."
1738,990051505060205171,CUL,פיוט. ; Piyyut
1738,990053621030205171,Oxford,"משנה תורה. ; Moses b. Maimon, Rambam, Mishneh Torah: Issurei Bi'ah 1:10 – 5:12; Yibbum ve-Halitzah 2:1 – 12; Ishut 15:1 – 16:3 ; משה בן מימון, משנה תורה: איסורי ביאה א:י – ה:יב; יבום וחליצה ב:א – יב; אישות טו:א – טז:ג"
1883,990025015860205171,NLI,"תרגום ערבי לתורה לרס""ג (בראשית הקדמה- א:טז)."
1883,990051078630205171,CUL,"תפסיר ערבי; תפסיר רס""ג. ; ההקדמה לתפסיר התורה ותפסיר בראשית א-ג"
1883,990051270240205171,CUL,"תפסיר ערבי;תפסיר רס""ג. ; Saadiah b. Joseph al-Fayyumi (Saadiah Gaon), Arabic Tafsir: Genesis 1:1 – 3:15 ; סעדיה בן יוסף גאון, תפסיר ערבי: בראשית א:א – ג:טו"
1883,990051271600205171,CUL,"תפסיר ערבי;תפסיר רס""ג. ; Saadiah b. Joseph al-Fayyumi (Saadiah Gaon), Tafsir Saadya Gaon: Genesis 1:1 – 4:1 ; סעדיה בן יוסף גאון, תפסיר רס""ג: בראשית א:א – ד:א"
1938,990039185460205171,RNL,"שלחן ערוך של האר""י (ציצית)."
1938,990052000990205171,CUL,"משנה תורה. ; Moses b. Maimon, Rambam, Mishneh Torah: Introduction ; משה בן מימון, משנה תורה: הקדמה"
1938,990053584050205171,JTS,"משנה תורה. ; Moses b. Maimon, Rambam, Mishneh Torah: Introduction ; משה בן מימון, משנה תורה: הקדמה"
1938,990053596670205171,JTS,"משנה תורה. ; Moses b. Maimon, Rambam, Mishneh Torah: Introduction ; משה בן מימון, משנה תורה: הקדמה"
1986,990043983740205171,AIU,סדור תפלה (קטעים).
1986,990053045910205171,JTS,תפילה וברכות. ; Liturgy and Brakhot
1986,990053054400205171,JTS,פיוט;תפילה וברכות;תפילות קבע. ; Liturgy and Brakhot ; תפילה וברכות
1986,990053462880205171,Oxford,משנה [טקסט];תפילה וברכות. ; Mishnah: Makkot 3:15; Eduyyot 8:7 ; משנה: מכות ג:טו; עדיות ח:ז
2303,990051173260205171,CUL,"משנה תורה;משנה תורה ופירושיו. ; Mishneh Torah and its Commentaries ; מנין מצות על סדר הרמב""ם, מסוף ספר אהבה (הלכות ציצית) עד סוף ספר זמנים"
2303,990051173820205171,CUL,"משנה תורה;משנה תורה ופירושיו. ; Mishneh Torah and its Commentaries ; משה בן מימון, משנה תורה: זמנים"
2303,990053584060205171,JTS,"משנה תורה. ; Moses b. Maimon, Rambam, Mishneh Torah: Introduction ; משה בן מימון, משנה תורה: הקדמה"
2303,990053606120205171,JTS,"משנה תורה;ספרי מצות (רבניים). ; מנין המצוות, על סדר הי""ד החזקה סוף הלכות שבת-תחילת הלכות חמץ ומצה"
2354,990051182760205171,CUL,"פיוט. ; Joseph al-Bardani, Piyyut, Piyyut ; יוסף אלברדאני, פיוט, פיוט"
2354,990051509700205171,CUL,פיוט. ; Piyyut
2354,990053416440205171,Oxford,"פיוט. ; Piyyut: ""שרשי אמות חמשים"" (Qedushta): ""פתוח הצינוק"" (Reshut): ""אכסוס שפם במספר""תקוותינו רגנו למפח נפש הוטל""אייל דכמן בהניסן""או'א אנא לנו העתר""תשועה תנחל או'א משמי שמי טוהר""או'א טל אורות מערער""אשר אצלתה מרוח""אזכיר ניסי נפלאותיך""[incomplete] ; פיוט: ""שרשי אמות חמשים"" (קדושתא): ""פתוח הצינוק"" (רשות): ""אכסוס שפם במספר""תקוותינו רגנו למפח נפש הוטל""אייל דכמן בהניסן""או'א אנא לנו העתר""תשועה תנחל או'א משמי שמי טוהר""או'א טל אורות מערער""אשר אצלתה מרוח""אזכיר ניסי נפלאותיך""[incomplete]"
2354,990053471860205171,Oxford,"פיוט. ; Piyyut for Pesah): ""אלים ביום מחוסן"" for Pesah): ""אנא לנו העתר"" for Pesah): ""מצה ומרור אוכלים""אביעה זמירות""טל שאלתי באומר"" for Pesah): ""שמורים אופד לגאולה""[incomplete] (Yotzer for Pesah): ""ליל אז מבראשית הכינוהו בהיות הארץ תוהו ובוהו"" for Pesah): ""טעם רינון. ושאג שינון. טלתי בתחנון. אתפני חנון""[from טל. beg. with end of ח] for Pesah): ""אאגרה בני איש המושרר בטל"" for Pesah): ""תחת אילת עופר בורך מושיע בטל"" for Pesah): ""יעוררו יזוררו יחיו ברדת טל"" ; פיוט לפסח): ""אלים ביום מחוסן"" לפסח): ""אנא לנו העתר"" לפסח): ""מצה ומרור אוכלים""אביעה זמירות""טל שאלתי באומר"" לפסח): ""שמורים אופד לגאולה""[incomplete] (יוצר לפסח): ""ליל אז מבראשית הכינוהו בהיות הארץ תוהו ובוהו"" לפסח): ""טעם רינון. ושאג שינון. טלתי בתחנון. אתפני חנון""[from טל. beg. with end of ח] לפסח): ""אאגרה בני איש המושרר בטל"" לפסח): ""תחת אילת עופר בורך מושיע בטל"" לפסח): ""יעוררו יזוררו יחיו ברדת טל"""
2401,990051189300205171,CUL,"פיוט;תוספות של סידור;תפילה וברכות. ; Saadiah b. Joseph al-Fayyumi (Saadiah Gaon), Liturgical additions: Selichot ; סעדיה בן יוסף גאון, תוספות של סידור: סליחות"
2401,990051511420205171,CUL,פיוט. ; Piyyut
2401,990053245600205171,JTS,פיוט. ; Piyyut
2401,990053304560205171,JTS,פיוט. ; סליחות: אנשי אמנה תמהנו מרעות
2414,990051191820205171,CUL,"פיוט. ; Piyyut ; פיוט: ""[אברך את ד""]"" (רי""ה)"
2414,990051502880205171,CUL,פיוט. ; Piyyut
2414,990051506140205171,CUL,פיוט. ; Piyyut
2414,990053226300205171,JTS,פיוט;רשימות;שירת חול. ; Piyyut ; פיוט
2503,990051224160205171,CUL,פיוט;תפילה וברכות. ; Liturgy and Brakhot ; תפילה וברכות
2503,990051466790205171,CUL,פיוט. ; Piyyut
2503,990053109770205171,JTS,פיוט. ; קדושתא שבת שקלים
2503,990053471950205171,Oxford,"פיוט. ; Piyyut: ""(ובכן) אותות שקלים מליצים יושר""אב מראש בן זאת פרשה"" ; פיוט: ""(ובכן) אותות שקלים מליצים יושר""אב מראש בן זאת פרשה"""
2508,990051225270205171,CUL,מסמכים;מעשה בית דין [השיוך לא ברור ולא נבדק כל קטע וקטע.];תעודות אישיות ושטרות. ; Court Records ; מעשה בית דין
2508,990051244020205171,CUL,נספחות לחיבור;תעודות אישיות ושטרות. ; תעודות אישיות ושטרות: פסטאט שנה 1218 מנג'א הבשם בן אבו סעד ואבו'ל-כהייר בן אבו'ר-רידהא אלנקד הלוי אין; תעודות אישיות ושטרות: שטר שותפות
2508,990051244070205171,CUL,נספחות לחיבור;תעודות אישיות ושטרות. ; תעודות אישיות ושטרות: פסטאט שנה 1232 אבו נצר ר' אלעזר אין
2508,990053421630205171,Oxford,"תעודות אישיות ושטרות. ; שטרות: סוג שטר דירה אלשיך אבו אלתנא כ?ג?ק? מר?ור? נתנאל . . . ס?ט? בר כ?ג?ק? מר?ור? ברכות . . . דידיע באבן עמאר אלסכרי נ?ע?, אלשיך אלתקה הבה כ?ג?ק? מר?ור? נתן בר כ?ג?ק? מר?ור? דוד . . . נ?ע? Abraham the Nagid 1541 Sel. = 1230 A.D Fost?t[Beg. and end missing]"
2764,990051359580205171,CUL,פיוט. ; Piyyut
2764,990051454960205171,CUL,פיוט;שירת חול. ; Piyyut ; פיוט
2764,990051578260205171,CUL,פיוט;שירת חול. ; Piyyut ; פיוט
2764,990053442680205171,Oxford,"פיוט. ; Piyyut (Pesah): ""קרובות ושבעתא לפסח"" ; פיוט (פסח): ""קרובות ושבעתא לפסח"""
2872,990051396290205171,CUL,
2872,990051447430205171,CUL,
2872,990051684560205171,CUL,Brakhot: Benedictions over commandments – miscellaneous ; סדרי ברכות: ברכות המצוות - שונות
2872,990053225590205171,JTS,"הלכה;פיוט. ; אשאלה רשיון שוכני מרומים, אזהרות לשבת הגדול"
2896,990051403620205171,CUL,Common Prayers: Shaharit Sacrificial verses ; תפילות קבע: שחרית קורבנות; קודם התפילה
2896,990051407760205171,CUL,
2896,990051443970205171,CUL,
2896,990052341590205171,CUL,
3036,990051469210205171,CUL,פיוט. ; Piyyut
3036,990051503060205171,CUL,פיוט. ; Piyyut
3036,990053445800205171,Oxford,"פיוט. ; Piyyut: ""אין שכחה [לפניו]... אשר גמולות משלם בן פורת"" (Yotzer): ""אסירי תקוה"" (Yotzer): ""קמי מיום נחתם"" (Yotzer): ""איומה עד כמה"" (Yotzer): ""שני הכפן ממגורות""אמונה אומן לברוח"" (Yotzer): ""שקרנים ארבעה"" (Yotzer) ; פיוט: ""אין שכחה [לפניו]... אשר גמולות משלם בן פורת"" (יוצר): ""אסירי תקוה"" (יוצר): ""קמי מיום נחתם"" (יוצר): ""איומה עד כמה"" (יוצר): ""שני הכפן ממגורות""אמונה אומן לברוח"" (יוצר): ""שקרנים ארבעה"" (יוצר)"
3036,990053481610205171,Oxford,"פיוט. ; Piyyut (Yotzer): ""שני חלומות החלמת"" (Yotzer): ""שכנה דומה נפשי""אין שכחה לפני זוכר""אסירי התקוה ענותם"" (Yotzer): ""סור קצי אשר""[together אב ; incomplete] ; פיוט (יוצר): ""שני חלומות החלמת"" (יוצר): ""שכנה דומה נפשי""אין שכחה לפני זוכר""אסירי התקוה ענותם"" (יוצר): ""סור קצי אשר""[together אב ; incomplete]"
3110,990051488660205171,CUL,פיוט. ; Piyyut
3110,990053043500205171,JTS,פיוט;תפילה וברכות. ; Liturgy and Brakhot ; תפילה וברכות
3110,990053413770205171,Oxford,"פיוט. ; Piyyut: ""רֿחום וחנון יה. שֿבע עוונות לא זכר יה. תֿקיף ענני במרחב יה. יה אשרי אשר תיסרנו יה. מן המיצר קראתי יה. עזי וזמרת יה""[based upon Exodus xv]""וביום אורה וגילה""[incomplete]""ארץ יראה באין מתום. איום בהיגלות ליוצאי פידיום""אמנה פילשתה. בחודש אשר שילשתה""אמנה בידו והחזירה ידו""[based upon the ten commandments]""אימת אמיצת אור סיני""כי כל ההרים פסלתה""אז שרר עם""דברי איש נביא""אדדה באנח מר""שמע תוכחת מגולה""אומרי בסיני נישמע""איכה אום עליזה"" (Yom Ha-Kippurim): ""זוהרך עליון בשפך חביון""[beg. with ז] (Yom Ha-Kippurim): ""ארץ בזמר סילסלה""היום תיפן בהר""מיגלומי גוש""האוחז""אזכיר גבורות"" ; פיוט: ""רֿחום וחנון יה. שֿבע עוונות לא זכר יה. תֿקיף ענני במרחב יה. יה אשרי אשר תיסרנו יה. מן המיצר קראתי יה. עזי וזמרת יה""[based upon Exodus xv]""וביום אורה וגילה""[incomplete]""ארץ יראה באין מתום. איום בהיגלות ליוצאי פידיום""אמנה פילשתה. בחודש אשר שילשתה""אמנה בידו והחזירה ידו""[based upon the ten commandments]""אימת אמיצת אור סיני""כי כל ההרים פסלתה""אז שרר עם""דברי איש נביא""אדדה באנח מר""שמע תוכחת מגולה""אומרי בסיני נישמע""איכה אום עליזה"" (יום הכיפורים): ""זוהרך עליון בשפך חביון""[beg. with ז] (יום הכיפורים): ""ארץ בזמר סילסלה""היום תיפן בהר""מיגלומי גוש""האוחז""אזכיר גבורות"""
3110,990053569210205171,JTS,"כתאב ג'אמע אלצלואת ואלתסאביח;פיוט;תוספות של סידור. ; תוספות של סידור: פיוטים שאינן מהתפילה ""...אם עלה השחר"""
3163,990051506890205171,CUL,פיוט. ; Piyyut
3163,990051515600205171,CUL,פיוט. ; Piyyut
3163,990053203200205171,JTS,פיוט. ; פיוטי יום כיפור עם הוראות ערביות-יהודיות הגהות בין השיטין
3163,990053276240205171,JTS,פיוט. ; סליחות
3185,990051510360205171,CUL,פיוט. ; Piyyut
3185,990053189450205171,JTS,פיוט. ; פיוטי נעילה
3185,990053414040205171,Oxford,פיוט;תפילה וברכות. ; Fragment for intercalation in the prayerש'ע' for נעילה
3185,990053464220205171,Oxford,"פיוט. ; פיוט (רשות): ""אפאר שמך אדיר באדירים"" (מעמד): ""את דלתותיך דפקנו חנון""תובעי שכנך בשעריך"" (קדושתא): ""ארשת שפתינו תערב""איום אלהינו שעה בני אלים"" (קדושתא): ""אשעך בעת נעילה"" (יוצר): ""טרם דמדום חמה""אבן מעמסה"" (פזמון): ""היום יפנה"" (רשות)[רשות זעיר] (רשות): ""אעטף תפילה""[רשות אחר]""אוחזי שערך צורי אל תבייש""[סדרא] (סליחות): ""ארבעים יום עמד""אחלך בעילה""סובבת על פתחך""[פז' דר' סהלאן]""סברוך היום זקן ונער""חטאנו""[incomplete]"
3187,990051511450205171,CUL,פיוט. ; Piyyut
3187,990051582990205171,CUL,פיוט;שירת חול. ; Piyyut ; פיוט
3187,990053432200205171,Oxford,"פיוט. ; Piyyut: ""מוסד מכיל עולם ומקום לא יכילנו"" ; פיוט: ""מוסד מכיל עולם ומקום לא יכילנו"""
3187,990053460880205171,Oxford,
3200,990051513680205171,CUL,פיוט. ; Piyyut
3200,990053158400205171,JTS,"עזרי הוראה, נסיונות קולמוס, תרגילי כתיבה, שרבוטים;פיוט. ; אימוני כתיבה בדף 5 ע""ב: ""אברהם הקטן כתב בידו שנת אלפה וארבע מאה א..."""
3200,990053504930205171,BL,פיוט;תפילה וברכות. ; Piyyut ; פיוט
3200,990053510380205171,BL,לא ניתן להכרעה מתוך הקטלוג;פיוט;תפילה וברכות. ; Liturgy and Brakhot ; תפילה וברכות
4109,990053464160205171,Oxford,"פיוט. ; פיוט (רשות): ""אפאר שמך אדיר באדירים"" (מעמד): ""את דלתותיך דפקנו חנון""תובעי שכנך בשעריך"" (קדושתא): ""ארשת שפתינו תערב""איום אלהינו שעה בני אלים"" (קדושתא): ""אשעך בעת נעילה"" (יוצר): ""טרם דמדום חמה""אבן מעמסה"" (פזמון): ""היום יפנה"" (רשות)[רשות זעיר] (רשות): ""אעטף תפילה""[רשות אחר]""אוחזי שערך צורי אל תבייש""[סדרא] (סליחות): ""ארבעים יום עמד""אחלך בעילה""סובבת על פתחך""[פז' דר' סהלאן]""סברוך היום זקן ונער""חטאנו""[incomplete]"
4109,990053467590205171,Oxford,"פיוט. ; Piyyut (Selihot)[beg. with ט] (Selihot): ""אב הרחמים... בעבור בחירתך הירא ממך"" (Selihot): ""אחננה לך רחום כי בך איושע"" (Selihot): ""אבדו אנשי אמנה"" (Selihot): ""אמסוך לפניך שיר תחינה"" (Selihot): ""אם עונינו ענו בנו ומרייה"" (Selihot): ""אם כאש נתכה עברה"" (Selihot): ""אין לנו אורים ותומים"" (Selihot): ""אלהים אתה צורינו"" (Selihot): ""ארבעים עמד עניו"" ; פיוט (סליחות)[beg. with ט] (סליחות): ""אב הרחמים... בעבור בחירתך הירא ממך"" (סליחות): ""אחננה לך רחום כי בך איושע"" (סליחות): ""אבדו אנשי אמנה"" (סליחות): ""אמסוך לפניך שיר תחינה"" (סליחות): ""אם עונינו ענו בנו ומרייה"" (סליחות): ""אם כאש נתכה עברה"" (סליחות): ""אין לנו אורים ותומים"" (סליחות): ""אלהים אתה צורינו"" (סליחות): ""ארבעים עמד עניו"""
4109,990053481930205171,Oxford,"פיוט. ; Piyyut: ""המוני נם מה נורא המקום הזה""כבודו אמוניו הללו""[followed by rubric]""זה אומר איימתה""[with מגן, מחיה, and אל נא]""אז לפנות ערב""זה אות אמנת לשועה""כבודו יפקוד פקודיו""[followed by rubric] (Reshut): ""אפיק שירים למגיד""אוחילה לאל אחלה""ארבעים יום עמד עניו""אתחנן בבכי וקול ארעים""אתנו עדיך לערוך שועה""בעת נעילת שער""אגורה ובך בטוחה"" ; פיוט: ""המוני נם מה נורא המקום הזה""כבודו אמוניו הללו""[followed by rubric]""זה אומר איימתה""[with מגן, מחיה, and אל נא]""אז לפנות ערב""זה אות אמנת לשועה""כבודו יפקוד פקודיו""[followed by rubric] (רשות): ""אפיק שירים למגיד""אוחילה לאל אחלה""ארבעים יום עמד עניו""אתחנן בבכי וקול ארעים""אתנו עדיך לערוך שועה""בעת נעילת שער""אגורה ובך בטוחה"""
4109,990053631190205171,Oxford,"כתאב ג'אמע אלצלואת ואלתסאביח;פיוט;תפילה וברכות;תפילות קבע. ; רס""ג, סידור. הקריאות בתורה ובהפטרה בימים מיוחדים ובמועדים, פיוטים וסליחות ותפילות שונות."
4270,990053619250205171,Oxford,"הלכות הרי""ף. ; Isaac Al-Fasi, Hilkhot ha-Rif: Mo'ed Qatan 14 a – 16 a; Halachot Ketanot 2 b – 4 b ; יצחק אלפסי, הלכות הרי""ף: מועד קטן יד ע""א – טז ע""א; הלכות קטנות ב ע""ב – ד ע""ב"
4270,990053626970205171,Oxford,"הלכות הרי""ף. ; Isaac Al-Fasi, Hilkhot ha-Rif: Mo'ed Qatan 13 b – 17 b ; יצחק אלפסי, הלכות הרי""ף: מועד קטן יג ע""ב – יז ע""ב"
4270,990053634180205171,Oxford,"הלכות הרי""ף;פירושי תלמוד בבלי. ; Isaac Al-Fasi, Hilkhot ha-Rif: Mo'ed Qatan 14 b; 15 b ; יצחק אלפסי, הלכות הרי""ף: מועד קטן יד ע""ב; טו ע""ב"
4270,990053636830205171,Oxford,"הלכות הרי""ף. ; Isaac Al-Fasi, Commentary on Hilkhot ha-Rif: Mo'ed Qatan 13 a ; יצחק אלפסי, פרוש ל הלכות הרי""ף: מועד קטן יג ע""א"
0,990000412990205171,Allony,"הורית הקורא : ; חיבור בדקדוק השפה העברית, בערבית."
0,990051282590205171,CUL,"חכמת הלשון;מכ'תצר הדאיה אלקאר. ; Mukhtasar hidayat al-qari, on Hebrew accentuation"
0,990053607830205171,JTS,דקדוק;חכמת הלשון;מכ'תצר הדאיה אלקאר. ; Grammar ; דקדוק
3,990000539040205171,Wellcome,קרובה לחג שבועות.
3,990052073310205171,CUL,פיוט.
3,990053434700205171,Oxford,"פיוט. ; Piyyut: ""ארזים שיברתה קולך כהגעיר""תולדות צמחי רבבה""אומן מיניקי מעדניי""מיום זה עד יום כיפור פשעים""אדיר ברבבות הדרך""זכים כהוקראו בעיניהם""מתנה כהנחיל איום""[שלושת הפיוטים האחרונים יחד: אב]""וירד איש אשר הוקרן עור""את כל פועל קדם באמת העמידם""[שני הפיוטים האחרונים יחד אב]""וירד איש בנביאים מיוחד""אנכי גאלתיך והוצאתיך לפדיום""[on the ten commadments]""אז צור אמונים באמונתו""אנכי אזנתי לך""אדני אדמה היו מתפרקים""וירד האדון משמי ערבות באלפי אלפים""אתם אמוניי צבאותיי חיילי""אז מאז עד לא ארקים""אז טרם כל פועל""וירד אומן מחולת מחנים""[incomplete] ; פיוט: ""ארזים שיברתה קולך כהגעיר""תולדות צמחי רבבה""אומן מיניקי מעדניי""מיום זה עד יום כיפור פשעים""אדיר ברבבות הדרך""זכים כהוקראו בעיניהם""מתנה כהנחיל איום""[שלושת הפיוטים האחרונים יחד: אב]""וירד איש אשר הוקרן עור""את כל פועל קדם באמת העמידם""[שני הפיוטים האחרונים יחד אב]""וירד איש בנביאים מיוחד""אנכי גאלתיך והוצאתיך לפדיום""[on the ten commadments]""אז צור אמונים באמונתו""אנכי אזנתי לך""אדני אדמה היו מתפרקים""וירד האדון משמי ערבות באלפי אלפים""אתם אמוניי צבאותיי חיילי""אז מאז עד לא ארקים""אז טרם כל פועל""וירד אומן מחולת מחנים""[incomplete]"
7,990000571730205171,RNL,"נביאים (קטעים) : ; עם ניקוד וטעמים, מסורה קטנה וגדולה."
7,990001566020205171,RNL,נביאים אחרונים.
7,990051666240205171,CUL,מקרא;מקרא [טקסט]. ; Bible: Jeremiah 50:13 – 35 ; מקרא: ירמיהו נ:יג – לה
14,990000622630205171,RNL,מעלות המדות.
14,990000850660205171,RNL,דרשות לשבתות ומועדים.
14,990001935130205171,Katz,מעלות המדות (קטע).
15,990000622650205171,RNL,ספר מישרים.
15,990051175160205171,CUL,"הלכה;מישרים. ; Halakhic ; ירוחם בן משולם, מישרים: כו"
15,990053621270205171,Oxford,"מישרים. ; ירוחם בן משולם, מישרים"
18,990000622720205171,RNL,מטה אלהים.
18,990001429170205171,RNL,קובץ.
18,990053652700205171,BL,היסטוריוגרפיה ותאורים גיאוגרפיים;שירת חול. ; קטעי כרוניקה קראית בעברית (לא עתיק במיוחד).
20,990000628290205171,RNL,"תורה (קטעים) : ; עם ניקוד וטעמים, מסורה קטנה וגדולה."
20,990051755870205171,CUL,מקרא [טקסט]. ; Bible: Deuteronomy 29:17 – 19; 30:14 – 17 ; מקרא: דברים כט:יז – יט; ל:יד – יז
20,990051814020205171,CUL,מקרא [טקסט]. ; Bible: Genesis 19:29 – 31; 35; 20:10 – 11; 13 – 17 ; מקרא: בראשית יט:כט – לא; לה; כ:י – יא; יג – יז
51,990000850300205171,RNL,ספר הענק למשה ן' עזרא.
51,990001429230205171,RNL,ספר הענק למשה ן' עזרא.
51,990001594530205171,RNL,ספר הענק למשה ן' עזרא.
60,990000850810205171,RNL,פרקי רבי אליעזר.
60,990000852200205171,RNL,פרקי רבי אליעזר (קטעים).
60,990001435310205171,RNL,פרוש התורה (בראשית).
64,990000851260205171,RNL,משנה תורה (ספר טהרה).
64,990053635460205171,Oxford,"משנה תורה. ; Moses b. Maimon, Rambam, Mishneh Torah: Tum'at Tzara'at 1:1 – 3[fol. 19v, to word:בסוף השביעי]; 1:10 – 6:7[To word:וראהו שהוא צריך]; Parah Adumah 12:7[From word:גפן ביניהן] ; משה בן מימון, משנה תורה: טומאת צרעת א:א – ג[fol. 19v, to word:בסוף השביעי]; א:י – ו:ז[To word:וראהו שהוא צריך]; פרה אדומה יב:ז[From word:גפן ביניהן]"
64,990053635530205171,Oxford,"משנה תורה. ; Moses b. Maimon, Rambam, Mishneh Torah: Tum'at Tzara'at 1:1 – 3[fol. 19v, to word:בסוף השביעי]; 1:10 – 6:7[To word:וראהו שהוא צריך]; Parah Adumah 12:7[From word:גפן ביניהן] ; משה בן מימון, משנה תורה: טומאת צרעת א:א – ג[fol. 19v, to word:בסוף השביעי]; א:י – ו:ז[To word:וראהו שהוא צריך]; פרה אדומה יב:ז[From word:גפן ביניהן]"
68,990000851380205171,RNL,משנה תורה (קטעים).
68,990000887670205171,RNL,"משנה תורה (ספר נשים, קטעים)."
68,990001505950205171,AIU,"משנה תורה (ספר נשים, אישות כג; כה) ."
78,990000852000205171,RNL,קובץ.
78,990002016240205171,Mosseri,אברך את ה' אשר יעצני (קטע).
78,990053151430205171,JTS,פיוט;תפילה וברכות. ; Liturgy and Brakhot ; תפילה וברכות
107,990000853710205171,RNL,"פרוש התורה לרש""י (שמות, במדבר-דברים)."
107,990000898840205171,RNL,משנה תורה (ספר עבודה).
107,990001436710205171,RNL,"משנה תורה (ספר הפלאה, זרעים, קרבנות, עבודה, נזיקין, קנין) (קטעים)."
159,990000862100205171,RNL,דלאלה אלחאירין (קטע).
159,990051095860205171,CUL,"דלאלה אלחאירין; מורה נבוכים [תרגום שמואל אבן תיבון]; ספרות הגות (פילוסופיה, תיאולוגיה, מוסר). ; Moses b. Maimon, Rambam, Guide for the Perplexed (Hebrew): 1:56 ; משה בן מימון, מורה נבוכים [תרגום שמואל אבן תיבון]: א:נו"
159,990051317360205171,CUL,"דרשות;מדרש;מסורה;פיוט;פילוסופיה;פירוש המשנה לרמב""ם [ערבית];פרשנות מקרא;רשימות;שימוש תהילים. ; 3. Philosophical-ethical work"
161,990000862150205171,RNL,תדכרת אלכחאלין.
161,990001532000205171,RNL,תזקרה אלכחלין : ; על רפואת עינים.
161,990001540160205171,RNL,חבור ברפואה על מחלות עינים.
212,990000873090205171,RNL,ספר המצוות ליפת בן עלי (קטעים).
212,990001530210205171,RNL,תרגום ופרוש התורה ליפת בן עלי (ויקרא יב:א-יב:ח).
212,990001565360205171,RNL,"פרוש התורה (ויקרא, במדבר, קטעים)."
239,990000895690205171,RNL,משנה תורה (ספר שופטים).
239,990053590990205171,JTS,"משנה תורה. ; משנה תורה, מלכים הקדמה - א:ז, ה:י - ו:ה"
239,990053621650205171,Oxford,"משנה תורה. ; Moses b. Maimon, Rambam, Mishneh Torah: Sanhedrin 24:3 – 10 ; משה בן מימון, משנה תורה: סנהדרין כד:ג – י"
245,990000898050205171,RNL,"הלכות הרי""ף (מועד קטן יג ע""א-יד ע""א)."
245,990053636710205171,Oxford,"הלכות הרי""ף. ; Isaac Al-Fasi, Commentary on Hilkhot ha-Rif: Mo'ed Qatan 13 a ; יצחק אלפסי, פרוש ל הלכות הרי""ף: מועד קטן יג ע""א"
245,990053636720205171,Oxford,"הלכות הרי""ף. ; Isaac Al-Fasi, Commentary on Hilkhot ha-Rif: Mo'ed Qatan 13 a ; יצחק אלפסי, פרוש ל הלכות הרי""ף: מועד קטן יג ע""א"
262,990000905470205171,RNL,"משנה סדר נשים (יבמות וכתובות, קטעים)."
262,990001662350205171,RNL,ספרא (ויקרא פרשה א-ב).
262,990053576600205171,JTS,"משנה תורה;ספרא. ; ספרא: דף 1 ע""א (עמ' עא, גיליון תחתון – עב/6 ; מהד' פינק', עמ' 66/127 – 20/128), דף 1 ע""ב (עמ' עב/6 – עג/4 ; מהד' פינק', עמ' 20/128 – 41/129)"
288,990000907700205171,RNL,"תלמוד בבלי סדר נשים (יבמות, קטעים)."
288,990051167340205171,CUL,"תלמוד בבלי [טקסט]. ; Talmud Bavli: Yevamot 65 a – 67 b; 69 a – b ; תלמוד בבלי: יבמות סה ע""א – סז ע""ב; סט ע""א – ע""ב"
288,990051364490205171,CUL,תלמוד בבלי [טקסט]. ; Talmud Bavli: Yevamot ; תלמוד בבלי: יבמות
297,990000911320205171,RNL,דלאלה אלחאירין (קטעים).
297,990052197480205171,CUL,"דלאלה אלחאירין. ; משה בן מימון, מורה נבוכים"
297,990052234030205171,CUL,"דלאלה אלחאירין. ; Moses b. Maimon, Rambam, Guide for the Perplexed (Arabic): 1:68 – 69 ; משה בן מימון, דלאלה אלחאירין: א:סח – סט"
298,990000911370205171,RNL,דלאלה אלחאירין (קטע).
298,990053177440205171,JTS,
298,990053661580205171,BL,"דלאלה אלחאירין. ; משה בן מימון, דלאלה אלחאירין, החלק השלישי, פר' א-ב, ח, יג, טו-טז, מ-מא, נג-נד (מקביל למהד' מונק-יואל ע' 298 שו' 24 – ע' 300 שו' 22; ע' 312 שו' 4 – ע' 313 שו' 25; ע' 324 שו' 7 – ע' 325 שו' 24; ע' 332 שו' 8 – ע' 333 שו' 23; ע' 408 שו' 23 – ע' 410 שו' 8; ע' 465 שו' 22 – ע' 467 שו' 13)"
329,990000952360205171,RNL,"תורה : ; עם ניקוד וטעמים, מסורה קטנה וגדולה."
329,990001572000205171,RNL,"תורה (דברים, קטעים)."
329,990051115540205171,CUL,מקרא [טקסט]. ; Bible: Deuteronomy 12:25 – 14:10; 24:8 – 26:6; 29:8 – 30:12; 32:24 – 33:4 ; מקרא: דברים יב:כה – יד:י; כד:ח – כו:ו; כט:ח – ל:יב; לב:כד – לג:ד
342,990000991170205171,RNL,תורה.
342,990001020970205171,JTS,"תנ""ך (קטעים)."
342,990001829950205171,InstFrance,תאג' (דברים כז:א-כז:יד).
366,990001018860205171,JTS,קובץ קטעי מקרא.
366,990001568660205171,RNL,"תנ""ך (קטעים)."
366,990053438910205171,Oxford,
371,990001020950205171,JTS,"תנ""ך (קטעים)."
371,990001571820205171,RNL,תורה (דברים ט:ד-לד:ד).
371,990038876650205171,Geneva,תורה (דברים כב:כד-כח:יג).
383,990001036270205171,RNL,שרוט אלדבאחה.
383,990001226940205171,RNL,שרוט אלדבאחה.
383,990001959280205171,RNL,שרוט אלדבאחה.
400,990001123850205171,JTS,מדרש דוד (בראשית) בערבית.
400,990051112940205171,CUL,"דרשות; מדרש דוד הנגיד. ; David b. Abraham b. Maimon, Derashot: Genesis Noah; Vayetse; Numbers Qorah; Deuteronomy ‘Eqev ; דוד בן אברהם הנגיד, דרשות: בראשית נח; ויצא; במדבר קרח; דברים עקב"
400,990053007820205171,JTS,
419,990001232880205171,BL,קטעי מקרא ותרגום.
419,990053640830205171,BL,פירוש להפטרות;פרשנות מקרא. ; Biblical Exegesis: Leviticus Emor; Ezechiel 44:15 – 31; Jeremiah 16:19 – 17:14; Ezechiel 34:1 – 6 ; פרשנות מקרא: ויקרא אמור; יחזקאל מד:טו – לא; ירמיהו טז:יט – יז:יד; יחזקאל לד:א – ו
419,990053640920205171,BL,פירוש להפטרות;פרשנות מקרא. ; Biblical Exegesis: Leviticus Emor; Ezechiel 44:15 – 31; Jeremiah 16:19 – 17:14; Ezechiel 34:1 – 6 ; פרשנות מקרא: ויקרא אמור; יחזקאל מד:טו – לא; ירמיהו טז:יט – יז:יד; יחזקאל לד:א – ו
427,990001233480205171,BL,קטעי תפלה בערבית.
427,990053517790205171,BL,תפילה וברכות. ; שבח לאל?
427,990053517870205171,BL,תפילה וברכות. ; תרגום תפילת העמידה לערבית.
430,990001233640205171,BL,פיוטים.
430,990051232840205171,CUL,"פיוט. ; פיוט (רהט/שבח): ""אומן בעלותו לשמי גבהים"" (יוסף אבן אביתור)"
430,990053050370205171,JTS,פיוט;תפילה וברכות. ; Liturgy and Brakhot ; תפילה וברכות
443,990001262810205171,HAS,מחזור מנהג ארצות המזרח ליום כפור (קטע).
443,990051574980205171,CUL,פיוט;שירת חול. ; Piyyut ; פיוט
443,990052109740205171,CUL,פיוט.
453,990001341450205171,Sassoon,"תרגום ערבי לתורה (דברים א, קטע)."
453,990051267640205171,CUL,פרשנות מקרא. ; Biblical Exegesis: Deuteronomy 1:3 – 4 ; פרשנות מקרא: דברים א:ג – ד
453,990053585740205171,JTS,"פיוט;פירוש לתורה;פרשנות מקרא. ; שמואל בן חפני גאון, פירוש לתורה: דברים דברים א:א"
471,990001398660205171,CUL,תפלות (קטעים).
471,990051318300205171,CUL,הלכה;כתאב ג'אמע אלצלואת ואלתסאביח;ספרות הלכתית ופרשנות תלמודית;תפילה וברכות;תפילות קבע. ; Saadiahs Siddur
471,990053061690205171,JTS,"תפילה וברכות. ; שחרית, מנחה חול עם הוראות בערבית-יהודית"
476,990001399110205171,CUL,תפלות לראש השנה.
476,990051459920205171,CUL,פיוט. ; Piyyut
476,990053434310205171,Oxford,"פיוט. ; Piyyut (Rosh ha-Shanah): ""אדרת ממלכה"" (Rosh ha-Shanah): ""אם אשר בקץ"" (Rosh ha-Shanah): ""אאפיד"" (Rosh ha-Shanah): ""לאל עורך דין"" (Rosh ha-Shanah): ""אל דר מרום"" (Rosh ha-Shanah): ""מלך במשפט""הארץ ודריה""אז מאז""סבובי סערה""[אב, יחד עם הקודם] ; פיוט (ראש השנה): ""אדרת ממלכה"" (ראש השנה): ""אם אשר בקץ"" (ראש השנה): ""אאפיד"" (ראש השנה): ""לאל עורך דין"" (ראש השנה): ""אל דר מרום"" (ראש השנה): ""מלך במשפט""הארץ ודריה""אז מאז""סבובי סערה""[אב, יחד עם הקודם]"
504,990001429000205171,RNL,תפלות מנהג קראים.
504,990051232900205171,CUL,פיוט.
504,990051242360205171,CUL,פיוט. ; פיוט העוסק במים ויין.
530,990001432660205171,RNL,סליחות (קטע).
530,990053429980205171,Oxford,"פיוט. ; Piyyut: ""אין לי דורש למי אחו ואזכור קטב""אליכם אשים אמימה קולי""[incomplete]""רובו דברך אשר למאוד אחמדנו""[end of a piece]""אנה חי עולם ממני אל תתעלם""אחזתי בסאתי אשר הייתי מדד""[incomplete] ; פיוט: ""אין לי דורש למי אחו ואזכור קטב""אליכם אשים אמימה קולי""[incomplete]""רובו דברך אשר למאוד אחמדנו""[end of a piece]""אנה חי עולם ממני אל תתעלם""אחזתי בסאתי אשר הייתי מדד""[incomplete]"
530,990053471530205171,Oxford,"פיוט. ; Piyyut (Selihot for Yom Ha-Kippurim): ""מוצא מים נאמן בלי אכזב. ידמה עמך ולעד לא נעזב""[beg. with מ]""לא תאחר להשיב שאילת קוראיך""תעינו כשה אובד בכל קצות""אילת השחר בצמא צומתה""אחזתי בסאתי""[see no. 2737, f.5; injured]""אוי לנפשי כי הרביתי תלונות""אנחנו קבענו שמים מלהוריד""אנה אלך והדרך עקש""אם אמנם עונותינו הגדולים""אסירי התקוה עצורי השבר""[incomplete] ; פיוט (סליחות ליום הכיפורים): ""מוצא מים נאמן בלי אכזב. ידמה עמך ולעד לא נעזב""[beg. with מ]""לא תאחר להשיב שאילת קוראיך""תעינו כשה אובד בכל קצות""אילת השחר בצמא צומתה""אחזתי בסאתי""[see no. 2737, f.5; injured]""אוי לנפשי כי הרביתי תלונות""אנחנו קבענו שמים מלהוריד""אנה אלך והדרך עקש""אם אמנם עונותינו הגדולים""אסירי התקוה עצורי השבר""[incomplete]"
537,990001433460205171,RNL,פיוטים.
537,990001669650205171,RNL,פיוטים.
537,990053468530205171,Oxford,"פיוט. ; Piyyut (Simhat Torah) (Simhat Torah): ""אשריך הר העברים"" (Simhat Torah): ""קום ועלה משה לשם"" (Simhat Torah): ""על משה אצעק ואהים"" (Simhat Torah): ""אגירה ידידי נחלה"" (Simhat Torah): ""צעקה יוכבד מכאב מר"" (Simhat Torah): ""צבאות שחקים וחילם"" (Simhat Torah): ""אשר בגלל"" (Simhat Torah): ""שמחו אהובים"" (Simhat Torah): ""עדות יי נחלתי""אלדהר ינטק"" (Simhat Torah): ""בסם... סבחאן אלדי שהרת""[followed by other Arabic pieces incomplete and injured, as well as Hebrew hymns mutilated and much obliterated] (Simhat Torah): ""צורי לעם לך ימצא""יוצר הכל הזן את הכל""אותה... מטר להעביב""אפיק מען מעוטר""אז מאז היה""אוחילה""[much injured] ; פיוט (שמחת תורה) (שמחת תורה): ""אשריך הר העברים"" (שמחת תורה): ""קום ועלה משה לשם"" (שמחת תורה): ""על משה אצעק ואהים"" (שמחת תורה): ""אגירה ידידי נחלה"" (שמחת תורה): ""צעקה יוכבד מכאב מר"" (שמחת תורה): ""צבאות שחקים וחילם"" (שמחת תורה): ""אשר בגלל"" (שמחת תורה): ""שמחו אהובים"" (שמחת תורה): ""עדות יי נחלתי""אלדהר ינטק"" (שמחת תורה): ""בסם... סבחאן אלדי שהרת""[followed by other Arabic pieces incomplete and injured, as well as Hebrew hymns mutilated and much obliterated] (שמחת תורה): ""צורי לעם לך ימצא""יוצר הכל הזן את הכל""אותה... מטר להעביב""אפיק מען מעוטר""אז מאז היה""אוחילה""[much injured]"
552,990001435140205171,RNL,קינות לתשעה באב.
552,990053143830205171,JTS,פיוט;תפילה וברכות. ; Liturgy and Brakhot ; תפילה וברכות
552,990053866090205171,Mosseri,"פיוט. ; PiyyuTim: (a) end of a me'ora by Abraham (?); (b) קראו מלאכי שמים, a ge'ula by Judah ha-Levi; (c) אהליבה עם בנותיה, an ahava by Abraham ibn Ezra; (d) end of a seliha; (e) אנה אלך והדרך עקש, a seliha by David b. ha-Nasi."
579,990001437410205171,RNL,דרשות לשבת.
579,990001575580205171,RNL,תורה (קטעים).
579,990001577160205171,RNL,תורה (קטעים).
603,990001439200205171,RNL,"הלכות הרי""ף (פסחים ב-ה)."
603,990051083080205171,CUL,"הלכות הרי""ף. ; Isaac Al-Fasi, Hilkhot ha-Rif: Pesahim 2 b – 6 b ; יצחק אלפסי, הלכות הרי""ף: פסחים ב ע""ב – ו ע""ב"
603,990053644460205171,BL,"הלכות הרי""ף;ספרות הלכתית ופרשנות תלמודית. ; Isaac Al-Fasi, Hilkhot ha-Rif: Pesahim 4 b – 7 a ; יצחק אלפסי, הלכות הרי""ף: פסחים ד ע""ב – ז ע""א"
663,990001445630205171,RNL,פיוטים (קטעים).
663,990051195930205171,CUL,"פיוט. ; Piyyut ; פיוט (סליחות): ""אהה ידועת מכאובות"" (""לר"" אברהם בן עזרא ז""ל"")"
663,990051511300205171,CUL,פיוט. ; Piyyut
786,990001504550205171,AIU,קבץ קטעי גניזה.
786,990051132660205171,CUL,מקרא [טקסט]. ; Bible: Leviticus 2:11 – 3:1 ; מקרא: ויקרא ב:יא – ג:א
786,990051856110205171,CUL,מקרא [טקסט]. ; Leviticus 2:14-3:2
794,990001508210205171,AIU,קבץ קטעי גניזה.
794,990051210970205171,CUL,"זהר (ספר שמות, פרשת משפטים קי). ; זוהר: שמות משפטים"
794,990053486790205171,Oxford,
874,990001529630205171,RNL,"פרוש התורה (דברים, קטע)."
874,990001549460205171,RNL,"פרוש התורה (ויקרא, קטעים)."
874,990001549500205171,RNL,פרוש התורה (שמות).
881,990001530980205171,RNL,פרוש התורה (במדבר).
881,990001539420205171,RNL,ספר המצוות (קטע) : ; על מנהגים.
881,990001539430205171,RNL,ספר המצוות.
900,990001532770205171,RNL,פרוש כתובים ליפת בן עלי (דניאל).
900,990001557370205171,RNL,"תרגום ופרוש ערבי לכתובים (דניאל, קטע)."
900,990051077150205171,CUL,"מקרא [טקסט]; תפסיר רס""ג. ; Saadiah b. Joseph al-Fayyumi (Saadiah Gaon), Tafsir Saadya Gaon: Daniel 2 ; סעדיה בן יוסף גאון, תפסיר רס""ג: דניאל ב"
932,990001535320205171,RNL,פרוש נביאים (הפטרות).
932,990001560750205171,RNL,"פרוש נביאים לתנחום ירושלמי (ישעיה, קטע)."
932,990001829770205171,InstFrance,פרוש נביאים (חבקוק).
941,990001535770205171,RNL,פרוש התורה ליוסף בן נוח : ; על דרך הדקדוק.
941,990001535790205171,RNL,פרוש כתובים ליוסף בן נוח : ; פרוש על דרך הדקדוק.
941,990001546770205171,RNL,"פרוש כתובים ליוסף בן נוח (איוב, משלי, קטעים)."
975,990001539220205171,RNL,תרגום ופרוש ערבי לתורה לישועה בן יהודה.
975,990001550710205171,RNL,"תרגום ופרוש ערבי לתורה לישועה בן יהודה (ויקרא ובמדבר, קטעים)."
975,990001594410205171,RNL,"פרוש התורה (במדבר, קטע)."
1014,990001542350205171,RNL,חבורים בדקדוק (קטעים).
1014,990001544370205171,RNL,חבור בדקדוק עברי (קטע).
1014,990001562840205171,RNL,כתאב אלתסויה.
1046,990001545870205171,RNL,על הנגינות (קטע).
1046,990001597760205171,RNL,חבור בדקדוק עברי (קטע).
1046,990001597930205171,RNL,חבור בדקדוק עברי (קטע).
1052,990001546670205171,RNL,חבור בדקדוק עברי.
1052,990001596120205171,RNL,חבור בדקדוק עברי.
1052,990001597960205171,RNL,חבור בדקדוק עברי (קטע).
1061,990001547780205171,RNL,חבור בדקדוק עברי (קטע).
1061,990001562680205171,RNL,כתאב אלנכת.
1061,990001595740205171,RNL,כתאב אלתנקיט.
1064,990001548440205171,RNL,יוסיפון בערבית.
1064,990001603410205171,RNL,יוסיפון בערבית.
1064,990051256930205171,CUL,היסטוריוגרפיה ותאורים גיאוגרפיים;סיפורת וספרות יפה. ; The Arabic Book of Joseph ben Gurion
1065,990001548450205171,RNL,יוסיפון בערבית.
1065,990001548460205171,RNL,יוסיפון בערבית.
1065,990051233010205171,CUL,היסטוריוגרפיה ותאורים גיאוגרפיים. ; Josippon ; יוסיפון
1097,990001550380205171,RNL,"פרוש התורה לשמואל בן חפני גאון (בראשית, פרשת מקץ-ויחי)."
1097,990053407890205171,Oxford,
1097,990053866620205171,Mosseri,"מקרא ותרגומים;תפסיר רס""ג. ; Sa'adya's translation of Genesis 45:4-44:21."
1108,990001551040205171,RNL,כתאב אלביאן תאליף (נביאים ראשונים).
1108,990001551110205171,RNL,כתאב אלביאן תאליף (נביאים).
1108,990001562410205171,RNL,כתאב אלביאן תאליף (יהושע ושופטים).
1155,990001554630205171,RNL,הפטרות (קטע).
1155,990001579520205171,RNL,"נביאים (מלכים, קטעים)."
1155,990001586020205171,RNL,הפטרות (קטע).
1161,990001555410205171,RNL,תרגום ופרוש ערבי לכתובים (משלי).
1161,990051312950205171,CUL,"כתאב טלב אלחכמה;פרשנות מקרא;תפסיר רס""ג. ; סעדיה בן יוסף גאון, כתאב טלב אלחכמה: משלי כז:יא – כח:כג; ל:א – לג"
1161,990053624780205171,Oxford,"פרשנות מקרא. ; Saadiah b. Joseph al-Fayyumi (Saadiah Gaon), Biblical Exegesis: Proverbs 27:6 – 10; 27:25 – 28:6 ; סעדיה בן יוסף גאון, פרשנות מקרא: משלי כז:ו – י; כז:כה – כח:ו"
1198,990001557790205171,RNL,"תרגום ופרוש ערבי לכתובים (דברי הימים, קטעים)."
1198,990001559860205171,RNL,"תרגום ופרוש ערבי לכתובים (דברי הימים, קטעים)."
1198,990001560560205171,RNL,"תרגום ופרוש ערבי לכתובים (דברי הימים, קטע)."
1266,990001561850205171,RNL,כתאב ג'אמע אלאלפאט.
1266,990001598920205171,RNL,מלון.
1266,990001599230205171,RNL,מלון.
1280,990001563250205171,RNL,"תרגום ופרוש ערבי לתורה (בראשית, קטע)."
1280,990051102800205171,CUL,"מקרא ותרגומים; פרשנות מקרא; תפסיר רס""ג. ; Saadiah b. Joseph al-Fayyumi (Saadiah Gaon), Tafsir Saadya Gaon: Genesis 4:18 – 5:24 ; סעדיה בן יוסף גאון, תפסיר רס""ג: בראשית ד:יח – ה:כד"
1280,990051268850205171,CUL,"תפסיר רס""ג. ; Saadiah b. Joseph al-Fayyumi (Saadiah Gaon), Tafsir Saadya Gaon: Genesis 4:16 – 6:6; 9:21 – 11:13 ; סעדיה בן יוסף גאון, תפסיר רס""ג: בראשית ד:טז – ו:ו; ט:כא – יא:יג"
1297,990001564300205171,RNL,"תרגום ערבי לתורה (בראשית, קטע)."
1297,990001587070205171,RNL,"תרגום ערבי לתורה (בראשית, קטע)."
1297,990053646880205171,BL,מקרא ותרגומים;תפסיר ערבי. ; Arabic Tafsir: Genesis 8:21 – 12:11 ; תפסיר ערבי: בראשית ח:כא – יב:יא
1324,990001566040205171,RNL,"כתובים : ; עם ניקוד וטעמים, מסורה קטנה וגדולה."
1324,990001584010205171,RNL,"תורה (שמות, קטע)."
1324,990051391640205171,CUL,
1327,990001566110205171,RNL,נביאים.
1327,990001568100205171,RNL,נביאים.
1327,990001582490205171,RNL,נביאים ראשונים (קטעים).
1386,990001570190205171,RNL,"תורה (בראשית, קטעים)."
1386,990001590070205171,RNL,"תורה (בראשית, קטע)."
1386,990051637870205171,CUL,
1403,990001574110205171,RNL,"כתובים (מגלות, קטעים)."
1403,990051905380205171,CUL,מקרא [טקסט]. ; Esther 2:9-13; 3:9-13; Daniel 2:1-3; 2:28-29
1403,990052327340205171,CUL,
1437,990001578160205171,RNL,נביאים.
1437,990001582530205171,RNL,"נביאים (ירמיה-יחזקאל, קטעים)."
1437,990051141200205171,CUL,מקרא [טקסט]. ; Bible: I Kings 8:23 – 52; Jeremiah 6:11 – 7:18; 16:3 – 17:13; Ezechiel 40:18 – 41:3 ; מקרא: מלכים א ח:כג – נב; ירמיהו ו:יא – ז:יח; טז:ג – יז:יג; יחזקאל מ:יח – מא:ג
1481,990001584940205171,RNL,חלופי הקריאה בין בן אשר ובן נפתלי (קטע) : ; כתאב אלכלף.
1481,990001584960205171,RNL,חלופי הקריאה בין בן אשר ובן נפתלי (קטע) : ; כתאב אלכלף.
1481,990051157810205171,CUL,"מסורה. ; מישאל בן עוזיאל, מסורה על סדר הכתוב"
1484,990001585240205171,RNL,"תורה (ויקרא, כג:יט-כג:כח)."
1484,990001590650205171,RNL,תורה (שמות-ויקרא).
1484,990053861090205171,AIU,קריאות התורה לפסח : ; עם תרגום אונקלוס אחר כל פסוק.
1622,990001609560205171,RNL,קצה בהלול.
1622,990001609770205171,RNL,שירים : ; בערבית ובעברית.
1622,990001611480205171,RNL,קצה בהלול.
1640,990001613770205171,RNL,ספור על משה רבנו.
1640,990051316060205171,CUL,דרשות;היסטוריוגרפיה ותאורים גיאוגרפיים;סיפורת וספרות יפה. ; Derashot ; The story of Moses (Qissat Mu sa)
1640,990053842220205171,AIU,פרשנות מקרא;. ; Biblical Exegesis: Exodus 3 ; פרשנות מקרא: שמות ג
1727,990001661680205171,RNL,פיוטים ליום כפור.
1727,990051418550205171,CUL,מקרא ותרגומים;פיוט;פרשנות מקרא;שירת חול. ; Biblical Exegesis ; פיוט
1727,990053500600205171,BL,פיוט;תפילה וברכות. ; Liturgy and Brakhot ; תפילה וברכות
1731,990001661950205171,RNL,כתאב אלחאוי (י).
1731,990051108180205171,CUL,"הלכה; כתאב אלחאוי [דוד בן סעדיה]; ספרות הלכתית ופרשנות תלמודית; ספרות חז""ל. ; Halakhic Literature and Talmudic Commentaries ; דוד בן סעדיה אלגר, כתאב אלחאוי [דוד בן סעדיה]: ד:י – יא"
1731,990053585200205171,JTS,"הלכה;כתאב אלחאוי [דוד בן סעדיה]. ; דוד בן סעדיה אלגר, כתאב אלחאוי [דוד בן סעדיה]: ד:טו; יח"
1779,990001696860205171,Vienna,שפעת רביבים יוריד בזבולין.
1779,990051393950205171,CUL,
1779,990052315480205171,CUL,
1780,990001696870205171,Vienna,פיוטים לשבועות(?).
1780,990052081700205171,CUL,פיוט.
1780,990053434520205171,Oxford,"פיוט. ; Piyyut: ""אמיץ בעטותו גאוה וצדק כשריון""מצות ודקדוקיהן נמסרו במדבר""אמונת אל הדרירה רחומיו ותבזע ים""[some words have the superlinear punctuation]""אומץ אותותיך עצמו ממנין""אשר עשית לעמך שופט""[incomplete]""איזון שמעך בהידורו. בגאולת""אז כעץ שתול על יובל""עורי עורי איומה""אראלים טסים חשים ועשים""[incomplete] ; פיוט: ""אמיץ בעטותו גאוה וצדק כשריון""מצות ודקדוקיהן נמסרו במדבר""אמונת אל הדרירה רחומיו ותבזע ים""[some words have the superlinear punctuation]""אומץ אותותיך עצמו ממנין""אשר עשית לעמך שופט""[incomplete]""איזון שמעך בהידורו. בגאולת""אז כעץ שתול על יובל""עורי עורי איומה""אראלים טסים חשים ועשים""[incomplete]"
1812,990001935690205171,Katz,סדור ר' שלמה סג'למסה (יז).
1812,990051073850205171,CUL,כתאב ג'אמע אלצלואת ואלתסאביח; כתאב פי וג'וב אלצלוה; ספרות הלכתית ופרשנות תלמודית; תפילה וברכות. ; Saadiahs Siddur
1812,990053444900205171,Oxford,"סידור רס""ג"
1816,990001942970205171,BL,אוסף חבורים בערבית בעניני תיאולוגיה.
1816,990047985560205171,AIU,שיר בערבית ובעברית (קטע).
1816,990053536430205171,BL,לא ניתן להכרעה מתוך הקטלוג;פילוסופיה. ; Cannot be determined from the catalogue ; לא ניתן להכרעה מתוך הקטלוג
1828,990001960550205171,HAS,סדור מנהג קראים (קטע).
1828,990051463260205171,CUL,מקרא;מקרא [טקסט];תפילה וברכות. ; Liturgy and Brakhot: Psalms 103:1; Numbers 16:1 – 2; Song of Songs 1:1 – 7; Genesis 29:1 – 2; 40:20 ; תפילה וברכות: תהילים קג:א; במדבר טז:א – ב; שיר השירים א:א – ז; בראשית כט:א – ב; מ:כ
1828,990053041340205171,JTS,"פיוט;תפילה וברכות. ; בקשות שונות (או תפילות קראיות ?), עם הוראות בערבית-יהודית"
1863,990002026450205171,Mosseri,פיוטים.
1863,990051186120205171,CUL,"פיוט. ; Piyyut ; פיוט (יום הכיפורים): ""אלהינו בקול מר זעקה"" (סולימן)"
1863,990051504260205171,CUL,פיוט;תוספות של סידור;תפילה וברכות. ; Liturgical additions ; תוספות של סידור: אוסף פסוקים
1898,990025903310205171,BL,קטעי גניזה בבלשנות : ; גניזה.
1898,990053516170205171,BL,"דקדוק;תחום לא מזוהה. ; חיבור בדקדוק עברי בערבית, לפי שורשים."
1898,990053516180205171,BL,"דקדוק;תחום לא מזוהה. ; חיבור בדקדוק עברי בערבית, לפי שורשים."
1899,990025903320205171,BL,קטעי גניזה בבלשנות : ; גניזה.
1899,990053508170205171,BL,פיוט;תוספות של סידור;תפילה וברכות. ; Liturgical additions: Haggadah (and other matters) of Pesach ; תוספות של סידור: הגדה (ועניינים אחרים) של פסח
1899,990053516390205171,BL,"פיוט;תחום לא מזוהה. ; Piyyut: ""ריח מפאת (ב?)כדי ופני הצבי עדני בשמי"" ; פיוט: ""ריח מפאת (ב?)כדי ופני הצבי עדני בשמי"""
1912,990034835140205171,CUL,תפלה ליום כפור (קטע).
1912,990051188230205171,CUL,פיוט;תפילה וברכות;תפילות קבע. ; Common Prayers: Musaf Yom ha-Kippurim Amidah; Minhah Yom ha-Kippurim Amidah ; תפילות קבע: מוסף יום הכיפורים עמידה; מנחה יום הכיפורים עמידה
1912,990053482340205171,Oxford,"מדרשי אגדה;פיוט;פרשנות מקרא;תפילות קבע. ; Piyyut: ""כֿבוד מעט מאלהים חיסרתם. כֿהיסתופפו באהלי דת ול? ברשע. כֿיחש לפניו גדור ורודף לקטל"" for Yom Ha-Kippurim): ""וכך היתה. . . שנת אֿוצרך הטוב תפתח"" (Yotzer: ""מה נהדר כאומן רופא"" for Yom Ha-Kippurim): ""כאור בוקר באשנבו"" for Yom Ha-Kippurim): ""מקום אבוקי מוקדה"" for Yom Ha-Kippurim): ""אשרי עין... ארון בבית קדש"" for Yom Ha-Kippurim): ""עונות אבותינו החריבו"" for Yom Ha-Kippurim): ""ובעת ובעונה הזאת. . . לא אֿשם ולא אישים"" for Yom Ha-Kippurim): ""תאות לב לא..."" for Yom Ha-Kippurim): ""הנשמה איום ונורא משפט"" for Yom Ha-Kippurim): ""אתה מבין שרעפי לב"" for Yom Ha-Kippurim): ""או'א אופל אלמנה תאיר"" for Yom Ha-Kippurim): ""או'א אל תעש עמנו כלה"" for Yom Ha-Kippurim): ""או'א תבוא לפניך""[incomplete] for Yom Ha-Kippurim): ""כי האמונה אבדה ממנו"" for Yom Ha-Kippurim): ""אתה מבין תעלומות"" for Yom Ha-Kippurim): ""ובכן יהי רצון...שתמחול לנו על כל עונותינו"" for Yom Ha-Kippurim): ""אין לנו כהן גדול"" for Yom Ha-Kippurim): ""או'א סלח לעונותינו"" for Yom Ha-Kippurim): ""אשפוך תחן לשננה"" ; פיוט: ""כֿבוד מעט מאלהים חיסרתם. כֿהיסתופפו באהלי דת ול? ברשע. כֿיחש לפניו גדור ורודף לקטל"" ליום הכיפורים): ""וכך היתה. . . שנת אֿוצרך הטוב תפתח"" (יוצר: ""מה נהדר כאומן רופא"" ליום הכיפורים): ""כאור בוקר באשנבו"" ליום הכיפורים): ""מקום אבוקי מוקדה"" ליום הכיפורים): ""אשרי עין... ארון בבית קדש"" ליום הכיפורים): ""עונות אבותינו החריבו"" ליום הכיפורים): ""ובעת ובעונה הזאת. . . לא אֿשם ולא אישים"" ליום הכיפורים): ""תאות לב לא..."" ליום הכיפורים): ""הנשמה איום ונורא משפט"" ליום הכיפורים): ""אתה מבין שרעפי לב"" ליום הכיפורים): ""או'א אופל אלמנה תאיר"" ליום הכיפורים): ""או'א אל תעש עמנו כלה"" ליום הכיפורים): ""או'א תבוא לפניך""[incomplete] ליום הכיפורים): ""כי האמונה אבדה ממנו"" ליום הכיפורים): ""אתה מבין תעלומות"" ליום הכיפורים): ""ובכן יהי רצון...שתמחול לנו על כל עונותינו"" ליום הכיפורים): ""אין לנו כהן גדול"" ליום הכיפורים): ""או'א סלח לעונותינו"" ליום הכיפורים): ""אשפוך תחן לשננה"""
1935,990039071640205171,Manchester,תורה (דברים לג לד) : ; עם תרגום אונקלוס.
1935,990051144670205171,CUL,מקרא [טקסט];תרגום אונקלוס. ; Bible: – Magna and Parva Massora ; תרגום אונקלוס: דברים לג:ז – לד:ו
1935,990053392100205171,Oxford,
1994,990044111440205171,AIU,דרשה לסוכות : ; בערבית יהודית.
1994,990051188050205171,CUL,"ספרות הגות (פילוסופיה, תיאולוגיה, מוסר);פיוט. ; Piyyut ; דיון באופן השפעת תפילת כהן גדול ועבודת בית המקדש על ירידת הגשמים, בליווי מקורות תלמודיים."
1994,990051623700205171,CUL,"דרשות;הלכה;ספרות הלכתית ופרשנות תלמודית;ספרות חז""ל. ; Halakhic Literature and Talmudic Commentaries ; מתוך דרשה ליום השני של חג הסוכות (הדף הראשון); מתוך דרשה לשמיני עצרת (הדף השני)"
2053,990051079010205171,CUL,"פיוט; שירת חול. ; Moses b. Jacob ibn Ezra; see Ibn Ezra, Moses, Secular Poetry ; משה בן יעקב אבן עזרא, שירת חול"
2053,997008739772105171,Oxford,
2053,997008739772205171,Oxford,
2068,990051080080205171,CUL,"הלכות הרי""ף. ; Isaac Al-Fasi, Hilkhot ha-Rif: Shabbat 58 a – b ; יצחק אלפסי, הלכות הרי""ף: שבת נח ע""א – ע""ב"
2068,990051422090205171,CUL,מקרא;מקרא [טקסט]. ; Bible: Job 11:6 – 12:8 ; מקרא: איוב יא:ו – יב:ח
2068,990051529310205171,CUL,פיוט. ; Piyyut
2083,990051082910205171,CUL,"הלכות הרי""ף. ; Isaac Al-Fasi, Hilkhot ha-Rif: Pesahim 1 b – 2 b ; יצחק אלפסי, הלכות הרי""ף: פסחים א ע""ב – ב ע""ב"
2083,990051725880205171,CUL,"הלכות הרי""ף;ספרות הלכתית ופרשנות תלמודית;ספרות חז""ל. ; Isaac Al-Fasi, Hilkhot ha-Rif: Pesahim 1 ; יצחק אלפסי, הלכות הרי""ף: פסחים א"
2083,990053634670205171,Oxford,"הלכות הרי""ף;תלמוד בבלי [טקסט]. ; Talmud Bavli: Pesahim 5 b – 6 a[line 10 from below] ; תלמוד בבלי: פסחים ה ע""ב – ו ע""א[line 10 from below]"
2088,990051085200205171,CUL,"משנה תורה; ספרות הלכתית ופרשנות תלמודית; ספרות חז""ל; תלמוד בבלי [טקסט]. ; Moses b. Maimon, Rambam, Mishneh Torah: Shehitah 5:5 – 8; 6:10 – 13 ; משה בן מימון, משנה תורה: שחיטה ה:ה – ח; ו:י – יג"
2088,990051995670205171,CUL,"משנה תורה;ספרות חז""ל. ; רמב""ם שחיטה פ""ו"
2088,990053458520205171,Oxford,
2101,990051088600205171,CUL,"פיוט; תפילה וברכות. ; Piyyut ; סעדיה בן יוסף גאון, פיוט (בקשה)"
2101,990053166380205171,JTS,תפילה וברכות. ; Liturgy and Brakhot
2101,990053265170205171,JTS,"פיוט;תוספות של סידור;תפילה וברכות. ; תוספות של סידור: זמירות/בקשות לשבת ולמועדים ""לנפשם כי גמלו..."" (שם בן ארבע: שלושה יודין בסגול)"
2112,990051098870205171,CUL,"משנה תורה; ספרות הלכתית ופרשנות תלמודית; ספרות חז""ל. ; Moses b. Maimon, Rambam, Mishneh Torah: Tefillin Mezuzah ve-Sefer Torah 7:9 – 13; 8:5 ; משה בן מימון, משנה תורה: תפילין מזוזה וספר תורה ז:ט – יג; ח:ה"
2112,990051267570205171,CUL,"משנה תורה. ; Moses b. Maimon, Rambam, Translation of Mishneh Torah: Tefillin Mezuzah ve-Sefer Torah 8:3 – 9:7 ; משה בן מימון, תרגום ל משנה תורה: תפילין מזוזה וספר תורה ח:ג – ט:ז"
2112,990051381890205171,CUL,פיוט. ; מלאכת הסופר לרבי משה זאבארה
2117,990051102540205171,CUL,"מקרא ותרגומים; פרשנות מקרא; תפסיר רס""ג. ; Saadiah b. Joseph al-Fayyumi (Saadiah Gaon), Tafsir Saadya Gaon: Deuteronomy 24:3 – 6; 10 – 18 ; סעדיה בן יוסף גאון, תפסיר רס""ג: דברים כד:ג – ו; י – יח"
2117,990051102760205171,CUL,"מקרא ותרגומים; פרשנות מקרא; תפסיר רס""ג. ; Saadiah b. Joseph al-Fayyumi (Saadiah Gaon), Tafsir Saadya Gaon: Deuteronomy 24:7 – 25:7 ; סעדיה בן יוסף גאון, תפסיר רס""ג: דברים כד:ז – כה:ז"
2117,990051267240205171,CUL,"תפסיר רס""ג. ; Saadiah b. Joseph al-Fayyumi (Saadiah Gaon), Tafsir Saadya Gaon: Deuteronomy 21:18 – 26:3 ; סעדיה בן יוסף גאון, תפסיר רס""ג: דברים כא:יח – כו:ג"
2131,990051112050205171,CUL,"פיוט. ; Sa'adya Ga'on, piyyutim האוצר ים המים העליונים and אד העולה מן הארץ from Rahite barki nafsi for Yom Kippur. The text is vocalised with Tiberian vocalisation signs, and rafe is consistently marked."
2131,990051469530205171,CUL,פיוט. ; Piyyut
2131,990053837690205171,Mosseri,
2151,990051117550205171,CUL,מקרא [טקסט]. ; Bible: Daniel 3:13 – 5:11 ; מקרא: דניאל ג:יג – ה:יא
2151,990051117630205171,CUL,מקרא [טקסט]. ; Bible: Daniel 2:48 – 4:20; 11:36 – 12:13; Ezra 1:1 – 10 ; מקרא: דניאל ב:מח – ד:כ; יא:לו – יב:יג; עזרא א:א – י
2151,990051799860205171,CUL,מקרא [טקסט]. ; Bible: Daniel 3:28 – 29; 31 – 33 ; מקרא: דניאל ג:כח – כט; לא – לג
2212,990051146670205171,CUL,תרגום אונקלוס;תרגומים ארמיים. ; Targum Onqelos: Genesis 10:5 – 11:5 ; תרגום אונקלוס: בראשית י:ה – יא:ה
2212,990053191650205171,JTS,"תרגומים ארמיים. ; תרגום אונקלוס, בראשית י:כב - יד:ח"
2212,990053538150205171,BL,תרגומים ארמיים.
2216,990051147060205171,CUL,תרגום אונקלוס;תרגומים ארמיים. ; Targum Onqelos: Genesis 29:30 – 30:30; Exodus 2:2 – 3:18; 28:39 – 36:4; Leviticus 26:23 – 37; Numbers 1:6 – 27; 20:5 – 21:30; Isaiah 58:11 – 14; Zechariah 14:1 – 4 ; תרגום אונקלוס: בראשית כט:ל – ל:ל; שמות ב:ב – ג:יח; כח:לט – לו:ד; ויקרא כו:כג – לז; במדבר א:ו – כז; כ:ה – כא:ל; ישעיהו נח:יא – יד; זכריה יד:א – ד
2216,990051449940205171,CUL,
2216,990051549610205171,CUL,
2277,990051163550205171,CUL,"הלכות הרי""ף;תלמוד בבלי [טקסט]. ; Isaac Al-Fasi, Hilkhot ha-Rif: Bava Qamma 1 a ; יצחק אלפסי, הלכות הרי""ף: בבא קמא א ע""א"
2277,990051168920205171,CUL,"הלכות הרי""ף;פירושי תלמוד בבלי. ; Isaac Al-Fasi, Hilkhot ha-Rif: Bava Qamma 1 a; 8 b – 10 b ; יצחק אלפסי, הלכות הרי""ף: בבא קמא א ע""א; ח ע""ב – י ע""ב"
2277,990051931440205171,CUL,"הלכות הרי""ף. ; Isaac Al-Fasi, Hilkhot ha-Rif: Bava Qamma 1 a – 2 a ; יצחק אלפסי, הלכות הרי""ף: בבא קמא א ע""א – ב ע""א"
2280,990051164180205171,CUL,"הלכות הרי""ף;תלמוד בבלי [טקסט]. ; Isaac Al-Fasi, Hilkhot ha-Rif: Megillah 10 a – 11 a ; יצחק אלפסי, הלכות הרי""ף: מגילה י ע""א – יא ע""א"
2280,990051938640205171,CUL,"הלכות הרי""ף. ; Isaac Al-Fasi, Hilkhot ha-Rif: Megillah 10 a – 11 a ; יצחק אלפסי, הלכות הרי""ף: מגילה י ע""א – יא ע""א"
2280,990053623210205171,Oxford,"הלכות הרי""ף. ; Isaac Al-Fasi, Hilkhot ha-Rif: Megillah 6 a – b; 10 b ; יצחק אלפסי, הלכות הרי""ף: מגילה ו ע""א – ע""ב; י ע""ב"
2301,990051173190205171,CUL,"משנה תורה;משנה תורה ופירושיו. ; Moses b. Maimon, Rambam, Mishneh Torah: Shehitah 2:6 – 12 ; משה בן מימון, משנה תורה: שחיטה ב:ו – יב"
2301,990053458450205171,Oxford,
2301,990053598100205171,JTS,"משנה תורה;פיוט. ; משנה תורה, שחיטה א:ד-י, ב:ו-י"
2320,990051175880205171,CUL,"הלכה;הלכות הרי""ף. ; Isaac Al-Fasi, Hilkhot ha-Rif: Hullin 1; 2 ; יצחק אלפסי, הלכות הרי""ף: חולין א; ב"
2320,990051175980205171,CUL,"הלכה;הלכות הרי""ף. ; Isaac Al-Fasi, Hilkhot ha-Rif: Hullin 4; 5 ; יצחק אלפסי, הלכות הרי""ף: חולין ד; ה"
2320,990053579980205171,JTS,"הלכות הרי""ף;תלמוד בבלי [טקסט]. ; Isaac Al-Fasi, Hilkhot ha-Rif: Hullin 27 b – 28 a ; יצחק אלפסי, הלכות הרי""ף: חולין כז ע""ב – כח ע""א"
2348,990051179300205171,CUL,מסכת דרך ארץ זוטא;מסכתות קטנות. ; Minor Tractates ; מסכת דרך ארץ זוטא: פרק א - יראת חטא א; תלמוד בבלי: דרך ארץ זוטא
2348,990051179400205171,CUL,מסכת דרך ארץ זוטא;מסכתות קטנות. ; Minor Tractates: Derekh eretz zuta; Masekhet Derekh Erets Zuta: Pereq 1 - Yirat Het 1 ; מסכתות קטנות: דרך ארץ זוטא; מסכת דרך ארץ זוטא: פרק א - יראת חטא א
2348,990051589770205171,CUL,"מסכת דרך ארץ זוטא;ספרות הלכתית ופרשנות תלמודית;ספרות חז""ל. ; Masekhet Derekh Erets Zuta: Derekh eretz zuta 73 – 74 ; מסכת דרך ארץ זוטא: דרך ארץ זוטא עג – עד"
2356,990051182890205171,CUL,פיוט. ; Piyyut
2356,990053471850205171,Oxford,"פיוט. ; Piyyut for Pesah): ""אלים ביום מחוסן"" for Pesah): ""אנא לנו העתר"" for Pesah): ""מצה ומרור אוכלים""אביעה זמירות""טל שאלתי באומר"" for Pesah): ""שמורים אופד לגאולה""[incomplete] (Yotzer for Pesah): ""ליל אז מבראשית הכינוהו בהיות הארץ תוהו ובוהו"" for Pesah): ""טעם רינון. ושאג שינון. טלתי בתחנון. אתפני חנון""[from טל. beg. with end of ח] for Pesah): ""אאגרה בני איש המושרר בטל"" for Pesah): ""תחת אילת עופר בורך מושיע בטל"" for Pesah): ""יעוררו יזוררו יחיו ברדת טל"" ; פיוט לפסח): ""אלים ביום מחוסן"" לפסח): ""אנא לנו העתר"" לפסח): ""מצה ומרור אוכלים""אביעה זמירות""טל שאלתי באומר"" לפסח): ""שמורים אופד לגאולה""[incomplete] (יוצר לפסח): ""ליל אז מבראשית הכינוהו בהיות הארץ תוהו ובוהו"" לפסח): ""טעם רינון. ושאג שינון. טלתי בתחנון. אתפני חנון""[from טל. beg. with end of ח] לפסח): ""אאגרה בני איש המושרר בטל"" לפסח): ""תחת אילת עופר בורך מושיע בטל"" לפסח): ""יעוררו יזוררו יחיו ברדת טל"""
2356,990053930470205171,CUL,"פיוט. ; Eleazar be-Rabbi Kalir, Piyyut, Piyyut ; אלעזר ברבי קליר, פיוט, פיוט"
2368,990051185410205171,CUL,"כתאב פי וג'וב אלצלוה;פיוט;תפילה וברכות;תפילות קבע. ; Piyyut ; סעדיה בן יוסף גאון, כתאב פי וג'וב אלצלוה: (סליחות)"
2368,990051465200205171,CUL,פיוט;תוספות של סידור;תפילה וברכות. ; Liturgical additions: Selichot ; תוספות של סידור: סליחות
2368,990051601580205171,CUL,פיוט;תפילה וברכות. ; Liturgy and Brakhot ; Sukkot and 'aseret yemey teshuvah with Judaeo-Arabic instructions
2383,990051186540205171,CUL,פיוט. ; Piyyut
2383,990051500860205171,CUL,"פיוט. ; Piyyut ; פיוט (סליחות): ""צלם בהיכל עת הודחק דחוק""[לשבעה עשר בתמוז]"
2383,990053631270205171,Oxford,"כתאב ג'אמע אלצלואת ואלתסאביח;פיוט;תפילה וברכות;תפילות קבע. ; רס""ג, סידור. הקריאות בתורה ובהפטרה בימים מיוחדים ובמועדים, פיוטים וסליחות ותפילות שונות."
2389,990051187100205171,CUL,"פיוט;תוספות של סידור;תפילה וברכות. ; Saadiah b. Joseph al-Fayyumi (Saadiah Gaon), Liturgical additions: Selichot ; סעדיה בן יוסף גאון, תוספות של סידור: סליחות"
2389,990051663680205171,CUL,מקרא;תפילה וברכות. ; Bible: Texts ; Catena of Biblical passages with some liturgy
2389,990053207940205171,JTS,פיוט;תפילה וברכות. ; Liturgy and Brakhot ; תפילה וברכות
2398,990051188920205171,CUL,"פיוט;תוספות של סידור;תפילה וברכות. ; Piyyut ; תוספות של סידור: זמירות/בקשות לשבת ולמועדים ""זה העץ יש... תקרא בראש הומיות"" (שם בן ארבע: שתי יודין;נקודה אחת מלמעלה)[צד ימין. שלוש מילים ראשונות בצד שמאל: לכלכל ולפרנס חשפתה. שלוש מילים אחרונות בצד שמאל: מבחיל סוטנינו להבתה.]"
2398,990053250250205171,JTS,פיוט. ; Piyyut
2398,990053275320205171,JTS,פיוט. ; Piyyut
2433,990051195530205171,CUL,"פיוט. ; Piyyut ; פיוט: ""אוי כי בליל זה רבו עוני"""
2433,990051509020205171,CUL,פיוט. ; Piyyut
2433,990051692680205171,CUL,פיוט. ; Piyyut
2452,990051197950205171,CUL,"פיוט. ; Piyyut ; פיוט (קדושתא ליום הכיפורים): ""אזרחי ידעך מכל אומות"" (אלעזר הקליר)"
2452,990051221090205171,CUL,פיוט. ; Piyyut
2452,990051607030205171,CUL,פיוט;שירת חול. ; Piyyut ; פיוט
2455,990051198660205171,CUL,"הלכה [הוראות והלכות];כתאב ג'אמע אלצלואת ואלתסאביח;כתאב פי וג'וב אלצלוה;סדרי ברכות (ברכות הנהנין, השבח, המצוות);פיוט;תפילה וברכות;תפילות קבע. ; Piyyut ; סידור רס""ג - חלק הברכות והשבת. עמ' פ""ו-צ, ק""ו-ק""י במהדורה."
2455,990051533700205171,CUL,"סדרי ברכות (ברכות הנהנין, השבח, המצוות);פיוט;תפילה וברכות. ; Benedictions before sleeping, and before and after drinking water"
2455,990053575180205171,JTS,"כתאב ג'אמע אלצלואת ואלתסאביח. ; סידור רס""ג, חלק הברכות"
2456,990051198710205171,CUL,"כתאב ג'אמע אלצלואת ואלתסאביח;כתאב פי וג'וב אלצלוה;פיוט;תפילה וברכות. ; Piyyut ; סידור רס""ג - עמ' י""ט-ל""ב במהדורה. בד""כ לא מובאות התפילות בשלמותן אלא ברמז."
2456,990051471160205171,CUL,פיוט. ; Piyyut
2456,990051538110205171,CUL,מקרא ותרגומים;פיוט. ; Piyyut ; פיוט
2461,990051205200205171,CUL,שירי חול.
2461,990053132210205171,JTS,פיוט;שירת חול. ; שירים
2461,990053308710205171,JTS,פיוט. ; Piyyut
2506,990051224590205171,CUL,"הגדה של פסח;סדרי ברכות (ברכות הנהנין, השבח, המצוות);פיוט;תוספות של סידור;תפילה וברכות;תפילות קבע. ; Dipping benedictions, Haggada"
2506,990051539270205171,CUL,הגדה של פסח;מקרא ותרגומים;פיוט;תפילה וברכות. ; Piyyut ; הגדה של פסח: קידוש ליל הסדר; ברכה על כרפס וכו'
2506,990052023090205171,CUL,תפילה וברכות. ; Liturgy and Brakhot
2582,990051265070205171,CUL,תרגום אונקלוס. ; Targum Onqelos: Genesis 11:27 – 12:15[(folio 1)]; 12:16 – 13:16[(folio 2)] ; תרגום אונקלוס: בראשית יא:כז – יב:טו[(folio 1)]; יב:טז – יג:טז[(folio 2)]
2582,990053238360205171,JTS,"תרגומים ארמיים. ; תרגום בראשית יד:ב-ו, יב:יב-יט"
2582,990053530230205171,BL,תרגומים ארמיים.
2603,990051268380205171,CUL,"תפסיר רס""ג. ; Saadiah b. Joseph al-Fayyumi (Saadiah Gaon), Tafsir Saadya Gaon: Genesis 10:1 – 26; 12:10 – 13:10 ; סעדיה בן יוסף גאון, תפסיר רס""ג: בראשית י:א – כו; יב:י – יג:י"
2603,990051273230205171,CUL,"תפסיר רס""ג. ; Saadiah b. Joseph al-Fayyumi (Saadiah Gaon), Tafsir Saadya Gaon: Genesis 12:17 – 13:8 ; סעדיה בן יוסף גאון, תפסיר רס""ג: בראשית יב:יז – יג:ח"
2603,990053007500205171,JTS,
2619,990051270320205171,CUL,"תפסיר רס""ג. ; Saadiah b. Joseph al-Fayyumi (Saadiah Gaon), Tafsir Saadya Gaon: Genesis 28:15 – 29:9; 31:8 – 24 ; סעדיה בן יוסף גאון, תפסיר רס""ג: בראשית כח:טו – כט:ט; לא:ח – כד"
2619,990051530120205171,CUL,פיוט;תפסיר ערבי. ; Arabic Tafsir: Genesis 31:2 – 13 ; תפסיר ערבי: בראשית לא:ב – יג
2619,990053281900205171,JTS,"תרגומים ארמיים. ; תרגום ערבי-יהודי על בראשית לא:ט-יד, כה-ל"
2648,990051277850205171,CUL,הלכה;לוח שנה;מדעים. ; Treatise on the Jewish calendar
2648,990051456440205171,CUL,לוח שנה. ; Calendar ; Calendrical work
2648,990053323710205171,JTS,הלכה;לוח שנה;ספרות הלכתית ופרשנות תלמודית. ; ספר העבור
2649,990051278140205171,CUL,הלכה;לוח שנה;מדעים. ; Rabbanite treatise on the Jewish calendar
2649,990053061990205171,JTS,הלכה;פולמוס קראי-רבני. ; חישוב הלוח בערבית-יהודית קביעת התקופות וחשבון המולדים
2649,990053147890205171,JTS,הלכה;לוח שנה;פולמוס קראי-רבני;תחום לא מזוהה. ; פולמוס רבני-קראי בנושא העיבור.
2655,990051283180205171,CUL,דקדוק;חכמת הלשון;פרשנות מקרא. ; Grammatical work discussing construct and absolute nouns
2655,990051694170205171,CUL,"דקדוק. ; Grammar ; Grammatical work on syntax, quoting biblical sources (Song of Songs 6:1; Psalms 139:7; Genesis 9:20; 41:12; Ezra 7:6; Psalms 19:7; Job 12:10)"
2655,990053634090205171,Oxford,"חכמת הלשון;פרשנות מקרא;פרשנות מקרא רבנית. ; Samuel b. Hofni, Biblical Exegesis: Genesis Vayetse ; שמואל בן חפני גאון, פרשנות מקרא: בראשית ויצא"
2656,990051283490205171,CUL,"חכמת הלשון;מכ'תצר הדאיה אלקאר. ; Mukhtasar hidayat al-qari, on Hebrew accentuation"
2656,990052132470205171,CUL,"דקדוק;הדאיה אלקאר. ; Abu l-Faraj Harun, Muktasar Hidayat al-Qari' ('Shorter Guide for the Reader'): vocalisation of certain words with segol/sere and with qamesand patah, quoting Job 31:35; 8:19; 33:29; Leviticus 15:25; Psalms 42:10; 43:2; Job 7:20"
2656,990052132620205171,CUL,"דקדוק;הדאיה אלקאר. ; Abu l-Faraj Harun, Muktasar Hidayat al-Qari' ('Shorter Guide for the Reader'): on vocalisation/accents, e.g. the vocalisation of קול with qames or holem, quoting Psalms 35:10; Proverbs 19:7;Isaiah 43:7, and the vocalisation of ברכת; title of new paragraph פצל פי אלכלאם עלי אלתנעשר לחן"
2785,990051366990205171,CUL,פיוט. ; Piyyut
2785,990053437730205171,Oxford,"פיוט. ; פיוט: ""שמים הוקדרו בתכסית שק""[בראשית] (רשות): ""יחיד ומיוחד בשמי מרומים""ילדים שלשה החגים ברוח""שבילו במים ועל ארץ אורו"" (יוצר): ""אז עד לא יצור נוצר במרץ"" (פזמון) (יוצר): ""אז דור עשירי כקלקלו לרתוח""[incomplete] (יוצר): ""אזכרת שבחו שלאדם בפניו אין נואמים""[incomplete]"
2785,990053446560205171,Oxford,"פיוט. ; Piyyut (Selihot): ""תאמר קומו ונקומה"" (Selihot): ""אנא אל עליון ברחמיך"" (Selihot): ""ציון זממתי מועדה לחזות"" (Selihot): ""רחם יי אלהינו על ישראל עמך ועל ירושלים עירך""אאלוץ הגות מריי בלב שסוף"" (Yotzer): ""ילדים שלשה החניט ברוח"" (Yotzer): ""אז עד לא יצור נוצר"" (Yotzer): ""אזכרת שבחו שלאדם בפניו"" (Yotzer): ""איש אשר מזעף נינוח"" (Yotzer): ""אֿליך מי הקשה עורף וישלם"" (Yotzer): ""סלולי דרך מה נעימים""[incomplete] (Yotzer): ""אמר מרחמך בת ציון"" (Yotzer): ""ימים מאז הוקדשו""[(blank space for ד stanza),] (Yotzer): ""מלאכים נערכים להודות"" (Yotzer): ""יחו לשון חזות אישון"" ; פיוט (סליחות): ""תאמר קומו ונקומה"" (סליחות): ""אנא אל עליון ברחמיך"" (סליחות): ""ציון זממתי מועדה לחזות"" (סליחות): ""רחם יי אלהינו על ישראל עמך ועל ירושלים עירך""אאלוץ הגות מריי בלב שסוף"" (יוצר): ""ילדים שלשה החניט ברוח"" (יוצר): ""אז עד לא יצור נוצר"" (יוצר): ""אזכרת שבחו שלאדם בפניו"" (יוצר): ""איש אשר מזעף נינוח"" (יוצר): ""אֿליך מי הקשה עורף וישלם"" (יוצר): ""סלולי דרך מה נעימים""[incomplete] (יוצר): ""אמר מרחמך בת ציון"" (יוצר): ""ימים מאז הוקדשו""[(blank space for ד stanza),] (יוצר): ""מלאכים נערכים להודות"" (יוצר): ""יחו לשון חזות אישון"""
2853,990051392750205171,CUL,
2853,990052341690205171,CUL,
2853,990052347160205171,CUL,
2860,990051393750205171,CUL,
2860,990051917360205171,CUL,תרגום אונקלוס;תרגומים ארמיים. ; Targum Onqelos: Genesis 24:10 – 14; 18 – 22 ; תרגום אונקלוס: בראשית כד:י – יד; יח – כב
2860,990053946060205171,HAS,תרגום ארמי לתורה (כד-כה;כז).
2889,990051401990205171,CUL,"שלמה בן יצחק, פירוש רש""י למקרא: במדבר בהעלותך ז:עח – ח:ז"
2889,990051549580205171,CUL,
2889,990051632590205171,CUL,
2905,990051406390205171,CUL,
2905,990051682850205171,CUL,Liturgical additions: Selichot ; תוספות של סידור: סליחות
2905,990052315440205171,CUL,
2933,990051423540205171,CUL,הפטרות;מקרא;מקרא [טקסט];תרגום יונתן. ; Haftarot: Zechariah 2:14 – 3:6; Judges 13:12 – 25 ; הפטרות: זכריה ב:יד – ג:ו; שופטים יג:יב – כה
2933,990053438610205171,Oxford,
2933,990053438620205171,Oxford,
2959,990051444140205171,CUL,
2959,990051531300205171,CUL,פיוט; תרגום אונקלוס. ; Targum Onqelos: Deuteronomy 26:14 – 27:8 ; תרגום אונקלוס: דברים כו:יד – כז:ח
2959,990051633270205171,CUL,
2973,990051450030205171,CUL,
2973,990051588480205171,CUL,
2973,990051726400205171,CUL,"ספרות הלכתית ופרשנות תלמודית;ספרות חז""ל;תלמוד בבלי [טקסט]. ; Talmud Bavli: Berakhot ; תלמוד בבלי: ברכות"
2996,990051458900205171,CUL,פיוט. ; Piyyut
2996,990051479480205171,CUL,פיוט. ; Piyyut
2996,990051653470205171,CUL,פיוט;שירת חול. ; Piyyut ; פיוט
3040,990051469450205171,CUL,פיוט. ; Piyyut
3040,990051505110205171,CUL,פיוט. ; Piyyut
3040,990053064240205171,JTS,"פיוט;תוספות של סידור. ; ""רהט לרבינו סעדיה גאון ז""ל"""
3052,990051473000205171,CUL,פיוט. ; Piyyut
3052,990051492570205171,CUL,פיוט. ; Piyyut
3052,990051493120205171,CUL,פיוט. ; Piyyut
3058,990051474290205171,CUL,פיוט. ; Piyyut
3058,990052039160205171,CUL,פיוט.
3058,990053158110205171,JTS,"פיוט. ; יוצר לחתן אופן לר' שלמה נ""ע: ... שחקים ושיחו לאדמת לבם ?"
3067,990051478060205171,CUL,פיוט. ; Piyyut
3067,990051540650205171,CUL,מקרא;מקרא [טקסט]. ; Bible: Texts ; מקרא
3067,990053490760205171,Oxford,"פיוט. ; Piyyut: ""אם יוקש עונינו תסלח""אקראך ותענה בצפצוף מענה""ארחותכם אישרתי. דלתותיכם כישרתי. שובו ואשובה"" ; פיוט: ""אם יוקש עונינו תסלח""אקראך ותענה בצפצוף מענה""ארחותכם אישרתי. דלתותיכם כישרתי. שובו ואשובה"""
3083,990051482670205171,CUL,מקרא [טקסט];פיוט. ; Bible: Psalms 112:2 – 115:4 ; מקרא: תהילים קיב:ב – קטו:ד
3083,990052020330205171,CUL,תוספות של סידור;תפילה וברכות. ; Passover Haggada.
3083,990053200970205171,JTS,פיוט;תפילה וברכות;תפילות קבע. ; Liturgy and Brakhot ; תפילה וברכות
3101,990051487430205171,CUL,פיוט. ; Piyyut
3101,990051652600205171,CUL,פיוט;שירת חול. ; Piyyut ; פיוט
3101,990053503880205171,BL,פיוט;תפילה וברכות. ; Liturgy and Brakhot ; תפילה וברכות
3107,990051488520205171,CUL,פיוט. ; Piyyut
3107,990053049310205171,JTS,"פיוט. ; פיוטים ובקשות 3 ע""א: בשם ה' אל עולם"
3107,990053217140205171,JTS,פיוט. ; סליחות: יה מרום הקשיבה
3153,990051504590205171,CUL,פיוט. ; Piyyut
3153,990051505850205171,CUL,פיוט. ; Piyyut
3153,990051519460205171,CUL,פיוט. ; Piyyut
3175,990051509060205171,CUL,פיוט. ; Piyyut
3175,990053432160205171,Oxford,"פיוט. ; Piyyut: ""מוסד מכיל עולם ומקום לא יכילנו"" ; פיוט: ""מי יסד שמי גבוהים מי פתח גלגל"" (יוסף (אביתור))"
3175,990053484390205171,Oxford,"פיוט. ; פיוט: ""כל שאנן ושרף""יקיר יערץ צירי פלאות""בלילי על משכבי"" (משה בן עזרא)[4 lines only] (סליחות)"
3203,990051514200205171,CUL,פיוט. ; Piyyut
3203,990052109110205171,CUL,פיוט.
3203,990053004770205171,JTS,
3210,990051517720205171,CUL,פיוט. ; Piyyut
3210,990051536570205171,CUL,פיוט. ; Piyyut
3210,990053933680205171,CUL,פיוט. ; Piyyut
3216,990051520190205171,CUL,פיוט. ; Piyyut
3216,990051651710205171,CUL,פיוט;שירת חול. ; Piyyut ; פיוט
3216,990053438170205171,Oxford,"פיוט. ; Piyyut: ""מאונות יוחמות המעוברות. נידונות על שלוש עבירות""[after biblical verses]""אמנם חמשה עצבים""שלש כתות""ל' אויילו חיילים. אריגת""אז בגלותך לו חוק""אמנם בעבור אשר נמשלה""אז בעת מל שוגב ונס ליח לי מרחוק יי נראה לי"" (Yotzer): ""בבטחון ובאומן ובשמע""ברית שבת מיללתי לשמרה""צור נס""אבניים בשבתך מיצירי בנינך""[incomplete]""בעצם יום זרח נוגה""[incomplete] ; פיוט: ""מאונות יוחמות המעוברות. נידונות על שלוש עבירות""[after biblical verses]""אמנם חמשה עצבים""שלש כתות""ל' אויילו חיילים. אריגת""אז בגלותך לו חוק""אמנם בעבור אשר נמשלה""אז בעת מל שוגב ונס ליח לי מרחוק יי נראה לי"" (יוצר): ""בבטחון ובאומן ובשמע""ברית שבת מיללתי לשמרה""צור נס""אבניים בשבתך מיצירי בנינך""[incomplete]""בעצם יום זרח נוגה""[incomplete]"
3219,990051520690205171,CUL,"סדרי ברכות (ברכות הנהנין, השבח, המצוות);עזרי הוראה, נסיונות קולמוס, תרגילי כתיבה, שרבוטים;פיוט;תפילה וברכות;תפילות קבע. ; Hebrew: berakhot, headed '100 benedictions; Hebrew/Arabic: jottings and writing practice (verso)"
3219,990051525180205171,CUL,פיוט;תפילה וברכות;תפילות קבע. ; Common Prayers: Early morning benedictions ; תפילות קבע: ברכות השחר
3219,990051539770205171,CUL,מקרא ותרגומים;פיוט;תפילה וברכות;תפילות קבע. ; Common Prayers: Early morning benedictions ; תפילות קבע: ברכות השחר
3274,990051535650205171,CUL,פיוט;תחום לא מזוהה;תפילה וברכות;תפילות קבע;תרגום יונתן. ; Targum Jonathan: Judges 1 – 8[(folio 1)] ; תרגום יונתן: שופטים א – ח[(folio 1)]
3274,990053409470205171,Oxford,
3274,990053435530205171,Oxford,פיוט. ; Piyyut
3287,990051537980205171,CUL,מקרא ותרגומים;פיוט;תפילה וברכות;תפילות קבע. ; Common Prayers: Musaf Amidah ; תפילות קבע: מוסף ימים נוראים עמידה
3287,990052014740205171,CUL,תפילה וברכות;תפילות קבע. ; Common Prayers: Rosh ha-Shanah Amidah ; תפילות קבע: ראש השנה עמידה
3287,990053471900205171,Oxford,"פיוט. ; Piyyut for Pesah): ""אלים ביום מחוסן"" for Pesah): ""אנא לנו העתר"" for Pesah): ""מצה ומרור אוכלים""אביעה זמירות""טל שאלתי באומר"" for Pesah): ""שמורים אופד לגאולה""[incomplete] (Yotzer for Pesah): ""ליל אז מבראשית הכינוהו בהיות הארץ תוהו ובוהו"" for Pesah): ""טעם רינון. ושאג שינון. טלתי בתחנון. אתפני חנון""[from טל. beg. with end of ח] for Pesah): ""אאגרה בני איש המושרר בטל"" for Pesah): ""תחת אילת עופר בורך מושיע בטל"" for Pesah): ""יעוררו יזוררו יחיו ברדת טל"" ; פיוט לפסח): ""אלים ביום מחוסן"" לפסח): ""אנא לנו העתר"" לפסח): ""מצה ומרור אוכלים""אביעה זמירות""טל שאלתי באומר"" לפסח): ""שמורים אופד לגאולה""[incomplete] (יוצר לפסח): ""ליל אז מבראשית הכינוהו בהיות הארץ תוהו ובוהו"" לפסח): ""טעם רינון. ושאג שינון. טלתי בתחנון. אתפני חנון""[from טל. beg. with end of ח] לפסח): ""אאגרה בני איש המושרר בטל"" לפסח): ""תחת אילת עופר בורך מושיע בטל"" לפסח): ""יעוררו יזוררו יחיו ברדת טל"""
3291,990051538960205171,CUL,"מקרא ותרגומים;סדרי ברכות (ברכות הנהנין, השבח, המצוות);פיוט;תפילה וברכות. ; Piyyut ; Sukkot: qiddush with Judaeo-Arabic heading (qiddus al-sukkah) and instructions"
3291,990053134280205171,JTS,"פיוט;תפילה וברכות;תפילות קבע. ; Piyyut ; קידוש ליל שבת, ברכת המזון"
3291,990053484270205171,Oxford,"סדרי ברכות (ברכות הנהנין, השבח, המצוות);פיוט;תפילות קבע. ; מועד התפילה: שבת"
3435,990051643550205171,CUL,תחום לא מזוהה;תפילה וברכות;תפילות קבע. ; Liturgy and Brakhot ; Prayers for the end of Shabbat with Arabic marginal subscripts
3435,990053413980205171,Oxford,"פיוט;תפילה וברכות;תפילות קבע. ; fragment of a prayer book, mostly הבדלה"
3435,990053499980205171,BL,"פיוט;תפילה וברכות;תפילות קבע. ; תפילות קבע: ערבית מוצאי שבת קריאת שמע וברכותיה ""לזרע מובדלים לך..."" (שם בן ארבע: שלושה יודין בסגול)"
3463,990051652090205171,CUL,פיוט;שירת חול. ; Piyyut ; פיוט
3463,990051654290205171,CUL,פיוט;שירת חול. ; Piyyut ; פיוט
3463,990051709400205171,CUL,פיוט. ; Piyyut
3484,990051656890205171,CUL,פיוט;שירת חול. ; Piyyut ; פיוט
3484,990053413730205171,Oxford,"פיוט. ; Piyyut: ""רֿחום וחנון יה. שֿבע עוונות לא זכר יה. תֿקיף ענני במרחב יה. יה אשרי אשר תיסרנו יה. מן המיצר קראתי יה. עזי וזמרת יה""[based upon Exodus xv]""וביום אורה וגילה""[incomplete]""ארץ יראה באין מתום. איום בהיגלות ליוצאי פידיום""אמנה פילשתה. בחודש אשר שילשתה""אמנה בידו והחזירה ידו""[based upon the ten commandments]""אימת אמיצת אור סיני""כי כל ההרים פסלתה""אז שרר עם""דברי איש נביא""אדדה באנח מר""שמע תוכחת מגולה""אומרי בסיני נישמע""איכה אום עליזה"" (Yom Ha-Kippurim): ""זוהרך עליון בשפך חביון""[beg. with ז] (Yom Ha-Kippurim): ""ארץ בזמר סילסלה""היום תיפן בהר""מיגלומי גוש""האוחז""אזכיר גבורות"" ; פיוט: ""רֿחום וחנון יה. שֿבע עוונות לא זכר יה. תֿקיף ענני במרחב יה. יה אשרי אשר תיסרנו יה. מן המיצר קראתי יה. עזי וזמרת יה""[based upon Exodus xv]""וביום אורה וגילה""[incomplete]""ארץ יראה באין מתום. איום בהיגלות ליוצאי פידיום""אמנה פילשתה. בחודש אשר שילשתה""אמנה בידו והחזירה ידו""[based upon the ten commandments]""אימת אמיצת אור סיני""כי כל ההרים פסלתה""אז שרר עם""דברי איש נביא""אדדה באנח מר""שמע תוכחת מגולה""אומרי בסיני נישמע""איכה אום עליזה"" (יום הכיפורים): ""זוהרך עליון בשפך חביון""[beg. with ז] (יום הכיפורים): ""ארץ בזמר סילסלה""היום תיפן בהר""מיגלומי גוש""האוחז""אזכיר גבורות"""
3484,990053510750205171,BL,פיוט;תחום לא מזוהה;תפילה וברכות. ; Liturgy and Brakhot ; תפילה וברכות
3497,990051674360205171,CUL,פיוט. ; Piyyut
3497,990053436280205171,Oxford,"פיוט. ; Piyyut (Yom Ha-Kippurim): ""(ואתה קדוש) אתה אדון איום אש אוכלה אתה""אתה הוא אלהים בישראל""אתן תהלה למלך""מעשה אלהינו"" (Yom Ha-Kippurim): ""מלך עליון"" ; פיוט (יום הכיפורים): ""(ואתה קדוש) אתה אדון איום אש אוכלה אתה""אתה הוא אלהים בישראל""אתן תהלה למלך""מעשה אלהינו"" (יום הכיפורים): ""מלך עליון"""
3497,990053503390205171,BL,פיוט;תפילה וברכות;תפילות קבע. ; Liturgy and Brakhot ; תפילה וברכות
3669,990052236680205171,CUL,
3669,990053648060205171,BL,"מקרא ותרגומים;תפסיר ערבי;תפסיר רס""ג. ; Saadiah b. Joseph al-Fayyumi (Saadiah Gaon), Tafsir Saadya Gaon: Proverbs[לפי הקטלוג] ; סעדיה בן יוסף גאון, תפסיר רס""ג: משלי[לפי הקטלוג]"
3669,990055621110205171,Munich,רות רבה.
3787,990053109630205171,JTS,פיוט. ; קדושתא שבת שקלים
3787,990053406750205171,Oxford,"פיוט. ; פיוט (קדושתא): ""זכר חסדו ואמונתו אהבת איתן וחיבתו"" (קליר)"
3787,990053503660205171,BL,פיוט;תפילה וברכות. ; Liturgy and Brakhot ; תפילה וברכות
3867,990053230970205171,JTS,פיוט. ; פיוטי ליל יום כיפור
3867,990053230990205171,JTS,פיוט. ; פיוטי ליל יום כיפור
3867,990053490750205171,Oxford,"פיוט. ; Piyyut: ""אם יוקש עונינו תסלח""אקראך ותענה בצפצוף מענה""ארחותכם אישרתי. דלתותיכם כישרתי. שובו ואשובה"" ; פיוט: ""אם יוקש עונינו תסלח""אקראך ותענה בצפצוף מענה""ארחותכם אישרתי. דלתותיכם כישרתי. שובו ואשובה"""
3948,990053376810205171,JTS,"ספר הערוך. ; Nathan b. Jehiel of Rome, Sefer ha-Arukh ; נתן בן יחיאל הרומי, ספר הערוך"
3948,990053376910205171,JTS,"ספר הערוך. ; Nathan b. Jehiel of Rome, Sefer ha-Arukh ; נתן בן יחיאל הרומי, ספר הערוך"
3948,990053965510205171,Katz,ספר הערוך. ; Part of the Arukh by Natan ben Jehiel of Rome
4044,990053422840205171,Oxford,"Doubtful if genizah, Identifications' details are currently unavailable ; ספק גניזה, אין בידנו לעת עתה פרטים על תוכנו של הקטע"
4044,990053620780205171,Oxford,"פרשנות מקרא. ; Solomon b. Isaac, Rashi, Biblical Exegesis: Exodus 22:25 – 23:9 ; שלמה בן יצחק, פרשנות מקרא: שמות כב:כה – כג:ט"
4044,990053628650205171,Oxford,"משנה תורה;פרשנות מקרא רבנית. ; לקט הלכות ממשנה תורה על סדר התורה, לשמות כא,לג-כב,ל"
4147,990053497960205171,BL,תרגומים ארמיים.
4147,990053498740205171,BL,תרגומים ארמיים.
4147,990053936970205171,CUL,תפילה וברכות;תרגום אונקלוס. ; Targum Onqelos: Leviticus 23:4 – 16 ; תרגום אונקלוס: ויקרא כג:ד – טז
4247,990053599790205171,JTS,הלכה;הלכה- ראשונים ואחרונים. ; הלכות ספר תורה
4247,990053599800205171,JTS,הלכה;הלכה- ראשונים ואחרונים. ; הלכות ספר תורה
4247,990053617050205171,JTS,הלכה- ראשונים ואחרונים.
23,990000635590205171,RNL,כתאב אלבלוג ואלאדראך (קטע) : ; בערבית.
23,990000635630205171,RNL,קובץ חבורי הלכה מאת שמואל בן חפני גאון בשפה הערבית.
26,990000635710205171,RNL,תרגום ופרוש ערבי לתורה לישועה בן יהודה (פרשת צו) : ; בערבית.
26,990000910190205171,RNL,תפסיר תורה צוה לנו.
29,990000648510205171,JTS,"חדושי הריטב""א (כתובות)."
29,990000856530205171,RNL,"חדושי הריטב""א (כתובות)."
33,990000800580205171,RNL,תג'ריד אלחקאיק.
33,990001948600205171,BL,תפלות לשליח צבור לימים נוראים.
37,990000801470205171,RNL,פרוש ספר יצירה בערבית.
37,990051312880205171,CUL,ספר יצירה. ; Commentary on Sefer Yesirah by Dunash ben Tami m
42,990000846340205171,RNL,"משנה תורה (ספר מדע, קטעים)."
42,990053278910205171,JTS,"פיוט;תפילה וברכות;תפילות קבע. ; תפילות קבע: עמידה ""מודים דרבנן מודים... מודים לך וכול'"" (שם בן ארבע: שתי יודין;נקודה אחת מלמעלה)"
43,990000846360205171,RNL,"משנה תורה (ספר קדושה, קטעים)."
43,990051174110205171,CUL,"הלכה;משנה תורה. ; Moses b. Maimon, Rambam, Mishneh Torah: Issurei Bi'ah 7:4 – 5; 7 – 9 ; משה בן מימון, משנה תורה: איסורי ביאה ז:ד – ה; ז – ט"
45,990000846670205171,RNL,חזוק אמונה.
45,990051094640205171,CUL,"ספר הערוך; ספרות הלכתית ופרשנות תלמודית; ספרות חז""ל; פרשנות מקרא רבנית. ; Biblical Exegesis - Rabbanite: Zechariah 7 ; פרשנות מקרא רבנית: זכריה ז"
55,990000850650205171,RNL,העתקי קינות אישיות.
55,990053508550205171,BL,פיוט;תפילה וברכות. ; Piyyut ; פיוט
63,990000851230205171,RNL,משנה תורה (הקדמה).
63,990053590620205171,JTS,"הלכה;משנה תורה;ספר המצוות [רמב""ם] (עברית). ; משה בן מימון, ספר המצוות [רמב""ם] (עברית): מניין המצוות/מצוות לא תעשה/שיא – מניין המצוות/מצוות לא תעשה/שכא"
69,990000851410205171,RNL,"ספר המבחר (נביאים ראשונים) : ; על יהושע, שופטים, שמואל ומלכים."
69,990001430070205171,RNL,ספר המבחר.
75,990000851690205171,RNL,"זהר (ספר בראשית, פרשת וישב)."
75,990053515440205171,BL,זוהר.
84,990000852510205171,RNL,"פרוש התורה לרש""י (שמות כא:כו-כו:כד)."
84,990051155650205171,CUL,"פירוש אבן עזרא למקרא;פרשנות מקרא. ; אברהם אבן עזרא, פירוש אבן עזרא למקרא"
86,990000852710205171,RNL,קובץ בקבלה.
86,990047990370205171,AIU,זהר (ספרא דצניעותא)(קטע).
91,990000853040205171,RNL,דיואן (קטע).
91,990053460300205171,Oxford,"פיוט. ; Piyyut: ""אני הייתי בראשון. סופר בלב שלם וטוב רחשון""[the strophes end with sentences from Psalms, Job, Ecclesiastes and proverbs] ; פיוט: ""אני הייתי בראשון. סופר בלב שלם וטוב רחשון""[the strophes end with sentences from Psalms, Job, Ecclesiastes and proverbs]"
100,990000853590205171,RNL,דלאלה אלחאירין (קטע).
100,990053866770205171,Mosseri,"דלאלה אלחאירין. ; A short section from the introduction to Maimonides, Guide for the Perplexed. Verso contains a Hebrew alphabet written transversely in relation to the text on recto."
110,990000854460205171,RNL,"אלנקץ' עלי שמואל בן חפני : ; הספר הוא בקורת על ספרו של שמואל בן חפני גאון, עשר מסאיל."
110,990026879680205171,RNL,פולמוס נגד רבנים ממחבר קראי.
112,990000854710205171,RNL,כתאב אלריאץ' ואלחדאיק (בראשית).
112,990001540030205171,RNL,וכוח על המולד (קטע).
117,990000855310205171,RNL,כתאב אלתוריה.
117,990000872910205171,RNL,כתאב אלתוריה.
119,990000855440205171,RNL,אלמקאלה פי אלעריות.
119,990000875920205171,RNL,ג'ואבאת אלמסאיל פי אלערוות.
122,990000855770205171,RNL,ספר המצוות לישראל בן דניאל.
122,990001227410205171,RNL,ספר המצוות לישראל בן דניאל (קטע).
133,990000856890205171,RNL,ספרא (חלקים).
133,990051539170205171,CUL,מקרא ותרגומים;פיוט. ; Piyyut ; פיוט
140,990000857760205171,RNL,קובץ.
140,990051210380205171,CUL,הבהיר (מח-סז; צט-קיג).
147,990000859900205171,RNL,כתאב אלאנואר ואלמראקב (קטעים).
147,990000860020205171,RNL,כתאב אלאנואר ואלמראקב (קטע).
154,990000861980205171,RNL,קובץ בהלכה בערבית.
154,990053653580205171,BL,"כתאב אלשראיע [רמב""ם]. ; משה בן מימון, כתאב אלשראיע [רמב""ם]: מצות לא תעשה ו – מצות לא תעשה לב"
158,990000862070205171,RNL,דלאלה אלחאירין (קטע).
158,990000899270205171,RNL,דלאלה אלחאירין (קטע).
162,990000862160205171,RNL,חבורים קצרים במוסר (קטעים).
162,990001612890205171,RNL,דרשה.
167,990000862240205171,RNL,מקאלה אלחדיקה (קטע).
167,990001598760205171,RNL,מקאלה אלחדיקה.
171,990000864950205171,RNL,קובץ קראי בהלכות שחיטה.
171,990000869140205171,RNL,שאלות ותשובות בהלכות שחיטה.
174,990000865510205171,RNL,ספר המצוות ליפת בן עלי : ; ויכוח על הלוח.
174,990000924920205171,RNL,"פרוש התורה ליפת בן עלי (בראשית, קטע)."
178,990000866140205171,RNL,שרוט אלדבאחה.
178,990000894430205171,RNL,שרוט אלדבאחה (קטע).
188,990000868600205171,RNL,כתאב אלאימא.
188,990001530480205171,RNL,ספר המצוות (קטע).
201,990000869250205171,RNL,קמיע.
201,990051554680205171,CUL,
204,990000871110205171,RNL,כתאב אלאסתבצאר (קטעים).
204,990053426600205171,Oxford,
207,990000872230205171,RNL,דרשות.
207,990001591540205171,RNL,מדרש שוחר טוב (תהלים).
214,990000875420205171,RNL,אלמג'ני פי תדביר אלאמראץ' (קטע).
214,990053954800205171,Strasbourg,רפואה. ; Medicine
222,990000879180205171,Columbia,משנה תורה (ספר נשים).
222,990000898850205171,RNL,"משנה תורה (ספר נשים, קטעים)."
228,990000893400205171,RNL,פצול מוסי (קטעים).
228,990001539530205171,RNL,חבור ברפואה.
229,990000893420205171,RNL,שרח אלמוגז.
229,990001540300205171,RNL,חבור ברפואה.
231,990000893470205171,RNL,אלמנתכ'ב פי אלטב.
231,990001615770205171,RNL,אלמנתכ'ב פי אלטב.
246,990000898820205171,RNL,משנה תורה (ספר נשים).
246,990053964890205171,Strasbourg,משנה תורה.
247,990000898830205171,RNL,"משנה תורה (ספר זרעים, קטעים)."
247,990025001100205171,AIU,"משנה תורה (ספר זרעים, הלכות שמיטה ויובל י)."
249,990000898970205171,RNL,"קבץ הלכות גאונים (שבת, קטעים)."
249,990001935450205171,Katz,"כתאב אלשראיע (ח""ג) : ; בערבית יהודית."
255,990000899570205171,RNL,כתאב אלמרשד (קטע).
255,990001528850205171,RNL,"פרוש התורה (בראשית, קטע)."
256,990000899600205171,RNL,דלאלה אלחאירין (קטע).
256,990000986230205171,RNL,דלאלה אלחאירין (קטע).
272,990000906470205171,RNL,תפסיר תורה צוה לנו.
272,990000911420205171,RNL,תפסיר תורה צוה לנו (קטע).
273,990000906490205171,RNL,ספר המצוות לסהל בן מצליח.
273,990051072330205171,CUL,לוח שנה; ספרות הלכתית ופרשנות תלמודית; פולמוס קראי-רבני. ; Jewish calendar
292,990000910240205171,RNL,"ספר המצוות לרמב""ם (בערבית)."
292,990053169620205171,JTS,הלכה. ; חיבור מקוצר על קרבנות
302,990000911530205171,RNL,סדור ר' ישעיה הכהן (קטע).
302,990000997220205171,RNL,סדור ר' ישעיה הכהן (קטע).
307,990000923530205171,RNL,ארחות חיים : ; חלק ראשון.
307,990051169120205171,CUL,"ארחות חיים;פירושי תלמוד בבלי. ; Talmud Bavli Commentaries ; אורחות חיים, הלכות ערב-כפורים א'"
308,990000923950205171,RNL,שטרי מכר.
308,990001447770205171,RNL,שטר ארוסין.
315,990000925140205171,RNL,תפסיר אלמבסוט פי ספר ויקרא (קטע).
315,990001538650205171,RNL,"תרגום ופרוש ערבי לתורה לישועה בן יהודה (ויקרא, קטע)."
320,990000925340205171,RNL,כתאב אלאסתבצאר (קטע מן המאמר השמיני).
320,990039427920205171,AIU,חיבור בדיני אבות הטומאה (קטע) : ; בערבית יהודית.
323,990000925490205171,RNL,קצה מג'אדלה אלאסקף (קטע).
323,990000989230205171,RNL,קצה מגאדלה אלאסקף.
325,990000925580205171,RNL,קצה מג'אדלה אלאסקף (קטע).
325,990053255950205171,JTS,"מוסר;פולמוס יהודי-נוצרי;תרגומים ארמיים. ; תורת משה אמת, ודברי השליחים באוונגליונים הם שקר. מנוסח בגוף שני, אולי פנייה אישית ואולי ככלי בויכוחים חיים."
326,990000926510205171,JTS,תורת הבית הקצר (בית שביעי).
326,990001437030205171,RNL,תורת הבית הקצר.
328,990000951060205171,RNL,כתאב אלתמייז (קטע).
328,990000951120205171,RNL,כתאב אלתמייז (קטע).
332,990000953990205171,RNL,"נביאים ראשונים (קטע) : ; עם ניקוד וטעמים, מסורה קטנה וגדולה."
332,990000991200205171,RNL,"נביאים וכתובים : ; עם ניקוד וטעמים, מסורה קטנה וגדולה."
341,990000989650205171,RNL,"נביאים : ; עם ניקוד וטעמים, מסורה קטנה וגדולה."
341,990053194730205171,JTS,"מקרא [טקסט]. ; יחזקאל לט:יח - מה:ז, עם מסורה הגהות בגליונות"
344,990000991210205171,RNL,"תורה (בראשית-שמות) : ; עם ניקוד וטעמים, מסורה קטנה וגדולה."
344,990001566770205171,RNL,"תורה (בראשית ודברים, קטעים)."
346,990000991250205171,RNL,"כתובים : ; עם ניקוד וטעמים, מסורה קטנה וגדולה."
346,990051117710205171,CUL,מקרא [טקסט]. ; Bible: Daniel 5:21 – 6:17 ; מקרא: דניאל ה:כא – ו:יז
362,990001012820205171,JTS,קובץ במקרא.
362,990053005500205171,JTS,
364,990001016730205171,JTS,קובץ במקרא.
364,990053350650205171,JTS,מקרא [טקסט]. ; Bible: Leviticus 3:4 – 8 ; מקרא: ויקרא ג:ד – ח
365,990001017100205171,JTS,"נביאים (ישעיה א-י, קטעים)."
365,990053351150205171,JTS,
375,990001021250205171,Lutzki,"תנ""ך (קטעים)."
375,990051868150205171,CUL,מקרא [טקסט]. ; Deuteronomy 11:24-27
379,990001021450205171,JTS,תרגום ארמי למקרא.
379,990053368670205171,JTS,מקרא [טקסט];תרגומים ארמיים. ; Aramaic Targumim: I Samuel 2:10 – 14 ; תרגומים ארמיים: שמואל א ב:י – יד
389,990001086780205171,JTS,תקיעתא.
389,990053381490205171,JTS,תפילה וברכות. ; Liturgy and Brakhot
391,990001099390205171,JTS,שאלות ותשובות מאת האי בן שרירא גאון. ; מן מסאיל מדינה קאבס לרבינו האיי זקל
391,990053661730205171,BL,"שאלות ותשובות. ; שו""ת, שעניינו האם ימי האדם קצובים מראש, או שהתנהגות האדם עשויה/עלולה לשנות את מידת ימיו. נקודת המוצא לדיון"
393,990001103140205171,JTS,קטעי גניזה : ; קטעי גניזה.
393,990053189740205171,JTS,פיוט. ; קינה
395,990001112380205171,JTS,קטעי גניזה : ; קטעי גניזה.
395,990053597720205171,JTS,"מוסר;משנה [טקסט];פירוש המשנה לרמב""ם [ערבית];רפואה. ; Commentary on Mishnah: Zevahim 12:6; 13:3; 14:6; 9 ; פרוש ל משנה: זבחים יב:ו; יג:ג; יד:ו; ט"
408,990001212930205171,BL,"שאלות ותשובות מאת הרמב""ם בערבית."
408,990053628380205171,Oxford,"שאלות ותשובות. ; שו""ת, לחכמי צור ירושלמי מעשרות ה:ד; ערלה ג:ח"
416,990001231510205171,BL,הלכות טומאה בערבית (קטע).
416,990053608470205171,JTS,"משנה [טקסט];פירושי משנה. ; יהושע אלנציבי, פירושי משנה: טהרות"
417,990001232840205171,BL,קטעי מקרא.
417,990035093270205171,NLI,תרגום ארמי לתורה (ויקרא כג).
418,990001232860205171,BL,קטעי מקרא.
418,990053499080205171,BL,מקרא [טקסט];פרשנות מקרא. ; Biblical Exegesis: Psalms 53:5 – 54:9; 55:12 – 1 ; פרשנות מקרא: תהילים נג:ה – נד:ט; נה:יב – א
428,990001233490205171,BL,ספרות רבנית בערבית.
428,990053648490205171,BL,"הלכה;משנה [טקסט];פירוש המשנה לרמב""ם [ערבית]. ; Moses b. Maimon, Rambam, Maimonides Mishna Commentary[Arabic]: Eruvin 3:3 ; משה בן מימון, פירוש המשנה לרמב""ם [ערבית]: עירובין ג:ג"
435,990001261330205171,HAS,קבץ סליחות ליום הכפורים (קטע).
435,990051196020205171,CUL,פיוט. ; Piyyut
436,990001261410205171,HAS,"קבץ סליחות לרס""ג."
436,990053655060205171,BL,"שירת חול. ; פיוט (סליחות: ""תבעך בגולה קורא צומים"" (רב סעדיה גאון) (סליחות לפסח): ""תענה ותשמעה אנקת נושעה"" (רב סעדיה גאון)"
442,990001262320205171,HAS,קבץ סליחות (קטע).
442,990051453670205171,CUL,פיוט;שירת חול. ; Piyyut ; פיוט
452,990001341150205171,HAS,"הלכות הרי""ף (ראש השנה, קטע)."
452,990051178970205171,CUL,"הלכות הרי""ף. ; Isaac Al-Fasi, Hilkhot ha-Rif: Rosh ha-Shanah 9 a – 10 a ; יצחק אלפסי, הלכות הרי""ף: ראש השנה ט ע""א – י ע""א"
457,990001372420205171,Columbia,"תרגום ארמי לתורה (דברים א:כג-ב:כא, יג:ו-טו:ו)."
457,990001590670205171,RNL,"תרגום ארמי לתורה (דברים, קטעים)."
470,990001394270205171,CUL,יוסיפון בערבית.
470,990052191810205171,CUL,"היסטוריוגרפיה ותאורים גיאוגרפיים;יוסיפון. ; Historical account dealing with Alexander the Great; mentions for example the crossing of a frozen river; corresponds with Sefer Josippon (Sela III,353)."
477,990001399130205171,CUL,פיוטים לשבועות.
477,990053929760205171,CUL,"פיוט. ; Shelomo Sulieiman, Piyyut, Piyyut ; שלמה סולימן אלסנג'ארי, פיוט, פיוט"
479,990001399310205171,CUL,יוצרות על פרשיות.
479,990053307780205171,JTS,"פיוט;פרשנות מקרא רבנית;רשימות;רשימות אנשים. ; ""List of the Pesiqa,"" upper part of three pages containing the names of contributors, headed by Abu al-Mufaddal, who pledges 1/8 dinar."
485,990001418330205171,CUL,קטעי גניזה : ; קטעי גניזה.
485,990051704810205171,CUL,"ספרות הלכתית ופרשנות תלמודית;ספרות חז""ל;פיוט;שירת חול. ; Halakhic Literature and Talmudic Commentaries ; פיוט (יוצר לפורים)"
487,990001419690205171,CUL,הלכות גדולות (טרפות) :
487,990051178030205171,CUL,"הלכות גדולות. ; שמעון קיירא, הלכות גדולות: הלכות טריפות"
490,990001420620205171,CUL,הלכות גדולות (מיאון) :
490,990053579680205171,JTS,"הלכות גדולות;תלמוד בבלי [טקסט]. ; Talmud Bavli: Gittin 42 a – 43 a ; תלמוד בבלי: גיטין מב ע""א – מג ע""א"
493,990001426330205171,CUL,קטעי גניזה : ; קטעי גניזה.
493,990051941090205171,CUL,"תלמוד בבלי [טקסט]. ; Talmud Bavli: Gittin 82 b – 83 a ; תלמוד בבלי: גיטין פב ע""ב – פג ע""א"
494,990001428180205171,RNL,קובץ.
494,990001697560205171,Vienna,עט סופר.
495,990001428240205171,RNL,מנורת המאור.
495,990001961300205171,HAS,מנורת המאור (קטע).
496,990001428270205171,RNL,דרשות.
496,990001462300205171,RNL,"באורים על מאמרי חז""ל בתלמוד."
502,990001428910205171,RNL,פיוטים.
502,990051197810205171,CUL,"פיוט. ; Piyyut ; פיוט (סליחות ליום הכיפורים): ""הולכים בגיא צלמות"" (משה אבן עזרא)"
503,990001428920205171,RNL,קינות לתשעה באב.
503,990053224240205171,JTS,פיוט. ; קינות תשעה באב
511,990001429420205171,RNL,ספר הענק למשה ן' עזרא.
511,990051466630205171,CUL,פיוט. ; Piyyut
517,990001430230205171,RNL,שש כנפים.
517,990001437800205171,RNL,שש כנפים.
519,990001430510205171,RNL,קבץ.
519,990001450360205171,RNL,אגרת מאת קראי קושטא.
525,990001432130205171,RNL,סליחות. מנהג קראים.
525,990053504740205171,BL,פיוט;תפילה וברכות. ; Piyyut ; פיוט
528,990001432590205171,RNL,פיוטים.
528,990001444100205171,RNL,"שירים ופיוטים למאורעות בחיי האדם, למועדים ולהזדמנויות שונות."
529,990001432650205171,RNL,סליחות ושירי חול.
529,990051512450205171,CUL,פיוט. ; Piyyut
531,990001432690205171,RNL,סליחות (קטע).
531,990053203220205171,JTS,פיוט. ; פיוטי יום כיפור עם הוראות ערביות-יהודיות הגהות בין השיטין
535,990001433240205171,RNL,שירי תהלה ליום כפור.
535,990001443630205171,RNL,קינות על נפטרים ושירים.
539,990001433550205171,RNL,פיוטים.
539,990040833210205171,RNL,דיואן.
542,990001433860205171,RNL,קינות על נפטרים.
542,990001434600205171,RNL,קינות על נפטרים.
544,990001434170205171,RNL,סליחות.
544,990053216430205171,JTS,פיוט. ; Piyyut
545,990001434200205171,RNL,פיוטים.
545,990001440750205171,RNL,שירים.
548,990001434420205171,RNL,שיר לכבוד דוד נשיא.
548,990051251230205171,CUL,פיוט. ; Piyyut
553,990001435220205171,RNL,פיוטים.
553,990051196960205171,CUL,פיוט. ; Piyyut
560,990001435610205171,RNL,"פרוש התורה לראב""ע."
560,990051153350205171,CUL,"פירוש אבן עזרא למקרא. ; אברהם אבן עזרא, פירוש אבן עזרא למקרא"
563,990001435690205171,RNL,"פרוש התורה לראב""ע (קטע)."
563,990053408750205171,Oxford,
564,990001435730205171,RNL,"פרוש התורה לראב""ע (בראשית)."
564,990051097100205171,CUL,"ספרות הלכתית ופרשנות תלמודית; ספרות חז""ל; פירוש אבן עזרא למקרא. ; Bible commentary; Ibn Ezra on Genesis 28:12-29:17."
577,990001437020205171,RNL,"פרוש התלמוד לרש""י (שבועות, נזיר)."
577,990051233730205171,CUL,"פירוש רש""י לתלמוד. ; Solomon b. Isaac, Rashi, Rashi's Talmud Commentary: Shevu'ot 1:4 b – 8 a ; שלמה בן יצחק, פירוש רש""י לתלמוד: שבועות א:ד ע""ב – ח ע""א"
580,990001437470205171,RNL,אשכול הכופר.
580,990001437550205171,RNL,אשכול הכופר.
589,990001437770205171,RNL,שירים.
589,990053380070205171,JTS,
592,990001438160205171,RNL,"הלכות הרי""ף (ברכות יז ע""ב-יח ע""א)."
592,990051082840205171,CUL,"הלכות הרי""ף. ; Isaac Al-Fasi, Hilkhot ha-Rif: Berakhot 17 b – 18 a ; יצחק אלפסי, הלכות הרי""ף: ברכות יז ע""ב – יח ע""א"
595,990001438530205171,RNL,קינות על נפטרים.
595,990053955180205171,Strasbourg,
601,990001438750205171,RNL,שירים.
601,990051692980205171,CUL,פיוט;שירת חול. ; Piyyut ; פיוט
602,990001438800205171,RNL,הלכה (קטעים).
602,990053580210205171,JTS,"הלכה [הוראות והלכות];משנה תורה;תפילה וברכות. ; Moses b. Maimon, Rambam, Mishneh Torah: Tefillah ve-Birkat Kohanim 7 ; משה בן מימון, משנה תורה: תפילה וברכת כהנים ז"
604,990001439450205171,RNL,זהר (קטע).
604,990048157200205171,AIU,"זהר (ספר ויקרא, פרשת אחרי מות) (קטע) ."
605,990001439720205171,RNL,שירים.
605,990001991980205171,BL,תחנונים (קטע).
629,990001443140205171,RNL,פסוקי מקרא מסודרים לפי ענינים.
629,990001568340205171,RNL,"נביאים (שמואל-מלכים, קטעים)."
630,990001443400205171,RNL,פיוטים.
630,990001443710205171,RNL,פיוטים לתפלות השבתות המצויינות והמועדים ולהזדמנויות שונות.
631,990001443460205171,RNL,פיוטים ליום כפור.
631,990053426880205171,Oxford,"פיוט;תפילה וברכות;תפילות קבע. ; מספר הקטע: 56, תפילה: כאזרח זרח והאיר עולם"
636,990001443730205171,RNL,קינות על נפטרים.
636,990053955220205171,Strasbourg,
638,990001443850205171,RNL,שירים.
638,990051074890205171,CUL,מכתבים; פיוט; תחום לא מזוהה. ; Letters ; מכתבים
654,990001445000205171,RNL,קינות.
654,990051607440205171,CUL,פיוט;שירת חול. ; Piyyut ; פיוט
655,990001445090205171,RNL,פיוטים.
655,990001460930205171,RNL,פיוטים (קטע).
659,990001445530205171,RNL,אזהרות לסוכות.
659,990053957270205171,Katz,"הלכות סוכות בחרוזים (קטע). ; Laws of Sukkot, in rhyme"
668,990001446080205171,RNL,פיוטים.
668,990001446830205171,RNL,פיוטים כמנהג קראים.
671,990001446180205171,RNL,דיואן.
671,990051495090205171,CUL,פיוט. ; Piyyut
674,990001446400205171,RNL,פיוטים כמנהג קראים.
674,990001451400205171,RNL,פיוטים (קטע).
675,990001446490205171,RNL,פיוטים.
675,990051648720205171,CUL,"פיוט;שירת חול. ; Secular Poetry ; פיוט: ""כל הנפשים ננהים"" (ר' משה אבן עזרא)[לנשמת כל חי]"
676,990001446550205171,RNL,קינות על נפטרים.
676,990001450390205171,RNL,סדור מנהג קראים (קטע).
678,990001446680205171,RNL,שירי פורים.
678,990001446880205171,RNL,שירים לפורים.
679,990001446750205171,RNL,אזהרות (קטעים).
679,990051403510205171,CUL,Piyyut (Azharot for Shevu'ot) ; פיוט (אזהרות לשבועות)
680,990001446930205171,RNL,דיואן ר' יהודה הלוי.
680,990053959980205171,HUC,פיוט. ; Piyyut
683,990001447300205171,RNL,שטר ארוסין.
683,990001447400205171,RNL,גט על תנאי.
696,990001449590205171,RNL,קינה (קטע).
696,990051504600205171,CUL,פיוט. ; Piyyut
697,990001450020205171,RNL,סדור מנהג קראים (קטעים).
697,990053464470205171,Oxford,"פיוט;תפילה וברכות. ; prayers and rules, Prayer : בלחן ויעידה אלנאס ותקול ברוך יי"
699,990001450960205171,RNL,סדור לשבת ולחגים.
699,990040817900205171,RNL,פיוטים ותפלות כמנהג קראים.
732,990001456670205171,RNL,מחזור מנהג קראים לשבועות.
732,990001457730205171,RNL,מחזור מנהג קראים לסוכות (קטע).
755,990001459380205171,RNL,אלדד הדני (קטע).
755,990053088380205171,JTS,סיפורת וספרות יפה. ; סיפורי אלדד הדני הטקסט מקביל לנוסחאות שונות של סיפורי אלדד שפורסמו
756,990001459400205171,RNL,תולדות בית המקדש.
756,990053459970205171,Oxford,היסטוריוגרפיה ותאורים גיאוגרפיים. ; Biblical history of mount Moriah and the Temple
773,990001462690205171,RNL,תפלה.
773,990053455880205171,Oxford,לא ניתן להכרעה מתוך הקטלוג;מכתבים. ; Letters: Nagid Mebhorakh
777,990001463420205171,RNL,סדור מנהג קראים (קטע).
777,990051578610205171,CUL,פיוט;שירת חול. ; Piyyut ; פיוט
790,990001507620205171,AIU,"פרוש הלכות הרי""ף (סוכה)."
790,990051175640205171,CUL,"הלכה;פירושי תלמוד בבלי;תלמוד בבלי [טקסט]. ; Talmudic Commentaries: Sukkah 10; 13 a – b ; פירושי תלמוד: סוכה י; יג ע""א – ע""ב"
797,990001508280205171,AIU,קבץ קטעי גניזה.
797,990053853160205171,AIU,
798,990001508330205171,AIU,קבץ קטעי גניזה.
798,990053857080205171,AIU,חבור בחישוב תאריכי הלוח : ; בערבית יהודית.
800,990001508350205171,AIU,קבץ קטעי גניזה.
800,990053858160205171,AIU,פירושי תלמוד בבלי. ; Talmud Bavli Commentaries: Pesahim ; פירושי תלמוד בבלי: פסחים
801,990001510650205171,RNL,קובץ.
801,990053113130205171,JTS,זוהר. ; קבלה
806,990001511540205171,RNL,"פרוש התורה הקצר לישועה בן יהודה (בראשית-שמות, קטעים)."
806,990001623540205171,RNL,"פרוש התורה (בראשית, קטע)."
809,990001522170205171,RNL,"פרוש התורה (שמות, קטע)."
809,990001529300205171,RNL,ספר המצוות (קטע).
814,990001522810205171,RNL,כתאב אלאמאנאת ואלאעתקאדאת.
814,990053865730205171,Mosseri,"כתאב אלאמאנאת ואלאעתקאדאת. ; סעדיה בן יוסף גאון, כתאב אלאמאנאת ואלאעתקאדאת: י"
821,990001523680205171,RNL,"פרוש כתובים (משלי, קטע)."
821,990001560200205171,RNL,"פרוש כתובים ליפת בן עלי (משלי א; ג, קטעים)."
824,990001524260205171,RNL,"פרוש התורה (ויקרא, קטע)."
824,990001617020205171,RNL,אלמקדמאת (פרשת שמיני).
825,990001524270205171,RNL,"פרוש התורה (ויקרא ובמדבר, קטעים)."
825,990001524480205171,RNL,פרוש התורה בערבית ליעקב אלקרקסאני.
828,990001524510205171,RNL,דרשות.
828,990053581140205171,JTS,"משנה [טקסט];פיוט;פירוש המשנה לרמב""ם [ערבית];תפילות קבע. ; פירוש המשנה לרמב""ם, ההקדמה לפירוש לפרק חלק (פירוש למשנה, סדר נזיקין, מסכת סנהדרין, הקדמה לפירוש לפרק העשירי (פרק חלק), ע' רטז)."
830,990001524970205171,RNL,שבחי האל בערבית.
830,990001593280205171,RNL,דרשה.
832,990001525170205171,RNL,אלמקדמאת (קטע).
832,990001620550205171,RNL,כתאב אלמחתוי.
842,990001526460205171,RNL,עניני שחיטה (קטע).
842,990001959010205171,RNL,דיני שחיטה : ; חבור קראי.
847,990001526930205171,RNL,עניני שחיטה (קטע).
847,990001595660205171,RNL,פולמוס נגד הקראים.
850,990001527400205171,RNL,כתאב אלמואזנה.
850,990001541790205171,RNL,כתאב אלמואזנה.
852,990001528230205171,RNL,"פרוש כתובים (דניאל, קטע)."
852,990053962740205171,CUL,"פרשנות מקרא;תפסיר ערבי;תפסיר רס""ג. ; Arabic Tafsir: Daniel 3:29 – 4:10[תרגום]; 5 – 6[פירוש] ; תפסיר ערבי: דניאל ג:כט – ד:י[תרגום]; ה – ו[פירוש]"
857,990001528400205171,RNL,"תרגום ערבי לתורה (דברים, קטע)."
857,990051083090205171,CUL,"תפסיר רס""ג. ; Saadiah b. Joseph al-Fayyumi (Saadiah Gaon), Tafsir Saadya Gaon: Deuteronomy 7 – 8; 9 – 11 ; סעדיה בן יוסף גאון, תפסיר רס""ג: דברים ז – ח; ט – יא"
858,990001528470205171,RNL,תרגום ערבי להפטרות (קטע).
858,990001532830205171,RNL,תרגום כתובים (דברי הימים).
866,990001529250205171,RNL,חבור ברפואה (קטע).
866,990001614340205171,RNL,עניני רוקחות.
887,990001531680205171,RNL,ספר המצוות (קטע).
887,990001532230205171,RNL,דיני שבת (קטע).
899,990001532750205171,RNL,"תרגום ופרוש כתובים לרס""ג (תהלים ג-קכט, קטעים)."
899,990053648460205171,BL,"דרשות;פרשנות מקרא;תפילה וברכות. ; Saadiah b. Joseph al-Fayyumi (Saadiah Gaon), Biblical Exegesis: Psalms 102:1 – 29 ; סעדיה בן יוסף גאון, פרשנות מקרא: תהילים קב:א – כט"
915,990001533590205171,RNL,פרוש התורה (דברים).
915,990001549940205171,RNL,פרוש התורה (דברים).
925,990001534670205171,RNL,"תרגום ערבי לתורה (במדבר, קטע)."
925,990001564550205171,RNL,"תרגום ופרוש ערבי לתורה (במדבר, קטע)."
930,990001535290205171,RNL,פרוש כתובים לתנחום ירושלמי (תהלים).
930,990001562520205171,RNL,כתאב אלביאן תאליף (תהלים).
939,990001535620205171,RNL,תרגום ערבי לכתובים (תהלים).
939,990051678950205171,CUL,מקרא ותרגומים;פרשנות מקרא;תפסיר ערבי. ; Arabic Tafsir: Psalms 10:18 – 12:5 ; תפסיר ערבי: תהילים י:יח – יב:ה
955,990001536710205171,RNL,"פרוש כתובים (שיר השירים, קטע)."
955,990053654620205171,BL,"מקרא [טקסט];פירוש יפת למקרא;פירוש יפת לשיר השירים;פרשנות מקרא קראית. ; יפת בן עלי הלוי, פירוש יפת לשיר השירים: שיר השירים א:א – ו"
967,990001538750205171,RNL,"תרגום ופרוש ערבי לתורה (דברים, קטע)."
967,990001538910205171,RNL,פרוש התורה.
973,990001538990205171,RNL,"תרגום ופרוש ערבי לתורה לישועה בן יהודה (ויקרא, קטע)."
973,990001563140205171,RNL,"תרגום ופרוש ערבי לתורה (דברים, קטע)."
989,990001540540205171,RNL,פרוש נביאים ליפת בן עלי (ישעיה מו:ה-מז:ז).
989,990001556930205171,RNL,"תרגום ופרוש ערבי לנביאים (ישעיה, קטע)."
990,990001540670205171,RNL,מלון עברי.
990,990001595080205171,RNL,כתאב אלאצול.
996,990001541270205171,RNL,על הנגינות.
996,990053843310205171,AIU,מדרש מאוחר ודרשות;. ; אולי קשור לראש השנה
997,990001541460205171,RNL,שרח אלאלפאץ (קטע) : ; על שופטים.
997,990001545660205171,RNL,שרח אלאלפאץ (קטע) : ; לשופטים.
1000,990001541630205171,RNL,כתאב אלאצול (קטע).
1000,990001598930205171,RNL,מלון.
1006,990001541860205171,RNL,הדאיה אלקאר.
1006,990001597220205171,RNL,חבור על טעמי המקרא (קטע).
1007,990001541870205171,RNL,חבור בדקדוק עברי.
1007,990001562350205171,RNL,כתאב אלמרשד.
1015,990001542430205171,RNL,כתאב אללמע.
1015,990001599310205171,RNL,כתאב אללמע.
1019,990001542680205171,RNL,חבור בדקדוק עברי (קטע).
1019,990001584920205171,RNL,דקדוק : ; בערבית.
1028,990001543710205171,RNL,חבור בדקדוק (קטע).
1028,990053220650205171,JTS,מקרא [טקסט]. ; קיצור הדאיה אלקאר (=הורית הקורא)
1029,990001543860205171,RNL,על הנגינות (קטע).
1029,990053558510205171,BL,טעמי המקרא. ; חיבור
1030,990001543880205171,RNL,חבור בדקדוק עברי (קטע).
1030,990001600930205171,RNL,חבור בדקדוק עברי (קטע).
1047,990001546240205171,RNL,חבורים בדקדוק.
1047,990001546870205171,RNL,כתאב אלמסתלחק (קטע).
1050,990001546620205171,RNL,כתאב אלתג'ניס (קטעים).
1050,990001598700205171,RNL,כתאב אלתג'ניס.
1057,990001547240205171,RNL,שרח אלאלפאץ (קטעים).
1057,990001551030205171,RNL,"שרח אלאלפאץ (דברים ונביאים, קטעים)."
1070,990001549200205171,RNL,תחית המתים.
1070,990053004530205171,JTS,
1072,990001549300205171,RNL,כתאב אלריאץ' ואלחדאיק (בראשית).
1072,990001550400205171,RNL,כתאב אלריאץ' ואלחדאיק (בראשית).
1079,990001549700205171,RNL,פרוש התורה (בראשית).
1079,990001564260205171,RNL,"פרוש התורה (בראשית, קטע)."
1081,990001549730205171,RNL,פרוש התורה (בראשית).
1081,990053213330205171,JTS,פרשנות מקרא;תרגומים ארמיים. ; Biblical Exegesis: Genesis Bereshit 1:6 – 11 ; פרשנות מקרא: בראשית בראשית א:ו – יא
1084,990001549790205171,RNL,"פרוש התורה (בראשית, קטעים)."
1084,990053235380205171,JTS,פרשנות מקרא;תרגומים ארמיים. ; Biblical Exegesis: Genesis Noah 8:22 – 9:2; 9:5 – 7[כולל תרגום ט ח-יא] ; פרשנות מקרא: בראשית נח ח:כב – ט:ב; ט:ה – ז[כולל תרגום ט ח-יא]
1092,990001550230205171,RNL,"כתאב אלתרגיח (במדבר, קטעים) : ; פרוש התורה בערבית."
1092,990001598090205171,RNL,פרוש המקרא (קטעים).
1106,990001550980205171,RNL,תוכן עשרת הדברות בחרוזים.
1106,990001593940205171,RNL,חבור במוסר (קטע).
1110,990001551100205171,RNL,תרגום ערבי לנביאים.
1110,990001551130205171,RNL,"תרגום ערבי לנביאים (יהושע, קטע)."
1111,990001551160205171,RNL,פרוש נביאים (שמואל).
1111,990001559620205171,RNL,פרוש נביאים ראשונים.
1118,990001551600205171,RNL,פרוש נביאים (ישעיה).
1118,990001562430205171,RNL,כתאב אלביאן תאליף (ישעיה).
1123,990001551840205171,RNL,חלוקת הפרשיות לקריאת התורה.
1123,990001593330205171,RNL,חלוקת הפרשיות לקרואים בחגים.
1141,990001553190205171,RNL,"תרגום ופרוש ערבי לנביאים (שופטים ושמואל, קטעים)."
1141,990001621680205171,RNL,"פרוש נביאים (שופטים ושמואל, קטעים)."
1149,990001553750205171,RNL,"פרוש כתובים (תהלים, קטע)."
1149,990001610560205171,RNL,דרשה על הנשמה.
1152,990001554100205171,RNL,תרגום ופרוש כתובים (תהלים).
1152,990001562460205171,RNL,"פרוש כתובים (תהלים, קטע)."
1173,990001555900205171,RNL,תרגום ופרוש ערבי לכתובים (איוב).
1173,990053627150205171,Oxford,"פרשנות מקרא;תפסיר ערבי. ; Saadiah b. Joseph al-Fayyumi (Saadiah Gaon), Biblical Exegesis: Job; 33:29 – 30; 34:1 – 26 ; סעדיה בן יוסף גאון, פרשנות מקרא: איוב; לג:כט – ל; לד:א – כו"
1174,990001555940205171,RNL,"תרגום ערבי לכתובים (איוב, קטע)."
1174,990001622020205171,RNL,"תרגום ערבי לכתובים (איוב, קטע)."
1193,990001557150205171,RNL,כתאב אלכלק : ; (ספר המדות).
1193,990001557730205171,RNL,כתאב אלכלק : ; (ספר המדות).
1196,990001557620205171,RNL,חבור במוסר (קטע).
1196,990032545000205171,Columbia,דלאלה אלחאירין (קטע).
1215,990001559180205171,RNL,"פרוש נביאים (הפטרות, ליום כפור)."
1215,990001621300205171,RNL,מדרש דוד (יום כפור-סוכות).
1222,990001559370205171,RNL,פרוש נביאים (הפטרות).
1222,990053211710205171,JTS,"פרשנות מקרא. ; פירוש תנ""ך"
1224,990001559420205171,RNL,פרוש נביאים (הפטרות).
1224,990051082830205171,CUL,"הלכות הרי""ף; פרשנות מקרא. ; Biblical Exegesis: Isaiah 50:6 – 10 ; פרשנות מקרא: ישעיהו נ:ו – י"
1225,990001559440205171,RNL,פרוש נביאים (תרי עשר).
1225,990041080530205171,RNL,"פרוש נביאים בערבית (תרי עשר, קטע)."
1230,990001559680205171,RNL,פרוש הפטרות.
1230,990001621580205171,RNL,פרוש נביאים (הפטרות).
1235,990001560420205171,RNL,פרוש כתובים (תהלים).
1235,990001562450205171,RNL,כתאב אלביאן תאליף (תהלים).
1242,990001560850205171,RNL,"פרוש כתובים ליהודה אבן בלעם (תהלים, קטע)."
1242,990001598730205171,RNL,"פרוש כתובים ליהודה אבן בלעם (תהלים, קטע)."
1246,990001561030205171,RNL,"תרגום ופרוש ערבי לכתובים (שיר השירים, קטע)."
1246,990053576150205171,JTS,"פרשנות מקרא;פרשנות מקרא קראית. ; Japhet b. Eli, Biblical Exegesis - Karaite: Song of Songs 1:9 – 10; 14 – 15 ; יפת בן עלי הלוי, פרשנות מקרא קראית: שיר השירים א:ט – י; יד – טו"
1260,990001561530205171,RNL,פרוש התורה ליוסף אבן כוגך (בראשית).
1260,990001597860205171,RNL,פרוש התלמוד (קטע).
1273,990001562660205171,RNL,כתאב אלנתף.
1273,990051283670205171,CUL,חכמת הלשון;כתאב אלנתף;פיוט;תפילה וברכות. ; Judah Hayyu js Kitab al-nutaf
1292,990001563840205171,RNL,"תרגום ופרוש ערבי לתורה (ויקרא, קטע)."
1292,990053308150205171,JTS,מקרא [טקסט];פרשנות מקרא;תפסיר ערבי. ; Biblical Exegesis: Leviticus Qedoshim 19:6 – 11 ; פרשנות מקרא: ויקרא קדושים יט:ו – יא
1315,990001565820205171,RNL,"משנה סדר נזיקין (אבות, קטע)."
1315,990051730200205171,CUL,"משנה [טקסט];ספרות הלכתית ופרשנות תלמודית;ספרות חז""ל. ; Mishnah: Avot ; משנה: אבות"
1332,990001566240205171,RNL,כתובים.
1332,990001573380205171,RNL,כתובים.
1337,990001566340205171,RNL,נביאים אחרונים.
1337,990051149480205171,CUL,הפטרות;מקרא [טקסט]. ; Bible: II Kings 4:36 – 37; I Kings 1:1 – 4; 1:45 – 46; Malachi 1:1 – 4; Hosea 13:2 – 4; Obadiah 1 – 11; 13 – 21; Jeremiah 37:12 – 38:2 ; מקרא: מלכים ב ד:לו – לז; מלכים א א:א – ד; א:מה – מו; מלאכי א:א – ד; הושע יג:ב – ד; עובדיה א – יא; יג – כא; ירמיהו לז:יב – לח:ב
1349,990001566560205171,RNL,כתובים (קטעים).
1349,990001582560205171,RNL,"כתובים (משלי, איוב, קטעים)."
1350,990001566610205171,RNL,כתובים.
1350,990001574330205171,RNL,כתובים (דניאל ו:כד-יזרא ז:יא).
1351,990001566620205171,RNL,"כתובים (דברי הימים, תהלים)."
1351,990051764830205171,CUL,מקרא [טקסט]. ; Bible: Psalms 119:108 – 130 ; מקרא: תהילים קיט:קח – קל
1352,990001566630205171,RNL,"תורה (בראשית-שמות, קטעים) : ; עם ניקוד וטעמים, מסורה קטנה וגדולה."
1352,990051127850205171,CUL,מקרא [טקסט]. ; Bible: Exodus 6:19 – 7:2 ; מקרא: שמות ו:יט – ז:ב
1362,990001568110205171,RNL,כתובים (קטעים).
1362,990001578100205171,RNL,כתובים (דברי הימים א ז:ג-ח:טו).
1374,990001568750205171,RNL,"תורה (בראשית, קטעים)."
1374,990051756820205171,CUL,מקרא [טקסט]. ; Bible: Genesis 12:11 – 15; 13:4 – 9 ; מקרא: בראשית יב:יא – טו; יג:ד – ט
1383,990001569860205171,RNL,תורה (קטעים).
1383,990051354880205171,CUL,מקרא [טקסט]. ; Bible: Genesis 24:30 – 31 ; מקרא: בראשית כד:ל – לא
1401,990001573800205171,RNL,"כתובים (תהלים, קטעים)."
1401,990001582360205171,RNL,"כתובים (תהלים, קטעים)."
1405,990001574350205171,RNL,"כתובים (דניאל-עזרא, קטעים)."
1405,990053389280205171,Oxford,
1419,990001575460205171,RNL,"תורה (במדבר, קטעים)."
1419,990051588540205171,CUL,
1427,990001575950205171,RNL,תורה (ויקרא ה:טז-יד:נא).
1427,990051130770205171,CUL,מקרא [טקסט]. ; Bible: Leviticus 14:6 – 36 ; מקרא: ויקרא יד:ו – לו
1433,990001577420205171,RNL,נביאים (קטעים).
1433,990051433580205171,CUL,מקרא;מקרא [טקסט]. ; Bible: Ezechiel 44:16 – 30; 48:8 – 20 ; מקרא: יחזקאל מד:טז – ל; מח:ח – כ
1443,990001578840205171,RNL,"כתובים (תהלים ודברי הימים, קטעים)."
1443,990053398140205171,Oxford,מקרא [טקסט]. ; Bible: Psalms 109:7 – 115 ; מקרא: תהילים קט:ז – קטו
1468,990001583370205171,RNL,מסורה.
1468,990001663670205171,RNL,חבור במסורה.
1469,990001583560205171,RNL,תורה.
1469,990001589430205171,RNL,"תרגום ערבי לתורה (דברים, קטע)."
1494,990001588130205171,RNL,הפטרות (קטע).
1494,990051543440205171,CUL,מקרא;מקרא [טקסט]. ; Bible: Ezechiel 34:1 – 10; 34:23 – 27; Hosea 2:1 – 22 ; מקרא: יחזקאל לד:א – י; לד:כג – כז; הושע ב:א – כב
1497,990001588260205171,RNL,תורה (שמות).
1497,990051666510205171,CUL,מקרא;מקרא [טקסט]. ; Bible: Exodus 21:20 – 35 ; מקרא: שמות כא:כ – לה
1507,990001589450205171,RNL,"תרגום ערבי לתורה (בראשית, קטע)."
1507,990051545690205171,CUL,תפסיר ערבי. ; Arabic Tafsir: Genesis 18:15 – 25 ; תפסיר ערבי: בראשית יח:טו – כה
1509,990001589500205171,RNL,"תורה (בראשית, קטעים)."
1509,990051145120205171,CUL,מקרא [טקסט];תרגום אונקלוס. ; Targum Onqelos: Genesis 14:9 – 17:1 ; תרגום אונקלוס: בראשית יד:ט – יז:א
1510,990001589520205171,RNL,כתובים (שיר השירים וקהלת).
1510,990053179070205171,JTS,מקרא [טקסט]. ; שיר השירים א:ו עם תרגום ארמי
1516,990001590740205171,RNL,תרגום ופרוש ערבי לכתובים (נחמיה).
1516,990001599400205171,RNL,"פרוש כתובים ליפת בן עלי (עזרא, קטע)."
1536,990001593530205171,RNL,קצת אברהים.
1536,990053537460205171,BL,סיפורת וספרות יפה. ; Stories and Belles Lettres
1537,990001593580205171,RNL,תפלות.
1537,990001611420205171,RNL,שיר על נביאי המקרא.
1539,990001594000205171,RNL,פרוש כתובים (קהלת).
1539,990001598340205171,RNL,קבץ בפילוסופיה.
1549,990001595790205171,RNL,חבור בדקדוק עברי (קטע).
1549,990051282950205171,CUL,חכמת הלשון;כתאב אלתנקיט. ; Judah Hayyu js Kitab al-tanqi t
1550,990001595810205171,RNL,אלאפעאל דואת חרוף אללין (קטע).
1550,990053592830205171,JTS,דקדוק;כתאב אלאפעאל ד'ואת חרוף אללין. ; ספר דקדוק ערבי-יהודי הגהות בגליון
1579,990001599580205171,RNL,פרוש נביאים (ישעיה).
1579,990051315830205171,CUL,"דרשות;כתאב אלאסתצלאח;פרשנות מקרא. ; Derashot ; סעדיה בן יוסף גאון, כתאב אלאסתצלאח: ישעיהו כט:יח – כא"
1591,990001600790205171,RNL,אלאסבאב.
1591,990001621770205171,RNL,חבור ברפואה (קטע).
1592,990001600990205171,RNL,אלמג'ני פי תדביר אלאמראץ'.
1592,990051313190205171,CUL,חכמת הנסתר;רפואה. ; Treatment of overdose and poisoning
1593,990001601010205171,RNL,תרגום ערבי לכתובים (אסתר).
1593,990001612280205171,RNL,ספור על אסתר.
1595,990001601160205171,RNL,שירים על משה רבנו.
1595,990001618450205171,RNL,שבח לאל (קטע).
1601,990001602680205171,RNL,אלמקדמאת.
1601,990052238230205171,CUL,שירת חול. ; Secular Poetry: Maqamot ; שירת חול: מקאמות
1602,990001603020205171,RNL,ספור על אסתר.
1602,990001612250205171,RNL,ספור על אסתר.
1616,990001607600205171,RNL,ספור.
1616,990053078810205171,JTS,סיפורת וספרות יפה. ; ביקור בגן-עדן ובגיהנום
1624,990001609750205171,RNL,שירה.
1624,990053275060205171,JTS,פיוט. ; קינות: ציון הלא תשאלי הגהות בין השיטין
1626,990001610200205171,RNL,שיר בעניני מוסר.
1626,990053171070205171,JTS,פיוט. ; שיר בערבית-יהודית חובת האדם לעבוד ולירא את ה'
1631,990001610730205171,RNL,על עשרת הדברות בשיר.
1631,990001617370205171,RNL,קבץ שירים.
1635,990001611340205171,RNL,חבור במוסר.
1635,990051277330205171,CUL,"מדעים;מוסר;ספרות הגות (פילוסופיה, תיאולוגיה, מוסר). ; Ethical text"
1637,990001611980205171,RNL,קינה.
1637,990051295830205171,CUL,פיוט;שירת חול;תפילה וברכות. ; Secular Poetry ; פיוט על דמויות מקראיות
1639,990001612870205171,RNL,חבור במוסר.
1639,990001612940205171,RNL,שיר.
1641,990001613850205171,RNL,אלאסבאב.
1641,990001615800205171,RNL,אלאסבאב.
1645,990001614950205171,RNL,דרשה על עשרת הדברות.
1645,990001619590205171,RNL,דרשה (קטע).
1655,990001617180205171,RNL,שירים (קטעים).
1655,990053096030205171,JTS,ספרות יפה;פיוט;תפילה וברכות. ; שירי תוכחה
1661,990001618640205171,RNL,חבור במוסר : ; בצורת שיר.
1661,990001620160205171,RNL,שירים (קטעים).
1689,990001623090205171,RNL,דיני שחיטה (קטע).
1689,990053199660205171,JTS,"מוסר. ; חיבור על ענייני מוסר ואתיקה, בערבית-יהודית התר אכילת בשר, וצער בעלי חיים (?)"
1693,990001623250205171,RNL,דרשות (קטעים).
1693,990053460030205171,Oxford,היסטוריוגרפיה ותאורים גיאוגרפיים. ; Biblical history of mount Moriah and the Temple
1712,990001638610205171,Oxford,"משנה תורה (ספר משפטים, הלכות שכירות י:ד-סוף, הלכות שאלה ופקדון פרק א:א-ב:ג) : ; טיוטה אוטוגרף."
1712,990053622710205171,Oxford,"משנה תורה. ; Moses b. Maimon, Rambam, Mishneh Torah: Sekhirut 10:4 – 13:7; She'elah u-Fiqqadon 1:1 – 2:3 ; משה בן מימון, משנה תורה: שכירות י:ד – יג:ז; שאלה ופקדון א:א – ב:ג"
1716,990001659960205171,RNL,תפלה (קטע).
1716,990051138220205171,CUL,מקרא [טקסט]. ; Bible: Psalms 120:6 – 136:8; 137:2 – 139:16; 140:5 – 147:7 ; מקרא: תהילים קכ:ו – קלו:ח; קלז:ב – קלט:טז; קמ:ה – קמז:ז
1723,990001661330205171,RNL,פיוטים (קטע).
1723,990053407110205171,Oxford,"פיוט. ; Piyyut: ""חס להתרחמה להבל דמה. חניטיו זקפו קומה. מחזק יוחימה. חש הבל והמה. לרעות בהמה. וקין היה עובד אדמה""[liturgy based upon passages of Genenesis ii. 1-3, after end of chap.] ; פיוט: ""חס להתרחמה להבל דמה. חניטיו זקפו קומה. מחזק יוחימה. חש הבל והמה. לרעות בהמה. וקין היה עובד אדמה""[liturgy based upon passages of Genenesis ii. 1-3, after end of chap.]"
1724,990001661440205171,RNL,"סדור רס""ג (קטע)."
1724,990051648000205171,CUL,פיוט;שירת חול. ; Piyyut ; פיוט
1741,990001665050205171,Katz,פולמוס רבני נגד קראים.
1741,990053959230205171,Katz,
1750,990001666770205171,RNL,הלכות גדולות (קטע).
1750,990051185300205171,CUL,פיוט. ; Piyyut
1755,990001667410205171,RNL,הלכות גדולות.
1755,990053577040205171,JTS,"הלכות הרי""ף. ; Isaac Al-Fasi, Hilkhot ha-Rif: Berakhot 22 b; 24 b ; יצחק אלפסי, הלכות הרי""ף: ברכות כב ע""ב; כד ע""ב"
1765,990001668650205171,RNL,פיוטים.
1765,990051469670205171,CUL,פיוט. ; Piyyut
1767,990001668910205171,RNL,פיוטים.
1767,990053436470205171,Oxford,"פיוט;תפילות קבע. ; Piyyut (Ma'ariv for Shevu'ot): ""וירד אדיר בגודלו""אל נגלה בסיני"" (Ma'ariv for Shevu'ot): ""דברי אומרי נעים אותם"" (Ma'ariv for Shevu'ot): ""שמעו אלי אבירי לב"" (Ma'ariv: ""איכה אפל אורי. וחרב מקורי"" (Ma'ariv: ""נחמו אמולת לב. בכפליים לקה בלב"" (Ma'ariv for Rosh ha-Shanah): ""אמוני נבונים. בתוקעם בירח איתנים"" (Ma'ariv for Yom Ha-Kippurim): ""תשב אנוש עד דכא""[incomplete] ; פיוט (מעריב לשבועות): ""וירד אדיר בגודלו""אל נגלה בסיני"" (מעריב לשבועות): ""דברי אומרי נעים אותם"" (מעריב לשבועות): ""שמעו אלי אבירי לב"" (מעריב: ""איכה אפל אורי. וחרב מקורי"" (מעריב: ""נחמו אמולת לב. בכפליים לקה בלב"" (מעריב לראש השנה): ""אמוני נבונים. בתוקעם בירח איתנים"" (מעריב ליום הכיפורים): ""תשב אנוש עד דכא""[incomplete]"
1776,990001696690205171,Vienna,שטר. קהיר. 1084.
1776,990051224780205171,CUL,מסמכים;מעשה בית דין [השיוך לא ברור ולא נבדק כל קטע וקטע.];תעודות אישיות ושטרות. ; Court Records ; מעשה בית דין
1781,990001696920205171,Vienna,"פרוש התלמוד (בבא בתרא קח ע""א, קמב ע""ב)."
1781,990051072700205171,CUL,אדב אלקצ'א; הלכה; ספרות הלכתית ופרשנות תלמודית; תעודות אישיות ושטרות. ; Documents: Document forms ; תעודות אישיות ושטרות: טופסי שטרות
1786,990001748410205171,Toronto,"תלמוד בבלי סדר מועד (שבת ב ע""ב-טו ע""ב)."
1786,990001996710205171,Toronto,"תלמוד בבלי סדר מועד (שבת יח ע""ב-מז ע""ב)."
1790,990001832720205171,?,קטעי גניזה.
1790,990051233920205171,CUL,"כתאב אלאימאן [דוד בן סעדיה];כתאב אלאימאן [רשב""ח];פירושי תלמוד בבלי. ; דוד בן סעדיה אלגר, כתאב אלאימאן [דוד בן סעדיה]: כ"
1793,990001839260205171,?,קטעי מקרא : ; גניזה מאוסף גסטר.
1793,990051179560205171,CUL,תלמוד ירושלמי (חלה ג-ד).
1797,990001843970205171,Westminster,קטעי גניזה : ; קטעים תחת זכוכית.
1797,990051234510205171,CUL,"פיוט. ; פיוט: ""ומי כעמך ישראל גוי אחד, ערבים אחד באחד"" (שלמה סולימן (?))"
1799,990001863480205171,BL,מדרש דוד (לך לך).
1799,990025031720205171,NLI,מדרש דוד (פרשת לך לך).
1803,990001904720205171,Katz,פרדס רמונים (קטע).
1803,990053043840205171,JTS,זוהר. ; קטעי זוהר
1804,990001925780205171,Strasbourg,קובץ קטעי מקרא.
1804,990053953820205171,Strasbourg,מקרא [טקסט].
1805,990001926470205171,Strasbourg,קבץ קטעי גניזה.
1805,990053965200205171,Strasbourg,"מפתחות;משנה תורה. ; מפתח לתלמוד ע""ס משנה תורה להרמב""ם, לקידושין פ""ג - פ""ד"
1807,990001932930205171,Katz,"כתובים (משלי לא:כ-לא:לא, איוב א:א-א:יח) : ; עם ניקוד והטעמה."
1807,990051662010205171,CUL,מקרא;מקרא [טקסט]. ; Bible: Proverbs 31:22 – 31 ; מקרא: משלי לא:כב – לא
1810,990001934550205171,Katz,"חדושי הרמב""ן (נדה)."
1810,990043747590205171,Katz,קטע.
1813,990001935970205171,Katz,כתאב אלאימאן (קטע).
1813,997008595470105171,Katz,חוברת פיוטים.
1824,990001955050205171,JTS,קטעי גניזה.
1824,990053617180205171,JTS,"הלכות גדולות;ויקרא רבה;מפתחות;ספרות הלכתית ופרשנות תלמודית;פירושי תלמוד בבלי;פרשנות מקרא. ; הלכות גדולות, הלכות כתובות (ח""ב ע' 292-291)"
1825,990001957260205171,BL,"תרגום כתובים לרס""ג (תהלים יב:ג-יט:יב)."
1825,990051112420205171,CUL,"פרשנות מקרא; תפסיר רס""ג. ; Saadiah b. Joseph al-Fayyumi (Saadiah Gaon), Biblical Exegesis: Psalms 18:25 – 51; 2 – 46; 19:1 – 15; 1; 29:1 – 10; 30:1 – 13 ; סעדיה בן יוסף גאון, פרשנות מקרא: תהילים יח:כה – נא; ב – מו; יט:א – טו; א; כט:א – י; ל:א – יג"
1831,990001962940205171,HAS,"הלכות הרי""ף (תענית, ה ע""א-ו ע""א)."
1831,990051165170205171,CUL,"הלכות הרי""ף;רי""ף ופרושיו;תלמוד בבלי [טקסט]. ; Isaac Al-Fasi, Hilkhot ha-Rif: Ta'anit 5 b ; יצחק אלפסי, הלכות הרי""ף: תענית ה ע""ב"
1833,990001963060205171,HAS,"משנה תורה (ספר זרעים, הלכות תרומות)."
1833,990051999950205171,CUL,משנה תורה.
1835,990001964560205171,RNL,תורה (קטעים).
1835,990051861890205171,CUL,מקרא [טקסט]. ; Exodus 7:19-29
1844,990001970420205171,RNL,תורה (קטעים).
1844,990051400690205171,CUL,
1849,990001989730205171,CUL,סדור מנהג ארצות המזרח בערבית (קטע) : ; קטעי גניזה.
1849,990051096420205171,CUL,"כתאב ג'אמע אלצלואת ואלתסאביח; שירת חול. ; Liturgical; Siddur RSG, pp. 253-55."
1859,990002017100205171,Mosseri,עם ה' הומנחה לכם כיום בשורה.
1859,990051465090205171,CUL,פיוט. ; Piyyut
1861,990002019110205171,Mosseri,"משנה תורה (ספר זמנים, הלכות חמץ ומצה ד-ה)."
1861,990053964640205171,Strasbourg,"משנה תורה. ; Moses b. Maimon, Rambam, Mishneh Torah: Hametz u-Matztzah 5 ; משה בן מימון, משנה תורה: חמץ ומצה ה"
1866,990002030570205171,Mosseri,פיוטים להבדלה.
1866,990052332400205171,CUL,
1873,990002035620205171,Mosseri,סליחות.
1873,990002035650205171,Mosseri,אשר בגלל אבות בנים גדל (ההתחלה).
1875,990002081470205171,Manchester,"פרוש התורה לרש""י (שמות כו:כג; כו:כו)."
1875,990053422970205171,Oxford,"Doubtful if genizah, Identifications' details are currently unavailable ; ספק גניזה, אין בידנו לעת עתה פרטים על תוכנו של הקטע"
1882,990025013420205171,NLI,בצל שדי אחסה.
1882,990051409770205171,CUL,
1888,990025166820205171,NLI,"פרוש התורה לרש""י (בראשית א:טז-ב:כא)."
1888,990037137220205171,Manchester,"פרוש התורה לרש""י (קטעים)."
1892,990025304550205171,Columbia,התר שחיטה בעד דניאל בן אברהם משה ליאון.
1892,990025304750205171,Columbia,דרשות.
1900,990025903540205171,BL,קבץ קטעי גניזה בערבית.
1900,990053520770205171,BL,סיפורים?
1906,990031442730205171,RNL,"משנה תורה (ספר קדושה, הלכות שחיטה ה-ו)."
1906,990053571730205171,JTS,"משנה תורה. ; משנה תורה, שחיטה ה - י (לא רצוף)"
1907,990032528270205171,BL,תקון.
1907,990053396730205171,Oxford,"פיוט. ; Piyyut (Simhat Torah)[end]""מי יערך אליך מענה לספר"" (Pesah): ""ברוך...שגאלנו וגאל את אבותינו""[אב] ; פיוט (שמחת תורה)[end]""מי יערך אליך מענה לספר"" (פסח): ""ברוך...שגאלנו וגאל את אבותינו""[אב]"
1910,990034329950205171,Columbia,חבור בדיני כשרות מן החי : ; בערבית יהודית.
1910,990051702270205171,CUL,"הלכה; כתאב אלטריפות; ספרות הלכתית ופרשנות תלמודית; ספרות חז""ל. ; Halakhic Literature and Talmudic Commentaries ; הלכות שחיטה על פי מקורות תלמודיים."
1915,990035093930205171,NLI,"תלמוד בבלי סדר זרעים (ברכות ה ע""ב)."
1915,990053121370205171,JTS,"תלמוד בבלי [טקסט]. ; Talmud Bavli: Berakhot 5 b ; תלמוד בבלי: ברכות ה ע""ב"
1923,990037517430205171,CUL,אחד מי יודע.
1923,990053478550205171,Oxford,"פיוט. ; Piyyut: ""אב לחכמים משה""נודה לאל על מפעליו""אשבח שם נורא""[followed by biblical passages]""בשרנו יחיש תביא""חדש ששוני אל נא"" ; פיוט: ""אב לחכמים משה""נודה לאל על מפעליו""אשבח שם נורא""[followed by biblical passages]""בשרנו יחיש תביא""חדש ששוני אל נא"""
1925,990037932710205171,JTS,"קובץ תלמוד ורי""ף."
1925,990053615410205171,JTS,"הלכות הרי""ף. ; Isaac Al-Fasi, Hilkhot ha-Rif: Shabbat 30 b – 31 b ; יצחק אלפסי, הלכות הרי""ף: שבת ל ע""ב – לא ע""ב"
1929,990038407550205171,CUL,פיוטים לשערי ירושלים.
1929,990053950610205171,Strasbourg,מקרא [טקסט].
1933,990038861910205171,Geneva,כתובים (תהלים קכו:ג-קלט כא).
1933,990053941120205171,HUC,
1937,990039178990205171,RNL,"פרוש הלכות הרי""ף (חולין פרק ד) : ; כולל פרוש המשנה פרק ד."
1937,990039180030205171,RNL,טור (ארח חיים תקנא-תקנב).
1939,990039294170205171,AIU,"משנה תורה (ספר זמנים, הלכות יום טוב ו:ט-ו:יג)."
1939,990053607500205171,JTS,"משנה תורה. ; Moses b. Maimon, Rambam, Mishneh Torah: Shevitat Yom Tov 6 ; משה בן מימון, משנה תורה: שביתת יום טוב ו"
1944,990039431710205171,AIU,"משנה תורה (ספר אהבה, הלכות ברכות א-ב; ו)."
1944,990051173400205171,CUL,"משנה תורה;משנה תורה ופירושיו. ; Moses b. Maimon, Rambam, Mishneh Torah: Tzitzit 3:3 – 3:6; Berakhot 1:20 – 2:3 ; משה בן מימון, משנה תורה: ציצית ג:ג – ג:ו; ברכות א:כ – ב:ג"
1952,990040842920205171,RNL,חבור במוסר בערבית (קטע).
1952,990053600410205171,JTS,"דלאלה אלחאירין;פילוסופיה. ; Moses b. Maimon, Rambam, Guide for the Perplexed (Arabic): 3:12 ; משה בן מימון, דלאלה אלחאירין: ג:יב"
1966,990041018730205171,RNL,חבור בערבית יהודית (קטע). :.
1966,990053404120205171,Oxford,מדרש מאוחר ודרשות. ; An Arabic treatise on the manner of killing animals for food
1980,990041101010205171,RNL,"פרוש המשנה לרמב""ם בערבית (אבות, הקדמה, קטע)."
1980,990051316560205171,CUL,"דרשות;פירוש המשנה לרמב""ם [ערבית]. ; Moses b. Maimon, Rambam, Maimonides Mishna Commentary[Arabic]: Introduction Avot ; משה בן מימון, פירוש המשנה לרמב""ם [ערבית]: הקדמה אבות"
1988,990044004400205171,AIU,סדור תפלה (קטע).
1988,990053463740205171,Oxford,משנה [טקסט];תפילות קבע. ; Mishnah: Makkot 3:15; Eduyyot 8:7 ; משנה: מכות ג:טו; עדיות ח:ז
1989,990044043420205171,RNL,חבור קראי בערבית יהודית (קטע).
1989,990044043510205171,RNL,סדר תפילות וקריאות לפסח בערבית יהודית (קטע).
1996,990044121820205171,AIU,ברכות קריאת המגלה.
1996,990052034630205171,CUL,תפילה וברכות;תפילות קבע. ; תפילות קבע: פורים עמידה; מועדים עמידה; תוספות של סידור: קריאת המגילה לפורים
2007,990049108130205171,AIU,לקט בקבלה.
2007,990053493730205171,BL,
2014,990051072620205171,CUL,"הלכה; ספרות הלכתית ופרשנות תלמודית; שרח אל תורה [רשב""ח]. ; Laws of slavery"
2014,990051108650205171,CUL,"הלכה; כתאב אחכאם אלקנין; ספרות הלכתית ופרשנות תלמודית; ספרות חז""ל; שרח אל תורה [רשב""ח]. ; Halakhic Literature and Talmudic Commentaries ; שמואל בן חפני גאון, שרח אל תורה [רשב""ח]: דברים ראה טו:יג – יד"
2018,990051073790205171,CUL,"כתאב ג'אמע אלצלואת ואלתסאביח; כתאב פי וג'וב אלצלוה; סדרי ברכות (ברכות הנהנין, השבח, המצוות); ספרות הלכתית ופרשנות תלמודית; תפילה וברכות. ; Saadiahs Siddur"
2018,990051329640205171,CUL,"הלכה;טעמי המקרא;מדרש;סדרי ברכות (ברכות הנהנין, השבח, המצוות);תפילה וברכות. ; Religious text including a passage based on Saadiahs Siddur"
2022,990051074360205171,CUL,"הלכה; כתאב אלנפקאת. ; שמואל בן חפני גאון, כתאב אלנפקאת: ו?"
2022,990053586920205171,JTS,"כתאב אלנפקאת. ; דין אשת כהן שמרדה על בעלה לעניין מזונות, דין אישה שאמרה 'איני ניזונת ואיני עושה, דין ספק מגורשת לעניין מזונות."
2025,990051075980205171,CUL,מכ'תצר הדאיה אלקאר; מקרא [טקסט]. ; אפשר ש T-S.Misc.1.5 מצטרף אליו.
2025,990052132420205171,CUL,"דקדוק. ; Grammatical work on masora and ta'ame ha-miqra (accents), quoting biblical sources (including Genesis 1:17; 2:4; 3:20)"
2027,990051076130205171,CUL,"דלאלה אלחאירין; מקרא [טקסט]. ; Moses b. Maimon, Rambam, Guide for the Perplexed (Arabic): 1:13 – 15; 21 ; משה בן מימון, דלאלה אלחאירין: א:יג – טו; כא"
2027,990051086620205171,CUL,"דלאלה אלחאירין; מורה נבוכים [תרגום שמואל אבן תיבון]; ספרות הגות (פילוסופיה, תיאולוגיה, מוסר); פילוסופיה. ; Moses b. Maimon, Rambam, Guide for the Perplexed (Hebrew): I:12 – 13"
2035,990051077410205171,CUL,"מקרא [טקסט]; תפסיר רס""ג. ; Saadiah b. Joseph al-Fayyumi (Saadiah Gaon), Tafsir Saadya Gaon: Genesis 23 – 24 ; סעדיה בן יוסף גאון, תפסיר רס""ג: בראשית כג – כד"
2035,990051253200205171,CUL,"מקרא [טקסט];תפסיר ערבי;תפסיר רס""ג. ; Saadiah b. Joseph al-Fayyumi (Saadiah Gaon), Tafsir Saadya Gaon: Genesis 23:1 – 24:5; 24:56 – 25:19 ; סעדיה בן יוסף גאון, תפסיר רס""ג: בראשית כג:א – כד:ה; כד:נו – כה:יט"
2038,990051077490205171,CUL,"מקרא [טקסט]; תפסיר רס""ג. ; Saadiah b. Joseph al-Fayyumi (Saadiah Gaon), Tafsir Saadya Gaon: Genesis 21 – 22[דף 1]; 27[דף 2] ; סעדיה בן יוסף גאון, תפסיר רס""ג: בראשית כא – כב[דף 1]; כז[דף 2]"
2038,990051591950205171,CUL,מקרא ותרגומים;פרשנות מקרא;תפסיר ערבי. ; Arabic Tafsir: Genesis 19:16 – 28; 21:23 – 22:3 ; תפסיר ערבי: בראשית יט:טז – כח; כא:כג – כב:ג
2045,990051077830205171,CUL,"מקרא [טקסט]; תפסיר רס""ג. ; Saadiah b. Joseph al-Fayyumi (Saadiah Gaon), Tafsir Saadya Gaon: Genesis 42 ; סעדיה בן יוסף גאון, תפסיר רס""ג: בראשית מב"
2045,990051272690205171,CUL,"תפסיר רס""ג. ; Saadiah b. Joseph al-Fayyumi (Saadiah Gaon), Tafsir Saadya Gaon: Genesis 42:6 – 24 ; סעדיה בן יוסף גאון, תפסיר רס""ג: בראשית מב:ו – כד"
2048,990051078470205171,CUL,"תפסיר ערבי; תפסיר רס""ג. ; Saadiah b. Joseph al-Fayyumi (Saadiah Gaon), Tafsir Saadya Gaon: Deuteronomy 31 – 32 ; סעדיה בן יוסף גאון, תפסיר רס""ג: דברים לא – לב"
2048,990053308640205171,JTS,פיוט;תפסיר ערבי;תרגומים ארמיים. ; Arabic Tafsir: Deuteronomy 31:13 – 19; 20 – 27 ; תפסיר ערבי: דברים לא:יג – יט; כ – כז
2066,990051080010205171,CUL,"הלכות הרי""ף; תלמוד בבלי [טקסט]. ; Talmud Bavli: Shabbat 2 b – 3 b; 51 b – 52 b; 56 a – 57 a; 131 a; a – b ; תלמוד בבלי: שבת ב ע""ב – ג ע""ב; נא ע""ב – נב ע""ב; נו ע""א – נז ע""א; קלא ע""א; ע""א – ע""ב"
2066,990051726200205171,CUL,"הלכות הרי""ף;ספרות הלכתית ופרשנות תלמודית;ספרות חז""ל. ; Isaac Al-Fasi, Hilkhot ha-Rif: Shabbat 19 ; יצחק אלפסי, הלכות הרי""ף: שבת יט"
2074,990051080990205171,CUL,"הלכה- ראשונים ואחרונים. ; ארבעה טורים לר' יעקב ב""ר אשר, הלכות סעודה. דפוס."
2074,990051566150205171,CUL,
2091,990051086060205171,CUL,"משנה תורה; ספרות הלכתית ופרשנות תלמודית; ספרות חז""ל; תלמוד בבלי [טקסט]. ; Moses b. Maimon, Rambam, Mishneh Torah: Ma'akhalot Asurot 3:21 – 4:4; 4:22 – 5:2 ; משה בן מימון, משנה תורה: מאכלות אסורות ג:כא – ד:ד; ד:כב – ה:ב"
2091,990051172950205171,CUL,"משנה תורה;משנה תורה ופירושיו. ; Moses b. Maimon, Rambam, Mishneh Torah: Ma'akhalot Asurot 5:1 – 6 ; משה בן מימון, משנה תורה: מאכלות אסורות ה:א – ו"
2093,990051086470205171,CUL,"משנה תורה; ספרות הלכתית ופרשנות תלמודית; ספרות חז""ל; תלמוד בבלי [טקסט]. ; Moses b. Maimon, Rambam, Mishneh Torah: Ishut 1:4 – 5:23 ; משה בן מימון, משנה תורה: אישות א:ד – ה:כג"
2093,990052000860205171,CUL,משנה תורה.
2095,990051087000205171,CUL,"הלכות גדולות; חיבור יפה מהישועה; כתאב פי אלפרג בעד אלשדה; ספרות הלכתית ופרשנות תלמודית; ספרות חז""ל. ; Halakhic Literature and Talmudic Commentaries ; Rabbinica; R. Nissim Gaon, Book of Comfort; published by Abramson (cf. Bibliography, p. 324)."
2095,990051296610205171,CUL,מדרש מאוחר ודרשות;פיוט;שירת חול;תפילה וברכות. ; Midrash
2096,990051087680205171,CUL,"מקרא ותרגומים; פרשנות מקרא; תפסיר רס""ג. ; Saadiah b. Joseph al-Fayyumi (Saadiah Gaon), Tafsir Saadya Gaon: Deuteronomy 28:15 – 39 ; סעדיה בן יוסף גאון, תפסיר רס""ג: דברים כח:טו – לט"
2096,990051710970205171,CUL,מקרא ותרגומים;פרשנות מקרא;תפסיר ערבי. ; Arabic Tafsir: Deuteronomy 28:15 – 45 ; תפסיר ערבי: דברים כח:טו – מה
2097,990051087800205171,CUL,נספחות לחיבור; פיוט; שירת חול. ; Hebrew: poems of Solomon ibn Gabirol with Judaeo-Arabic headings; Judaeo-Arabic: praise of the nagid
2097,990053931930205171,CUL,"פיוט. ; פיוט: ""[כשורש עץ יהי ארך אמיריו]... וכמזמת לבב איש"" (רשב""ג)"
2100,990051088570205171,CUL,"פיוט; תפילה וברכות. ; Piyyut ; סעדיה בן יוסף גאון, פיוט (בקשה)"
2100,990053267670205171,JTS,פיוט;תפילה וברכות. ; Liturgy and Brakhot ; תפילה וברכות
2106,990051091900205171,CUL,"משנה תורה; ספרות הלכתית ופרשנות תלמודית; ספרות חז""ל. ; Moses b. Maimon, Rambam, Mishneh Torah: Shehitah 6:1 – 8 ; משה בן מימון, משנה תורה: שחיטה ו:א – ח"
2106,990053584470205171,JTS,"משנה תורה. ; משנה תורה, שחיטה ה:ז - ו:ח"
2110,990051095320205171,CUL,הלכה; מקרא; פרשנות מקרא. ; Bible: Texts ; Treatise on the calendar and the differences between Jews and Samaritans
2110,990053627910205171,Oxford,"חכמת הנסתר;לוח שנה;מוסר;נספחות לחיבור;פרשנות מקרא. ; Saadiah b. Joseph al-Fayyumi (Saadiah Gaon), Biblical Exegesis: Genesis 1:18; 24 – 25; 26 ; סעדיה בן יוסף גאון, פרשנות מקרא: בראשית א:יח; כד – כה; כו"
2114,990051100090205171,CUL,"בחינת עולם; ספרות הלכתית ופרשנות תלמודית; ספרות חז""ל; תפילה מזדמנת. ; Occasional prayer: Baqqashot and Personal Prayers ; תפילה מזדמנת: בקשות ותפילות אישיות"
2114,990053624180205171,Oxford,מוסר. ; Fragment of the text of Jedaiah’s בחינת עולם with a commentary
2121,990051104490205171,CUL,"משנה תורה; ספרות חז""ל. ; Moses b. Maimon, Rambam, Mishneh Torah: Shehitah 4:5 – 11 ; משה בן מימון, משנה תורה: שחיטה ד:ה – יא"
2121,990051735570205171,CUL,
2123,990051105620205171,CUL,"מקרא ותרגומים; פרשנות מקרא; תפסיר רס""ג. ; Saadiah b. Joseph al-Fayyumi (Saadiah Gaon), Tafsir Saadya Gaon: Genesis 3:11 – 4:1 ; סעדיה בן יוסף גאון, תפסיר רס""ג: בראשית ג:יא – ד:א"
2123,990051918400205171,CUL,"מקרא [טקסט];תפסיר ערבי;תרגומים ארמיים. ; Sahadya's translation of Genesis 3:15–4:2 with Hebrew incipits (see Derenbourg (1893–99): vol. I, 9)"
2127,990051108990205171,CUL,"ספרות הלכתית ופרשנות תלמודית; ספרות חז""ל; פיוט; פירוש המשנה לרמב""ם [ערבית]; פירושי משנה; תפילה וברכות. ; Moses b. Maimon, Rambam, Maimonides Mishna Commentary[Arabic]: Pe'ah 1:1 ; משה בן מימון, פירוש המשנה לרמב""ם [ערבית]: פאה א:א"
2127,990053586820205171,JTS,"משנה [טקסט];פירוש המשנה לרמב""ם [ערבית]. ; Moses b. Maimon, Rambam, Maimonides Mishna Commentary[Arabic]: Berakhot 9:7 – Pe'ah 1:1 ; משה בן מימון, פירוש המשנה לרמב""ם [ערבית]: ברכות ט:ז – פאה א:א"
2128,990051109010205171,CUL,"הלכות הרי""ף; ספרות הלכתית ופרשנות תלמודית; ספרות חז""ל. ; Isaac Al-Fasi, Hilkhot ha-Rif: Eruvin 2; 4 ; יצחק אלפסי, הלכות הרי""ף: עירובין ב; ד"
2128,990051178890205171,CUL,"הלכות הרי""ף. ; Isaac Al-Fasi, Hilkhot ha-Rif: Eruvin 11 a – 12 b ; יצחק אלפסי, הלכות הרי""ף: עירובין יא ע""א – יב ע""ב"
2133,990051112790205171,CUL,"כתאב אלעדה. ; שמואל בן חפני גאון, כתאב אלעדה: ד – ה"
2133,990053632950205171,Oxford,"כתאב אלזוג'יה;כתאב אלעדה;ספרות הלכתית ופרשנות תלמודית. ; שמואל בן חפני גאון, כתאב אלעדה: ג – ה"
2159,990051125300205171,CUL,"מכתבים;פיוט. ; Ibn Ezra, Abraham, Piyyut, Secular Poetry, Letters, Piyyut ; אברהם אבן עזרא, פיוט, שירת חול, מכתבים, פיוט"
2159,990053846440205171,AIU,פיוט;תפילה וברכות. ; Liturgy and Brakhot ; תפילה וברכות
2163,990051125860205171,CUL,"מבואות לתלמוד וכללי התלמוד;פירוש המשנה לרמב""ם [ערבית];שאלות ותשובות- גאונים. ; Moses b. Maimon, Rambam, Maimonides Mishna Commentary[Arabic]: Introduction ; משה בן מימון, פירוש המשנה לרמב""ם [ערבית]: הקדמה"
2163,990051313970205171,CUL,"ספרות הגות (פילוסופיה, תיאולוגיה, מוסר);פילוסופיה. ; Philosophical text"
2171,990051130350205171,CUL,מקרא [טקסט]. ; Bible: Leviticus 9:24 – 10:9; 10:12 – 20; 11:2 – 12 ; מקרא: ויקרא ט:כד – י:ט; י:יב – כ; יא:ב – יב
2171,990051769990205171,CUL,מקרא [טקסט]. ; Bible: Leviticus 11:4 – 26; 14:13 – 28 ; מקרא: ויקרא יא:ד – כו; יד:יג – כח
2173,990051132520205171,CUL,מקרא [טקסט]. ; Bible: Leviticus 3:3 – 8 ; מקרא: ויקרא ג:ג – ח
2173,990051386570205171,CUL,מקרא;מקרא [טקסט]. ; Bible: Leviticus 1:8 – 15; 3:1 – 8 ; מקרא: ויקרא א:ח – טו; ג:א – ח
2181,990051140430205171,CUL,מקרא [טקסט]. ; Bible: Song of Songs 3:5 – 7:13 ; מקרא: שיר השירים ג:ה – ז:יג
2181,990051542010205171,CUL,מקרא;מקרא [טקסט]. ; Bible: Song of Songs 5:14 – 6:9 ; מקרא: שיר השירים ה:יד – ו:ט
2191,990051144340205171,CUL,"מקרא [טקסט];תפסיר ערבי;תרגום אונקלוס;תרגומים ארמיים. ; Targum Onqelos: Genesis 38:14 – 20; 41:12 – 26[(folio 3, fragmentary)]; 41:26 – 49:30[(folios 4-18)]; 38:24 – 28; 39:16 – 41:7[(folios 1-2)] ; תרגום אונקלוס: בראשית לח:יד – כ; מא:יב – כו[(folio 3, fragmentary)]; מא:כו – מט:ל[(folios 4-18)]; לח:כד – כח; לט:טז – מא:ז[(folios 1-2)]"
2191,990051920310205171,CUL,מקרא [טקסט];תפסיר ערבי;תרגום אונקלוס;תרגומים ארמיים. ; Targum Onqelos: Genesis 38:25 – 27 ; תרגום אונקלוס: בראשית לח:כה – כז
2193,990051144570205171,CUL,מקרא [טקסט];תרגום אונקלוס. ; Bible: – Magna and Parva Massora ; תרגום אונקלוס: שמות לט:לט – מ:יז
2193,990053950140205171,Strasbourg,מקרא [טקסט].
2196,990051144810205171,CUL,מקרא [טקסט];תרגום יונתן. ; Bible: – Massora ; תרגום יונתן: שמואל א כב – יב
2196,990053428130205171,Oxford,
2198,990051145040205171,CUL,מקרא [טקסט];תרגום אונקלוס. ; Targum Onqelos: Genesis 6:19 – 7:15[(folio 1)]; 18:23 – 19:6[(folio 2)]; Exodus 31:3 – 32:1[(folio 4)]; Leviticus 13:42 – 56[(folio 9)]; Genesis 41:24 – 43[(folio 3)]; Exodus 39:10 – 28[(folio 5)]; Leviticus 4:32 – 5:11[(folio 6)]; 7:32 – 8:12[(folio 7)]; 5:11 – 25[(folio 8-direct continuation of folio 6v)] ; תרגום אונקלוס: בראשית ו:יט – ז:טו[(folio 1)]; יח:כג – יט:ו[(folio 2)]; שמות לא:ג – לב:א[(folio 4)]; ויקרא יג:מב – נו[(folio 9)]; בראשית מא:כד – מג[(folio 3)]; שמות לט:י – כח[(folio 5)]; ויקרא ד:לב – ה:יא[(folio 6)]; ז:לב – ח:יב[(folio 7)]; ה:יא – כה[(folio 8-direct continuation of folio 6v)]
2198,990053387550205171,Oxford,
2201,990051145330205171,CUL,מקרא [טקסט];תרגום אונקלוס. ; Targum Onqelos: Exodus 14:26 – 28[(folio 1v)]; 20:3 – 9[(folio 2)] ; תרגום אונקלוס: שמות יד:כו – כח[(folio 1v)]; כ:ג – ט[(folio 2)]
2201,990053158500205171,JTS,פיוט. ; פיוטים בארמית
2209,990051146270205171,CUL,תרגום אונקלוס;תרגומים ארמיים. ; Targum Onqelos: Exodus 12:22 – 29 ; תרגום אונקלוס: שמות יב:כב – כט
2209,990053498550205171,BL,תרגומים ארמיים.
2210,990051146380205171,CUL,תרגום אונקלוס;תרגומים ארמיים. ; Targum Onqelos: Leviticus 2:10 – 5:10 ; תרגום אונקלוס: ויקרא ב:י – ה:י
2210,990051567940205171,CUL,
2211,990051146460205171,CUL,תרגום אונקלוס;תרגומים ארמיים. ; Targum Onqelos: Genesis 19:21 – 20:6[(folio 1)]; 21:32 – 22:18[(folio 2)] ; תרגום אונקלוס: בראשית יט:כא – כ:ו[(folio 1)]; כא:לב – כב:יח[(folio 2)]
2211,990051567780205171,CUL,
2223,990051149130205171,CUL,הפטרות;מקרא [טקסט];תרגום יונתן. ; Bible: Hosea 11:7 – 12:11[(folio 2)]; Obadiah 1:15 – 21; I Kings 3:23 – 4:1; Ezechiel 29:6 – 21; Malachi 2:7 – 3:4[(folios 1-2)]; Amos 2:6 – 14[(folio 3)]; Ezechiel 37:15 – 23[(folio 4r)]; 37:23 – 28; I Kings 2:1 – 8[(folio 4v)]; 2:9 – 12; Ezechiel 16:1 – 11[(folio 5)] ; מקרא: הושע יא:ז – יב:יא[(folio 2)]; עובדיה א:טו – כא; מלכים א ג:כג – ד:א; יחזקאל כט:ו – כא; מלאכי ב:ז – ג:ד[(folios 1-2)]; עמוס ב:ו – יד[(folio 3)]; יחזקאל לז:טו – כג[(folio 4r)]; לז:כג – כח; מלכים א ב:א – ח[(folio 4v)]; ב:ט – יב; יחזקאל טז:א – יא[(folio 5)]
2223,990053118560205171,JTS,תפילה וברכות. ; Liturgy and Brakhot
2227,990051150160205171,CUL,הפטרות;תרגום יונתן. ; Haftarot: Isaiah 54:1 – 55:5[(folios 1v-2v)]; 41:12 – 17[(folio 3r)]; I Kings 1:1 – 7[(folio 5v)]; Isaiah 42:1 – 16[(folio 1r-v)]; II Kings 4:1 – 37[(folios 3r-5v)] ; הפטרות: ישעיהו נד:א – נה:ה[(folios 1v-2v)]; מא:יב – יז[(folio 3r)]; מלכים א א:א – ז[(folio 5v)]; ישעיהו מב:א – טז[(folio 1r-v)]; מלכים ב ד:א – לז[(folios 3r-5v)]
2227,990051670930205171,CUL,הפטרות;מקרא ותרגומים;תרגום יונתן. ; Targum Jonathan: II Kings 1 – 12[(folio 2)]; Isaiah 1 – 4[(folio 1v)] ; תרגום יונתן: מלכים ב א – יב[(folio 2)]; ישעיהו א – ד[(folio 1v)]
2230,990051150660205171,CUL,לקח טוב;מדרש. ; Midrash ; לקח טוב
2230,990053583410205171,JTS,לקח טוב. ; לקח טוב לשמות ב:ב-ה (מהד' בובר עמ' 9-8); ב:כה - ג:ד (עמ' 17-15) הגהה בגליון
2241,990051153690205171,CUL,מדרש;ספרא. ; Sifra: 185:14 – 17[1]; 186:3 – 6[1]; 186:13 – 16[1]; 186:19 – 187:2[1] ; ספרא: קפה:14 – 17[1]; קפו:3 – 6[1]; קפו:13 – 16[1]; קפו:19 – קפז:2[1]
2241,990053397550205171,Oxford,מדרשי הלכה;ספרא. ; Sifra: 159:1 – 160:1[0] ; ספרא: קנט:1 – קס:1[0]
2250,990051154690205171,CUL,"פירוש אבן עזרא למקרא;פרשנות מקרא. ; אברהם אבן עזרא, פירוש אבן עזרא למקרא"
2250,990053393170205171,Oxford,"Doubtful if genizah, Identifications' details are currently unavailable ; ספק גניזה, אין בידנו לעת עתה פרטים על תוכנו של הקטע"
2265,990051156470205171,CUL,"פירוש אבן עזרא למקרא;פרשנות מקרא. ; אברהם אבן עזרא, פירוש אבן עזרא למקרא"
2265,990053646420205171,BL,"פירוש רש""י למקרא. ; שלמה בן יצחק, פירוש רש""י למקרא"
2268,990051157400205171,CUL,"מסורה;משנה תורה. ; מסורה, רשימה של פרשות פתוחות וסגורות."
2268,990053147900205171,JTS,"משנה תורה. ; Moses b. Maimon, Rambam, Mishneh Torah: Tefillin Mezuzah ve-Sefer Torah 8 ; משה בן מימון, משנה תורה: תפילין מזוזה וספר תורה ח"
2272,990051158290205171,CUL,"דרך ארץ זוטא;מסורה;מסכת דרך ארץ זוטא. ; מדרש דרך ארץ זוטא, פרקים ג-ד."
2272,990051729080205171,CUL,"מוסר;מסכתות קטנות;ספרות הלכתית ופרשנות תלמודית;ספרות חז""ל. ; Minor Tractates: Derekh eretz zuta 89 – 90 ; מסכתות קטנות: דרך ארץ זוטא פט – צ"
2274,990051162400205171,CUL,משנה [טקסט]. ; Mishnah ; משנה
2274,990053494700205171,BL,
2279,990051164140205171,CUL,"תלמוד בבלי [טקסט]. ; Talmud Bavli: Berakhot 5 b – 6 b; 7 a ; תלמוד בבלי: ברכות ה ע""ב – ו ע""ב; ז ע""א"
2279,990053451300205171,Oxford,"תלמוד בבלי [טקסט]. ; Talmud Bavli: Berakhot 7 a – b ; תלמוד בבלי: ברכות ז ע""א – ע""ב"
2281,990051164390205171,CUL,"הלכות הרי""ף;תלמוד בבלי [טקסט]. ; Isaac Al-Fasi, Hilkhot ha-Rif: Rosh ha-Shanah 4 a – b ; יצחק אלפסי, הלכות הרי""ף: ראש השנה ד ע""א – ע""ב"
2281,990051170900205171,CUL,"הלכות הרי""ף;פירושי תלמוד בבלי. ; Isaac Al-Fasi, Hilkhot ha-Rif: Rosh ha-Shanah 2 – 1 ; יצחק אלפסי, הלכות הרי""ף: ראש השנה ב – א"
2283,990051165220205171,CUL,"הלכות הרי""ף;תלמוד בבלי [טקסט]. ; Isaac Al-Fasi, Hilkhot ha-Rif: Megillah 15 b – 16 a ; יצחק אלפסי, הלכות הרי""ף: מגילה טו ע""ב – טז ע""א"
2283,990053637520205171,Oxford,"הלכות הרי""ף;פירושי תלמוד בבלי. ; Isaac Al-Fasi, Hilkhot ha-Rif: Megillah 9 b – 16 b ; יצחק אלפסי, הלכות הרי""ף: מגילה ט ע""ב – טז ע""ב"
2288,990051168360205171,CUL,"פירוש רבנו חננאל לתלמוד;פירושי תלמוד בבלי;תלמוד בבלי [טקסט]. ; Talmud Bavli Commentaries ; חננאל בן חושיאל, פירוש רבנו חננאל לתלמוד: בבא קמא יא ע""א – ע""ב"
2288,990053181580205171,JTS,"פירושי תלמוד בבלי. ; Talmud Bavli Commentaries: Bava Qamma 5 a – b; 9 a – 11 a ; פירושי תלמוד בבלי: בבא קמא ה ע""א – ע""ב; ט ע""א – יא ע""א"
2295,990051171810205171,CUL,"פירוש רבנו חננאל לתלמוד;פירושי תלמוד בבלי. ; Talmud Bavli Commentaries ; חננאל בן חושיאל, פירוש רבנו חננאל לתלמוד: בבא מציעא ב ע""ב – ב ע""ב; ג ע""ב – ד ע""א"
2295,990053645390205171,BL,"ספרות הלכתית ופרשנות תלמודית;פירוש רבנו חננאל לתלמוד. ; חננאל בן חושיאל, פירוש רבנו חננאל לתלמוד: בבא מציעא ג ע""א – ד ע""א"
2307,990051173480205171,CUL,"משנה תורה;משנה תורה ופירושיו. ; Moses b. Maimon, Rambam, Mishneh Torah: Mekhirah 13:17 – 14:7; 18:7 – 19:1 ; משה בן מימון, משנה תורה: מכירה יג:יז – יד:ז; יח:ז – יט:א"
2307,990053602990205171,JTS,"משנה תורה. ; משנה תורה, מכירה יח"
2308,990051173570205171,CUL,"משנה תורה;משנה תורה ופירושיו. ; Moses b. Maimon, Rambam, Mishneh Torah: Shabbat 25:14 – 26:3; 26:14 – 27:4 ; משה בן מימון, משנה תורה: שבת כה:יד – כו:ג; כו:יד – כז:ד"
2308,990053644140205171,BL,"משנה תורה;ספרות הלכתית ופרשנות תלמודית. ; Moses b. Maimon, Rambam, Mishneh Torah: Shabbat 25 ; משה בן מימון, משנה תורה: שבת כה"
2310,990051173730205171,CUL,"משנה תורה;משנה תורה ופירושיו. ; Moses b. Maimon, Rambam, Mishneh Torah: Tefillah ve-Birkat Kohanim 11:1 – 13:24; 14:1 – 2 ; משה בן מימון, משנה תורה: תפילה וברכת כהנים יא:א – יג:כד; יד:א – ב"
2310,990053622600205171,Oxford,"משנה תורה. ; Moses b. Maimon, Rambam, Mishneh Torah: Tefillah ve-Birkat Kohanim 11:3 – 13:4 ; משה בן מימון, משנה תורה: תפילה וברכת כהנים יא:ג – יג:ד"
2315,990051174770205171,CUL,"הלכה;הלכות הרי""ף. ; Isaac Al-Fasi, Hilkhot ha-Rif: Eruvin 1 – 2 ; יצחק אלפסי, הלכות הרי""ף: עירובין א – ב"
2315,990053642460205171,BL,"הלכה;הלכות הרי""ף. ; Eruvin 24 a – 33 a ; יצחק אלפסי, הלכות הרי""ף: עירובין כד ע""א – לג ע""א"
2321,990051175930205171,CUL,"הלכה;הלכות גדולות. ; Halakhic ; שמעון קיירא, הלכות גדולות: הלכות מיאון"
2321,990051983230205171,CUL,"הלכות גדולות;ספרות חז""ל. ; שמעון קיירא, הלכות גדולות: הלכות מיאון"
2324,990051176570205171,CUL,"ארבעה טורים;הלכה. ; Halakhic ; יעקב בן אשר, ארבעה טורים: חושן משפט; יעקב בן אשר, הלכות פסוקות: אבידה ומציאה; נחלות"
2324,990053785980205171,Manchester,
2337,990051177980205171,CUL,"הלכות גדולות. ; שמעון קיירא, הלכות גדולות: הלכות אבר מן החי; הלכות כיסוי הדם"
2337,990053620360205171,Oxford,"הלכות גדולות. ; שמעון קיירא, הלכות גדולות: הלכות כיסוי הדם"
2341,990051178710205171,CUL,"הלכות הרי""ף. ; Isaac Al-Fasi, Hilkhot ha-Rif: Pesahim 8 b – 11 b ; יצחק אלפסי, הלכות הרי""ף: פסחים ח ע""ב – יא ע""ב"
2341,990053962130205171,CUL,"הלכות הרי""ף;תלמוד בבלי. ; Isaac Al-Fasi, Hilkhot ha-Rif: Pesahim 10 a – b; 13 a ; יצחק אלפסי, הלכות הרי""ף: פסחים י ע""א – ע""ב; יג ע""א"
2353,990051182720205171,CUL,"פיוט. ; Ben Asher, Piyyut, Piyyut ; אהרן בן אשר, פיוט, פיוט"
2353,990053169210205171,JTS,פיוט. ; רהיט: יחיש מבשר דרך פני מנגד עמו...הסירו
2355,990051182770205171,CUL,"פיוט. ; Joseph al-Bardani, Piyyut, Piyyut ; יוסף אלברדאני, פיוט, פיוט"
2355,990051467650205171,CUL,פיוט. ; Piyyut
2357,990051182950205171,CUL,"פיוט. ; Piyyut ; פיוט (קרובה: ""ויושע אברהם"" (יהודה זבידה) (קדושתא לשבת) (קדושתא: ""אין לשוחח עוצם נפלאותיך"" (אלעזר הקליר)"
2357,990053442900205171,Oxford,"פיוט. ; Piyyut: ""ים סוף דחפם וירדן שטפם"" ; פיוט: ""ים סוף דחפם וירדן שטפם"""
2364,990051184670205171,CUL,"פיוט. ; Piyyut ; פיוט (שבועות): ""[בחודש השלישי אשר אמרתי לסגלה] - - --בני ישראל זרע בחירי קדושי"""
2364,990053187140205171,JTS,פיוט;תפילה וברכות. ; Liturgy and Brakhot ; תפילה וברכות
2370,990051185620205171,CUL,"סדרי ברכות (ברכות הנהנין, השבח, המצוות);פיוט;תוספות של סידור;תפילות קבע. ; Piyyut ; סדרי ברכות: ברכת המזון ""...הדרבן והמרדע והמלמד"" (שם בן ארבע: שלושה יודין בסגול); תוספות של סידור: סליחות ""...הדרבן והמרדע והמלמד"" (שם בן ארבע: שלושה יודין בסגול)"
2370,990051515650205171,CUL,פיוט. ; Piyyut
2378,990051186240205171,CUL,פיוט. ; Piyyut
2378,990051472780205171,CUL,פיוט. ; Piyyut
2382,990051186530205171,CUL,"פיוט. ; Piyyut ; פיוט: ""[אש נו]צצה כברק"" (יוסף בן ברזל)"
2382,990053463980205171,Oxford,משנה [טקסט];פיוט. ; Mishnah: Makkot 3:15; Eduyyot 8:7 ; משנה: מכות ג:טו; עדיות ח:ז
2388,990051187080205171,CUL,פיוט. ; Piyyut ; פיוטים.
2388,990051470280205171,CUL,"פיוט. ; Saadiah b. Joseph al-Fayyumi (Saadiah Gaon), Occasional prayer: Baqqashot and Personal Prayers[פרסום ראשון] ; סעדיה בן יוסף גאון, תפילה מזדמנת: בקשות ותפילות אישיות[פרסום ראשון]"
2394,990051188200205171,CUL,פיוט. ; Piyyut
2394,990053433800205171,Oxford,"פיוט. ; פיוט (בקשה ליום הכיפורים): ""שמע קולי""[withהעונה] (פזמון: ""זמן הזה צור הגיענו"" לראש השנה): ""שירו ילדי אמוני"" (מעמד לראש השנה): ""שלח מלאך מליץ"" (פזמון לראש השנה): ""דלתיך הלילה"" לראש השנה): "".בינו אל ארך אפים"" לראש השנה): ""אל חסדך יחלנו"" (קדושתא לראש השנה): ""ובכן... אריד בשיחי ואהמה""[מסתגאב] לראש השנה): ""אנא בקראנו לקול שוענו"" (סליחות לראש השנה): ""שטר עלי"" לראש השנה): ""משתחוים"" (סליחות ליום הכיפורים): ""שומע תפילה""[with רחמנא] (סליחות ליום הכיפורים): ""אנשי אמונה""[with תמהנו; אל מלך; חטאים] (סליחות ליום הכיפורים): ""אדיר ונאור"" ליום הכיפורים): ""רומם לאל המפליא""תהלים""יה צורי ואור נירי""ברוך אל אדיר במרומים""[לברוך שאמר]""אשתחוה אפים ארצה""בקראי ענני אלהי צדקי""אלהי אל תדינני במעלי"" (רשות: ""אלהים אלי אתה אשחרך""נשמת אסירי עונות""יה שמך ארוממך""[פזמון לישתבח]""יסוד היסוד וסוד הסוד""[לקדיש]""ידי רשים נחלשים""[לקדיש]""ברכי אצולה מרוח הקודש""[לברכו]""יוצר רוח אדם""[אל אדון]""שני פעמים מקוימים""תפילת יוצר""ליושב תהלות""אלהים אל מי אמשילך""יי צבאות שם כבוד מלכותך""ראש הממשלה הראשונה""אין קדוש כיי כי אין בלתו""רשע יגוני ממך לא נעלם""אדיר ונאור""שחר קמתי להודות""[מעמד לשחרית פזמון שלמה]""היום תישע שוחריך""למענך אלהי""יענה כבוד אבות""יום צעקו שבים""יצו האל לדל שואל""אל בית המלך לבוא נקראתי"" (סליחות: ""תקרב ותרצה ותבחר""[with רחמנא to אלהינו שבשמים]""עת שערי רצון להפתח""ארץ התמוטטה, במרומי ערץ""אערוך מדברי דתי"" (רשות: ""ארוממך חזקי"" (Gabirol)""אתה כוננת""רשע צופה כל נעלם""[וידוי גדול]""נאור מקור... אין מטיב בלתך""שמם הר ציון""יה להלל ביום ובליל""אל מעמדי שבתי""יערב לפניך כמו קרבן"" (קדושתא: ""ובכן הוא רחום... והוא ידין""[מסתגאב] (סליחות: ""יוספים שנית"" (סליחות: ""שעה קולי בהתעטפי""ישראל עבדיך לפניך נאספים"" (סליחות: ""עת שערי רצון: מנחה""[cf folio 74]""ובכן ...גבהי שמים""ובכן... אנשי חסד הנושאים""מעמד: קראתי מצרה""יחיד אלהי אמן"" (סליחות: ""רצה רנת מתודים"" (קדושתא: ""אסיר בכלי מצוקה""[מסתגאב]""אימות עלי נפלו""עינינו צופיה""שכחי יגונך""יה שמע אביונך""אנא כעב זדוני"" (סליחות: ""מרום וקדוש שעה"" (סליחות: ""זכור נא אלוהינו""בן אדמה יזכור""שוכני בתי חמר""; תפילות קבע: מוסף"
2399,990051188960205171,CUL,פיוט. ; Piyyut
2399,990052051070205171,CUL,פיוט.
2400,990051189100205171,CUL,"פיוט. ; Piyyut ; פיוט: ""[ת] - - - מכתב ששי שם בתוך יהלום כי הוא יונק ספוני מדודים"""
2400,990053223440205171,JTS,פיוט. ; Piyyut
2404,990051189840205171,CUL,פיוט. ; Piyyut
2404,990053490300205171,Oxford,"סדרי ברכות (ברכות הנהנין, השבח, המצוות);פיוט;תפילות קבע. ; Brakhot: Grace after meals ; פיוט (הושענות לסוכות): ""אנא אזון חין תאבי ישעך"""
2408,990051190710205171,CUL,פיוט. ; Piyyut
2408,990051470590205171,CUL,פיוט. ; Piyyut
2409,990051191130205171,CUL,"פיוט. ; Piyyut ; פיוט (יוצר): ""אור הזריחה ""בשבת הנחה (?) ""גאולה להצמיחה"" (שמואל בן הושענא (?))"
2409,990051692710205171,CUL,פיוט. ; Piyyut
2411,990051191240205171,CUL,"פיוט. ; Piyyut ; פיוט (סליחות): ""ידי אשר מהעוה נלאו בהישירם סלח"""
2411,990053147360205171,JTS,פיוט. ; Piyyut
2413,990051191710205171,CUL,פיוט. ; Piyyut
2413,990053430660205171,Oxford,"פיוט. ; Piyyut: ""אשירה ואזמרה לשמך גואלי"" ; פיוט: ""אשירה ואזמרה לשמך גואלי"""
2415,990051192080205171,CUL,פיוט. ; Piyyut
2415,990051604410205171,CUL,פיוט;שירת חול. ; Piyyut ; פיוט
2420,990051194060205171,CUL,"פיוט. ; Piyyut ; פיוט: ""[יכו]ן? בשמך עם כפר ניב שלמה נתתו? כחותם על זרועך לרוממה"""
2420,990053565910205171,BL,"פיוט. ; פיוט: ""אם תראי את מראיך"" (ספק לרמב""ע, ספק לר""מ אבן גיקטילה)"
2421,990051194150205171,CUL,"פיוט. ; Piyyut ; פיוט: ""- - - וטובות מני לקחו פועלי ועל יד עיני"" ((רי""צ גיאת ?))"
2421,990051194300205171,CUL,"פיוט. ; Piyyut ; פיוט: ""לחברת תמימים צור עולמים בטוב ונעימים יבלה ימיהם"""
2422,990051194260205171,CUL,"סדרי ברכות (ברכות הנהנין, השבח, המצוות);פיוט. ; Brakhot: Grace after meals ; פיוט: ""ברוך אתה ד"" (""האל המלך"". נוסף בין השיטין) מעורר ברחמים יצורים אשר יצר בחסד ובצדקה ""אבלים תנחם ""ביד שמו מנחם"""
2422,990053490130205171,Oxford,"סדרי ברכות (ברכות הנהנין, השבח, המצוות);פיוט;תפילות קבע. ; Brakhot: Grace after meals ; פיוט (הספד מפויט, צידוק הדין): ""אחינו קהל גומלי החסד"""
2424,990051194400205171,CUL,פיוט;תפילה וברכות;תפילות קבע. ; Common Prayers: Shaharit Hallel ; תפילות קבע: שחרית הלל
2424,990051663720205171,CUL,מקרא;מקרא [טקסט]. ; Bible: Psalms 118:3 – 17; 134:8 – 135:12 ; מקרא: תהילים קיח:ג – יז; קלד:ח – קלה:יב
2425,990051194590205171,CUL,"סדרי ברכות (ברכות הנהנין, השבח, המצוות);פיוט. ; Brakhot: Grace after meals"
2425,990051234940205171,CUL,"סדרי ברכות (ברכות הנהנין, השבח, המצוות);פיוט;תפילה וברכות;תפילות קבע. ; Brakhot: Grace after meals ; סדרי ברכות: ברכת המזון לחול ולשבת; קידוש לשמיני עצרת"
2428,990051194820205171,CUL,"סדרי ברכות (ברכות הנהנין, השבח, המצוות);פיוט;תפילה וברכות;תפילות קבע. ; Brakhot: Grace after meals ; פיוט (ברכת המזון מפויטת)"
2428,990053559610205171,BL,"סדרי ברכות (ברכות הנהנין, השבח, המצוות);פיוט. ; Brakhot: Grace after meals ; פיוט (ברכת המזון מפויטת לשבת): ""ביום שבתותיך תענוג למקהלותיך"""
2430,990051195130205171,CUL,פיוט. ; Piyyut
2430,990051504160205171,CUL,פיוט. ; Piyyut
2431,990051195340205171,CUL,פיוט. ; Piyyut
2431,990053805270205171,Mosseri,"פיוט. ; Piyyut (Purim): ""ומרדכי ידע כי נגזרה גזרה"" ; פיוט (פורים): ""ומרדכי ידע כי נגזרה גזרה"""
2435,990051196320205171,CUL,"פיוט. ; Piyyut ; פיוט: ""אש תוקד בקרבי בעלות על לבי צאתי ממצרים"""
2435,990051517070205171,CUL,פיוט. ; Piyyut
2439,990051196730205171,CUL,"פיוט. ; Piyyut ; פיוט: ""אז מלפנים צורי חטבתני ועתה בגולה פיזרתני(?) ועצבתני"" (""דויד בן ראש הגולה"")"
2439,990053429930205171,Oxford,"פיוט. ; Piyyut: ""אין לי דורש למי אחו ואזכור קטב""אליכם אשים אמימה קולי""[incomplete]""רובו דברך אשר למאוד אחמדנו""[end of a piece]""אנה חי עולם ממני אל תתעלם""אחזתי בסאתי אשר הייתי מדד""[incomplete] ; פיוט: ""אין לי דורש למי אחו ואזכור קטב""אליכם אשים אמימה קולי""[incomplete]""רובו דברך אשר למאוד אחמדנו""[end of a piece]""אנה חי עולם ממני אל תתעלם""אחזתי בסאתי אשר הייתי מדד""[incomplete]"
2441,990051196820205171,CUL,"פיוט. ; Piyyut ; פיוט (סליחות): ""- - - ואל ים פשעי תדלח ברחמים אשר נשאוני"""
2441,990051520170205171,CUL,"פיוט. ; Piyyut ; פיוט (סליחות לראש השנה): ""יודעי תרועה"" (משה אבן עזרא) (משה אבן עזרא)"
2442,990051197050205171,CUL,"פיוט. ; Piyyut ; פיוט: ""[א] - - - כי איך אוכל לעמוד בהראותו וכי יפקוד עלי מה אשיב אותו, ' צעדי נתיב לאפו מפולסים"" (דויד בן ראש הגולה)"
2442,990051605340205171,CUL,פיוט;שירת חול. ; Piyyut ; פיוט
2444,990051197140205171,CUL,"פיוט. ; Piyyut ; פיוט: ""שחקים וארקים הישאו בוראם"" (רשב""ג)"
2444,990051722470205171,CUL,פיוט. ; Piyyut
2446,990051197340205171,CUL,"פיוט. ; Piyyut ; פיוט: ""- - - - צרי ואקראה אל נא תהי... ויען אותי כאכזרי רבים בלא יין וטרופי על הר ועל עין כלבי"""
2446,990051466480205171,CUL,"פיוט. ; Piyyut ; פיוט (רהט/שבח): ""סעוד המוני"" (סהלאן בן אברהם)"
2447,990051197430205171,CUL,פיוט. ; Piyyut
2447,990051691020205171,CUL,פיוט. ; Piyyut
2458,990051200980205171,CUL,חכמת הנסתר;כתבים תיאורטיים. ; Occult Sciences ; Part of the 4th heaven of Sepher ha-Razim
2458,990051202280205171,CUL,חכמת הנסתר;כתבים תיאורטיים. ; Occult Sciences ; כתבים תיאורטיים
2489,990051221800205171,CUL,פיוט;תפילה וברכות. ; Liturgy and Brakhot ; תפילה וברכות
2489,990053201410205171,JTS,פיוט. ; Piyyut
2492,990051222260205171,CUL,"הלכה. ; הקטע עוסק בדרכי קניין על פי מקורות תלמודיים- מתנה, שטר חזקה, כתובה ובהלכות הקשורות אליהם."
2492,990053962990205171,CUL,הלכה;פולמוס קראי-רבני. ; Leaf from Samuel b. Hofni's Kitab Nask al-Sar' ('Treatise on Abrogation of the Law').
2497,990051223430205171,CUL,פיוט;תפילה וברכות. ; Liturgy and Brakhot ; תפילה וברכות
2497,990051606850205171,CUL,פיוט;שירת חול. ; Piyyut ; פיוט
2500,990051223600205171,CUL,פיוט;תפילה וברכות. ; Liturgy and Brakhot ; תפילה וברכות
2500,990051467120205171,CUL,פיוט. ; Piyyut
2501,990051223650205171,CUL,"פיוט. ; פיוט (יוצר לשבת): ""אזכרה היום מצמחת שלושת השושנים"" (אביתור)"
2501,990051578810205171,CUL,פיוט;שירת חול. ; Piyyut ; פיוט
2510,990051230210205171,CUL,"מכתבים. ; Calligraphic letter sent by Japheth to his brother Halfon b. Menasse, confirming the arrival of 10 dirhems and sending him some fuller's earth used in households."
2510,990053866080205171,Mosseri,מכתבים. ; Letter from Yefet b. Manasseh Ibn al-QaT?'if to his brother halfon b. Manesseh.
2512,990051232670205171,CUL,פיוט. ; Piyyut
2512,990053170130205171,JTS,פיוט. ; Piyyut
2525,990051242350205171,CUL,
2525,990051512690205171,CUL,פיוט. ; Piyyut
2527,990051242970205171,CUL,"פיוט. ; פיוט: ""אשרי מברכיך על טובה ועל רעה"" (יניי)"
2527,990051536450205171,CUL,פיוט. ; Piyyut
2529,990051243650205171,CUL,נספחות לחיבור;תעודות אישיות ושטרות. ; תעודות אישיות ושטרות: עם הבטחה לשלם פסטאט שנה 1107 אישור ואזהרת הבית דין יוסף הבחור בן יצחק הדיין לעולא לוי הפרנס בן יוסף; תעודות אישיות ושטרות: שטר הודאות
2529,990053595300205171,JTS,"הלכה;הלכה- גאונים. ; ספר השטרות (כתובה, שטר הלואה) מקביל למהד' אסף, עמ' 21-13 הגהות בין השיטין ובגליונות"
2530,990051243720205171,CUL,"תעודות אישיות ושטרות. ; תעודות אישיות ושטרות: הצהרה למנוע משפחת הבעל לבקר בדירת אשתו פסטאט שנה 1135 סופר: חלפון בן מנשה צדקה בן... ואשתו, ... בת שבתאי"
2530,990052153200205171,CUL,מכתבים;מסמכים;תעודות אישיות ושטרות. ; Legal document.
2537,990051247130205171,CUL,מכתבים. ; מכתבים: ברהון בן סליך התארתי אבו יצחק ברהון בן מוסא
2537,990053011420205171,JTS,מכתבים;נספחות לחיבור;רשימות. ; מכתבים: עסקים מקום השולח: פסטאט 1053 בקירוב ברהון בן צאלח התאהרתי ברהון בן מוסא
2548,990051252980205171,CUL,"מקרא [טקסט];תפסיר ערבי;תפסיר רס""ג. ; Saadiah b. Joseph al-Fayyumi (Saadiah Gaon), Tafsir Saadya Gaon: Exodus 26:16 – 30 ; סעדיה בן יוסף גאון, תפסיר רס""ג: שמות כו:טז – ל"
2548,990051272480205171,CUL,"תפסיר רס""ג. ; Saadiah b. Joseph al-Fayyumi (Saadiah Gaon), Tafsir Saadya Gaon: Exodus 26:12 – 27:7 ; סעדיה בן יוסף גאון, תפסיר רס""ג: שמות כו:יב – כז:ז"
2550,990051253300205171,CUL,"מקרא [טקסט];תפסיר ערבי;תפסיר רס""ג. ; Saadiah b. Joseph al-Fayyumi (Saadiah Gaon), Tafsir Saadya Gaon: Genesis 1:26 – 2:4 ; סעדיה בן יוסף גאון, תפסיר רס""ג: בראשית א:כו – ב:ד"
2550,990053631510205171,Oxford,"תפסיר רס""ג. ; Saadiah b. Joseph al-Fayyumi (Saadiah Gaon), Tafsir Saadya Gaon: Genesis ; סעדיה בן יוסף גאון, תפסיר רס""ג: בראשית"
2553,990051253750205171,CUL,מקרא [טקסט];פרשנות מקרא;תפסיר ערבי. ; Arabic Tafsir: Exodus 15:18 – 16:5 ; תפסיר ערבי: שמות טו:יח – טז:ה
2553,990053441750205171,Oxford,"פרשנות מקרא;תפסיר ערבי;תפסיר רס""ג. ; Biblical Exegesis ; פרשנות מקרא"
2554,990051253780205171,CUL,"מקרא [טקסט];תפסיר ערבי;תפסיר רס""ג. ; Saadiah b. Joseph al-Fayyumi (Saadiah Gaon), Tafsir Saadya Gaon: Exodus 10:10 – 11:10; Leviticus 22:18 – 23:15 ; סעדיה בן יוסף גאון, תפסיר רס""ג: שמות י:י – יא:י; ויקרא כב:יח – כג:טו"
2554,990053441660205171,Oxford,"פרשנות מקרא;תפסיר ערבי;תפסיר רס""ג. ; Biblical Exegesis ; פרשנות מקרא"
2561,990051255150205171,CUL,"מקרא [טקסט];פרשנות מקרא;תפסיר ערבי. ; Saadiah b. Joseph al-Fayyumi (Saadiah Gaon), Biblical Exegesis: Daniel 6 – 7 ; סעדיה בן יוסף גאון, פרשנות מקרא: דניאל ו – ז"
2561,990051267390205171,CUL,"פרשנות מקרא;תפסיר רס""ג. ; Saadiah b. Joseph al-Fayyumi (Saadiah Gaon), Tafsir Saadya Gaon: Daniel 6:19 – 29 ; סעדיה בן יוסף גאון, תפסיר רס""ג: דניאל ו:יט – כט"
2563,990051255320205171,CUL,"כתאב אלתעדיל;מקרא [טקסט];פרשנות מקרא;תפסיר ערבי. ; Arabic Tafsir ; סעדיה בן יוסף גאון, כתאב אלתעדיל: איוב טו:כ – כד; יח:ד – יא"
2563,990053625050205171,Oxford,"פרשנות מקרא;תפסיר ערבי. ; Saadiah b. Joseph al-Fayyumi (Saadiah Gaon), Biblical Exegesis: Job 15:1 – 26:13 ; סעדיה בן יוסף גאון, פרשנות מקרא: איוב טו:א – כו:יג"
2566,990051257750205171,CUL,פיוט;שירת חול;תפילה וברכות. ; Prayer
2566,990053940570205171,HUC,
2570,990051259980205171,CUL,"מדרש;מדרש מאוחר ודרשות;סדרי ברכות (ברכות הנהנין, השבח, המצוות);פיוט. ; Introduction to a midrashic work, possibly Karaite"
2570,990051487450205171,CUL,"סדרי ברכות (ברכות הנהנין, השבח, המצוות);פיוט. ; Brakhot: Grace after meals ; סדרי ברכות: ברכת המזון"
2572,990051260420205171,CUL,הלכה;ספרות הלכתית ופרשנות תלמודית. ; Laws of terefah
2572,990051321180205171,CUL,הלכה;ספרות הלכתית ופרשנות תלמודית. ; Laws of terefah
2579,990051262890205171,CUL,ספרות הלכתית ופרשנות תלמודית;פרשנות מקרא. ; Biblical Exegesis: Deuteronomy 21 ; פרשנות מקרא: דברים כא
2579,990051263450205171,CUL,ספרות הלכתית ופרשנות תלמודית;פרשנות מקרא. ; Biblical Exegesis: Deuteronomy 21 ; פרשנות מקרא: דברים כא
2593,990051266210205171,CUL,"תפסיר רס""ג. ; Saadiah b. Joseph al-Fayyumi (Saadiah Gaon), Tafsir Saadya Gaon: Genesis 42:36 – 43:20 ; סעדיה בן יוסף גאון, תפסיר רס""ג: בראשית מב:לו – מג:כ"
2593,990051272230205171,CUL,"תפסיר רס""ג. ; Saadiah b. Joseph al-Fayyumi (Saadiah Gaon), Tafsir Saadya Gaon: Genesis 42:15 – 43:25 ; סעדיה בן יוסף גאון, תפסיר רס""ג: בראשית מב:טו – מג:כה"
2594,990051266290205171,CUL,"תפסיר רס""ג. ; Saadiah b. Joseph al-Fayyumi (Saadiah Gaon), Tafsir Saadya Gaon: Genesis 39:1 – 11 ; סעדיה בן יוסף גאון, תפסיר רס""ג: בראשית לט:א – יא"
2594,990051267370205171,CUL,"פרשנות מקרא;שרח אל תורה [רס""ג];תפסיר ערבי;תפסיר רס""ג. ; סעדיה בן יוסף גאון, שרח אל תורה [רס""ג]: בראשית לח – מא"
2600,990051268130205171,CUL,"דלאלה אלחאירין. ; Moses b. Maimon, Rambam, Guide for the Perplexed (Arabic): 3:54 ; משה בן מימון, דלאלה אלחאירין: ג:נד"
2600,990051312400205171,CUL,"דלאלה אלחאירין;ספרות הגות (פילוסופיה, תיאולוגיה, מוסר). ; Moses b. Maimon, Rambam, Guide for the Perplexed (Arabic): 3:54 ; משה בן מימון, דלאלה אלחאירין: ג:נד"
2609,990051269160205171,CUL,"תפסיר רס""ג. ; Saadiah b. Joseph al-Fayyumi (Saadiah Gaon), Tafsir Saadya Gaon: Genesis 40:8 – 20; 41:23 – 35 ; סעדיה בן יוסף גאון, תפסיר רס""ג: בראשית מ:ח – כ; מא:כג – לה"
2609,990051670410205171,CUL,מקרא ותרגומים;פרשנות מקרא;תפסיר ערבי. ; Arabic Tafsir: Genesis 41:27 – 43; 43:5 – 17 ; תפסיר ערבי: בראשית מא:כז – מג; מג:ה – יז
2628,990051272070205171,CUL,"תפסיר רס""ג. ; Saadiah b. Joseph al-Fayyumi (Saadiah Gaon), Tafsir Saadya Gaon: Genesis 19:3 – 33 ; סעדיה בן יוסף גאון, תפסיר רס""ג: בראשית יט:ג – לג"
2628,990053415100205171,Oxford,"תפסיר ערבי. ; Arabic Tafsir: Genesis 18:24 – 20:6[It seems to be Seadiah’s translation, although not quite agreeing with Derenbourg’s text.] ; תפסיר ערבי: בראשית יח:כד – כ:ו[It seems to be Seadiah’s translation, although not quite agreeing with Derenbourg’s text.]"
2629,990051272560205171,CUL,"תפסיר רס""ג. ; Saadiah b. Joseph al-Fayyumi (Saadiah Gaon), Tafsir Saadya Gaon: Genesis 8:17 – 9:23; 19:3 – 20:18 ; סעדיה בן יוסף גאון, תפסיר רס""ג: בראשית ח:יז – ט:כג; יט:ג – כ:יח"
2629,990053866600205171,Mosseri,"מקרא ותרגומים;תפסיר רס""ג. ; Sa'adya's translation of Genesis 20:8-21:14."
2638,990051274750205171,CUL,"כתאב אלשראיע [רס""ג];ספרי מצות (רבניים). ; Saadiah b. Joseph al-Fayyumi (Saadiah Gaon), Book of Precepts [R. Saadya Gaon]: 19 – 20 ; סעדיה בן יוסף גאון, כתאב אלשראיע [רס""ג]: יט – כ"
2638,990053585640205171,JTS,"הלכה;הלכה- גאונים;כתאב אלשראיע [רס""ג]. ; Saadiah b. Joseph al-Fayyumi (Saadiah Gaon), Book of Precepts [R. Saadya Gaon]: 18 – 19 ; סעדיה בן יוסף גאון, כתאב אלשראיע [רס""ג]: יח – יט"
2639,990051274810205171,CUL,"תפסיר רס""ג. ; Saadiah b. Joseph al-Fayyumi (Saadiah Gaon), Tafsir Saadya Gaon: Exodus 23:5 – 24:6; Numbers 23:21 – 26:15; 28:29 – 30:13; 31:15 – 32:31 ; סעדיה בן יוסף גאון, תפסיר רס""ג: שמות כג:ה – כד:ו; במדבר כג:כא – כו:טו; כח:כט – ל:יג; לא:טו – לב:לא"
2639,990053441880205171,Oxford,פרשנות מקרא;תפסיר ערבי. ; Biblical Exegesis ; פרשנות מקרא
2643,990051276130205171,CUL,פרשנות מקרא;תפסיר ערבי. ; Arabic Tafsir: Leviticus 16:1 – 11 ; תפסיר ערבי: ויקרא טז:א – יא
2643,990053590200205171,JTS,"לא ניתן להכרעה מתוך הקטלוג;פרשנות מקרא;שרח אל תורה [רס""ג]. ; סעדיה בן יוסף גאון, שרח אל תורה [רס""ג]: ויקרא אחרי מות טז:א – ג"
2658,990051284380205171,CUL,חכמת הלשון;פולמוס;פילוסופיה. ; Philology ; Possibly a philosophical/polemical work (containing discussion between malik al-ru m and malik al-si n)
2658,990051330080205171,CUL,"סיפורת וספרות יפה. ; Tale including a dialogue, possibly between a king and a poor man"
2661,990051284950205171,CUL,"דרשות;פרשנות מקרא;שרח אל תורה [רס""ג];תפסיר רס""ג. ; Derashot ; סעדיה בן יוסף גאון, שרח אל תורה [רס""ג]: הקדמה בראשית"
2661,990053585820205171,JTS,"פרשנות מקרא;שרח אל תורה [רס""ג];תיאולוגיה. ; סעדיה בן יוסף גאון, שרח אל תורה [רס""ג]: הקדמה"
2666,990051293170205171,CUL,פיוט;שירת חול;תפילה וברכות. ; Prayer
2666,990051293750205171,CUL,פיוט;שירת חול;תפילה וברכות. ; Secular Poetry ; Translation of a piyyut
2667,990051293820205171,CUL,פיוט;שירת חול;תפילה וברכות. ; Liturgy
2667,990051309420205171,CUL,"רפואה;תיאולוגיה. ; Opening paragraph of a religious work, being rhymed praises of God"
2674,990051295390205171,CUL,מקרא [טקסט];פיוט;שירת חול;תפילה וברכות. ; Paraphrase of the Ten Commandments
2674,990053193120205171,JTS,"פיוט;תחום לא מזוהה;תפילה וברכות. ; ברכת המזון, פיוט ערבי-יהודי"
2679,990051296220205171,CUL,סיפורת וספרות יפה;פיוט;שירת חול;תפילה וברכות. ; Liturgical poem
2679,990051311380205171,CUL,מיסטיקה (לא קבלה);שירת חול. ; Mystical work by a Jewish author
2689,990051313560205171,CUL,"פירוש המשנה לרמב""ם [ערבית]. ; Moses b. Maimon, Rambam, Maimonides Mishna Commentary[Arabic]: Sanhedrin 10 ; משה בן מימון, פירוש המשנה לרמב""ם [ערבית]: סנהדרין י"
2689,990053595570205171,JTS,"משנה [טקסט];פירוש המשנה לרמב""ם [ערבית]. ; פירוש המשנה לרמב""ם, ההקדמה לפירוש לפרק חלק (פירוש למשנה, סדר נזיקין, מסכת סנהדרין, הקדמה לפירוש לפרק העשירי (פרק חלק), ע' ריא-ריג)."
2692,990051315380205171,CUL,"דרשות;פירוש המשנה לרמב""ם [ערבית];פרשנות מקרא. ; Moses b. Maimon, Rambam, Maimonides Mishna Commentary[Arabic]: Introduction Sanhedrin 10 ; משה בן מימון, פירוש המשנה לרמב""ם [ערבית]: הקדמה סנהדרין י"
2692,990051366490205171,CUL,תוספות של סידור. ; Liturgical additions: Haggadah (and other matters) of Pesach ; תוספות של סידור: הגדה (ועניינים אחרים) של פסח
2696,990051316550205171,CUL,"דרשות;מדרש דוד הנגיד;מדרשי אגדה;מקרא [טקסט]. ; David b. Abraham b. Maimon, Midrash David ha-Nagid: Genesis 25:19 ; דוד בן אברהם הנגיד, מדרש דוד הנגיד: בראשית כה:יט"
2696,990053452170205171,Oxford,דרשות. ; Derashot
2701,990051317180205171,CUL,דרשות;הלכה;כפאיה אלעאבידין. ; Abraham Maimonidess Kitab kifayat al-'abidi n
2701,990053578580205171,JTS,באב אלברכות;הלכה [הוראות והלכות];ס' הנהגת הבוקר;תפילה וברכות. ; חלקים משערי ברכות )באב אלברכות(
2710,990051320610205171,CUL,כתאב פי אלפרג בעד אלשדה;מדרשי אגדה;ספרות הלכתית ופרשנות תלמודית. ; Talmudic aggadot
2710,990053633880205171,Oxford,"היסטוריוגרפיה ותאורים גיאוגרפיים;כתאב פי אלפרג בעד אלשדה. ; נסים בן יעקב מקירואן, חבור יפה מהישועה."
2711,990051320840205171,CUL,ספרות הלכתית ופרשנות תלמודית;פיוט;תרגומים ארמיים. ; Aramaic Targumim ; תרגומים ארמיים
2711,990053451160205171,Oxford,פיוט. ; Piyyut (Selihot) ; פיוט (סליחות)
2714,990051322640205171,CUL,הלכה; הלכות שחיטה מכתצרה אלהלכה ותפסירהא; כתאב אלטריפות; ספרות הלכתית ופרשנות תלמודית. ; Laws of Shehitah
2714,990053218070205171,JTS,"הלכה;הלכה- גאונים;פיוט. ; הלכות שחיטה (מסוג ""הלכות קטנות""), עם תרגום בערבית-יהודית"
2720,990051330110205171,CUL,מפתחות. ; Recto: Hebrew index to Psalms 120-139
2720,990053214920205171,JTS,מקרא [טקסט]. ; רשימת מזמורי תהילים
2734,990051342740205171,CUL,"מעשה בית דין [השיוך לא ברור ולא נבדק כל קטע וקטע.];תעודות אישיות ושטרות;תפילה וברכות. ; תעודות אישיות ושטרות: פסטאט מאה העשירי יש ישועה בן אברהם לבן אחותו, סע'דן.; תעודות אישיות ושטרות: שטר מחילה"
2734,990053686110205171,Manchester,פיוט;תפילה וברכות. ; Liturgical poem
2735,990051344500205171,CUL,פיוט. ; Piyyut
2735,990053034160205171,JTS,פיוט;שירת חול. ; שירים
2740,990051345100205171,CUL,כתובים (תהלים כו:יב-לג:א) : ; מגילה.
2740,990053229920205171,JTS,"פיוט;תפילה וברכות;תפילות קבע. ; תפילות קבע: שחרית חול פסוקי דזמרה ""הייתי נבהל: אליך... היה עזר לי"" (שם בן ארבע: הוי""ה)"
2753,990051352630205171,CUL,מקרא [טקסט];פרשנות מקרא.
2753,990051625960205171,CUL,מקרא ותרגומים;פרשנות מקרא;תפסיר ערבי. ; Arabic Tafsir: Lamentations 3:52 – 57; 60 – 65; 4:1 – 3; 5 – 8 ; תפסיר ערבי: איכה ג:נב – נז; ס – סה; ד:א – ג; ה – ח
2771,990051361550205171,CUL,פרשנות מקרא רבנית. ; Biblical Exegesis - Rabbanite: Leviticus ; פרשנות מקרא רבנית: ויקרא
2771,990053344830205171,JTS,
2773,990051361770205171,CUL,"הלכה- ראשונים ואחרונים. ; הלכות תפילה. בספר 'הנהגת אדם' המיוחס לרב ייבי מובא ציטוט מספר זה כציטוט מספר הקנה, אך לא מצאתיו שם. דפוס."
2773,990051363980205171,CUL,הלכה- ראשונים ואחרונים;מוסר. ; ספר 'שוחטי הילדים' לר' ישראל נג'ארה וספר 'היראה' לרבנו יונה. דפוס.
2781,990051363420205171,CUL,מוסר. ; דפוס: מאמר בגנות לשון הרע.
2781,990051638310205171,CUL,
2788,990051368240205171,CUL,פיוט. ; Piyyut
2788,990053452980205171,Oxford,
2789,990051368950205171,CUL,"Isaac Al-Fasi, Hilkhot ha-Rif: Hullin 20 a; 24 b – 25 a ; יצחק אלפסי, הלכות הרי""ף: חולין כ ע""א; כד ע""ב – כה ע""א"
2789,990051930430205171,CUL,"הלכות הרי""ף. ; Isaac Al-Fasi, Hilkhot ha-Rif: Hullin 20 a; 22 a – b ; יצחק אלפסי, הלכות הרי""ף: חולין כ ע""א; כב ע""א – ע""ב"
2790,990051369440205171,CUL,פיוט. ; Piyyut
2790,990051465680205171,CUL,פיוט. ; Piyyut
2791,990051369650205171,CUL,פיוט. ; Piyyut
2791,990051609480205171,CUL,פיוט;שירת חול. ; Piyyut ; פיוט
2792,990051369890205171,CUL,פיוט.
2792,990051475800205171,CUL,פיוט. ; Piyyut
2795,990051372100205171,CUL,פיוט. ; Piyyut
2795,990051576480205171,CUL,פיוט;שירת חול. ; Piyyut ; פיוט
2796,990051372350205171,CUL,פיוט. ; Piyyut
2796,990053178430205171,JTS,"הלכה;פיוט. ; אזהרות הלכות שבת, ועוד"
2798,990051372840205171,CUL,פיוט;תפילה וברכות. ; Liturgy and Brakhot ; תפילה וברכות
2798,990051522080205171,CUL,פיוט;תוספות של סידור;תפילה וברכות;תפילות קבע. ; Liturgical additions: Selichot ; תוספות של סידור: סליחות
2803,990051376500205171,CUL,פיוט;תפילה וברכות. ; Liturgy and Brakhot ; תפילה וברכות
2803,990053429710205171,Oxford,"פיוט. ; Piyyut (Selihot)[much injured]""אזי הייתי קלס לכל השאטים""את מי זנחתה לנצח כי מדוע זנחתנו לנצחים""[cf. fol 25]""אוי מי קשה כאב. אשר לבניו היה כאויב""אכן סר מר המות. נמתק מדבש היטיב""אין עמך לעצור. תהי ידך לעזרני""[incomplete]""מדוע בשאלנו אין לנו חנות""אויל עמי ביי למעול""[אב ; two strophes for each letter; incomplete]""אמרנא לכל הגויים""אנה עזב אל המון מעיו""[incomplete]""היה כאויב אל עליון. ויחמם כגן גיא חיזיון""[cf. fol 25]""אני הגבר ראה כידו""איכה יועם זהב""זכור יי מה היה לעם בחיר""[incomplete] ; פיוט (סליחות)[much injured]""אזי הייתי קלס לכל השאטים""את מי זנחתה לנצח כי מדוע זנחתנו לנצחים""[cf. fol 25]""אוי מי קשה כאב. אשר לבניו היה כאויב""אכן סר מר המות. נמתק מדבש היטיב""אין עמך לעצור. תהי ידך לעזרני""[incomplete]""מדוע בשאלנו אין לנו חנות""אויל עמי ביי למעול""[אב ; two strophes for each letter; incomplete]""אמרנא לכל הגויים""אנה עזב אל המון מעיו""[incomplete]""היה כאויב אל עליון. ויחמם כגן גיא חיזיון""[cf. fol 25]""אני הגבר ראה כידו""איכה יועם זהב""זכור יי מה היה לעם בחיר""[incomplete]"
2805,990051378180205171,CUL,
2805,990053436240205171,Oxford,"פיוט. ; Piyyut (Yom Ha-Kippurim): ""(ואתה קדוש) אתה אדון איום אש אוכלה אתה""אתה הוא אלהים בישראל""אתן תהלה למלך""מעשה אלהינו"" (Yom Ha-Kippurim): ""מלך עליון"" ; פיוט (יום הכיפורים): ""(ואתה קדוש) אתה אדון איום אש אוכלה אתה""אתה הוא אלהים בישראל""אתן תהלה למלך""מעשה אלהינו"" (יום הכיפורים): ""מלך עליון"""
2816,990051380550205171,CUL,Lamentations 4:9-5:22; Ecclesiastes 1:1-12:14; Esther 1:1-10:3; Daniel 1:1-12:13; Ezra 1:1-10:44; Nehemiah 1:1-13:31; 1 Chronicles 1:1-21:17
2816,990051555930205171,CUL,מקרא;מקרא [טקסט]. ; Bible: I Chronicles 6:6 – 14; 16 – 20; 39 – 46; 56 – 65; 7:9 – 19; 30 – 36; 7:38 – 8:2; 8:24 – 38; 9:12 – 22; 34 – 43; 10:9 – 11:2; 11:12 – 19; 11:33 – 12:3; 12:16 – 22; 12:34 – 13:1; 13:10 – 14:4; 14:15 – 15:9; 15:20 – 28; 16:9 – 20 ; מקרא: דברי הימים א ו:ו – יד; טז – כ; לט – מו; נו – סה; ז:ט – יט; ל – לו; ז:לח – ח:ב; ח:כד – לח; ט:יב – כב; לד – מג; י:ט – יא:ב; יא:יב – יט; יא:לג – יב:ג; יב:טז – כב; יב:לד – יג:א; יג:י – יד:ד; יד:טו – טו:ט; טו:כ – כח; טז:ט – כ
2861,990051393780205171,CUL,
2861,990051448720205171,CUL,
2869,990051395540205171,CUL,גלוסאר לפיוט. ; דפוס. גלוסר לפיוטים ליום הכיפור מתוך מחזור.
2869,990052327440205171,CUL,
2875,990051397770205171,CUL,
2875,990052302580205171,CUL,
2885,990051400420205171,CUL,
2885,990051449510205171,CUL,
2888,990051401960205171,CUL,
2888,990053441400205171,Oxford,פרשנות מקרא. ; Biblical Exegesis: Genesis 12:8 – 16:8 ; פרשנות מקרא: בראשית יב:ח – טז:ח
2897,990051403870205171,CUL,"שלמה בן יצחק, פירוש רש""י למקרא: דברים ניצבים ל:יט – לא:יד"
2897,990052302800205171,CUL,
2903,990051405330205171,CUL,
2903,990051917250205171,CUL,תרגום אונקלוס;תרגומים ארמיים. ; Targum Onqelos: Leviticus 23:18 – 24 ; תרגום אונקלוס: ויקרא כג:יח – כד
2917,990051409480205171,CUL,
2917,990051637920205171,CUL,
2918,990051409790205171,CUL,
2918,990051588330205171,CUL,
2921,990051412680205171,CUL,מקרא [טקסט];מקרא ותרגומים;פרשנות מקרא. ; Biblical Exegesis ; פרשנות מקרא
2921,990052062880205171,CUL,פיוט.
2922,990051413170205171,CUL,תחום לא מזוהה;תפסיר ערבי. ; Arabic Tafsir: Genesis 9:15 – 10:5 ; תפסיר ערבי: בראשית ט:טו – י:ה
2922,990053646850205171,BL,מקרא ותרגומים;תפסיר ערבי. ; Arabic Tafsir: Genesis 8:21 – 12:11 ; תפסיר ערבי: בראשית ח:כא – יב:יא
2923,990051415240205171,CUL,פיוט;שירת חול. ; Piyyut ; פיוט
2923,990053274290205171,JTS,פיוט;תוספות של סידור;תפילה וברכות. ; Liturgy and Brakhot ; תפילה וברכות
2925,990051418580205171,CUL,מקרא ותרגומים;פיוט;פרשנות מקרא;שירת חול. ; Biblical Exegesis ; פיוט
2925,990053146680205171,JTS,פיוט. ; יוצר ראש השנה
2927,990051418920205171,CUL,מקרא ותרגומים;פיוט;פרשנות מקרא;שירת חול. ; Biblical Exegesis ; פיוט
2927,990051464750205171,CUL,פיוט. ; Piyyut
2945,990051432220205171,CUL,מקרא; מקרא [טקסט]; תרגום אונקלוס. ; Targum Onqelos: Exodus 37:14 – 38:12 ; תרגום אונקלוס: שמות לז:יד – לח:יב
2945,990051756730205171,CUL,
2949,990051439120205171,CUL,פיוט;שירת חול;תפילה וברכות. ; Piyyut ; פיוט
2949,990053034560205171,JTS,פיוט;שירת חול. ; שירים
2950,990051439780205171,CUL,פיוט;שירת חול;תפילה וברכות. ; Piyyut ; פיוט
2950,990053156270205171,JTS,פיוט. ; Piyyut
2972,990051449890205171,CUL,
2972,990053780230205171,Manchester,
2976,990051451250205171,CUL,פיוט;שירת חול;תפילה וברכות. ; Piyyut ; פיוט
2976,990051517460205171,CUL,מכתבים;פיוט. ; Piyyut ; פיוט
2981,990051453510205171,CUL,פיוט;שירת חול. ; Piyyut ; פיוט
2981,990051692520205171,CUL,פיוט. ; Piyyut
2982,990051454060205171,CUL,פיוט;שירת חול. ; Piyyut ; פיוט
2982,990051460410205171,CUL,פיוט. ; Piyyut
2984,990051454430205171,CUL,נספחות לחיבור;פיוט;שירת חול. ; Hebrew: piyyutim; Judaeo-Arabic/Coptic numerals: calculation of the years from Adam to the Flood and from Noah to Abraham
2984,990053468500205171,Oxford,"פיוט. ; Piyyut (Hoshanot): ""ה... תומכי ביד ערבה""[incomplete; part of 2717.1] ; פיוט (הושענות): ""ה... תומכי ביד ערבה""[incomplete; part of 2717.1]"
2985,990051454610205171,CUL,פיוט;שירת חול. ; Piyyut ; פיוט
2985,990051605570205171,CUL,פיוט;שירת חול. ; Piyyut ; פיוט
2987,990051455050205171,CUL,פיוט;שירת חול. ; Piyyut ; פיוט
2987,990051466520205171,CUL,"פיוט. ; Piyyut ; פיוט (רהט/שבח): ""סלולך הישר הצעידיני"" (סהלאן בן אברהם)"
2992,990051456370205171,CUL,לוח שנה. ; Calendar ; Calendrical work
2992,990053134820205171,JTS,הלכה;לוח שנה;ספרות הלכתית ופרשנות תלמודית. ; עיבור השנה בערבית-יהודית סימני השנים
2993,990051456880205171,CUL,"לוח שנה. ; Calendar ; Calendar providing information on the day of the week of the New Moon, holidays and fasts."
2993,990053227860205171,JTS,לוח שנה. ; לוח השנה ערבי-יהודי
3000,990051459310205171,CUL,קדושתא לראש השנה (קטעים).
3000,990053458860205171,Oxford,"פיוט. ; Piyyut: ""אתחיל יום פקודה באימיו כל לחום לסקדה..."" ; פיוט: ""אתחיל יום פקודה באימיו כל לחום לסקדה..."""
3004,990051459600205171,CUL,פיוט. ; Piyyut
3004,990053932370205171,CUL,פיוט. ; Piyyut
3005,990051459620205171,CUL,פיוט. ; Piyyut
3005,990053143590205171,JTS,פיוט. ; יוצר: ה' מלכינו מתי תוליכנו גאולים...
3009,990051461490205171,CUL,פיוט. ; Piyyut
3009,990051511760205171,CUL,פיוט. ; Piyyut
3017,990051465690205171,CUL,פיוט. ; Piyyut
3017,990053412990205171,Oxford,"פיוט. ; Piyyut (Selihot) (Selihot): ""אתא היום אשר יגורתי אשר צפנתיהו"" (Selihot): ""תאר היום ויחל ואותי אירע"" (Selihot): ""אמרה אם הבנים מה יתרון לי"" (Selihot): ""אייליל הה ליום המפרק גדילים"" (Selihot): ""תגרת יום קרב ומלחמה"" (Selihot): ""תקרא שפתי קינות על מחמודי קדם"" (Selihot): ""אני נתקתי מוסרת והדדתי אוסף"" (Selihot): ""איכה רחובות עיר מלאי רננות"" (Selihot): ""זכור תבוסת צאן טבחה""[on the ten martyrs] (Selihot): ""אתה הסעתה גפן מנוף"" (Selihot): ""אויבים השמיעו לחרפי טמא סור"" (Selihot): ""אזי כי הייתי קלס לכל השאטים אותי"" (Selihot): ""תחת אשר לא שמענו פקודיך הישרים"" (Selihot): ""את מי זנחתה לנצח"" (Selihot): ""אוי מי קשה כאב אשר היה לבניו כאויב"" (Selihot): ""אכן סר מר המות נמתק"" (Selihot): ""אין עמך לעצור"" (Selihot): ""אמור נא לכל הגויים"" (Selihot): ""אנה עזב אל המון מעיו"" (Selihot): ""אז בשביינו צר לא הניח"" (Selihot): ""אקראה היום צום"" (Selihot): ""אאבל אאנה על חרבן אולמי"" (Selihot): ""אילצני ביום זה שוכן שמי ערץ"" (Selihot): ""יללתי גדלה מייללת אגליים"" (Selihot): ""אעיר אנחה ומנוחה"" (Selihot): ""יום זה אילילה... אלץ על אלץ"" (Selihot): ""אהה ליום מפקד מעוה"" (Selihot): ""אוי לי כי נדמיתי"" (Selihot): ""אנה אלך אבל וחפוי ראשי""איכה אהלי ידידות""[incomplete and without vowel points] (Selihot) (Selihot): ""אויה לי כי נלטשו"" (Selihot): ""אבוי לירח חמישי צוקותיו"" (Selihot): ""איכה מעביר כפי מדוד"" ; פיוט (סליחות) (סליחות): ""אתא היום אשר יגורתי אשר צפנתיהו"" (סליחות): ""תאר היום ויחל ואותי אירע"" (סליחות): ""אמרה אם הבנים מה יתרון לי"" (סליחות): ""אייליל הה ליום המפרק גדילים"" (סליחות): ""תגרת יום קרב ומלחמה"" (סליחות): ""תקרא שפתי קינות על מחמודי קדם"" (סליחות): ""אני נתקתי מוסרת והדדתי אוסף"" (סליחות): ""איכה רחובות עיר מלאי רננות"" (סליחות): ""זכור תבוסת צאן טבחה""[on the ten martyrs] (סליחות): ""אתה הסעתה גפן מנוף"" (סליחות): ""אויבים השמיעו לחרפי טמא סור"" (סליחות): ""אזי כי הייתי קלס לכל השאטים אותי"" (סליחות): ""תחת אשר לא שמענו פקודיך הישרים"" (סליחות): ""את מי זנחתה לנצח"" (סליחות): ""אוי מי קשה כאב אשר היה לבניו כאויב"" (סליחות): ""אכן סר מר המות נמתק"" (סליחות): ""אין עמך לעצור"" (סליחות): ""אמור נא לכל הגויים"" (סליחות): ""אנה עזב אל המון מעיו"" (סליחות): ""אז בשביינו צר לא הניח"" (סליחות): ""אקראה היום צום"" (סליחות): ""אאבל אאנה על חרבן אולמי"" (סליחות): ""אילצני ביום זה שוכן שמי ערץ"" (סליחות): ""יללתי גדלה מייללת אגליים"" (סליחות): ""אעיר אנחה ומנוחה"" (סליחות): ""יום זה אילילה... אלץ על אלץ"" (סליחות): ""אהה ליום מפקד מעוה"" (סליחות): ""אוי לי כי נדמיתי"" (סליחות): ""אנה אלך אבל וחפוי ראשי""איכה אהלי ידידות""[incomplete and without vowel points] (סליחות) (סליחות): ""אויה לי כי נלטשו"" (סליחות): ""אבוי לירח חמישי צוקותיו"" (סליחות): ""איכה מעביר כפי מדוד"""
3020,990051465940205171,CUL,"פיוט. ; Piyyut ; פיוט (יוצר לשבת): ""סירים סבוכים נמשלו אשר יודעו"" (סהלאן בן אברהם)[לשבת 'שמעו']"
3020,990051553730205171,CUL,
3021,990051465970205171,CUL,פיוט. ; Piyyut
3021,990053429840205171,Oxford,"פיוט. ; Piyyut (Selihot)[much injured]""אזי הייתי קלס לכל השאטים""את מי זנחתה לנצח כי מדוע זנחתנו לנצחים""[cf. fol 25]""אוי מי קשה כאב. אשר לבניו היה כאויב""אכן סר מר המות. נמתק מדבש היטיב""אין עמך לעצור. תהי ידך לעזרני""[incomplete]""מדוע בשאלנו אין לנו חנות""אויל עמי ביי למעול""[אב ; two strophes for each letter; incomplete]""אמרנא לכל הגויים""אנה עזב אל המון מעיו""[incomplete]""היה כאויב אל עליון. ויחמם כגן גיא חיזיון""[cf. fol 25]""אני הגבר ראה כידו""איכה יועם זהב""זכור יי מה היה לעם בחיר""[incomplete] ; פיוט (סליחות)[much injured]""אזי הייתי קלס לכל השאטים""את מי זנחתה לנצח כי מדוע זנחתנו לנצחים""[cf. fol 25]""אוי מי קשה כאב. אשר לבניו היה כאויב""אכן סר מר המות. נמתק מדבש היטיב""אין עמך לעצור. תהי ידך לעזרני""[incomplete]""מדוע בשאלנו אין לנו חנות""אויל עמי ביי למעול""[אב ; two strophes for each letter; incomplete]""אמרנא לכל הגויים""אנה עזב אל המון מעיו""[incomplete]""היה כאויב אל עליון. ויחמם כגן גיא חיזיון""[cf. fol 25]""אני הגבר ראה כידו""איכה יועם זהב""זכור יי מה היה לעם בחיר""[incomplete]"
3022,990051466250205171,CUL,פיוט. ; Piyyut
3022,990051604710205171,CUL,פיוט;שירת חול. ; Piyyut ; פיוט
3028,990051468220205171,CUL,פיוט. ; Piyyut
3028,990051517110205171,CUL,פיוט. ; Piyyut
3029,990051468360205171,CUL,פיוט. ; Piyyut
3029,997012124336605171,RNL,פיוטים ליום בפור (קטע).
3038,990051469320205171,CUL,פיוט. ; Piyyut
3038,990051505210205171,CUL,פיוט. ; Piyyut
3041,990051469880205171,CUL,פיוט. ; Piyyut
3041,990053412960205171,Oxford,"פיוט. ; Piyyut (Selihot) (Selihot): ""אתא היום אשר יגורתי אשר צפנתיהו"" (Selihot): ""תאר היום ויחל ואותי אירע"" (Selihot): ""אמרה אם הבנים מה יתרון לי"" (Selihot): ""אייליל הה ליום המפרק גדילים"" (Selihot): ""תגרת יום קרב ומלחמה"" (Selihot): ""תקרא שפתי קינות על מחמודי קדם"" (Selihot): ""אני נתקתי מוסרת והדדתי אוסף"" (Selihot): ""איכה רחובות עיר מלאי רננות"" (Selihot): ""זכור תבוסת צאן טבחה""[on the ten martyrs] (Selihot): ""אתה הסעתה גפן מנוף"" (Selihot): ""אויבים השמיעו לחרפי טמא סור"" (Selihot): ""אזי כי הייתי קלס לכל השאטים אותי"" (Selihot): ""תחת אשר לא שמענו פקודיך הישרים"" (Selihot): ""את מי זנחתה לנצח"" (Selihot): ""אוי מי קשה כאב אשר היה לבניו כאויב"" (Selihot): ""אכן סר מר המות נמתק"" (Selihot): ""אין עמך לעצור"" (Selihot): ""אמור נא לכל הגויים"" (Selihot): ""אנה עזב אל המון מעיו"" (Selihot): ""אז בשביינו צר לא הניח"" (Selihot): ""אקראה היום צום"" (Selihot): ""אאבל אאנה על חרבן אולמי"" (Selihot): ""אילצני ביום זה שוכן שמי ערץ"" (Selihot): ""יללתי גדלה מייללת אגליים"" (Selihot): ""אעיר אנחה ומנוחה"" (Selihot): ""יום זה אילילה... אלץ על אלץ"" (Selihot): ""אהה ליום מפקד מעוה"" (Selihot): ""אוי לי כי נדמיתי"" (Selihot): ""אנה אלך אבל וחפוי ראשי""איכה אהלי ידידות""[incomplete and without vowel points] (Selihot) (Selihot): ""אויה לי כי נלטשו"" (Selihot): ""אבוי לירח חמישי צוקותיו"" (Selihot): ""איכה מעביר כפי מדוד"" ; פיוט (סליחות) (סליחות): ""אתא היום אשר יגורתי אשר צפנתיהו"" (סליחות): ""תאר היום ויחל ואותי אירע"" (סליחות): ""אמרה אם הבנים מה יתרון לי"" (סליחות): ""אייליל הה ליום המפרק גדילים"" (סליחות): ""תגרת יום קרב ומלחמה"" (סליחות): ""תקרא שפתי קינות על מחמודי קדם"" (סליחות): ""אני נתקתי מוסרת והדדתי אוסף"" (סליחות): ""איכה רחובות עיר מלאי רננות"" (סליחות): ""זכור תבוסת צאן טבחה""[on the ten martyrs] (סליחות): ""אתה הסעתה גפן מנוף"" (סליחות): ""אויבים השמיעו לחרפי טמא סור"" (סליחות): ""אזי כי הייתי קלס לכל השאטים אותי"" (סליחות): ""תחת אשר לא שמענו פקודיך הישרים"" (סליחות): ""את מי זנחתה לנצח"" (סליחות): ""אוי מי קשה כאב אשר היה לבניו כאויב"" (סליחות): ""אכן סר מר המות נמתק"" (סליחות): ""אין עמך לעצור"" (סליחות): ""אמור נא לכל הגויים"" (סליחות): ""אנה עזב אל המון מעיו"" (סליחות): ""אז בשביינו צר לא הניח"" (סליחות): ""אקראה היום צום"" (סליחות): ""אאבל אאנה על חרבן אולמי"" (סליחות): ""אילצני ביום זה שוכן שמי ערץ"" (סליחות): ""יללתי גדלה מייללת אגליים"" (סליחות): ""אעיר אנחה ומנוחה"" (סליחות): ""יום זה אילילה... אלץ על אלץ"" (סליחות): ""אהה ליום מפקד מעוה"" (סליחות): ""אוי לי כי נדמיתי"" (סליחות): ""אנה אלך אבל וחפוי ראשי""איכה אהלי ידידות""[incomplete and without vowel points] (סליחות) (סליחות): ""אויה לי כי נלטשו"" (סליחות): ""אבוי לירח חמישי צוקותיו"" (סליחות): ""איכה מעביר כפי מדוד"""
3042,990051470120205171,CUL,פיוט. ; Piyyut
3042,990051637150205171,CUL,
3049,990051472680205171,CUL,פיוט. ; Piyyut
3049,990051721150205171,CUL,פיוט. ; Piyyut
3055,990051473770205171,CUL,"סדרי ברכות (ברכות הנהנין, השבח, המצוות);פיוט;תפילה וברכות;תפילות קבע. ; Piyyut ; סדרי ברכות: הבדלה ותפילות למוצאי שבת"
3055,990051537920205171,CUL,"מקרא ותרגומים;סדרי ברכות (ברכות הנהנין, השבח, המצוות);פיוט;תפילה וברכות;תפילות קבע. ; Common Prayers: Arvit Shabbat ; תפילות קבע: ערבית שבת"
3056,990051473790205171,CUL,פיוט. ; Piyyut
3056,990051503660205171,CUL,פיוט;תעודות בית דין. ; Arabic: legal document (recto); Hebrew: piyyut (verso)
3065,990051477850205171,CUL,פיוט. ; Piyyut
3065,990053096330205171,JTS,פיוט;תפילה וברכות. ; Liturgy and Brakhot ; תפילה וברכות
3068,990051478150205171,CUL,פיוט. ; Piyyut
3068,990053407050205171,Oxford,"פיוט. ; Piyyut: ""ויהי אבר סגולה מתולתל על השמם""[based on Ezekiel xxxiv, Haftarah of בחוקותי] ; פיוט: ""ויהי אבר סגולה מתולתל על השמם""[based on Ezekiel xxxiv, Haftarah of בחוקותי]"
3071,990051479240205171,CUL,פיוט. ; Piyyut
3071,990051511440205171,CUL,פיוט. ; Piyyut
3086,990051483980205171,CUL,פיוט. ; Piyyut
3086,990051513600205171,CUL,פיוט. ; Piyyut
3093,990051485420205171,CUL,פיוט. ; Piyyut
3093,990051690990205171,CUL,פיוט. ; Piyyut
3099,990051486700205171,CUL,פיוט. ; Piyyut
3099,990053006040205171,JTS,
3100,990051487270205171,CUL,פיוט. ; Piyyut
3100,990053043640205171,JTS,פיוט;תפילה וברכות. ; Liturgy and Brakhot ; תפילה וברכות
3105,990051488250205171,CUL,פיוט. ; Piyyut
3105,990053848700205171,AIU,פיוט;תפילה וברכות. ; Liturgy and Brakhot ; תפילה וברכות
3108,990051488570205171,CUL,פיוט. ; Piyyut
3108,990053470700205171,Oxford,"פיוט;תפילה וברכות;תפילות קבע. ; Liturgy and Brakhot: (Yotzer for Shabbat): ""ויהי דבורו... אהלל לרב העלילות"" (Yotzer: ""אור להזריח למקוטרת מור"" (Yotzer: ""אומץ נר מנורת משה"" (Yotzer: ""אפודי חילה במורא"" (Yotzer: ""אחים זוגו חודש ושבת"" (Yotzer: ""אחלי אני חלקך"" ; תפילה וברכות: (יוצר לשבת): ""ויהי דבורו... אהלל לרב העלילות"" (יוצר: ""אור להזריח למקוטרת מור"" (יוצר: ""אומץ נר מנורת משה"" (יוצר: ""אפודי חילה במורא"" (יוצר: ""אחים זוגו חודש ושבת"" (יוצר: ""אחלי אני חלקך"""
3109,990051488600205171,CUL,פיוט. ; Piyyut
3109,990053385200205171,JTS,
3111,990051488780205171,CUL,פיוט. ; Piyyut
3111,990051646750205171,CUL,פיוט;תפילה וברכות. ; Liturgy and Brakhot ; פיוט
3115,990051489740205171,CUL,פיוט. ; Piyyut
3115,990053033090205171,JTS,הלכה;פיוט;תפילה וברכות. ; Liturgy and Brakhot ; תפילה וברכות
3120,990051493020205171,CUL,פיוט. ; Piyyut
3120,990051547870205171,CUL,
3129,990051496200205171,CUL,פיוט. ; Piyyut
3129,990053436800205171,Oxford,"פיוט. ; Piyyut (Selihot)[beg. with the end of ח]""תאחר מיום זכרון חותם קרואה"" (Selihot): ""אשחר תשועתך נוצר חסידים"" (Selihot): ""תהום השופך על ראשי צפה"" (Selihot): ""תיפן להקשיב ממעונים"" (Selihot): ""אערוץ ביום צומי רוב המוניי""אם כאש נתכה עברה""[incomplete; ends with ל] ; פיוט (סליחות)[beg. with the end of ח]""תאחר מיום זכרון חותם קרואה"" (סליחות): ""אשחר תשועתך נוצר חסידים"" (סליחות): ""תהום השופך על ראשי צפה"" (סליחות): ""תיפן להקשיב ממעונים"" (סליחות): ""אערוץ ביום צומי רוב המוניי""אם כאש נתכה עברה""[incomplete; ends with ל]"
3131,990051496580205171,CUL,פיוט. ; Piyyut
3131,990052063980205171,CUL,פיוט.
3132,990051497310205171,CUL,פיוט;תפילה וברכות;תפילות קבע. ; Piyyut ; תפילות קבע: יום הכיפורים עמידה וסליחות
3132,990053233430205171,JTS,"פיוט;תוספות של סידור;תפילה וברכות;תפילות קבע. ; תוספות של סידור: זמירות/בקשות לשבת ולמועדים ""...עירך ועל עמך"" (שם בן ארבע: שלושה יודין בסגול)"
3138,990051498370205171,CUL,פיוט. ; Piyyut
3138,990053447850205171,Oxford,"פיוט. ; Piyyut ; פיוט: ""אלהים תאבד זרים משלחי מגל"" (ר""י אביתור)"
3140,990051499060205171,CUL,"עזרי הוראה, נסיונות קולמוס, תרגילי כתיבה, שרבוטים;פיוט. ; Piyyut ; פיוט"
3140,990053467290205171,Oxford,"פיוט;תפילות קבע. ; Piyyut (Ma'ariv for Shabbat): ""ויכלו אהלי מטה ועליות"" (Ma'ariv for Shabbat): ""מזמור אנעים שבח הלולך"" for Shabbat): ""שננו כבוד אל המגביהי""ארומם לאל נערץ בגדולה""אל הנערץ בקדושה"" (Qedushta: ""אנה צור עולמים. ביטה משמי מרומים"" (Yotzer: ""אראלי רום גורדי שחקים"" (Yotzer: ""אזכיר צדק ואגיד נפל""מהלל משובח בפי יש"" (Yotzer: ""אזורה עזורה בעוז דר שפרים"" ; פיוט (מעריב לשבת): ""ויכלו אהלי מטה ועליות"" (מעריב לשבת): ""מזמור אנעים שבח הלולך"" לשבת): ""שננו כבוד אל המגביהי""ארומם לאל נערץ בגדולה""אל הנערץ בקדושה"" (קדושתא: ""אנה צור עולמים. ביטה משמי מרומים"" (יוצר: ""אראלי רום גורדי שחקים"" (יוצר: ""אזכיר צדק ואגיד נפל""מהלל משובח בפי יש"" (יוצר: ""אזורה עזורה בעוז דר שפרים"""
3141,990051499220205171,CUL,"סדרי ברכות (ברכות הנהנין, השבח, המצוות);פיוט;תפילה וברכות;תפילות קבע. ; Brakhot: Benedictions for circumcision ; סדרי ברכות: ברכות המילה"
3141,990053247160205171,JTS,פיוט. ; Piyyut
3142,990051499720205171,CUL,פיוט. ; Piyyut
3142,990051502500205171,CUL,פיוט. ; Piyyut
3149,990051501720205171,CUL,"פיוט. ; Piyyut ; פיוט (קדושתא ליום הכיפורים): ""אבן מעמסה אמץ ואל תמאס"" (יוצר ליום הכיפורים): ""מי כמוך / דוחה בשמאל ומקרב בימין"""
3149,990053631460205171,Oxford,"כתאב ג'אמע אלצלואת ואלתסאביח;פיוט;תפילה וברכות;תפילות קבע. ; רס""ג, סידור. הקריאות בתורה ובהפטרה בימים מיוחדים ובמועדים, פיוטים וסליחות ותפילות שונות."
3151,990051502100205171,CUL,פיוט. ; Piyyut
3151,990053501750205171,BL,פיוט;תפילה וברכות. ; Liturgy and Brakhot ; תפילה וברכות
3156,990051505230205171,CUL,פיוט. ; Piyyut
3156,990053464630205171,Oxford,"פיוט. ; Piyyut: ""ברכי לנצח ואל תחשי""[incomplete]""ובכן הוד והדר לבשתה. ואשך הדולקת מבלי עצים""[incomplete] ; פיוט: ""ברכי לנצח ואל תחשי""[incomplete]""ובכן הוד והדר לבשתה. ואשך הדולקת מבלי עצים""[incomplete]"
3159,990051505650205171,CUL,פיוט. ; Piyyut
3159,990053223390205171,JTS,פיוט. ; Piyyut
3165,990051507820205171,CUL,פיוט. ; Piyyut
3165,990053572570205171,JTS,"כתאב ג'אמע אלצלואת ואלתסאביח;פיוט. ; סידור רס""ג, סליחות ליום כיפור"
3176,990051509090205171,CUL,פיוט. ; Piyyut
3176,990053652110205171,BL,פיוט;תפילה וברכות.
3181,990051510050205171,CUL,פיוט. ; Piyyut
3181,990053437840205171,Oxford,"פיוט. ; Piyyut: ""איכה רחובות עיר מלאתי רננות""זכור תבוסת צאן טבחה""אבוי לירח חמישי צוקותיו""אתה בסעתה גפן מנוף וחדריה""אני הגבר מנעורי בכאב מתבוסס""[incomplete] ; פיוט: ""איכה רחובות עיר מלאתי רננות""זכור תבוסת צאן טבחה""אבוי לירח חמישי צוקותיו""אתה בסעתה גפן מנוף וחדריה""אני הגבר מנעורי בכאב מתבוסס""[incomplete]"
3183,990051510240205171,CUL,פיוט. ; Piyyut
3183,990053458980205171,Oxford,"פיוט. ; Piyyut: ""שמעה אדון עולם""שדי אשה יקשיב""שולם לבן דודי""שאלי יפהפיה""שחר אבקשך""שלוף חרבך דודי"" (acr. שלמה)""שאל להודות לך ליבי""שפכי לצור לבך""[on verso]"
3194,990051513170205171,CUL,פיוט. ; Piyyut
3194,990053491910205171,Oxford,"פיוט. ; Piyyut: ""יה לדר שרואל (?) לעם לך נטה""[numbered כ?ז?, a leaf missing in the middle]""י'י שלומך שים עלינו""י~יָ י~יָ אל רם על כל אל""[the leaf containing נ to צ is missing]""יי לקראתי חסדיך""[three lines only] ; פיוט: ""יה לדר שרואל (?) לעם לך נטה""[numbered כ?ז?, a leaf missing in the middle]""י'י שלומך שים עלינו""י~יָ י~יָ אל רם על כל אל""[the leaf containing נ to צ is missing]""יי לקראתי חסדיך""[three lines only]"
3196,990051513380205171,CUL,פיוט. ; Piyyut
3196,990053230320205171,JTS,פיוט. ; קינה
3197,990051513430205171,CUL,פיוט. ; Piyyut
3197,990053507020205171,BL,"פיוט;תפילה וברכות. ; Piyyut ; פיוט (סליחות): ""[תאר היום] - אשר קדם נלך"" (רס""ג)"
3201,990051513820205171,CUL,פיוט. ; Piyyut
3201,990053931880205171,CUL,פיוט. ; Piyyut
3204,990051515250205171,CUL,פיוט. ; Piyyut
3204,990051654930205171,CUL,פיוט;שירת חול. ; Piyyut ; פיוט
3206,990051515820205171,CUL,פיוט. ; Piyyut
3206,990051608490205171,CUL,פיוט;שירת חול. ; Piyyut ; פיוט
3212,990051519260205171,CUL,פיוט. ; Piyyut
3212,990051523470205171,CUL,פיוט. ; Piyyut
3224,990051521730205171,CUL,הגדה של פסח;פיוט;תוספות של סידור;תפילה וברכות;תפילות קבע. ; Liturgical additions: Haggadah (and other matters) of Pesach ; תוספות של סידור: הגדה (ועניינים אחרים) של פסח
3224,990051538630205171,CUL,מקרא ותרגומים;פיוט;תוספות של סידור;תפילה וברכות. ; Liturgical additions: Haggadah (and other matters) of Pesach ; תוספות של סידור: הגדה (ועניינים אחרים) של פסח
3230,990051523460205171,CUL,פיוט. ; Piyyut
3230,990053214840205171,JTS,"פיוט;תוספות של סידור;תפילה וברכות. ; תוספות של סידור: זמירות/בקשות לשבת ולמועדים ""פני רם ונשא... תהלה ולחסידים יאות"" (שם בן ארבע: שתי יודין;מין ט בהמשך)"
3233,990051523960205171,CUL,פיוט;פתקים/רישומים. ; Piyyut ; פיוט
3233,990051710180205171,CUL,
3246,990051526870205171,CUL,פיוט. ; Piyyut
3246,990053387020205171,Oxford,
3249,990051527250205171,CUL,פיוט;תוספות של סידור;תפילה וברכות. ; Liturgical additions ; תוספות של סידור: אוסף פסוקים
3249,990053144210205171,JTS,תפילה וברכות. ; Liturgy and Brakhot
3289,990051538320205171,CUL,מקרא ותרגומים;פיוט. ; Piyyut ; פיוט
3289,990051578570205171,CUL,פיוט;שירת חול. ; Piyyut ; פיוט
3295,990051539300205171,CUL,מקרא ותרגומים;פיוט;תפילה וברכות;תפילות קבע. ; Common Prayers: Shaharit Pesuqe d’zimrah ; תפילות קבע: שחרית פסוקי דזמרה
3295,990053482650205171,Oxford,"סדרי ברכות (ברכות הנהנין, השבח, המצוות);פיוט;תפילות קבע. ; Brakhot ; סדרי ברכות (ברכות הנהנין, השבח, המצוות)"
3316,990051550640205171,CUL,
3316,990051642470205171,CUL,Piyyut (Baqqashah for Yom Ha-Kippurim) ; פיוט (בקשה ליום הכיפורים)
3318,990051554980205171,CUL,
3318,990051658440205171,CUL,פיוט;שירת חול. ; Piyyut ; פיוט
3332,990051567360205171,CUL,
3332,990051756810205171,CUL,
3337,990051568810205171,CUL,פיוט;שירת חול. ; Piyyut ; פיוט
3337,990051570540205171,CUL,"עזרי הוראה, נסיונות קולמוס, תרגילי כתיבה, שרבוטים;פיוט;שירת חול. ; Hebrew: poem (recto); Arabic: writing practice, jottings (verso)"
3350,990051574500205171,CUL,פיוט;שירת חול. ; Piyyut ; פיוט
3350,990053416910205171,Oxford,"פיוט. ; Piyyut: ""אלהי יגורתי מרוב זדונותי""[י' begins]""אבן בוחן פינה"" (Qedushta: ""אזי בהר המר"" (Qedushta: ""איש תם יושב אהלי"" for Yom Ha-Kippurim): ""אתויים בחילה בבית התפלה"" for Yom Ha-Kippurim): ""אתה אל אלוה אדיר"" for Yom Ha-Kippurim): ""היושב באדר מרומים"" for Yom Ha-Kippurim): ""אשורינו (אל נא) לא תמעד"" (Qedushta for Yom Ha-Kippurim): ""איש קורא בגרון"" (Qedushta for Yom Ha-Kippurim): ""אולף ראש כהניי"" for Yom Ha-Kippurim): ""אין ערוך אליך"" for Yom Ha-Kippurim): ""אלה אזכרה ותדמע עיני"" for Yom Ha-Kippurim): ""אידת קטורה בכף""אמרו לאלוהים מה נורה"" for Yom Ha-Kippurim): ""אשרי תקרב ומבחר"" for Yom Ha-Kippurim): ""אפר ועפר אבק מעופר"" for Yom Ha-Kippurim): ""אל שת מאז מעונו""מעשה אלהינו... אדיר בויעודו ברום"" for Yom Ha-Kippurim): ""ברכי אברת ואמצת"" for Yom Ha-Kippurim): ""גדלת מואד מכל התוכפים"" for Yom Ha-Kippurim): ""ואישך הדולקת מבלתי עצים"" for Yom Ha-Kippurim): ""תבונתך גבהה מכל התבונות"" for Yom Ha-Kippurim): ""כאוהל מתחתה תקרא"" for Yom Ha-Kippurim): ""האוצר ים המים העליונים""[incomplete] for Yom Ha-Kippurim): ""עו' מל רו הרועץ סולם מוצב""[based on עושה מלאכיו רוחות; ר' beg. :] for Yom Ha-Kippurim): ""אורחיו למו כי המה"" for Yom Ha-Kippurim): ""אילי מרום אומרים הלולו"" for Yom Ha-Kippurim): ""האימה תתכבד"" for Yom Ha-Kippurim): ""היודעים סוחו המכירה חילו"" for Yom Ha-Kippurim): ""אל כרוב עצות""[incomplete] for Yom Ha-Kippurim) for Yom Ha-Kippurim): ""מר וקד תולה ארץ על בלימה יתקדש"" for Yom Ha-Kippurim): ""האחד בעולמו ואין שני לו"" (Qalir) for Yom Ha-Kippurim): ""האוחז ביד מידת משפט"" for Yom Ha-Kippurim): ""התומכים ממזר לאליל השוחחים"" for Yom Ha-Kippurim): ""תולה ארץ על בלימה"" for Yom Ha-Kippurim): ""האומרים אב ובן ורוח שליש"" for Yom Ha-Kippurim): ""אאשרה חזום (?) אלהי עולם"" for Yom Ha-Kippurim): ""ימלוך איום באימה"" for Yom Ha-Kippurim): ""היה עם פיפיות"" for Yom Ha-Kippurim): ""אזרתה עוז מלפנים"" for Yom Ha-Kippurim): ""אילי אילי אזון תחן פלולי"" for Yom Ha-Kippurim): ""אזכיר גבורות""[incomplete, ends with part of ה]"
3351,990051574600205171,CUL,פיוט;שירת חול. ; Piyyut ; פיוט
3351,990053278890205171,JTS,פיוט. ; Piyyut
3354,990051575080205171,CUL,מכתבים;פיוט;שירת חול. ; Hebrew: piyyut (recto); Arabic: beginning of a personal letter (verso)
3354,990052047190205171,CUL,פיוט.
3357,990051577530205171,CUL,פיוט;שירת חול. ; Piyyut ; פיוט
3357,990051722080205171,CUL,פיוט. ; Piyyut
3362,990051582500205171,CUL,שירת חול. ; Secular Poetry
3362,990053185610205171,JTS,פיוט. ; סליחות
3377,990051593460205171,CUL,"ספרות הגות (פילוסופיה, תיאולוגיה, מוסר);תפילה וברכות. ; Philosophy, Theology, Ethical literature ; Praise of God, prayer"
3377,990053064420205171,JTS,הלכה [הוראות והלכות];תפילה וברכות. ; Halakhic ; הלכה
3379,990051595320205171,CUL,הלכה. ; Work on the laws of tumah (ritual uncleanness): classification of animals by their claws
3379,990052207530205171,CUL,הלכה;ספרות הלכתית ופרשנות תלמודית;תלמוד בבלי [טקסט]. ; On the laws of tarfut.
3387,990051604350205171,CUL,פיוט;שירת חול. ; Piyyut ; פיוט
3387,990051647390205171,CUL,פיוט;שירת חול. ; Piyyut ; פיוט
3388,990051606320205171,CUL,פיוט;שירת חול. ; Piyyut ; פיוט
3388,990053396660205171,Oxford,"פיוט. ; Piyyut: ""יום מימים""[end of]""צפה בבת"" (Qalir)""אאדירה בגודל לבן תעלומות""[refrain: אאמיר לנותן סליחה...]""אפאר למלכי בקודש""ובכן... מקום אלפי שנאן""ובכן... אדיר במרומי ערץ""[incomplete]"
3400,990051628110205171,CUL,"הלכה; הלכה- גאונים; ספרות הלכתית ופרשנות תלמודית; ספרות חז""ל. ; Halakhic Literature and Talmudic Commentaries ; הלכות שחיטה וטריפות על פי מקורות תלמודיים."
3400,990053536710205171,BL,הלכות טריפות : ; בערבית יהודית.
3407,990051633020205171,CUL,
3407,990052329220205171,CUL,מתוך הפוליגלוטה של קושטא.
3424,990051637620205171,CUL,
3424,990053504640205171,BL,פיוט;תפילה וברכות. ; Piyyut ; פיוט
3426,990051638930205171,CUL,
3426,990053784020205171,Manchester,
3442,990051644140205171,CUL,תפילה וברכות;תפילות קבע. ; Common Prayers: Shaharit Qeriat Shema and its benedictions ; תפילות קבע: שחרית קריאת שמע וברכותיה
3442,990053062470205171,JTS,"פיוט;תפילה וברכות;תפילות קבע. ; תפילות קבע: שחרית קריאת שמע וברכותיה ""אבותינו אתה הוא... עדי ארץ ומגביה"""
3454,990051647810205171,CUL,פיוט;שירת חול. ; Piyyut ; פיוט
3454,990053260730205171,JTS,פיוט. ; Piyyut
3456,990051648240205171,CUL,פיוט;שירת חול. ; Piyyut ; פיוט
3456,990053580650205171,JTS,פיוט.
3458,990051650690205171,CUL,פיוט;שירת חול. ; Piyyut ; פיוט
3458,990053946820205171,Warsaw,קטעי גניזה.
3460,990051651470205171,CUL,פיוט;שירת חול. ; Piyyut ; פיוט
3460,990053846360205171,AIU,פיוט;תפילה וברכות. ; Liturgy and Brakhot ; תפילה וברכות
3465,990051652120205171,CUL,פיוט;שירת חול. ; Piyyut ; פיוט
3465,990053213840205171,JTS,פיוט. ; Piyyut
3468,990051652550205171,CUL,פיוט;שירת חול. ; Piyyut ; פיוט
3468,990053691130205171,Manchester,פיוט;תפילה וברכות. ; Liturgical poem
3475,990051653270205171,CUL,פיוט;שירת חול. ; Piyyut ; פיוט
3475,990053464660205171,Oxford,פיוט.
3478,990051654060205171,CUL,פיוט;פתקים/רישומים;שירת חול. ; Hebrew: piyyutim; Arabic: marginal note
3478,990053412940205171,Oxford,"פיוט. ; Piyyut (Selihot) (Selihot): ""אתא היום אשר יגורתי אשר צפנתיהו"" (Selihot): ""תאר היום ויחל ואותי אירע"" (Selihot): ""אמרה אם הבנים מה יתרון לי"" (Selihot): ""אייליל הה ליום המפרק גדילים"" (Selihot): ""תגרת יום קרב ומלחמה"" (Selihot): ""תקרא שפתי קינות על מחמודי קדם"" (Selihot): ""אני נתקתי מוסרת והדדתי אוסף"" (Selihot): ""איכה רחובות עיר מלאי רננות"" (Selihot): ""זכור תבוסת צאן טבחה""[on the ten martyrs] (Selihot): ""אתה הסעתה גפן מנוף"" (Selihot): ""אויבים השמיעו לחרפי טמא סור"" (Selihot): ""אזי כי הייתי קלס לכל השאטים אותי"" (Selihot): ""תחת אשר לא שמענו פקודיך הישרים"" (Selihot): ""את מי זנחתה לנצח"" (Selihot): ""אוי מי קשה כאב אשר היה לבניו כאויב"" (Selihot): ""אכן סר מר המות נמתק"" (Selihot): ""אין עמך לעצור"" (Selihot): ""אמור נא לכל הגויים"" (Selihot): ""אנה עזב אל המון מעיו"" (Selihot): ""אז בשביינו צר לא הניח"" (Selihot): ""אקראה היום צום"" (Selihot): ""אאבל אאנה על חרבן אולמי"" (Selihot): ""אילצני ביום זה שוכן שמי ערץ"" (Selihot): ""יללתי גדלה מייללת אגליים"" (Selihot): ""אעיר אנחה ומנוחה"" (Selihot): ""יום זה אילילה... אלץ על אלץ"" (Selihot): ""אהה ליום מפקד מעוה"" (Selihot): ""אוי לי כי נדמיתי"" (Selihot): ""אנה אלך אבל וחפוי ראשי""איכה אהלי ידידות""[incomplete and without vowel points] (Selihot) (Selihot): ""אויה לי כי נלטשו"" (Selihot): ""אבוי לירח חמישי צוקותיו"" (Selihot): ""איכה מעביר כפי מדוד"" ; פיוט (סליחות) (סליחות): ""אתא היום אשר יגורתי אשר צפנתיהו"" (סליחות): ""תאר היום ויחל ואותי אירע"" (סליחות): ""אמרה אם הבנים מה יתרון לי"" (סליחות): ""אייליל הה ליום המפרק גדילים"" (סליחות): ""תגרת יום קרב ומלחמה"" (סליחות): ""תקרא שפתי קינות על מחמודי קדם"" (סליחות): ""אני נתקתי מוסרת והדדתי אוסף"" (סליחות): ""איכה רחובות עיר מלאי רננות"" (סליחות): ""זכור תבוסת צאן טבחה""[on the ten martyrs] (סליחות): ""אתה הסעתה גפן מנוף"" (סליחות): ""אויבים השמיעו לחרפי טמא סור"" (סליחות): ""אזי כי הייתי קלס לכל השאטים אותי"" (סליחות): ""תחת אשר לא שמענו פקודיך הישרים"" (סליחות): ""את מי זנחתה לנצח"" (סליחות): ""אוי מי קשה כאב אשר היה לבניו כאויב"" (סליחות): ""אכן סר מר המות נמתק"" (סליחות): ""אין עמך לעצור"" (סליחות): ""אמור נא לכל הגויים"" (סליחות): ""אנה עזב אל המון מעיו"" (סליחות): ""אז בשביינו צר לא הניח"" (סליחות): ""אקראה היום צום"" (סליחות): ""אאבל אאנה על חרבן אולמי"" (סליחות): ""אילצני ביום זה שוכן שמי ערץ"" (סליחות): ""יללתי גדלה מייללת אגליים"" (סליחות): ""אעיר אנחה ומנוחה"" (סליחות): ""יום זה אילילה... אלץ על אלץ"" (סליחות): ""אהה ליום מפקד מעוה"" (סליחות): ""אוי לי כי נדמיתי"" (סליחות): ""אנה אלך אבל וחפוי ראשי""איכה אהלי ידידות""[incomplete and without vowel points] (סליחות) (סליחות): ""אויה לי כי נלטשו"" (סליחות): ""אבוי לירח חמישי צוקותיו"" (סליחות): ""איכה מעביר כפי מדוד"""
3482,990051655940205171,CUL,פיוט;שירת חול. ; Piyyut ; פיוט
3482,990053464060205171,Oxford,"פיוט. ; פיוט (רשות): ""אפאר שמך אדיר באדירים"" (מעמד): ""את דלתותיך דפקנו חנון""תובעי שכנך בשעריך"" (קדושתא): ""ארשת שפתינו תערב""איום אלהינו שעה בני אלים"" (קדושתא): ""אשעך בעת נעילה"" (יוצר): ""טרם דמדום חמה""אבן מעמסה"" (פזמון): ""היום יפנה"" (רשות)[רשות זעיר] (רשות): ""אעטף תפילה""[רשות אחר]""אוחזי שערך צורי אל תבייש""[סדרא] (סליחות): ""ארבעים יום עמד""אחלך בעילה""סובבת על פתחך""[פז' דר' סהלאן]""סברוך היום זקן ונער""חטאנו""[incomplete]"
3486,990051657230205171,CUL,פיוט;שירת חול. ; Piyyut ; פיוט
3486,990053952260205171,Strasbourg,פיוט;תפילה וברכות. ; Liturgy and Brakhot ; תפילה וברכות
3487,990051658080205171,CUL,פיוט;שירת חול. ; Piyyut ; פיוט
3487,990053216290205171,JTS,פיוט. ; זולת ופיוטים נוספים
3488,990051658100205171,CUL,פיוט;שירת חול. ; Piyyut ; פיוט
3488,990053930240205171,CUL,"פיוט. ; Saadiah b. Joseph al-Fayyumi (Saadiah Gaon), Piyyut, Piyyut ; סעדיה בן יוסף גאון, פיוט, פיוט"
3519,990051691320205171,CUL,פיוט. ; Piyyut
3519,990052074830205171,CUL,פיוט.
3523,990051692780205171,CUL,לא ניתן להכרעה מתוך הקטלוג;פיוט. ; Hebrew: piyyutim; Arabic: unidentified
3523,990053507110205171,BL,"פיוט;תפילה וברכות. ; Piyyut ; פיוט (קדושתא ליום הכיפורים): ""[אתה אחד אדון לכל בגדלך]"""
3534,990051709860205171,CUL,
3534,990053469140205171,Oxford,מקרא [טקסט];נספחות לחיבור;פיוט. ; Piyyut ; פיוט
3540,990051716490205171,CUL,חכמת הנסתר;כתבים תיאורטיים. ; Occult Sciences ; כתבים תיאורטיים
3540,990053182840205171,JTS,חכמת הנסתר;מרשמים מאגיים. ; חיבור על שמות הקודש
3547,990051720560205171,CUL,"עזרי הוראה, נסיונות קולמוס, תרגילי כתיבה, שרבוטים;פיוט. ; Piyyut ; Piyyut with Hebrew and Arabic writing practice"
3547,990053305470205171,JTS,פיוט. ; סליחות: לפני המלך אשפוך עתירתי; לבי יחול בקרבי מיגרי יום קפדה
3548,990051721520205171,CUL,לא ניתן להכרעה מתוך הקטלוג;פיוט. ; Piyyut ; Unidentified (probably a commentary)
3548,990053213760205171,JTS,תחום לא מזוהה;תפילה וברכות. ; על ייחוד האל וחובת ההודאה לאל.
3550,990051721910205171,CUL,פיוט. ; Piyyut
3550,990051749060205171,CUL,מכתבים;מקרא;פיוט;שירת חול. ; Bible: Texts ; מכתבים: עסקים מקום השולח: עדן; מקום הנמען: הודו ca. 1140 CE חלף בן יצחק אבן ייחו
3551,990051722380205171,CUL,פיוט. ; Piyyut
3551,990053476210205171,Oxford,"פיוט. ; Piyyut (Selihot): ""סלח נא לשופכי תחנון... אתאנו לך ביום ישועה""אפתח פי ואוחילה""ארבעה חלוקי כפרה""יום אילפתני להועיל""[incomplete] ; פיוט (סליחות): ""סלח נא לשופכי תחנון... אתאנו לך ביום ישועה""אפתח פי ואוחילה""ארבעה חלוקי כפרה""יום אילפתני להועיל""[incomplete]"
3552,990051726380205171,CUL,"הלכות הרי""ף;ספרות הלכתית ופרשנות תלמודית;ספרות חז""ל. ; Isaac Al-Fasi, Hilkhot ha-Rif: Shabbat 2 ; יצחק אלפסי, הלכות הרי""ף: שבת ב"
3552,990053623290205171,Oxford,"הלכות הרי""ף. ; Isaac Al-Fasi, Hilkhot ha-Rif: Shabbat 8 a – 13 b[16-25] ; יצחק אלפסי, הלכות הרי""ף: שבת ח ע""א – יג ע""ב[16-25]"
3555,990051729210205171,CUL,"הלכות הרי""ף;ספרות הלכתית ופרשנות תלמודית;ספרות חז""ל. ; Isaac Al-Fasi, Hilkhot ha-Rif: Berakhot 3 ; יצחק אלפסי, הלכות הרי""ף: ברכות ג"
3555,990051929830205171,CUL,"הלכות הרי""ף. ; Isaac Al-Fasi, Hilkhot ha-Rif: Berakhot 11 a – 12 a ; יצחק אלפסי, הלכות הרי""ף: ברכות יא ע""א – יב ע""א"
3560,990051732940205171,CUL,
3560,990052312040205171,CUL,
3561,990051733780205171,CUL,
3561,990052059050205171,CUL,פיוט.
3573,990051765320205171,CUL,מקרא [טקסט]. ; Bible: Deuteronomy 1:25 – 35; 2:11 – 22 ; מקרא: דברים א:כה – לה; ב:יא – כב
3573,990053950280205171,Strasbourg,מקרא [טקסט].
3578,990051819680205171,CUL,מקרא [טקסט]. ; Bible: Exodus 23:16 – 21; 23 – 26 ; מקרא: שמות כג:טז – כא; כג – כו
3578,990053391720205171,Oxford,מקרא [טקסט]. ; Bible: Exodus 22:9 – 24:7 ; מקרא: שמות כב:ט – כד:ז
3581,990051824940205171,CUL,מקרא [טקסט]. ; Bible: Deuteronomy 7:13 – 16; 8:3 – 7 ; מקרא: דברים ז:יג – טז; ח:ג – ז
3581,990053225550205171,JTS,
3591,990051880440205171,CUL,מקרא [טקסט]. ; Psalms 92:5-16; 89:53
3591,990053236960205171,JTS,תפילה וברכות. ; Liturgy and Brakhot
3599,990051909280205171,CUL,מקרא [טקסט]. ; Ecclesiastes 5:14-7:24
3599,990053928420205171,CUL,מקרא [טקסט];תפילה וברכות. ; Bible: Ecclesiastes 6:8 – 8:14 ; מקרא: קהלת ו:ח – ח:יד
3604,990051929360205171,CUL,"הלכות הרי""ף. ; Isaac Al-Fasi, Hilkhot ha-Rif: Ta'anit 5 b – 6 a; 9 b – 10 a ; יצחק אלפסי, הלכות הרי""ף: תענית ה ע""ב – ו ע""א; ט ע""ב – י ע""א"
3604,990051930230205171,CUL,"הלכות הרי""ף. ; Isaac Al-Fasi, Hilkhot ha-Rif: Ta'anit 5 b – 6 a ; יצחק אלפסי, הלכות הרי""ף: תענית ה ע""ב – ו ע""א"
3605,990051929400205171,CUL,"הלכות הרי""ף. ; Isaac Al-Fasi, Hilkhot ha-Rif: Berakhot 24 a – b ; יצחק אלפסי, הלכות הרי""ף: ברכות כד ע""א – ע""ב"
3605,990053584870205171,JTS,"הלכות הרי""ף. ; Isaac Al-Fasi, Hilkhot ha-Rif: Berakhot 22 b – 23 a; 24 a – b ; יצחק אלפסי, הלכות הרי""ף: ברכות כב ע""ב – כג ע""א; כד ע""א – ע""ב"
3614,990051935370205171,CUL,"הלכות הרי""ף. ; Isaac Al-Fasi, Hilkhot ha-Rif: Shabbat 4 b; 7 b – 8 a ; יצחק אלפסי, הלכות הרי""ף: שבת ד ע""ב; ז ע""ב – ח ע""א"
3614,990053627600205171,Oxford,"הלכות הרי""ף. ; Isaac Al-Fasi, Hilkhot ha-Rif: Shabbat 1 a – 5 b ; יצחק אלפסי, הלכות הרי""ף: שבת א ע""א – ה ע""ב"
3621,990051998660205171,CUL,משנה תורה.
3621,990053746300205171,Manchester,פיוט. ; Piyyut
3623,990051998940205171,CUL,משנה תורה.
3623,990053458350205171,Oxford,
3625,990052000540205171,CUL,"משנה תורה. ; Moses b. Maimon, Rambam, Mishneh Torah: Tefillah ve-Birkat Kohanim 6 – 7 ; משה בן מימון, משנה תורה: תפילה וברכת כהנים ו – ז"
3625,990053930190205171,CUL,"משנה תורה. ; Moses b. Maimon, Rambam, Mishneh Torah: Tefillah ve-Birkat Kohanim 7 ; משה בן מימון, משנה תורה: תפילה וברכת כהנים ז"
3627,990052000790205171,CUL,"משנה תורה. ; Moses b. Maimon, Rambam, Mishneh Torah: Teshuvah 6 ; משה בן מימון, משנה תורה: תשובה ו"
3627,990053962150205171,CUL,"משנה תורה;תלמוד בבלי. ; Moses b. Maimon, Rambam, Mishneh Torah: Teshuvah 5:5 – 6:3 ; משה בן מימון, משנה תורה: תשובה ה:ה – ו:ג"
3631,990052001850205171,CUL,"משנה תורה. ; Moses b. Maimon, Rambam, Mishneh Torah: De'ot 5:4 – 7 ; משה בן מימון, משנה תורה: דעות ה:ד – ז"
3631,990053619350205171,Oxford,"משנה תורה. ; Moses b. Maimon, Rambam, Mishneh Torah: De'ot 5:3 – 5 ; משה בן מימון, משנה תורה: דעות ה:ג – ה"
3632,990052002720205171,CUL,תוספות של סידור;תפילה וברכות. ; Passover Haggada.
3632,990052028750205171,CUL,תוספות של סידור;תפילה וברכות. ; Passover Haggada.
3660,990052162160205171,CUL,"מכתבים;מסמכים;תעודות אישיות ושטרות;תעודות בית דין. ; Legal document from Fustat, dated the second decade of Tammuz 1503 of the Seleucid Era (= 1192 CE) under the authority of Sar Shalom ha-Levi. Testimony of Abu l-Baqa the Nile trader (al-tajir fi l-Nil b. Hillel the elder."
3660,990053391250205171,Oxford,"חוזים;עזרי הוראה, נסיונות קולמוס, תרגילי כתיבה, שרבוטים. ; חוזים: Fost?t last decade of Thammuz, 1505 Sel. = 1194 A.D., אבו אלחסן . . . מר?ור? יפת . . . בר נדיב ס?ט,אבו אלמפצ?ל אלצירפי ב[ן אלשי]ך אבו אלח[סן] נ?ע? שר שלום הלוי גאון"
3667,990052220030205171,CUL,
3667,990053395950205171,Oxford,פרשנות מקרא;תפסיר ערבי. ; Biblical Exegesis ; פרשנות מקרא
3672,990052303030205171,CUL,
3672,990053486760205171,Oxford,
3673,990052303050205171,CUL,
3673,990053199260205171,JTS,"תפסיר ערבי;תרגומים ארמיים. ; תרגום ארמי, במדבר לה:לד - לו:ה"
3682,990052312190205171,CUL,
3682,990053463010205171,Oxford,משנה [טקסט];תפילה וברכות. ; Mishnah: Makkot 3:15; Eduyyot 8:7 ; משנה: מכות ג:טו; עדיות ח:ז
3715,990052350070205171,CUL,
3715,990053460900205171,Oxford,
3719,990052389100205171,CUL,
3719,990053442460205171,Oxford,
3726,990052435410205171,CUL,מקרא [טקסט].
3726,990053213250205171,JTS,מקרא [טקסט]. ; Bible: Psalms 6:5 – 7:4 ; מקרא: תהילים ו:ה – ז:ד
3754,990053032320205171,JTS,פיוט;תפילה וברכות. ; Liturgy and Brakhot ; תפילה וברכות
3754,990053502350205171,BL,פיוט;תפילה וברכות. ; Liturgy and Brakhot ; תפילה וברכות
3757,990053043720205171,JTS,פיוט;תפילה וברכות. ; Liturgy and Brakhot ; תפילה וברכות
3757,990053569260205171,JTS,כתאב ג'אמע אלצלואת ואלתסאביח;פיוט. ; Piyyut ; פיוט
3758,990053044140205171,JTS,פיוט. ; Piyyut
3758,990053183490205171,JTS,פיוט. ; פיוט: אדונינו לך נזכיר תהילה וחסד
3760,990053048600205171,JTS,פיוט;תפילה וברכות. ; Liturgy and Brakhot ; תפילה וברכות
3760,990053476180205171,Oxford,"פיוט. ; Piyyut (Selihot): ""סלח נא לשופכי תחנון... אתאנו לך ביום ישועה""אפתח פי ואוחילה""ארבעה חלוקי כפרה""יום אילפתני להועיל""[incomplete] ; פיוט לחנוכה): ""ו[זה] אות אימנתה אז לשלוחיך""[with (מגן) מעשה בה כוננתה, שלישית במלכויות (מחיה), (אל נא) מזמור אפציח לנצח]""אודך על כי נוראות"" (יוצר: ""המנורה שולהבו נרותיה""נר אהליבה מאיר""נר חנוכה אמיתותיו (ובכן)"""
3761,990053049230205171,JTS,פיוט. ; Piyyut
3761,990053188070205171,JTS,"פיוט. ; Piyyut: ""תהום התחתון ירדנו"" ; פיוטים, סליחה, לשבת ויגש"
3765,990053054300205171,JTS,פיוט;תפילה וברכות;תפילות קבע. ; Liturgy and Brakhot ; תפילה וברכות
3765,990053463000205171,Oxford,משנה [טקסט];תפילה וברכות. ; Mishnah: Makkot 3:15; Eduyyot 8:7 ; משנה: מכות ג:טו; עדיות ח:ז
3775,990053066770205171,JTS,
3775,990053066870205171,JTS,
3780,990053077730205171,JTS,הלכה. ; הלכות שחיטה בערבית-יהודית בעניין מי מותר לשחוט ומי אסור לו לשחוט. מכיל הבאות רבות מן המשנה ופירושיהן בערבית-יהודית.
3780,990053192440205171,JTS,הלכה. ; הלכות שחיטה בערבית-יהודית הגהה בגליון
3795,990053130980205171,JTS,הלכה;הלכה- ראשונים ואחרונים. ; הלכות מילה (ומנהגיה) וברכות הנהנין
3795,990053630780205171,Oxford,"משנה תורה. ; Moses b. Maimon, Rambam, Mishneh Torah: Berakhot 8:5 – 10:2[From word:המתוקים, to word:אלף] ; משה בן מימון, משנה תורה: ברכות ח:ה – י:ב[From word:המתוקים, to word:אלף]"
3799,990053137440205171,JTS,פיוט. ; Piyyut
3799,990053251250205171,JTS,פיוט. ; Piyyut
3806,990053147460205171,JTS,"פיוט;תפילה וברכות;תפילות קבע. ; תפילות קבע: יום הכיפורים ""אאריך אפי ותהל... משמרי הבלי חסדם"""
3806,990053414640205171,Oxford,"פיוט. ; Piyyut: ""תנו""אשפוך לפניך שיח""תטהרו תבשר לעם""אפגיע בצום ישע בלב הומה""יום ייחדנוך בלבב נשלם""[incomplete] ; פיוט: ""תנו""אשפוך לפניך שיח""תטהרו תבשר לעם""אפגיע בצום ישע בלב הומה""יום ייחדנוך בלבב נשלם""[incomplete]"
3809,990053148960205171,JTS,"פרשנות מקרא;תרגומים ארמיים. ; תרגום אונקלוס, בראשית לח:טז"
3809,990053181260205171,JTS,"פיוט;תיאולוגיה;תרגומים ארמיים. ; תרגום אונקלוס, בראשית לח:יב - מ:כג אימוני כתיבה בגליונות"
3810,990053149480205171,JTS,פיוט;תפילה וברכות. ; Liturgy and Brakhot ; תפילה וברכות
3810,990053952830205171,Strasbourg,פיוט.
3812,990053149680205171,JTS,פיוט. ; סליחות
3812,990053479810205171,Oxford,פיוט. ; Piyyut
3817,990053154650205171,JTS,"פיוט. ; Piyyut (Yom Ha-Kippurim): ""בליל עשור קראתך בכל לבי ונשמתי"" ; קדושתא (וקדושה מפוייטת) יום כיפור"
3817,990053154930205171,JTS,פיוט. ; קדושתא ראש השנה ?
3840,990053193480205171,JTS,"תפסיר ערבי;תרגומים ארמיים. ; תרגום שמות ט:יג-כב, י:ג-יא"
3840,990053949060205171,Strasbourg,מקרא [טקסט];תפסיר ערבי;תרגום אונקלוס.
3855,990053215010205171,JTS,פיוט. ; Piyyut
3855,990053491940205171,Oxford,"פיוט. ; Piyyut: ""יה לדר שרואל (?) לעם לך נטה""[numbered כ?ז?, a leaf missing in the middle]""י'י שלומך שים עלינו""י~יָ י~יָ אל רם על כל אל""[the leaf containing נ to צ is missing]""יי לקראתי חסדיך""[three lines only] ; פיוט: ""יה לדר שרואל (?) לעם לך נטה""[numbered כ?ז?, a leaf missing in the middle]""י'י שלומך שים עלינו""י~יָ י~יָ אל רם על כל אל""[the leaf containing נ to צ is missing]""יי לקראתי חסדיך""[three lines only]"
3864,990053227480205171,JTS,תפילה וברכות. ; Liturgy and Brakhot
3864,990053464790205171,Oxford,פיוט;תפילה וברכות;תפילות קבע. ; some common prayers
3865,990053228260205171,JTS,תפילה וברכות. ; Liturgy and Brakhot
3865,990053302320205171,JTS,פיוט;תפילה וברכות;תפילות קבע. ; הוראות לתפילה בערבית-יהודית
3868,990053231150205171,JTS,פיוט. ; Piyyut
3868,990053423460205171,Oxford,"פיוט. ; Piyyut (Selihot)""מדור אלהא דמילקדמין""אלהי צבאות. עושה נפלאות""מוחל וסולח שמך . . . אֿמץ רחומיך"" (Selihot): ""פתח שמים לתפילתינו"" (Selihot): ""דלים אנחנו מתורתך"" (Selihot): ""עמדנו לפניך בבושת פנינו"" (Selihot): ""רחמנא את דמקדש שמך"" (Selihot): ""עשר גלון אתגלינא"" (Selihot): ""זכרינו ייי בר? עמך"" (Selihot): ""אנא המרחם רחם על יש? כולהם""ממשחרי פניך . . . אֿתה עדיך איומה זאת"" (Selihot): ""אבא דילן ומריא דילן אם אנן חטין"" (Selihot): ""אלוה הסליחות חט? לפ"" (Selihot)[after a rubric follows רחמנא עינינן בתלת עשרה] (Selihot): ""לא בחסד ולא במעשים"" (Selihot): ""אם כעבדים אם כדלים"" (Selihot): ""רחמנא את קדמאה ואת בתראה"" (Selihot): ""בך יי חסיתי"" (Selihot) (Selihot) (Selihot) (Selihot): ""דיקומון וירצון עלן אפשר דמתרצית ומרחמת עלן"" (Selihot): ""רחמ? איתפני במימרך"" (Selihot): ""רחמ? את הוא אלה רוחיא לכל בשרא"" (Selihot)""רחמ? לך יאי הודא והדרא"" (Selihot): ""רח? כל דבטח בך לא מתבייש"" ; פיוט (סליחות)""מדור אלהא דמילקדמין""אלהי צבאות. עושה נפלאות""מוחל וסולח שמך . . . אֿמץ רחומיך"" (סליחות): ""פתח שמים לתפילתינו"" (סליחות): ""דלים אנחנו מתורתך"" (סליחות): ""עמדנו לפניך בבושת פנינו"" (סליחות): ""רחמנא את דמקדש שמך"" (סליחות): ""עשר גלון אתגלינא"" (סליחות): ""זכרינו ייי בר? עמך"" (סליחות): ""אנא המרחם רחם על יש? כולהם""ממשחרי פניך . . . אֿתה עדיך איומה זאת"" (סליחות): ""אבא דילן ומריא דילן אם אנן חטין"" (סליחות): ""אלוה הסליחות חט? לפ"" (סליחות)[after a rubric follows רחמנא עינינן בתלת עשרה] (סליחות): ""לא בחסד ולא במעשים"" (סליחות): ""אם כעבדים אם כדלים"" (סליחות): ""רחמנא את קדמאה ואת בתראה"" (סליחות): ""בך יי חסיתי"" (סליחות) (סליחות) (סליחות) (סליחות): ""דיקומון וירצון עלן אפשר דמתרצית ומרחמת עלן"" (סליחות): ""רחמ? איתפני במימרך"" (סליחות): ""רחמ? את הוא אלה רוחיא לכל בשרא"" (סליחות)""רחמ? לך יאי הודא והדרא"" (סליחות): ""רח? כל דבטח בך לא מתבייש"""
3890,990053251970205171,JTS,תפסיר ערבי;תרגומים ארמיים. ; תרגום ישעיהו לז:י-כג לערבית-יהודית
3890,990053834760205171,Mosseri,
3894,990053262000205171,JTS,פיוט. ; Piyyut
3894,990053343890205171,JTS,
3895,990053264810205171,JTS,הלכה;הלכה- ראשונים ואחרונים. ; הלכות מלווה ולווה בערבית-יהודית
3895,990053622390205171,Oxford,"כתאב אלביע ואלאשריה;פולמוס. ; האי בן שרירא גאון, כתאב אלביע ואלאשריה: ב – ז"
3931,990053355630205171,JTS,מקרא [טקסט]. ; Bible: Numbers 26:47 – 27:11; 29:14 – 30:4 ; מקרא: במדבר כו:מז – כז:יא; כט:יד – ל:ד
3931,990053490240205171,Oxford,"סדרי ברכות (ברכות הנהנין, השבח, המצוות);פיוט;תפילות קבע. ; Brakhot: Grace after meals ; סדרי ברכות: ברכת המזון"
3934,990053357020205171,JTS,שירת חול;תרגומים ארמיים. ; Aramaic Targumim: Exodus 12:12 – 51 ; תרגומים ארמיים: שמות יב:יב – נא
3934,990053402160205171,Oxford,מקרא [טקסט];תרגום אונקלוס. ; Bible: – Massora ; מקרא: – מסורה
3936,990053358390205171,JTS,מקרא [טקסט];תרגומים ארמיים. ; Bible: Isaiah 40:26 – 41:12 ; מקרא: ישעיהו מ:כו – מא:יב
3936,990053540720205171,BL,מעשה בית דין. ; Haftarot: Genesis Lekh Lekha; Vayera ; הפטרות: בראשית לך לך; וירא
3946,990053373610205171,JTS,פיוט. ; פיוט ראש השנה
3946,990053435060205171,Oxford,"פיוט. ; Piyyut (Yotzer)[end]""אדון רוכב שבעה בתחן וברחמים נשוועה""את יום הדין חדש בהתחדשו""את חיל"" (Qedushta): ""תאלת"" (Qedushta): ""אבן חוג""אדרת ממלכה"" ; פיוט (יוצר)[end]""אדון רוכב שבעה בתחן וברחמים נשוועה""את יום הדין חדש בהתחדשו""את חיל"" (קדושתא): ""תאלת"" (קדושתא): ""אבן חוג""אדרת ממלכה"""
3990,990053396930205171,Oxford,"פיוט. ; Piyyut: ""מעת צג צפיר העיזים""[for שמונה עשרה; much stained; פ begins: פרעו למן נשו]""אֿת שמועתנו מי האמין . . . שמאל וימין. בצום העשירי תימין. אמונת. אשר בך האמין. ב? מגן""[incomplete]""אגורים בחיבה תועצם שימחתכם"" ; פיוט: ""מעת צג צפיר העיזים""[for שמונה עשרה; much stained; פ begins: פרעו למן נשו]""אֿת שמועתנו מי האמין . . . שמאל וימין. בצום העשירי תימין. אמונת. אשר בך האמין. ב? מגן""[incomplete]""אגורים בחיבה תועצם שימחתכם"""
3990,990053429320205171,Oxford,"פיוט. ; Piyyut (Hanukkah): ""ובחנוכת אפריון המכוון כנגד שבעה. אחד נשיא ליום נישעה. נר אוהלך ערוך בניגון נושעה. כהניך יו אלהים ילבשו תשועה ב' מגן""[ש'ע]""ובכן נהללך אלהינו. אתה קדוש מושיע חוסים""כ'כ וקרא חנוכת סגני כהנים. חינכו אבות ובנים""וזה אישור שכן עוז גאוני. אורי וישעי ברדתו לגני. הלל אנציח בניגוני. יו' עוזי ומגיני ב' מגן""ובכן ונהללך אומצה באמצע עשר מנורות""אעדיף כל שמונה בשוש נירות"" (Qalir)""ובכן נהללך אלהינו. אתה אל איילותי""ובחנוכת ארמון בית ידידי ישע עולם בו לעודדי הליל אביע ואשירה לידידי. ואתה יו מגן בעדי ב' מגן""ובכן נהללך אלהינו. חנוכת ארמון אריאל. בששון יחנכו עדת ישראל""וזה אלי בנס הנסיסי. ויאמר אהל להקים ולהסיסי. ובחנוכת אפריון מחסי מנוסי. אמר ליו' מחסי ב' מגן""ובכן נהללך אלהינו. נר חנוכה אורו יהי מיופה""ובחנוכת אוהל הומשח לשם יו'. אצילים שנים עשר חינכו לפני יו. נר ארמונו יחנך בסוף זמניי. כי שמש ומגן יו'""ובכן נהללך אלהינו. ארמון אהל סוכו באבני חפץ בהסמיכו""וזה אימצתה באצבע לנגידי. אמונת קדש לחדדי הלל אז שבוע בהגידי. ואתה יו' מגן בעדי""ובכן ונהללך אלהינו. אגירת שמים וארץ. בכלות בורא קצות הארץ"""
4010,990053407120205171,Oxford,"פיוט. ; Piyyut: ""חס להתרחמה להבל דמה. חניטיו זקפו קומה. מחזק יוחימה. חש הבל והמה. לרעות בהמה. וקין היה עובד אדמה""[liturgy based upon passages of Genenesis ii. 1-3, after end of chap.] ; פיוט: ""חס להתרחמה להבל דמה. חניטיו זקפו קומה. מחזק יוחימה. חש הבל והמה. לרעות בהמה. וקין היה עובד אדמה""[liturgy based upon passages of Genenesis ii. 1-3, after end of chap.]"
4010,990053416140205171,Oxford,"פיוט. ; פיוט (עבודה ליום הכיפורים): ""רץ קצין עם לכפר פשעם ריסס עליה פעם ושבע הזיות הפעם""[ר begins]"
4011,990053407370205171,Oxford,"פיוט. ; Piyyut for Hoshana Raba): ""מחכי ישע מלבוש בגדי ישע למ' משאל משרת נשואי פשע מיחליך ברך שנותם בטל והוש'... נושאי לולבים ... ב' מקבץ""[liturgy for ש'ע ; מ' beg.] (Hoshanot: ""אל למושעות, למען, כהושעתה אלים, אנא אזון, אדון המושיעת אדם ובהמה"" ; פיוט להושענא רבא): ""מחכי ישע מלבוש בגדי ישע למ' משאל משרת נשואי פשע מיחליך ברך שנותם בטל והוש'... נושאי לולבים ... ב' מקבץ""[liturgy for ש'ע ; מ' beg.] (הושענות: ""אל למושעות, למען, כהושעתה אלים, אנא אזון, אדון המושיעת אדם ובהמה"""
4011,990053490290205171,Oxford,"סדרי ברכות (ברכות הנהנין, השבח, המצוות);פיוט;תפילות קבע. ; Brakhot: Grace after meals ; פיוט (הושענות לסוכות): ""הושענא למענך אלהינו למ"" בוראנו"""
4015,990053409750205171,Oxford,
4015,990053962780205171,CUL,"פרשנות מקרא;תפסיר רס""ג;תרגום אונקלוס. ; Biblical Exegesis: Exodus Yitro 20 ; פרשנות מקרא: שמות יתרו כ"
4021,990053413960205171,Oxford,"פיוט;תפילה וברכות;תפילות קבע. ; fragment of prayers, mostly ש'ע"
4021,990053940450205171,HUC,שריד מסידור
4027,990053417340205171,Oxford,"פיוט;שירת חול. ; Piyyut: ""ממים רבים תמשיני. . . אֿיך לב נע ונד ינפש""[) after two lines injured, heading]""אל בוראי ראשית הכל מלי""[incomplete]""אביר דורו גביר עירו""[see No. 2497, D. 7]""מתי יבשר בביאת נגידי אליהו""[incomplete] ; פיוט: ""ממים רבים תמשיני. . . אֿיך לב נע ונד ינפש""[) after two lines injured, heading]""אל בוראי ראשית הכל מלי""[incomplete]""אביר דורו גביר עירו""[see No. 2497, D. 7]""מתי יבשר בביאת נגידי אליהו""[incomplete]"
4027,990053442710205171,Oxford,
4032,990053419970205171,Oxford,פירושי תלמוד בבלי. ; Talmudic Commentaries: Bava Qamma 64 – 76 ; פירושי תלמוד: בבא קמא סד – עו
4032,990053645020205171,BL,"ספרות הלכתית ופרשנות תלמודית;פירוש רבנו חננאל לתלמוד. ; חננאל בן חושיאל, פירוש רבנו חננאל לתלמוד: בבא קמא[פרק ז]"
4042,990053422730205171,Oxford,"Doubtful if genizah, Identifications' details are currently unavailable ; ספק גניזה, אין בידנו לעת עתה פרטים על תוכנו של הקטע"
4042,990053628550205171,Oxford,"משנה תורה;פרשנות מקרא רבנית. ; לקט הלכות ממשנה תורה על סדר התורה, לשמות כא,לג-כב,ל"
4043,990053422750205171,Oxford,"Doubtful if genizah, Identifications' details are currently unavailable ; ספק גניזה, אין בידנו לעת עתה פרטים על תוכנו של הקטע"
4043,990053628560205171,Oxford,"משנה תורה;פרשנות מקרא רבנית. ; לקט הלכות ממשנה תורה על סדר התורה, לשמות כא,לג-כב,ל"
4045,990053422890205171,Oxford,"Doubtful if genizah, Identifications' details are currently unavailable ; ספק גניזה, אין בידנו לעת עתה פרטים על תוכנו של הקטע"
4045,990053948550205171,Strasbourg,
4063,990053431220205171,Oxford,"סדרי ברכות (ברכות הנהנין, השבח, המצוות);פיוט;תפילה וברכות;תפילות קבע. ; Brakhot: Grace after meals ; תפילה וברכות: (מעריב לשמיני עצרת): ""טיכסתה, אגודי מסוכה"" (ברכת המזון מפויטת: ""אברך לאל אמונה בחלק שבעה"""
4063,990053490420205171,Oxford,"סדרי ברכות (ברכות הנהנין, השבח, המצוות);פיוט;תפילות קבע. ; Brakhot: Grace after meals ; סדרי ברכות: ברכת המזון"
4106,990053461300205171,Oxford,
4106,990053462100205171,Oxford,"לא ניתן להכרעה מתוך הקטלוג. ; Arabic, beg. בריק אלימן חיים לקלבי"
4114,990053468400205171,Oxford,"פיוט. ; Piyyut (Hoshanot): ""ה... תומכי ביד ערבה""[incomplete; part of 2717.1] ; פיוט (הושענות): ""ה... תומכי ביד ערבה""[incomplete; part of 2717.1]"
4114,990053490360205171,Oxford,"סדרי ברכות (ברכות הנהנין, השבח, המצוות);פיוט;תפילות קבע. ; Brakhot: Grace after meals ; פיוט (הושענות לסוכות): ""אומן ישעך בא"""
4115,990053468470205171,Oxford,"פיוט. ; Piyyut (Hoshanot): ""ה... תומכי ביד ערבה""[incomplete; part of 2717.1] ; פיוט (הושענות): ""ה... תומכי ביד ערבה""[incomplete; part of 2717.1]"
4115,990053490330205171,Oxford,"סדרי ברכות (ברכות הנהנין, השבח, המצוות);פיוט;תפילות קבע. ; Brakhot: Grace after meals ; פיוט (הושענות לסוכות): ""אל טוב וסלח אדמתנו הצלח"""
4117,990053469720205171,Oxford,"פיוט. ; Piyyut (Selihot)[end of] (Selihot): ""עזוב לבב נתיב שובב ורוץ כצבי""שנאני מרומים אדרך ייראו""[by another hand] ; פיוט (סליחות)[end of] (סליחות): ""עזוב לבב נתיב שובב ורוץ כצבי""שנאני מרומים אדרך ייראו""[by another hand]"
4117,990053559690205171,BL,"פיוט. ; Piyyut: ""מקוה ישראל שלח להם גואל"" ; פיוט: ""מקוה ישראל שלח להם גואל"""
4124,990053471770205171,Oxford,"פיוט. ; Piyyut for Pesah): ""אלים ביום מחוסן"" for Pesah): ""אנא לנו העתר"" for Pesah): ""מצה ומרור אוכלים""אביעה זמירות""טל שאלתי באומר"" for Pesah): ""שמורים אופד לגאולה""[incomplete] (Yotzer for Pesah): ""ליל אז מבראשית הכינוהו בהיות הארץ תוהו ובוהו"" for Pesah): ""טעם רינון. ושאג שינון. טלתי בתחנון. אתפני חנון""[from טל. beg. with end of ח] for Pesah): ""אאגרה בני איש המושרר בטל"" for Pesah): ""תחת אילת עופר בורך מושיע בטל"" for Pesah): ""יעוררו יזוררו יחיו ברדת טל"" ; פיוט לפסח): ""אלים ביום מחוסן"" לפסח): ""אנא לנו העתר"" לפסח): ""מצה ומרור אוכלים""אביעה זמירות""טל שאלתי באומר"" לפסח): ""שמורים אופד לגאולה""[incomplete] (יוצר לפסח): ""ליל אז מבראשית הכינוהו בהיות הארץ תוהו ובוהו"" לפסח): ""טעם רינון. ושאג שינון. טלתי בתחנון. אתפני חנון""[from טל. beg. with end of ח] לפסח): ""אאגרה בני איש המושרר בטל"" לפסח): ""תחת אילת עופר בורך מושיע בטל"" לפסח): ""יעוררו יזוררו יחיו ברדת טל"""
4124,990053772810205171,Manchester,
4128,990053475790205171,Oxford,"פיוט;תפילות קבע. ; Piyyut: ""אף ברי אותת שם שר מטר"" (Qedushta: ""יטריח לפלג מפלג גשם"" (Reshut: ""אפיק מען מעוטר""אקשטה כסל וקרב"" (Yotzer: ""תיכנס לארץ וחוצות""יפתח ארץ לישע""אזיל מאוצר להשביעך""תרעיף שמים ממעל""אדון משמיך... אזור נא גבורות""מזכירים גשמים... גשם אוצרות""[followed by short pieces]""אדון שוכן ערבות""פואסק אלגשם"" for Simhat Torah): ""תורה אשר אומן שבה""[with מגן, אל נא, דלוג]""אופן לבנה עם גלגל חמה""וזאת אימן באמונתו""אתה יום וקרבו ימים""אז לך שלטון בכל חי""אז בהיקרא באזני""אסומה פתוחה ממקור""יחי ראובן ובתים יבן""אל אלהים חיזק""[first line only] ; פיוט: ""אף ברי אותת שם שר מטר"" (קדושתא: ""יטריח לפלג מפלג גשם"" (רשות: ""אפיק מען מעוטר""אקשטה כסל וקרב"" (יוצר: ""תיכנס לארץ וחוצות""יפתח ארץ לישע""אזיל מאוצר להשביעך""תרעיף שמים ממעל""אדון משמיך... אזור נא גבורות""מזכירים גשמים... גשם אוצרות""[followed by short pieces]""אדון שוכן ערבות""פואסק אלגשם"" לשמחת תורה): ""תורה אשר אומן שבה""[with מגן, אל נא, דלוג]""אופן לבנה עם גלגל חמה""וזאת אימן באמונתו""אתה יום וקרבו ימים""אז לך שלטון בכל חי""אז בהיקרא באזני""אסומה פתוחה ממקור""יחי ראובן ובתים יבן""אל אלהים חיזק""[first line only]"
4128,990053483170205171,Oxford,"פיוט;תפילות קבע. ; Piyyut: ""אקשטה כסל וקרב"" (Yotzer): ""תיכנס לארץ וחוצות""יפתח ארץ לישע""הטל יופטר. . . אֿויילו שני אחים בֿתוכחות""יורה ומטר ומלקוש""תרעיף שמים ממעל""מים ניסכה. . . גשם אֿוצרך תרוה""אדון משמיך... אזור נא גבורות""מזכירים גשמים... גשם אוצרות שפרה""היום אוצרות גשמים""אמץ בנים בגשם""עב ענני גישומים""יטריח עבי מזורו""איום זכור נא לשואלי מים"" ; פיוט: ""אקשטה כסל וקרב"" (יוצר): ""תיכנס לארץ וחוצות""יפתח ארץ לישע""הטל יופטר. . . אֿויילו שני אחים בֿתוכחות""יורה ומטר ומלקוש""תרעיף שמים ממעל""מים ניסכה. . . גשם אֿוצרך תרוה""אדון משמיך... אזור נא גבורות""מזכירים גשמים... גשם אוצרות שפרה""היום אוצרות גשמים""אמץ בנים בגשם""עב ענני גישומים""יטריח עבי מזורו""איום זכור נא לשואלי מים"""
4170,990053522850205171,BL,
4170,990053533050205171,BL,מקרא [טקסט];פיוט;תפילה וברכות. ; Liturgy and Brakhot ; תפילה וברכות
4174,990053535960205171,BL,מקרא [טקסט].
4174,990053937800205171,CUL,מקרא [טקסט];תפילה וברכות. ; F. 1r: Job 36:23-25; 36:3; 36:5-7; f. 1v: Job 36:7-13 (with Judaeo-Arabic 'recite with cantillation' note before verse 11); f. 2r: Job 29:26-27; 39:15-21; f. 2v: Job 40:15-16; 40:18-19; 40:25. Verse divisions are marked by a single dot.
4198,990053570960205171,JTS,"הלכות הרי""ף;תלמוד בבלי [טקסט]. ; Isaac Al-Fasi, Hilkhot ha-Rif: Ketubbot 2 a – 3 a[סוף סי' קס""ח-סי' קע""ב] ; יצחק אלפסי, הלכות הרי""ף: כתובות ב ע""א – ג ע""א[סוף סי' קס""ח-סי' קע""ב]"
4198,990053645180205171,BL,"הלכות הרי""ף;ספרות הלכתית ופרשנות תלמודית. ; Isaac Al-Fasi, Hilkhot ha-Rif: Ketubbot 2 a – 3 b; 7 b – 8 b ; יצחק אלפסי, הלכות הרי""ף: כתובות ב ע""א – ג ע""ב; ז ע""ב – ח ע""ב"
4201,990053571270205171,JTS,"משנה תורה. ; Moses b. Maimon, Rambam, Mishneh Torah: Teshuvah 9:1 ; משה בן מימון, משנה תורה: תשובה ט:א"
4201,990053595690205171,JTS,"משנה תורה. ; Moses b. Maimon, Rambam, Mishneh Torah: Teshuvah 8:8 – 9:2 ; משה בן מימון, משנה תורה: תשובה ח:ח – ט:ב"
4207,990053572290205171,JTS,"כתאב ג'אמע אלצלואת ואלתסאביח. ; סידור רס""ג, ע' קב-קד, קכד-קכו ברכת המזון. הבדלה"
4207,990053572480205171,JTS,"הלכה;הלכה [הוראות והלכות];כתאב ג'אמע אלצלואת ואלתסאביח;ספרות הלכתית ופרשנות תלמודית;תפילה וברכות. ; רס""ג, סידור. עיבוד לסידור רס""ג שכולל התפילות והברכות ליחיד. מקביל למהדורה בעמ' קב-קד, קו."
4208,990053572540205171,JTS,"כתאב ג'אמע אלצלואת ואלתסאביח;פיוט;תוספות של סידור;תפילות קבע. ; סידור רס""ג, סליחות ליום כיפור"
4208,997008707147805171,Schocken,סליחות ליום כפור.
4217,990053576950205171,JTS,"פירוש רבנו חננאל לתלמוד;פירושי תלמוד בבלי. ; חננאל בן חושיאל, ליקוט/תקציר/עיבוד פירוש רבנו חננאל לתלמוד: בבא מציעא ב ע""ב – ג ע""ב; ד ע""א – ו ע""א"
4217,990053645380205171,BL,"ספרות הלכתית ופרשנות תלמודית;פירוש רבנו חננאל לתלמוד. ; חננאל בן חושיאל, פירוש רבנו חננאל לתלמוד: בבא מציעא ג ע""א – ד ע""א"
4218,990053577440205171,JTS,"הלכות פסוקות. ; הלכות פסוקות, מהד' ששון עמ' ה-ז, עם תרגום בערבית-יהודית"
4218,990053634290205171,Oxford,"הלכות הרי""ף;פירושי תלמוד בבלי. ; Isaac Al-Fasi, Hilkhot ha-Rif: Betzah 14 b – 15 a[16 - 5] ; יצחק אלפסי, הלכות הרי""ף: ביצה יד ע""ב – טו ע""א[16 - 5]"
4223,990053580300205171,JTS,"משנה תורה. ; Moses b. Maimon, Rambam, Mishneh Torah: Tefillin Mezuzah ve-Sefer Torah 1 ; משה בן מימון, משנה תורה: תפילין מזוזה וספר תורה א"
4223,990053589440205171,JTS,"משנה תורה. ; Moses b. Maimon, Rambam, Mishneh Torah: Tefillin Mezuzah ve-Sefer Torah 1 ; משה בן מימון, משנה תורה: תפילין מזוזה וספר תורה א"
4238,990053595310205171,JTS,"הלכה;הלכה- גאונים. ; ספר השטרות (כתובה, שטר הלואה) מקביל למהד' אסף, עמ' 21-13 הגהות בין השיטין ובגליונות"
4238,990053605910205171,JTS,"הלכה;הלכה- גאונים;ספר השטרות [רה""ג]. ; האי בן שרירא גאון, ספר השטרות [רה""ג]"
4249,990053599970205171,JTS,הלכה;הלכה- ראשונים ואחרונים. ; הלכות ספר תורה
4249,990053617030205171,JTS,הלכה- ראשונים ואחרונים.
4264,990053616300205171,JTS,"הלכות הרי""ף."
4264,990053965250205171,Strasbourg,"הלכות הרי""ף;רי""ף ופרושיו. ; קטע מהלכות הרי""ף למסכת שבת דף ח ע""ב-יא ע""ב (בדפי הרי""ף). בדף 25 ב' בכתב היד שלפנינו יש מספר מילים ומונחים ברי""ף שתורגמו לערבית בין השיטין."
4266,990053617320205171,JTS,"הלכות הרי""ף;רי""ף ופרושיו. ; Isaac Al-Fasi, Hilkhot ha-Rif: Shabbat 63 b – 65 b[סימנים תק""ס-תקע""א] ; יצחק אלפסי, הלכות הרי""ף: שבת סג ע""ב – סה ע""ב[סימנים תק""ס-תקע""א]"
4266,990053844300205171,AIU,"Shabbat 64 a – 65 a ; שבת סד ע""א – סה ע""א"
4268,990053618940205171,Oxford,"פרשנות מקרא;תפסיר ערבי. ; Saadiah b. Joseph al-Fayyumi (Saadiah Gaon), Biblical Exegesis: Daniel 9:25 – 26; 11:8 – 15 ; סעדיה בן יוסף גאון, פרשנות מקרא: דניאל ט:כה – כו; יא:ח – טו"
4268,997009912247905171,CUL,"פרוש כתובים לרס""ג (דניאל יא) : ; בערבית יהודית."
4290,990053626620205171,Oxford,"כתאב אלודיעה. ; הקטע עוסק בדיני שומרים, ובפיקדון שנגנב או שאבד."
4290,990053630150205171,Oxford,"כתאב אלודיעה;משנה [טקסט];פירושי משנה. ; הקטע שלפנינו כולל דיון בדיני פיקדון ודיני שומר חינם ושומר שכר. אולי מתוך רס""ג, כתאב אלודיעה (ספר הפיקדון)."
4291,990053627060205171,Oxford,"פרשנות מקרא;תפסיר ערבי. ; Biblical Exegesis: Genesis 4 – 5 ; סעדיה בן יוסף גאון, פרשנות מקרא: בראשית ד:ג – ז"
4291,990053866660205171,Mosseri,"עשר מסאיל;פולמוס. ; רשב""ח, עשר מסאיל. דיון העוסק באי שייכותם של הגויים לדיני טומאה וטהרה ולבישולי גויים. המחבר מתייחס לדעות של מישהו אחר."
4299,990053630690205171,Oxford,"תפסיר ערבי. ; Saadiah b. Joseph al-Fayyumi (Saadiah Gaon), Arabic Tafsir: Deuteronomy 32:43 – 33:9 ; סעדיה בן יוסף גאון, תפסיר ערבי: דברים לב:מג – לג:ט"
4299,990053647520205171,BL,מקרא ותרגומים;תפסיר ערבי. ; Arabic Tafsir: Deuteronomy 32:30 – 46 ; תפסיר ערבי: דברים לב:ל – מו
4305,990053633220205171,Oxford,"לא ניתן להכרעה מתוך הקטלוג;ספרות הגות (פילוסופיה, תיאולוגיה, מוסר);פילוסופיה. ; חיבור בפילוסופיה בערבית"
4305,990053633440205171,Oxford,"פרשנות מקרא;תפסיר ערבי. ; Saadiah b. Joseph al-Fayyumi (Saadiah Gaon), Biblical Exegesis: Isaiah 1:1 – 5 ; סעדיה בן יוסף גאון, פרשנות מקרא: ישעיהו א:א – ה"
4377,990053804130205171,Mosseri,כלאם;פיוט;פילוסופיה. ; החיבור עוסק במדרגות ובאופן הנבואה.
4377,990053963050205171,CUL,"פרשנות מקרא;שרח אל תורה [רשב""ח]. ; שמואל בן חפני גאון, שרח אל תורה [רשב""ח]: בראשית ויצא לא"
